supporter_id,order_id,product,category,quantity,revenue,purchase_timestamp
S000455,O0000001,Training Wear 2024/25,Training Wear,1,62.31,2025-09-12 10:47:05
S004109,O0000002,Retro 2024/25,Retro,2,161.59,2025-09-14 02:13:48
S000392,O0000003,Kids 2024/25,Kids,1,51.57,2025-08-29 22:44:57
S002174,O0000004,Away Shirt 2024/25,Away Shirt,1,99.24,2025-08-27 17:07:46
S001740,O0000005,Home Shirt 2024/25,Home Shirt,1,76.29,2025-09-18 18:05:31
S002551,O0000006,Training Wear 2024/25,Training Wear,1,60.21,2025-09-05 11:38:40
S004562,O0000007,Retro 2024/25,Retro,1,59.09,2025-09-09 09:02:34
S003614,O0000008,Home Shirt 2024/25,Home Shirt,2,159.73,2025-09-10 12:44:25
S002282,O0000009,Kids 2024/25,Kids,1,57.99,2025-07-31 00:04:04
S004626,O0000010,Accessories 2024/25,Accessories,2,41.01,2025-08-30 16:40:29
S000989,O0000011,Home Shirt 2024/25,Home Shirt,2,192.67,2025-08-25 18:09:18
S004082,O0000012,Kids 2024/25,Kids,1,57.65,2024-12-08 13:40:31
S000724,O0000013,Away Shirt 2024/25,Away Shirt,1,89.0,2025-08-28 17:28:16
S000869,O0000014,Away Shirt 2024/25,Away Shirt,1,90.33,2025-09-12 23:02:41
S003906,O0000015,Home Shirt 2024/25,Home Shirt,1,95.83,2025-09-06 11:13:09
S002494,O0000016,Accessories 2024/25,Accessories,2,48.63,2025-03-19 08:53:57
S000671,O0000017,Home Shirt 2024/25,Home Shirt,1,73.54,2025-06-21 12:10:25
S002871,O0000018,Accessories 2024/25,Accessories,1,19.21,2025-08-24 09:57:32
S001541,O0000019,Accessories 2024/25,Accessories,2,41.55,2025-08-25 00:11:43
S004742,O0000020,Retro 2024/25,Retro,1,75.98,2025-03-07 06:11:37
S001355,O0000021,Accessories 2024/25,Accessories,1,23.53,2025-04-18 21:10:38
S002380,O0000022,Retro 2024/25,Retro,1,78.36,2024-10-12 07:09:22
S003300,O0000023,Away Shirt 2024/25,Away Shirt,3,243.57,2025-02-19 08:00:05
S004058,O0000024,Kids 2024/25,Kids,1,57.93,2025-09-06 22:34:09
S002629,O0000025,Home Shirt 2024/25,Home Shirt,1,76.47,2025-08-04 21:20:12
S002903,O0000026,Accessories 2024/25,Accessories,3,60.42,2025-09-20 09:23:49
S002324,O0000027,Retro 2024/25,Retro,1,78.15,2025-02-05 13:30:01
S003496,O0000028,Kids 2024/25,Kids,1,53.53,2024-10-08 20:24:48
S004417,O0000029,Third Kit 2024/25,Third Kit,1,93.51,2025-09-19 21:44:27
S002018,O0000030,Training Wear 2024/25,Training Wear,1,55.42,2025-01-26 11:40:35
S004323,O0000031,Kids 2024/25,Kids,1,53.25,2025-08-31 20:24:54
S003335,O0000032,Away Shirt 2024/25,Away Shirt,3,245.53,2025-08-27 10:35:49
S004835,O0000033,Retro 2024/25,Retro,1,68.45,2025-09-11 14:57:59
S001177,O0000034,Training Wear 2024/25,Training Wear,3,172.17,2025-08-24 03:44:48
S001305,O0000035,Third Kit 2024/25,Third Kit,1,90.64,2025-09-10 16:29:48
S004723,O0000036,Away Shirt 2024/25,Away Shirt,1,79.27,2025-08-23 00:05:39
S001609,O0000037,Training Wear 2024/25,Training Wear,1,59.6,2025-09-06 00:39:05
S003622,O0000038,Kids 2024/25,Kids,1,49.73,2025-09-17 02:27:18
S002271,O0000039,Home Shirt 2024/25,Home Shirt,1,86.03,2024-10-10 15:26:34
S004663,O0000040,Away Shirt 2024/25,Away Shirt,2,190.44,2025-03-02 17:37:12
S000053,O0000041,Third Kit 2024/25,Third Kit,1,84.6,2025-08-25 15:10:40
S002104,O0000042,Retro 2024/25,Retro,1,61.07,2024-12-08 10:53:21
S002642,O0000043,Kids 2024/25,Kids,1,56.05,2025-06-10 10:20:18
S002992,O0000044,Home Shirt 2024/25,Home Shirt,1,75.99,2024-11-23 00:26:41
S001906,O0000045,Away Shirt 2024/25,Away Shirt,1,85.92,2025-04-13 21:23:42
S001606,O0000046,Accessories 2024/25,Accessories,2,42.63,2024-11-24 03:44:43
S001265,O0000047,Home Shirt 2024/25,Home Shirt,1,90.7,2025-09-19 17:19:32
S000929,O0000048,Retro 2024/25,Retro,2,149.24,2024-11-29 09:14:29
S003005,O0000049,Training Wear 2024/25,Training Wear,1,59.08,2025-08-15 03:53:49
S002353,O0000050,Third Kit 2024/25,Third Kit,1,85.97,2025-06-17 05:20:55
S003362,O0000051,Retro 2024/25,Retro,1,64.71,2024-09-27 15:28:16
S002429,O0000052,Third Kit 2024/25,Third Kit,1,74.61,2025-08-29 16:33:52
S001597,O0000053,Away Shirt 2024/25,Away Shirt,3,285.75,2025-06-20 06:22:28
S004809,O0000054,Away Shirt 2024/25,Away Shirt,1,74.14,2025-09-18 13:11:10
S003927,O0000055,Third Kit 2024/25,Third Kit,1,88.74,2025-05-09 10:58:27
S001725,O0000056,Training Wear 2024/25,Training Wear,2,118.92,2025-08-22 05:25:13
S003124,O0000057,Training Wear 2024/25,Training Wear,2,131.0,2025-09-05 12:57:09
S003945,O0000058,Kids 2024/25,Kids,1,52.94,2025-01-06 07:08:13
S003034,O0000059,Kids 2024/25,Kids,1,55.6,2024-11-09 14:22:12
S004503,O0000060,Home Shirt 2024/25,Home Shirt,2,162.81,2025-08-26 23:26:05
S004176,O0000061,Training Wear 2024/25,Training Wear,1,55.23,2025-02-17 00:43:24
S003851,O0000062,Home Shirt 2024/25,Home Shirt,1,95.71,2025-09-03 10:06:35
S004744,O0000063,Retro 2024/25,Retro,1,64.36,2024-11-13 02:37:44
S001700,O0000064,Retro 2024/25,Retro,1,73.28,2025-01-01 09:28:56
S004937,O0000065,Away Shirt 2024/25,Away Shirt,2,179.95,2025-07-27 14:44:43
S002163,O0000066,Away Shirt 2024/25,Away Shirt,2,170.96,2025-09-17 20:32:56
S002792,O0000067,Kids 2024/25,Kids,1,51.81,2025-09-05 10:27:46
S000752,O0000068,Away Shirt 2024/25,Away Shirt,1,88.18,2025-09-15 19:29:17
S002308,O0000069,Accessories 2024/25,Accessories,1,24.72,2025-09-03 17:41:18
S001626,O0000070,Away Shirt 2024/25,Away Shirt,3,288.55,2024-10-06 04:35:47
S003475,O0000071,Home Shirt 2024/25,Home Shirt,1,79.21,2024-09-22 02:45:29
S001939,O0000072,Retro 2024/25,Retro,3,243.53,2025-03-10 19:17:20
S000342,O0000073,Training Wear 2024/25,Training Wear,1,55.03,2025-09-06 17:20:10
S003005,O0000074,Third Kit 2024/25,Third Kit,1,72.27,2025-02-19 18:51:17
S003412,O0000075,Away Shirt 2024/25,Away Shirt,1,89.98,2024-11-06 01:48:22
S003190,O0000076,Accessories 2024/25,Accessories,1,22.98,2025-02-24 08:30:42
S001130,O0000077,Accessories 2024/25,Accessories,2,41.41,2025-09-11 18:35:46
S000087,O0000078,Away Shirt 2024/25,Away Shirt,1,75.85,2025-08-05 05:32:47
S004471,O0000079,Training Wear 2024/25,Training Wear,1,68.36,2025-09-11 20:59:07
S002664,O0000080,Accessories 2024/25,Accessories,1,19.47,2025-02-21 23:10:08
S004854,O0000081,Kids 2024/25,Kids,1,61.2,2025-08-24 11:38:48
S004423,O0000082,Accessories 2024/25,Accessories,1,21.81,2024-12-17 14:17:50
S000312,O0000083,Accessories 2024/25,Accessories,1,23.28,2025-09-03 07:59:49
S002267,O0000084,Kids 2024/25,Kids,1,48.88,2025-09-11 01:02:02
S001917,O0000085,Retro 2024/25,Retro,1,61.61,2025-04-26 14:25:32
S002573,O0000086,Home Shirt 2024/25,Home Shirt,1,91.46,2025-08-24 18:33:59
S003209,O0000087,Accessories 2024/25,Accessories,1,19.29,2025-01-27 12:26:33
S001173,O0000088,Retro 2024/25,Retro,3,215.56,2025-07-11 05:22:16
S000346,O0000089,Accessories 2024/25,Accessories,1,22.58,2025-04-01 15:40:45
S004341,O0000090,Retro 2024/25,Retro,1,66.12,2025-09-13 21:39:36
S000690,O0000091,Home Shirt 2024/25,Home Shirt,1,86.47,2025-02-23 14:51:56
S003210,O0000092,Kids 2024/25,Kids,1,47.49,2025-07-12 12:40:27
S002302,O0000093,Accessories 2024/25,Accessories,1,21.16,2025-09-01 12:08:02
S001500,O0000094,Third Kit 2024/25,Third Kit,1,71.18,2025-01-16 15:17:59
S000113,O0000095,Training Wear 2024/25,Training Wear,1,61.69,2025-09-15 11:48:12
S000686,O0000096,Training Wear 2024/25,Training Wear,2,104.9,2025-08-28 13:41:53
S004079,O0000097,Away Shirt 2024/25,Away Shirt,1,89.3,2025-03-06 17:47:55
S004604,O0000098,Training Wear 2024/25,Training Wear,3,153.6,2024-10-10 09:32:17
S003906,O0000099,Home Shirt 2024/25,Home Shirt,1,81.08,2025-08-26 20:10:41
S000129,O0000100,Kids 2024/25,Kids,1,59.98,2025-09-04 22:11:21
S001428,O0000101,Retro 2024/25,Retro,3,224.36,2025-08-27 20:16:00
S004954,O0000102,Training Wear 2024/25,Training Wear,1,51.59,2025-09-18 06:45:08
S001529,O0000103,Training Wear 2024/25,Training Wear,1,57.28,2025-04-19 13:43:27
S000244,O0000104,Kids 2024/25,Kids,1,62.0,2025-09-18 09:15:49
S004583,O0000105,Accessories 2024/25,Accessories,2,36.4,2025-09-09 14:23:19
S004061,O0000106,Away Shirt 2024/25,Away Shirt,1,85.43,2025-09-17 18:35:49
S002586,O0000107,Retro 2024/25,Retro,1,60.22,2025-09-18 21:51:38
S002187,O0000108,Away Shirt 2024/25,Away Shirt,1,79.74,2025-08-25 04:14:40
S000903,O0000109,Accessories 2024/25,Accessories,1,18.08,2025-04-04 07:47:09
S001684,O0000110,Away Shirt 2024/25,Away Shirt,1,98.66,2025-06-05 18:46:44
S002835,O0000111,Accessories 2024/25,Accessories,1,22.68,2025-09-04 00:59:29
S004464,O0000112,Away Shirt 2024/25,Away Shirt,2,171.86,2025-07-14 12:31:04
S004587,O0000113,Away Shirt 2024/25,Away Shirt,3,228.78,2024-11-27 23:17:12
S001782,O0000114,Accessories 2024/25,Accessories,2,47.18,2025-07-13 23:10:27
S002782,O0000115,Retro 2024/25,Retro,1,80.79,2025-08-23 14:39:31
S001454,O0000116,Accessories 2024/25,Accessories,2,43.17,2025-08-23 03:24:34
S001566,O0000117,Kids 2024/25,Kids,1,45.86,2025-09-11 17:21:23
S003664,O0000118,Retro 2024/25,Retro,1,77.85,2025-09-01 02:59:30
S003525,O0000119,Kids 2024/25,Kids,1,50.86,2025-09-03 16:09:30
S002965,O0000120,Training Wear 2024/25,Training Wear,1,68.5,2025-08-22 10:10:08
S004258,O0000121,Away Shirt 2024/25,Away Shirt,1,78.43,2025-09-14 12:31:03
S001681,O0000122,Home Shirt 2024/25,Home Shirt,1,95.58,2025-02-21 07:40:35
S000661,O0000123,Kids 2024/25,Kids,1,54.09,2025-06-10 21:26:29
S000328,O0000124,Home Shirt 2024/25,Home Shirt,1,89.63,2025-09-16 06:37:00
S004755,O0000125,Training Wear 2024/25,Training Wear,1,53.69,2024-10-25 05:37:38
S002422,O0000126,Kids 2024/25,Kids,1,58.55,2024-12-18 19:38:01
S001896,O0000127,Third Kit 2024/25,Third Kit,1,86.44,2024-12-30 00:17:17
S002774,O0000128,Kids 2024/25,Kids,1,61.06,2024-11-02 19:15:53
S002991,O0000129,Accessories 2024/25,Accessories,1,18.92,2025-01-11 05:48:06
S002591,O0000130,Home Shirt 2024/25,Home Shirt,1,91.25,2025-09-07 15:19:25
S001574,O0000131,Third Kit 2024/25,Third Kit,1,92.28,2024-12-05 22:21:34
S001485,O0000132,Training Wear 2024/25,Training Wear,1,60.03,2025-03-24 12:27:08
S003447,O0000133,Training Wear 2024/25,Training Wear,1,51.88,2025-02-02 02:40:42
S004167,O0000134,Accessories 2024/25,Accessories,1,24.2,2025-04-15 18:09:40
S000435,O0000135,Training Wear 2024/25,Training Wear,1,50.75,2025-06-23 10:05:12
S001998,O0000136,Third Kit 2024/25,Third Kit,1,91.81,2025-09-17 23:52:43
S002437,O0000137,Third Kit 2024/25,Third Kit,1,79.66,2025-02-13 21:55:06
S004403,O0000138,Third Kit 2024/25,Third Kit,1,86.47,2025-07-28 00:10:09
S001240,O0000139,Retro 2024/25,Retro,1,67.88,2025-09-13 13:36:49
S002975,O0000140,Away Shirt 2024/25,Away Shirt,2,170.82,2025-01-27 00:23:18
S003127,O0000141,Home Shirt 2024/25,Home Shirt,2,162.41,2025-09-03 21:39:52
S000286,O0000142,Away Shirt 2024/25,Away Shirt,1,83.24,2025-05-27 22:43:15
S004903,O0000143,Accessories 2024/25,Accessories,1,23.56,2024-10-18 20:51:08
S000954,O0000144,Kids 2024/25,Kids,2,116.22,2025-06-11 01:07:07
S000040,O0000145,Third Kit 2024/25,Third Kit,1,83.07,2025-09-17 03:00:51
S003915,O0000146,Home Shirt 2024/25,Home Shirt,1,90.51,2025-09-03 03:25:59
S002616,O0000147,Accessories 2024/25,Accessories,1,24.64,2025-04-06 20:20:18
S001329,O0000148,Away Shirt 2024/25,Away Shirt,1,96.81,2025-08-27 00:59:09
S001469,O0000149,Home Shirt 2024/25,Home Shirt,2,186.23,2025-09-02 02:39:38
S001262,O0000150,Training Wear 2024/25,Training Wear,3,170.77,2025-09-09 05:26:38
S003578,O0000151,Kids 2024/25,Kids,1,50.19,2025-04-26 22:40:05
S001061,O0000152,Training Wear 2024/25,Training Wear,1,57.64,2024-10-13 09:50:09
S001927,O0000153,Home Shirt 2024/25,Home Shirt,1,75.71,2025-08-28 23:16:36
S000195,O0000154,Away Shirt 2024/25,Away Shirt,1,76.77,2025-08-10 18:30:52
S001671,O0000155,Training Wear 2024/25,Training Wear,3,176.33,2025-09-02 04:02:13
S000562,O0000156,Accessories 2024/25,Accessories,1,19.94,2025-05-08 22:08:17
S003062,O0000157,Accessories 2024/25,Accessories,1,23.34,2025-09-04 10:31:17
S002746,O0000158,Retro 2024/25,Retro,1,80.17,2025-09-05 03:04:39
S000054,O0000159,Kids 2024/25,Kids,1,48.43,2025-08-23 12:25:10
S003270,O0000160,Home Shirt 2024/25,Home Shirt,1,92.69,2024-11-28 06:37:47
S004709,O0000161,Kids 2024/25,Kids,1,46.39,2025-08-21 16:49:11
S002911,O0000162,Retro 2024/25,Retro,2,143.82,2025-09-08 07:03:47
S002150,O0000163,Retro 2024/25,Retro,1,69.19,2025-08-09 15:19:16
S001921,O0000164,Kids 2024/25,Kids,2,119.66,2025-09-13 21:39:16
S002688,O0000165,Training Wear 2024/25,Training Wear,1,50.57,2025-08-23 12:14:35
S001503,O0000166,Retro 2024/25,Retro,1,69.01,2025-06-01 16:04:31
S003179,O0000167,Training Wear 2024/25,Training Wear,1,58.7,2025-09-02 16:38:48
S000137,O0000168,Home Shirt 2024/25,Home Shirt,1,85.58,2025-08-22 08:20:21
S002851,O0000169,Training Wear 2024/25,Training Wear,2,123.12,2025-05-09 02:32:21
S001079,O0000170,Training Wear 2024/25,Training Wear,1,62.8,2025-08-25 15:16:56
S000590,O0000171,Retro 2024/25,Retro,1,78.21,2025-09-14 10:16:34
S004571,O0000172,Home Shirt 2024/25,Home Shirt,1,91.77,2024-11-30 10:31:05
S001877,O0000173,Away Shirt 2024/25,Away Shirt,1,82.15,2025-01-14 15:29:14
S003856,O0000174,Retro 2024/25,Retro,1,71.46,2025-05-25 12:08:09
S002972,O0000175,Home Shirt 2024/25,Home Shirt,1,80.17,2025-09-09 02:51:57
S001136,O0000176,Away Shirt 2024/25,Away Shirt,1,72.95,2025-09-16 19:00:16
S002594,O0000177,Home Shirt 2024/25,Home Shirt,1,86.73,2025-09-01 16:52:25
S001756,O0000178,Training Wear 2024/25,Training Wear,1,59.81,2025-07-27 09:06:44
S000408,O0000179,Accessories 2024/25,Accessories,1,19.26,2025-07-14 22:23:38
S002783,O0000180,Third Kit 2024/25,Third Kit,1,92.33,2025-09-06 23:27:03
S003088,O0000181,Retro 2024/25,Retro,1,77.49,2025-08-02 02:17:51
S002424,O0000182,Third Kit 2024/25,Third Kit,1,72.55,2025-09-03 16:10:42
S000898,O0000183,Training Wear 2024/25,Training Wear,1,54.92,2025-08-24 23:53:36
S002460,O0000184,Training Wear 2024/25,Training Wear,1,65.55,2025-02-18 22:37:42
S004602,O0000185,Accessories 2024/25,Accessories,1,23.56,2025-08-19 22:45:15
S000917,O0000186,Retro 2024/25,Retro,1,59.72,2025-08-28 02:44:29
S001255,O0000187,Training Wear 2024/25,Training Wear,1,58.51,2025-07-20 02:20:10
S001357,O0000188,Accessories 2024/25,Accessories,1,18.72,2025-09-06 03:25:37
S004509,O0000189,Away Shirt 2024/25,Away Shirt,1,81.47,2024-11-14 04:32:16
S001560,O0000190,Home Shirt 2024/25,Home Shirt,1,80.25,2025-09-16 23:13:06
S002483,O0000191,Third Kit 2024/25,Third Kit,1,91.99,2025-06-28 20:21:58
S003815,O0000192,Third Kit 2024/25,Third Kit,1,67.62,2025-09-12 22:11:27
S002804,O0000193,Third Kit 2024/25,Third Kit,1,74.77,2025-09-10 18:59:24
S002741,O0000194,Accessories 2024/25,Accessories,1,18.21,2025-08-25 04:17:19
S004402,O0000195,Accessories 2024/25,Accessories,1,21.5,2025-09-05 02:55:34
S003102,O0000196,Home Shirt 2024/25,Home Shirt,2,179.25,2025-08-28 01:09:35
S001143,O0000197,Away Shirt 2024/25,Away Shirt,2,165.28,2024-12-12 10:06:43
S003103,O0000198,Away Shirt 2024/25,Away Shirt,2,191.95,2025-05-11 00:35:17
S003964,O0000199,Third Kit 2024/25,Third Kit,1,92.9,2025-03-01 16:10:30
S000567,O0000200,Accessories 2024/25,Accessories,1,22.14,2025-07-25 08:00:00
S001759,O0000201,Training Wear 2024/25,Training Wear,1,60.71,2025-09-06 04:40:51
S002612,O0000202,Accessories 2024/25,Accessories,1,24.27,2024-12-21 22:39:10
S004790,O0000203,Third Kit 2024/25,Third Kit,1,87.15,2024-12-22 13:29:28
S002696,O0000204,Away Shirt 2024/25,Away Shirt,2,175.87,2025-03-21 17:02:18
S002705,O0000205,Away Shirt 2024/25,Away Shirt,2,193.18,2025-08-23 04:32:52
S001873,O0000206,Training Wear 2024/25,Training Wear,1,52.56,2025-09-18 18:28:00
S001811,O0000207,Kids 2024/25,Kids,1,45.87,2024-11-30 01:42:40
S000923,O0000208,Training Wear 2024/25,Training Wear,1,62.55,2025-09-12 01:36:43
S001051,O0000209,Away Shirt 2024/25,Away Shirt,1,83.35,2025-04-29 14:30:58
S004327,O0000210,Kids 2024/25,Kids,2,110.55,2025-09-16 09:40:55
S003698,O0000211,Away Shirt 2024/25,Away Shirt,1,80.77,2025-09-18 13:34:01
S000524,O0000212,Away Shirt 2024/25,Away Shirt,1,78.74,2025-07-31 06:51:33
S002263,O0000213,Retro 2024/25,Retro,1,80.8,2025-07-13 09:15:13
S004351,O0000214,Away Shirt 2024/25,Away Shirt,2,168.71,2025-08-25 08:49:23
S000328,O0000215,Kids 2024/25,Kids,1,60.84,2025-09-08 06:54:57
S002108,O0000216,Training Wear 2024/25,Training Wear,1,61.79,2025-08-31 06:10:21
S004194,O0000217,Training Wear 2024/25,Training Wear,1,50.59,2025-09-14 17:09:45
S004135,O0000218,Accessories 2024/25,Accessories,1,23.12,2025-08-27 18:04:16
S000269,O0000219,Retro 2024/25,Retro,1,77.51,2025-08-31 17:34:20
S003731,O0000220,Retro 2024/25,Retro,2,145.7,2025-08-22 12:51:05
S002801,O0000221,Retro 2024/25,Retro,1,80.44,2025-09-01 10:21:59
S000461,O0000222,Third Kit 2024/25,Third Kit,1,89.44,2025-09-09 07:05:16
S002626,O0000223,Home Shirt 2024/25,Home Shirt,1,90.1,2024-09-23 05:42:19
S001093,O0000224,Kids 2024/25,Kids,3,186.48,2025-02-07 19:19:02
S004169,O0000225,Home Shirt 2024/25,Home Shirt,1,83.05,2025-09-05 10:04:05
S003691,O0000226,Training Wear 2024/25,Training Wear,1,52.01,2025-09-01 18:21:47
S000203,O0000227,Training Wear 2024/25,Training Wear,1,62.77,2024-10-22 03:53:47
S001163,O0000228,Accessories 2024/25,Accessories,3,73.34,2025-08-27 09:12:03
S004387,O0000229,Away Shirt 2024/25,Away Shirt,1,92.78,2025-06-05 00:08:47
S001566,O0000230,Accessories 2024/25,Accessories,1,24.77,2025-06-03 17:19:57
S001110,O0000231,Home Shirt 2024/25,Home Shirt,1,87.6,2025-01-25 01:13:11
S001655,O0000232,Training Wear 2024/25,Training Wear,1,57.51,2024-12-10 08:06:55
S003722,O0000233,Training Wear 2024/25,Training Wear,1,56.06,2025-01-05 11:48:40
S004519,O0000234,Away Shirt 2024/25,Away Shirt,1,96.16,2024-10-21 05:36:17
S002218,O0000235,Accessories 2024/25,Accessories,1,23.34,2025-09-08 04:08:13
S000172,O0000236,Retro 2024/25,Retro,1,69.03,2025-07-12 08:25:42
S002613,O0000237,Third Kit 2024/25,Third Kit,1,81.53,2025-05-11 06:34:35
S002997,O0000238,Away Shirt 2024/25,Away Shirt,1,98.32,2025-01-03 03:32:18
S004120,O0000239,Away Shirt 2024/25,Away Shirt,1,74.66,2025-09-11 14:13:59
S003504,O0000240,Kids 2024/25,Kids,1,48.53,2024-12-03 04:27:25
S003549,O0000241,Retro 2024/25,Retro,1,66.53,2025-01-07 11:11:42
S004589,O0000242,Third Kit 2024/25,Third Kit,1,91.35,2025-02-20 18:39:01
S001227,O0000243,Away Shirt 2024/25,Away Shirt,1,92.46,2025-08-27 05:22:39
S002619,O0000244,Home Shirt 2024/25,Home Shirt,2,168.87,2024-12-14 09:39:48
S003581,O0000245,Kids 2024/25,Kids,1,52.18,2025-08-23 11:36:54
S003833,O0000246,Retro 2024/25,Retro,1,70.6,2025-06-09 17:42:29
S003716,O0000247,Away Shirt 2024/25,Away Shirt,1,93.13,2025-08-29 12:38:00
S002446,O0000248,Away Shirt 2024/25,Away Shirt,1,90.49,2025-05-19 10:31:11
S003471,O0000249,Home Shirt 2024/25,Home Shirt,1,76.48,2024-11-20 09:55:56
S001115,O0000250,Third Kit 2024/25,Third Kit,1,86.83,2024-11-21 00:28:54
S004246,O0000251,Third Kit 2024/25,Third Kit,1,68.74,2025-02-14 06:00:42
S000035,O0000252,Training Wear 2024/25,Training Wear,1,54.64,2024-10-12 18:37:51
S000640,O0000253,Training Wear 2024/25,Training Wear,1,68.42,2024-11-22 12:56:27
S002207,O0000254,Home Shirt 2024/25,Home Shirt,1,95.85,2025-07-21 22:58:15
S001147,O0000255,Accessories 2024/25,Accessories,1,20.51,2024-11-15 00:36:08
S003793,O0000256,Third Kit 2024/25,Third Kit,1,87.49,2025-03-17 09:05:52
S001864,O0000257,Away Shirt 2024/25,Away Shirt,1,96.55,2025-08-26 02:44:55
S003845,O0000258,Accessories 2024/25,Accessories,1,19.62,2025-01-16 04:00:57
S004055,O0000259,Away Shirt 2024/25,Away Shirt,1,75.97,2025-08-30 21:37:48
S000747,O0000260,Third Kit 2024/25,Third Kit,1,78.77,2025-09-10 03:40:34
S002918,O0000261,Kids 2024/25,Kids,1,46.45,2025-01-06 04:48:10
S001684,O0000262,Away Shirt 2024/25,Away Shirt,2,193.6,2025-02-12 18:08:45
S004097,O0000263,Accessories 2024/25,Accessories,1,20.13,2025-08-28 22:46:54
S003141,O0000264,Home Shirt 2024/25,Home Shirt,1,75.75,2025-06-10 00:22:03
S002397,O0000265,Retro 2024/25,Retro,1,69.47,2025-02-26 22:33:19
S002016,O0000266,Training Wear 2024/25,Training Wear,2,133.37,2025-09-12 07:21:31
S000541,O0000267,Third Kit 2024/25,Third Kit,1,80.12,2025-01-03 20:44:57
S002582,O0000268,Kids 2024/25,Kids,1,60.82,2025-09-07 17:34:00
S001312,O0000269,Retro 2024/25,Retro,1,73.25,2025-09-08 02:46:57
S001186,O0000270,Home Shirt 2024/25,Home Shirt,1,73.48,2025-09-06 00:09:45
S003783,O0000271,Accessories 2024/25,Accessories,1,18.9,2024-12-07 01:53:16
S000109,O0000272,Home Shirt 2024/25,Home Shirt,1,76.35,2025-09-14 05:52:18
S002328,O0000273,Kids 2024/25,Kids,1,52.22,2025-04-09 19:51:46
S003706,O0000274,Home Shirt 2024/25,Home Shirt,1,83.03,2025-08-24 18:17:10
S002086,O0000275,Home Shirt 2024/25,Home Shirt,1,91.15,2025-03-12 17:26:04
S004544,O0000276,Away Shirt 2024/25,Away Shirt,1,93.98,2025-09-15 12:49:12
S002305,O0000277,Home Shirt 2024/25,Home Shirt,1,91.89,2025-06-30 12:21:16
S000909,O0000278,Kids 2024/25,Kids,1,50.19,2025-09-13 14:59:53
S001246,O0000279,Home Shirt 2024/25,Home Shirt,1,91.79,2025-02-08 00:36:40
S002449,O0000280,Accessories 2024/25,Accessories,1,24.4,2025-05-31 14:31:00
S000919,O0000281,Retro 2024/25,Retro,1,75.99,2025-05-14 08:37:19
S000124,O0000282,Away Shirt 2024/25,Away Shirt,1,97.22,2025-04-15 15:31:26
S002789,O0000283,Retro 2024/25,Retro,1,59.24,2025-09-14 12:21:30
S002585,O0000284,Training Wear 2024/25,Training Wear,2,129.53,2025-07-20 14:44:50
S002901,O0000285,Third Kit 2024/25,Third Kit,1,80.39,2024-12-03 02:44:07
S001826,O0000286,Accessories 2024/25,Accessories,1,22.1,2025-08-30 16:08:05
S003341,O0000287,Away Shirt 2024/25,Away Shirt,1,86.48,2025-05-29 18:34:13
S000948,O0000288,Retro 2024/25,Retro,3,239.53,2025-09-10 12:12:30
S002115,O0000289,Training Wear 2024/25,Training Wear,2,116.19,2024-12-18 18:21:11
S004324,O0000290,Third Kit 2024/25,Third Kit,1,75.37,2025-01-25 08:27:23
S002913,O0000291,Home Shirt 2024/25,Home Shirt,1,96.16,2025-03-19 19:42:12
S000999,O0000292,Home Shirt 2024/25,Home Shirt,1,92.41,2025-09-01 04:39:55
S004416,O0000293,Home Shirt 2024/25,Home Shirt,1,75.94,2025-09-12 22:06:40
S002133,O0000294,Third Kit 2024/25,Third Kit,1,73.23,2025-09-18 18:27:15
S003390,O0000295,Kids 2024/25,Kids,1,61.99,2025-09-02 11:31:35
S004569,O0000296,Kids 2024/25,Kids,1,53.48,2025-09-06 12:14:25
S002279,O0000297,Third Kit 2024/25,Third Kit,1,84.14,2025-07-17 01:27:15
S004504,O0000298,Third Kit 2024/25,Third Kit,2,150.06,2025-06-26 17:25:32
S002373,O0000299,Accessories 2024/25,Accessories,1,19.0,2025-09-03 10:26:46
S002371,O0000300,Home Shirt 2024/25,Home Shirt,1,91.07,2025-09-01 04:32:08
S002014,O0000301,Third Kit 2024/25,Third Kit,2,176.68,2025-03-18 15:39:44
S000380,O0000302,Accessories 2024/25,Accessories,1,22.76,2025-08-28 04:27:04
S002880,O0000303,Training Wear 2024/25,Training Wear,1,68.07,2025-08-05 13:45:41
S004806,O0000304,Accessories 2024/25,Accessories,2,44.56,2025-03-17 20:18:43
S001261,O0000305,Training Wear 2024/25,Training Wear,1,59.3,2025-08-25 10:23:56
S001427,O0000306,Accessories 2024/25,Accessories,1,21.84,2025-03-31 06:45:02
S004472,O0000307,Training Wear 2024/25,Training Wear,1,59.23,2025-09-07 00:03:50
S002229,O0000308,Training Wear 2024/25,Training Wear,1,67.76,2025-08-21 23:04:09
S000944,O0000309,Kids 2024/25,Kids,1,57.91,2025-09-01 01:45:32
S002302,O0000310,Away Shirt 2024/25,Away Shirt,1,85.58,2025-08-12 21:19:41
S000364,O0000311,Home Shirt 2024/25,Home Shirt,1,83.68,2025-04-25 02:18:44
S001286,O0000312,Kids 2024/25,Kids,2,118.88,2024-12-20 06:56:12
S004699,O0000313,Kids 2024/25,Kids,3,162.55,2025-09-02 08:46:57
S002117,O0000314,Kids 2024/25,Kids,2,121.51,2025-03-07 12:14:01
S004139,O0000315,Home Shirt 2024/25,Home Shirt,1,98.92,2025-09-03 01:47:23
S000968,O0000316,Away Shirt 2024/25,Away Shirt,1,87.52,2024-12-07 19:36:49
S003856,O0000317,Accessories 2024/25,Accessories,1,19.89,2024-10-14 01:12:54
S001474,O0000318,Accessories 2024/25,Accessories,1,21.81,2025-06-23 00:46:17
S003014,O0000319,Third Kit 2024/25,Third Kit,1,90.96,2025-09-20 05:49:16
S002677,O0000320,Retro 2024/25,Retro,2,136.69,2025-09-05 22:43:12
S003258,O0000321,Away Shirt 2024/25,Away Shirt,1,83.99,2025-01-06 23:51:16
S000322,O0000322,Home Shirt 2024/25,Home Shirt,1,84.48,2024-12-13 02:26:04
S003067,O0000323,Away Shirt 2024/25,Away Shirt,3,230.89,2025-07-20 21:19:53
S003634,O0000324,Away Shirt 2024/25,Away Shirt,1,90.34,2025-09-08 05:32:49
S001879,O0000325,Retro 2024/25,Retro,1,79.76,2024-10-19 20:00:32
S000384,O0000326,Away Shirt 2024/25,Away Shirt,1,77.22,2025-09-09 22:19:15
S001506,O0000327,Retro 2024/25,Retro,1,77.14,2024-10-17 10:41:30
S001871,O0000328,Kids 2024/25,Kids,1,58.73,2025-08-26 17:47:17
S004857,O0000329,Home Shirt 2024/25,Home Shirt,1,93.42,2025-08-29 07:13:33
S002631,O0000330,Kids 2024/25,Kids,1,60.76,2025-04-28 18:06:17
S004632,O0000331,Accessories 2024/25,Accessories,1,18.47,2025-08-25 07:52:24
S003687,O0000332,Kids 2024/25,Kids,1,57.14,2025-01-05 21:54:50
S003787,O0000333,Third Kit 2024/25,Third Kit,1,73.63,2024-10-26 04:25:07
S004894,O0000334,Home Shirt 2024/25,Home Shirt,1,91.27,2025-09-05 21:23:20
S004784,O0000335,Away Shirt 2024/25,Away Shirt,1,93.56,2024-10-21 21:47:03
S000975,O0000336,Away Shirt 2024/25,Away Shirt,1,90.22,2024-10-03 12:15:42
S000750,O0000337,Accessories 2024/25,Accessories,1,18.2,2025-01-24 22:11:40
S002415,O0000338,Training Wear 2024/25,Training Wear,1,63.74,2025-09-13 01:49:01
S002658,O0000339,Third Kit 2024/25,Third Kit,1,89.18,2025-05-23 07:33:32
S000196,O0000340,Accessories 2024/25,Accessories,1,24.08,2025-02-03 01:48:14
S002935,O0000341,Home Shirt 2024/25,Home Shirt,1,95.14,2025-05-06 14:45:01
S004038,O0000342,Retro 2024/25,Retro,1,61.83,2025-03-16 14:29:57
S003861,O0000343,Retro 2024/25,Retro,1,60.75,2025-04-29 15:44:09
S001583,O0000344,Training Wear 2024/25,Training Wear,2,102.27,2025-04-24 02:08:19
S000556,O0000345,Kids 2024/25,Kids,2,91.38,2025-09-13 09:07:18
S002001,O0000346,Kids 2024/25,Kids,1,51.29,2025-08-25 12:41:54
S003740,O0000347,Retro 2024/25,Retro,1,62.19,2025-08-22 11:30:37
S000416,O0000348,Third Kit 2024/25,Third Kit,1,77.97,2025-08-20 15:29:17
S002984,O0000349,Away Shirt 2024/25,Away Shirt,1,82.75,2025-08-22 09:17:35
S004824,O0000350,Retro 2024/25,Retro,1,71.59,2025-08-23 01:10:25
S003900,O0000351,Training Wear 2024/25,Training Wear,3,172.2,2025-08-04 19:21:29
S002321,O0000352,Retro 2024/25,Retro,1,58.59,2025-08-29 15:44:17
S001057,O0000353,Home Shirt 2024/25,Home Shirt,1,85.85,2025-05-08 06:22:56
S004362,O0000354,Kids 2024/25,Kids,1,48.04,2025-04-30 03:40:40
S003312,O0000355,Training Wear 2024/25,Training Wear,1,54.43,2025-09-16 22:37:12
S003033,O0000356,Accessories 2024/25,Accessories,1,18.87,2025-07-14 16:36:01
S004476,O0000357,Home Shirt 2024/25,Home Shirt,1,75.54,2025-09-05 09:03:43
S001421,O0000358,Training Wear 2024/25,Training Wear,1,67.34,2024-10-16 05:37:05
S004245,O0000359,Accessories 2024/25,Accessories,1,18.84,2025-09-11 10:05:01
S001838,O0000360,Home Shirt 2024/25,Home Shirt,1,99.88,2024-11-05 17:06:40
S000799,O0000361,Accessories 2024/25,Accessories,1,21.33,2025-03-12 00:45:37
S002631,O0000362,Accessories 2024/25,Accessories,1,23.33,2025-09-16 03:22:29
S002909,O0000363,Retro 2024/25,Retro,2,138.15,2024-10-20 23:04:21
S001412,O0000364,Away Shirt 2024/25,Away Shirt,1,93.94,2024-11-21 02:37:37
S001038,O0000365,Accessories 2024/25,Accessories,1,19.6,2025-03-13 16:38:59
S003503,O0000366,Home Shirt 2024/25,Home Shirt,1,76.47,2025-05-30 20:37:43
S000385,O0000367,Away Shirt 2024/25,Away Shirt,1,74.46,2024-12-29 16:47:13
S002088,O0000368,Away Shirt 2024/25,Away Shirt,1,87.16,2024-10-04 09:42:42
S003701,O0000369,Away Shirt 2024/25,Away Shirt,1,80.51,2025-09-07 02:30:28
S000432,O0000370,Accessories 2024/25,Accessories,1,22.11,2025-03-02 08:06:34
S001743,O0000371,Accessories 2024/25,Accessories,1,20.62,2025-01-01 11:51:18
S002909,O0000372,Kids 2024/25,Kids,1,51.43,2025-07-20 08:43:33
S003530,O0000373,Away Shirt 2024/25,Away Shirt,1,96.58,2024-12-04 23:13:49
S003284,O0000374,Kids 2024/25,Kids,1,61.44,2025-08-22 01:35:11
S001111,O0000375,Accessories 2024/25,Accessories,1,18.18,2024-10-18 04:02:41
S004052,O0000376,Away Shirt 2024/25,Away Shirt,1,94.76,2025-09-06 10:54:21
S002580,O0000377,Training Wear 2024/25,Training Wear,1,60.84,2025-05-22 13:32:53
S001438,O0000378,Retro 2024/25,Retro,1,62.77,2025-09-13 23:29:41
S004907,O0000379,Third Kit 2024/25,Third Kit,2,167.16,2024-10-30 01:42:20
S001313,O0000380,Kids 2024/25,Kids,1,54.01,2025-08-24 02:54:11
S001556,O0000381,Retro 2024/25,Retro,1,65.78,2025-09-19 16:09:16
S002081,O0000382,Home Shirt 2024/25,Home Shirt,1,79.66,2025-09-08 00:26:08
S003155,O0000383,Accessories 2024/25,Accessories,1,23.89,2025-04-28 04:44:47
S002494,O0000384,Retro 2024/25,Retro,1,79.35,2025-09-09 21:39:21
S001646,O0000385,Accessories 2024/25,Accessories,1,20.23,2025-08-23 19:47:57
S003789,O0000386,Away Shirt 2024/25,Away Shirt,2,144.22,2025-09-07 12:07:17
S003603,O0000387,Kids 2024/25,Kids,3,185.09,2024-12-04 20:03:49
S000630,O0000388,Accessories 2024/25,Accessories,1,19.81,2025-01-22 03:02:19
S004887,O0000389,Home Shirt 2024/25,Home Shirt,1,97.25,2025-08-22 11:07:51
S002179,O0000390,Away Shirt 2024/25,Away Shirt,1,77.22,2025-09-17 10:30:27
S002546,O0000391,Home Shirt 2024/25,Home Shirt,1,78.5,2025-03-22 08:55:43
S000999,O0000392,Third Kit 2024/25,Third Kit,1,86.29,2025-09-17 12:53:26
S002618,O0000393,Training Wear 2024/25,Training Wear,1,66.78,2025-07-31 22:35:21
S000725,O0000394,Training Wear 2024/25,Training Wear,1,65.79,2025-08-25 11:33:22
S004245,O0000395,Accessories 2024/25,Accessories,1,19.25,2025-02-22 22:20:58
S004291,O0000396,Third Kit 2024/25,Third Kit,1,87.13,2025-02-01 22:01:06
S004093,O0000397,Home Shirt 2024/25,Home Shirt,1,77.52,2025-08-27 19:59:59
S004526,O0000398,Accessories 2024/25,Accessories,1,18.6,2024-12-21 22:03:20
S002429,O0000399,Retro 2024/25,Retro,1,67.37,2025-01-31 08:11:14
S003311,O0000400,Accessories 2024/25,Accessories,1,23.15,2024-11-29 07:48:04
S003099,O0000401,Accessories 2024/25,Accessories,1,21.96,2025-08-22 18:09:13
S001247,O0000402,Third Kit 2024/25,Third Kit,1,73.07,2025-09-05 06:23:14
S004049,O0000403,Away Shirt 2024/25,Away Shirt,1,88.86,2025-08-25 01:53:44
S001413,O0000404,Third Kit 2024/25,Third Kit,1,87.52,2025-03-09 16:55:15
S001027,O0000405,Accessories 2024/25,Accessories,1,24.61,2025-09-17 00:25:35
S000290,O0000406,Third Kit 2024/25,Third Kit,1,67.55,2025-02-02 09:07:44
S002740,O0000407,Kids 2024/25,Kids,1,61.8,2025-01-30 23:30:50
S004374,O0000408,Accessories 2024/25,Accessories,2,47.05,2025-09-10 07:31:39
S000918,O0000409,Kids 2024/25,Kids,1,59.62,2024-09-20 22:56:53
S000221,O0000410,Kids 2024/25,Kids,1,54.82,2025-02-27 08:12:20
S004941,O0000411,Third Kit 2024/25,Third Kit,1,71.29,2025-09-08 10:37:12
S003731,O0000412,Away Shirt 2024/25,Away Shirt,2,190.79,2025-05-31 14:44:04
S001034,O0000413,Kids 2024/25,Kids,1,61.25,2025-02-17 13:20:35
S002493,O0000414,Third Kit 2024/25,Third Kit,1,80.17,2025-08-25 17:54:05
S004683,O0000415,Home Shirt 2024/25,Home Shirt,1,85.52,2025-03-23 05:00:54
S004696,O0000416,Away Shirt 2024/25,Away Shirt,1,90.4,2025-03-16 07:17:40
S003816,O0000417,Accessories 2024/25,Accessories,1,18.69,2025-09-19 10:20:53
S001191,O0000418,Third Kit 2024/25,Third Kit,1,76.37,2025-09-14 06:14:17
S000688,O0000419,Third Kit 2024/25,Third Kit,1,78.07,2025-09-04 19:38:06
S004110,O0000420,Accessories 2024/25,Accessories,1,20.65,2025-08-05 19:27:17
S004755,O0000421,Home Shirt 2024/25,Home Shirt,1,84.47,2024-10-18 22:39:57
S004705,O0000422,Kids 2024/25,Kids,1,54.62,2025-01-15 22:02:36
S001417,O0000423,Away Shirt 2024/25,Away Shirt,2,176.69,2025-03-06 01:35:31
S003886,O0000424,Retro 2024/25,Retro,1,81.08,2025-04-24 16:38:06
S000209,O0000425,Accessories 2024/25,Accessories,1,18.1,2025-05-08 00:39:01
S002981,O0000426,Training Wear 2024/25,Training Wear,1,52.92,2025-09-09 19:06:00
S001002,O0000427,Accessories 2024/25,Accessories,1,22.83,2024-11-03 00:40:56
S000627,O0000428,Kids 2024/25,Kids,1,60.84,2024-11-24 13:40:32
S001384,O0000429,Training Wear 2024/25,Training Wear,1,62.5,2025-02-12 07:13:41
S004860,O0000430,Training Wear 2024/25,Training Wear,1,57.57,2025-03-01 22:40:57
S003339,O0000431,Home Shirt 2024/25,Home Shirt,3,266.0,2025-08-25 10:25:11
S002202,O0000432,Third Kit 2024/25,Third Kit,1,70.23,2025-04-26 19:22:18
S002655,O0000433,Home Shirt 2024/25,Home Shirt,1,86.6,2024-11-14 22:36:03
S000339,O0000434,Training Wear 2024/25,Training Wear,1,50.29,2025-09-03 19:03:41
S001888,O0000435,Home Shirt 2024/25,Home Shirt,1,95.55,2025-09-01 23:13:07
S003602,O0000436,Kids 2024/25,Kids,1,55.17,2025-02-19 17:18:13
S002210,O0000437,Away Shirt 2024/25,Away Shirt,1,87.07,2025-08-28 19:09:06
S002951,O0000438,Away Shirt 2024/25,Away Shirt,1,92.1,2025-08-27 20:03:12
S004258,O0000439,Accessories 2024/25,Accessories,1,24.36,2025-09-07 06:17:22
S003257,O0000440,Third Kit 2024/25,Third Kit,1,83.09,2025-08-26 04:52:21
S001110,O0000441,Training Wear 2024/25,Training Wear,1,53.59,2025-07-19 08:20:21
S002064,O0000442,Home Shirt 2024/25,Home Shirt,1,74.82,2025-08-22 07:31:09
S002553,O0000443,Training Wear 2024/25,Training Wear,1,52.43,2025-08-28 11:55:29
S000613,O0000444,Home Shirt 2024/25,Home Shirt,1,84.42,2025-09-07 06:53:53
S000165,O0000445,Away Shirt 2024/25,Away Shirt,1,79.79,2025-09-06 11:10:18
S004317,O0000446,Home Shirt 2024/25,Home Shirt,1,97.4,2025-08-06 23:06:39
S003356,O0000447,Third Kit 2024/25,Third Kit,1,93.5,2025-09-13 04:16:57
S002255,O0000448,Home Shirt 2024/25,Home Shirt,1,94.04,2025-08-08 14:47:26
S000514,O0000449,Third Kit 2024/25,Third Kit,1,83.07,2025-08-08 00:02:12
S003230,O0000450,Away Shirt 2024/25,Away Shirt,1,74.26,2025-09-14 19:54:35
S004559,O0000451,Training Wear 2024/25,Training Wear,1,51.66,2024-10-06 20:33:17
S004121,O0000452,Retro 2024/25,Retro,1,78.23,2025-09-01 04:37:20
S004035,O0000453,Home Shirt 2024/25,Home Shirt,2,182.22,2025-08-26 13:33:47
S002271,O0000454,Kids 2024/25,Kids,1,59.12,2025-09-20 07:02:40
S004873,O0000455,Third Kit 2024/25,Third Kit,2,166.32,2024-11-26 13:14:15
S004824,O0000456,Kids 2024/25,Kids,1,45.85,2025-09-12 17:28:37
S000323,O0000457,Retro 2024/25,Retro,1,79.32,2025-05-16 15:13:25
S004661,O0000458,Away Shirt 2024/25,Away Shirt,1,98.93,2025-01-15 13:59:20
S000369,O0000459,Kids 2024/25,Kids,1,50.97,2024-10-09 07:29:04
S000799,O0000460,Home Shirt 2024/25,Home Shirt,1,79.96,2025-02-20 14:11:45
S002896,O0000461,Away Shirt 2024/25,Away Shirt,1,85.33,2024-11-11 12:34:03
S003206,O0000462,Third Kit 2024/25,Third Kit,1,91.15,2024-11-09 12:33:44
S000662,O0000463,Retro 2024/25,Retro,2,136.01,2025-08-25 02:43:50
S002981,O0000464,Home Shirt 2024/25,Home Shirt,2,174.36,2025-08-22 04:40:36
S000183,O0000465,Home Shirt 2024/25,Home Shirt,1,87.5,2025-09-04 15:18:05
S000627,O0000466,Kids 2024/25,Kids,1,49.25,2025-09-07 06:58:15
S001038,O0000467,Retro 2024/25,Retro,1,65.61,2025-09-09 04:35:55
S001063,O0000468,Accessories 2024/25,Accessories,1,23.52,2025-09-07 18:11:55
S004341,O0000469,Training Wear 2024/25,Training Wear,1,59.03,2024-10-17 17:42:10
S004232,O0000470,Home Shirt 2024/25,Home Shirt,1,84.6,2025-08-26 13:17:18
S003916,O0000471,Third Kit 2024/25,Third Kit,1,73.72,2025-03-29 05:16:07
S000424,O0000472,Away Shirt 2024/25,Away Shirt,1,83.71,2025-06-25 11:51:57
S002618,O0000473,Home Shirt 2024/25,Home Shirt,1,78.01,2025-04-14 15:27:45
S004467,O0000474,Accessories 2024/25,Accessories,2,41.71,2024-12-10 23:26:26
S002030,O0000475,Kids 2024/25,Kids,1,57.41,2025-06-09 18:54:38
S004512,O0000476,Kids 2024/25,Kids,1,45.75,2025-09-14 07:22:05
S001739,O0000477,Accessories 2024/25,Accessories,1,23.02,2025-09-16 23:08:51
S003969,O0000478,Retro 2024/25,Retro,3,232.01,2025-04-21 03:04:49
S003460,O0000479,Training Wear 2024/25,Training Wear,1,51.42,2025-08-24 07:33:41
S003777,O0000480,Training Wear 2024/25,Training Wear,1,58.48,2024-11-09 17:51:47
S003351,O0000481,Away Shirt 2024/25,Away Shirt,1,99.75,2025-06-05 19:10:14
S003482,O0000482,Third Kit 2024/25,Third Kit,1,89.4,2025-08-01 20:24:25
S004797,O0000483,Third Kit 2024/25,Third Kit,1,89.96,2025-09-05 18:08:51
S002954,O0000484,Third Kit 2024/25,Third Kit,1,92.56,2025-01-13 13:13:35
S000260,O0000485,Third Kit 2024/25,Third Kit,1,80.18,2025-02-21 08:40:26
S003791,O0000486,Training Wear 2024/25,Training Wear,1,64.62,2025-05-31 23:14:27
S001781,O0000487,Retro 2024/25,Retro,2,145.41,2025-09-11 21:18:45
S001419,O0000488,Home Shirt 2024/25,Home Shirt,1,75.28,2025-08-26 03:43:55
S004469,O0000489,Away Shirt 2024/25,Away Shirt,1,89.95,2025-08-27 16:20:01
S000935,O0000490,Home Shirt 2024/25,Home Shirt,1,99.29,2025-09-14 13:59:41
S001008,O0000491,Third Kit 2024/25,Third Kit,1,71.38,2025-02-19 17:02:38
S002797,O0000492,Home Shirt 2024/25,Home Shirt,1,84.98,2025-09-15 17:34:47
S000731,O0000493,Away Shirt 2024/25,Away Shirt,1,86.45,2024-12-29 16:02:18
S003992,O0000494,Kids 2024/25,Kids,1,50.34,2025-03-07 08:28:38
S004280,O0000495,Retro 2024/25,Retro,1,75.55,2024-11-18 09:18:42
S003860,O0000496,Home Shirt 2024/25,Home Shirt,1,97.79,2025-06-16 22:43:13
S000459,O0000497,Third Kit 2024/25,Third Kit,2,172.66,2025-05-16 01:43:34
S004216,O0000498,Kids 2024/25,Kids,1,52.61,2025-04-25 12:19:53
S003727,O0000499,Kids 2024/25,Kids,1,55.31,2024-10-21 22:58:18
S002851,O0000500,Third Kit 2024/25,Third Kit,1,83.23,2025-09-01 14:26:09
S001687,O0000501,Away Shirt 2024/25,Away Shirt,1,79.61,2025-08-30 21:40:31
S001924,O0000502,Third Kit 2024/25,Third Kit,1,87.58,2024-10-24 15:59:32
S002180,O0000503,Home Shirt 2024/25,Home Shirt,1,75.49,2025-08-26 12:33:47
S004277,O0000504,Third Kit 2024/25,Third Kit,1,91.36,2025-08-27 04:37:12
S004603,O0000505,Kids 2024/25,Kids,1,53.61,2025-08-30 17:52:51
S000619,O0000506,Training Wear 2024/25,Training Wear,1,55.39,2025-07-04 14:41:25
S000256,O0000507,Retro 2024/25,Retro,1,76.22,2025-09-12 08:24:23
S004394,O0000508,Home Shirt 2024/25,Home Shirt,1,89.66,2025-03-10 03:52:53
S003843,O0000509,Training Wear 2024/25,Training Wear,1,57.14,2025-05-12 15:30:58
S001545,O0000510,Third Kit 2024/25,Third Kit,1,76.58,2025-04-20 03:40:15
S001351,O0000511,Third Kit 2024/25,Third Kit,1,76.53,2025-09-05 05:57:13
S003332,O0000512,Home Shirt 2024/25,Home Shirt,1,72.94,2025-09-02 09:16:42
S004600,O0000513,Accessories 2024/25,Accessories,1,24.87,2025-03-18 08:53:10
S002232,O0000514,Home Shirt 2024/25,Home Shirt,1,99.5,2024-12-24 01:42:36
S000964,O0000515,Training Wear 2024/25,Training Wear,2,122.17,2025-04-12 04:39:54
S004220,O0000516,Training Wear 2024/25,Training Wear,2,119.67,2025-01-14 20:02:14
S001030,O0000517,Kids 2024/25,Kids,1,52.53,2025-03-02 01:22:34
S003659,O0000518,Third Kit 2024/25,Third Kit,1,84.57,2024-11-10 01:32:55
S000836,O0000519,Retro 2024/25,Retro,1,77.16,2025-09-08 18:10:42
S001571,O0000520,Home Shirt 2024/25,Home Shirt,1,87.18,2025-08-28 12:12:34
S001118,O0000521,Third Kit 2024/25,Third Kit,1,78.75,2025-04-26 11:10:55
S001320,O0000522,Kids 2024/25,Kids,1,53.16,2025-09-05 12:05:11
S003867,O0000523,Accessories 2024/25,Accessories,1,19.32,2024-12-24 04:33:13
S000193,O0000524,Away Shirt 2024/25,Away Shirt,2,181.13,2025-08-04 07:15:35
S002964,O0000525,Home Shirt 2024/25,Home Shirt,1,96.81,2024-12-19 04:52:51
S000340,O0000526,Retro 2024/25,Retro,1,68.75,2025-06-20 05:22:27
S000946,O0000527,Retro 2024/25,Retro,1,77.12,2025-09-03 10:29:01
S002896,O0000528,Home Shirt 2024/25,Home Shirt,1,91.08,2024-12-30 10:59:54
S001928,O0000529,Kids 2024/25,Kids,1,55.46,2025-08-22 19:32:29
S004181,O0000530,Retro 2024/25,Retro,2,152.35,2025-08-27 13:18:35
S004374,O0000531,Home Shirt 2024/25,Home Shirt,1,76.47,2025-01-13 13:18:00
S001572,O0000532,Third Kit 2024/25,Third Kit,1,69.8,2024-10-10 09:27:03
S003740,O0000533,Third Kit 2024/25,Third Kit,1,78.59,2025-09-17 15:51:23
S001921,O0000534,Accessories 2024/25,Accessories,1,23.46,2025-03-10 00:16:19
S000449,O0000535,Retro 2024/25,Retro,1,75.92,2025-04-09 04:50:19
S002023,O0000536,Kids 2024/25,Kids,3,170.91,2025-09-15 15:53:02
S004078,O0000537,Kids 2024/25,Kids,1,56.01,2025-08-25 00:46:05
S000776,O0000538,Training Wear 2024/25,Training Wear,1,64.64,2025-03-07 02:04:20
S004859,O0000539,Accessories 2024/25,Accessories,1,19.21,2025-05-18 08:37:56
S002773,O0000540,Home Shirt 2024/25,Home Shirt,1,91.35,2025-09-18 16:21:44
S001381,O0000541,Home Shirt 2024/25,Home Shirt,2,186.51,2025-09-16 03:28:54
S001558,O0000542,Third Kit 2024/25,Third Kit,1,85.87,2025-09-15 10:05:18
S001536,O0000543,Home Shirt 2024/25,Home Shirt,1,88.37,2025-03-02 14:35:53
S001536,O0000544,Home Shirt 2024/25,Home Shirt,1,86.46,2025-07-02 10:21:03
S000515,O0000545,Home Shirt 2024/25,Home Shirt,1,86.39,2025-03-01 12:35:06
S001617,O0000546,Retro 2024/25,Retro,3,216.57,2024-11-21 10:23:55
S002985,O0000547,Home Shirt 2024/25,Home Shirt,1,86.8,2025-09-08 18:00:53
S003596,O0000548,Retro 2024/25,Retro,2,160.12,2025-09-02 19:32:28
S002862,O0000549,Accessories 2024/25,Accessories,3,61.51,2025-09-08 12:02:21
S001168,O0000550,Away Shirt 2024/25,Away Shirt,1,98.87,2025-09-04 17:07:55
S004926,O0000551,Accessories 2024/25,Accessories,1,18.52,2025-09-15 06:31:15
S004985,O0000552,Third Kit 2024/25,Third Kit,1,91.5,2024-11-05 12:02:16
S000175,O0000553,Home Shirt 2024/25,Home Shirt,1,87.05,2025-09-13 23:34:37
S001621,O0000554,Third Kit 2024/25,Third Kit,1,88.58,2025-09-15 10:45:50
S003409,O0000555,Accessories 2024/25,Accessories,2,36.43,2025-09-04 20:10:39
S001558,O0000556,Kids 2024/25,Kids,1,49.78,2025-09-15 15:53:17
S004557,O0000557,Away Shirt 2024/25,Away Shirt,2,178.28,2025-08-30 19:39:37
S002855,O0000558,Home Shirt 2024/25,Home Shirt,1,72.64,2025-08-28 12:54:21
S000486,O0000559,Accessories 2024/25,Accessories,1,20.58,2025-09-09 12:00:09
S000701,O0000560,Third Kit 2024/25,Third Kit,1,87.14,2025-09-05 20:41:55
S001546,O0000561,Training Wear 2024/25,Training Wear,1,64.93,2024-11-06 08:50:19
S003660,O0000562,Kids 2024/25,Kids,2,102.3,2025-09-02 02:27:10
S003180,O0000563,Retro 2024/25,Retro,1,79.44,2025-09-16 22:39:26
S003011,O0000564,Training Wear 2024/25,Training Wear,1,57.12,2025-09-06 08:17:17
S003607,O0000565,Third Kit 2024/25,Third Kit,1,75.59,2025-08-29 00:35:28
S004473,O0000566,Accessories 2024/25,Accessories,1,22.11,2025-08-30 16:36:32
S000557,O0000567,Training Wear 2024/25,Training Wear,1,63.68,2025-09-01 20:03:34
S001472,O0000568,Away Shirt 2024/25,Away Shirt,1,88.47,2025-01-24 01:43:02
S003642,O0000569,Accessories 2024/25,Accessories,1,20.08,2025-01-15 00:02:40
S003513,O0000570,Third Kit 2024/25,Third Kit,1,91.41,2025-08-29 14:07:49
S004171,O0000571,Away Shirt 2024/25,Away Shirt,1,76.74,2025-03-23 02:24:24
S002628,O0000572,Third Kit 2024/25,Third Kit,2,175.36,2025-09-11 01:27:54
S003796,O0000573,Retro 2024/25,Retro,1,64.44,2024-11-01 01:45:14
S001095,O0000574,Third Kit 2024/25,Third Kit,1,80.09,2025-02-19 05:59:20
S003443,O0000575,Third Kit 2024/25,Third Kit,1,78.2,2024-12-07 21:06:26
S001379,O0000576,Kids 2024/25,Kids,1,59.21,2024-11-08 17:06:32
S000839,O0000577,Accessories 2024/25,Accessories,1,18.24,2025-05-22 14:47:19
S003707,O0000578,Accessories 2024/25,Accessories,2,47.47,2025-08-23 03:40:18
S001073,O0000579,Third Kit 2024/25,Third Kit,2,165.86,2025-05-17 05:18:02
S000352,O0000580,Third Kit 2024/25,Third Kit,2,162.45,2025-09-12 15:50:24
S000162,O0000581,Home Shirt 2024/25,Home Shirt,1,77.01,2025-09-12 08:18:53
S001370,O0000582,Away Shirt 2024/25,Away Shirt,1,80.19,2025-09-11 12:13:39
S004486,O0000583,Retro 2024/25,Retro,1,72.56,2024-11-06 21:02:22
S001376,O0000584,Kids 2024/25,Kids,1,52.93,2024-12-21 11:59:59
S004007,O0000585,Third Kit 2024/25,Third Kit,1,77.29,2025-09-17 22:19:45
S002857,O0000586,Kids 2024/25,Kids,1,59.06,2025-03-03 01:05:02
S000039,O0000587,Away Shirt 2024/25,Away Shirt,1,96.58,2025-08-31 19:58:45
S002384,O0000588,Kids 2024/25,Kids,1,62.02,2025-09-11 07:32:09
S000564,O0000589,Third Kit 2024/25,Third Kit,1,91.22,2025-06-13 15:23:59
S002610,O0000590,Training Wear 2024/25,Training Wear,1,59.17,2025-09-17 14:04:37
S004115,O0000591,Retro 2024/25,Retro,1,67.0,2025-08-10 04:43:16
S003745,O0000592,Home Shirt 2024/25,Home Shirt,1,84.21,2025-09-03 11:40:43
S001403,O0000593,Home Shirt 2024/25,Home Shirt,1,87.17,2025-01-21 09:47:48
S001870,O0000594,Kids 2024/25,Kids,1,56.39,2025-09-15 14:44:15
S003596,O0000595,Third Kit 2024/25,Third Kit,3,265.39,2024-12-16 09:28:13
S004219,O0000596,Training Wear 2024/25,Training Wear,1,54.22,2024-12-25 13:46:09
S004440,O0000597,Retro 2024/25,Retro,1,60.57,2025-08-28 10:29:09
S000927,O0000598,Accessories 2024/25,Accessories,1,22.3,2025-03-26 21:36:32
S002504,O0000599,Away Shirt 2024/25,Away Shirt,1,88.19,2025-09-06 07:06:39
S003279,O0000600,Kids 2024/25,Kids,1,60.99,2025-01-16 03:48:36
S001438,O0000601,Training Wear 2024/25,Training Wear,1,65.78,2025-09-18 22:15:09
S004439,O0000602,Away Shirt 2024/25,Away Shirt,1,81.67,2025-01-22 11:59:51
S004260,O0000603,Away Shirt 2024/25,Away Shirt,1,86.68,2025-07-17 12:02:58
S004153,O0000604,Kids 2024/25,Kids,2,115.8,2025-09-10 21:55:18
S002710,O0000605,Retro 2024/25,Retro,2,137.79,2025-07-02 10:31:24
S003879,O0000606,Away Shirt 2024/25,Away Shirt,1,82.8,2025-07-28 13:19:52
S003998,O0000607,Third Kit 2024/25,Third Kit,1,74.3,2025-09-14 13:14:25
S001167,O0000608,Accessories 2024/25,Accessories,1,18.47,2025-08-25 23:42:35
S000593,O0000609,Away Shirt 2024/25,Away Shirt,1,96.46,2025-04-04 06:48:51
S003269,O0000610,Training Wear 2024/25,Training Wear,1,66.13,2024-11-01 16:35:14
S002111,O0000611,Away Shirt 2024/25,Away Shirt,3,280.2,2025-09-12 12:40:51
S004726,O0000612,Retro 2024/25,Retro,1,65.77,2025-01-07 18:48:24
S004918,O0000613,Home Shirt 2024/25,Home Shirt,1,99.15,2024-10-04 21:11:35
S003409,O0000614,Retro 2024/25,Retro,3,204.23,2025-08-31 18:35:33
S003408,O0000615,Kids 2024/25,Kids,1,61.48,2025-08-27 01:31:11
S001993,O0000616,Third Kit 2024/25,Third Kit,1,73.02,2025-09-10 15:24:40
S001223,O0000617,Kids 2024/25,Kids,1,53.36,2025-09-19 16:47:46
S004279,O0000618,Accessories 2024/25,Accessories,1,20.84,2024-12-14 06:17:10
S001634,O0000619,Home Shirt 2024/25,Home Shirt,1,96.01,2025-08-24 07:48:58
S002356,O0000620,Kids 2024/25,Kids,1,61.53,2025-08-28 00:36:52
S001194,O0000621,Training Wear 2024/25,Training Wear,1,50.87,2025-08-11 14:26:34
S002306,O0000622,Home Shirt 2024/25,Home Shirt,1,93.43,2025-08-23 11:38:50
S000939,O0000623,Home Shirt 2024/25,Home Shirt,3,241.57,2025-09-01 02:01:22
S001057,O0000624,Accessories 2024/25,Accessories,1,23.55,2025-09-15 10:31:40
S002082,O0000625,Third Kit 2024/25,Third Kit,1,76.72,2025-09-16 12:40:47
S001100,O0000626,Accessories 2024/25,Accessories,1,23.25,2025-08-27 17:01:16
S001997,O0000627,Away Shirt 2024/25,Away Shirt,1,88.5,2025-09-11 18:34:06
S003206,O0000628,Home Shirt 2024/25,Home Shirt,1,98.58,2025-08-31 20:54:25
S003410,O0000629,Kids 2024/25,Kids,2,99.37,2025-04-18 02:44:09
S000318,O0000630,Kids 2024/25,Kids,1,62.0,2025-04-12 10:14:45
S004378,O0000631,Training Wear 2024/25,Training Wear,2,117.08,2025-06-24 08:37:33
S004448,O0000632,Retro 2024/25,Retro,1,65.35,2025-09-14 13:17:34
S000383,O0000633,Third Kit 2024/25,Third Kit,1,75.89,2025-08-05 14:58:26
S002496,O0000634,Home Shirt 2024/25,Home Shirt,2,158.87,2025-09-15 07:02:38
S002368,O0000635,Third Kit 2024/25,Third Kit,1,73.48,2024-11-13 13:07:14
S003240,O0000636,Away Shirt 2024/25,Away Shirt,1,97.5,2025-05-20 15:35:11
S003757,O0000637,Third Kit 2024/25,Third Kit,1,91.99,2025-09-12 15:17:17
S002962,O0000638,Training Wear 2024/25,Training Wear,2,122.43,2025-08-28 14:26:58
S000525,O0000639,Kids 2024/25,Kids,1,53.5,2025-09-18 20:11:06
S003891,O0000640,Third Kit 2024/25,Third Kit,1,92.77,2025-09-12 07:51:36
S003088,O0000641,Retro 2024/25,Retro,1,74.93,2025-07-06 01:52:44
S003360,O0000642,Training Wear 2024/25,Training Wear,1,63.98,2025-08-21 17:45:35
S003962,O0000643,Home Shirt 2024/25,Home Shirt,1,85.48,2025-05-13 20:05:34
S001512,O0000644,Kids 2024/25,Kids,1,45.97,2025-07-26 21:26:30
S002327,O0000645,Training Wear 2024/25,Training Wear,1,62.91,2025-09-14 02:02:26
S002691,O0000646,Retro 2024/25,Retro,1,69.05,2024-10-22 19:11:53
S004725,O0000647,Third Kit 2024/25,Third Kit,1,86.93,2025-05-19 03:43:27
S004726,O0000648,Away Shirt 2024/25,Away Shirt,1,78.25,2025-09-06 10:19:19
S000524,O0000649,Training Wear 2024/25,Training Wear,1,59.04,2025-09-19 10:54:36
S000817,O0000650,Retro 2024/25,Retro,1,78.96,2025-06-13 21:57:00
S004267,O0000651,Home Shirt 2024/25,Home Shirt,1,79.21,2025-08-29 16:55:12
S004417,O0000652,Accessories 2024/25,Accessories,1,21.52,2025-09-09 13:47:02
S000086,O0000653,Third Kit 2024/25,Third Kit,1,90.18,2025-09-14 01:46:53
S002762,O0000654,Third Kit 2024/25,Third Kit,1,69.98,2025-09-10 22:48:45
S003894,O0000655,Retro 2024/25,Retro,1,61.5,2025-09-01 04:27:30
S001477,O0000656,Training Wear 2024/25,Training Wear,1,58.12,2025-09-02 08:16:01
S004091,O0000657,Third Kit 2024/25,Third Kit,1,67.7,2025-09-19 18:31:47
S002969,O0000658,Away Shirt 2024/25,Away Shirt,1,81.7,2025-09-05 17:31:00
S004864,O0000659,Accessories 2024/25,Accessories,1,18.92,2025-08-24 04:58:15
S003596,O0000660,Kids 2024/25,Kids,1,46.07,2025-05-02 20:27:42
S000741,O0000661,Home Shirt 2024/25,Home Shirt,1,91.43,2025-09-06 08:35:38
S001650,O0000662,Kids 2024/25,Kids,1,58.88,2025-09-05 08:28:37
S001064,O0000663,Training Wear 2024/25,Training Wear,1,52.92,2025-05-30 19:01:21
S002448,O0000664,Away Shirt 2024/25,Away Shirt,1,76.88,2025-08-22 02:52:01
S002834,O0000665,Away Shirt 2024/25,Away Shirt,2,189.22,2025-09-20 08:51:01
S004839,O0000666,Accessories 2024/25,Accessories,1,20.37,2025-08-22 10:57:10
S002494,O0000667,Home Shirt 2024/25,Home Shirt,1,74.59,2025-07-07 08:36:22
S002371,O0000668,Kids 2024/25,Kids,1,55.56,2025-02-11 08:07:30
S002481,O0000669,Home Shirt 2024/25,Home Shirt,1,93.43,2025-09-09 20:39:42
S001812,O0000670,Kids 2024/25,Kids,1,47.81,2025-09-18 06:57:17
S000355,O0000671,Retro 2024/25,Retro,1,69.07,2025-09-15 13:06:42
S003882,O0000672,Away Shirt 2024/25,Away Shirt,1,94.49,2025-05-28 22:57:13
S001436,O0000673,Training Wear 2024/25,Training Wear,1,51.65,2024-09-21 10:07:23
S001946,O0000674,Home Shirt 2024/25,Home Shirt,2,181.62,2025-06-11 14:09:25
S001692,O0000675,Home Shirt 2024/25,Home Shirt,1,72.88,2025-09-03 16:16:15
S001572,O0000676,Kids 2024/25,Kids,1,45.07,2025-08-22 14:18:56
S000813,O0000677,Third Kit 2024/25,Third Kit,2,178.86,2025-08-23 09:17:04
S003807,O0000678,Training Wear 2024/25,Training Wear,1,59.56,2025-09-01 11:11:19
S001617,O0000679,Training Wear 2024/25,Training Wear,1,63.17,2025-03-31 21:52:22
S003030,O0000680,Training Wear 2024/25,Training Wear,1,56.36,2025-09-16 11:03:49
S001587,O0000681,Accessories 2024/25,Accessories,3,67.41,2025-09-08 19:20:35
S004451,O0000682,Third Kit 2024/25,Third Kit,1,79.23,2025-09-10 00:22:27
S001795,O0000683,Third Kit 2024/25,Third Kit,1,92.09,2025-01-21 03:31:11
S003731,O0000684,Home Shirt 2024/25,Home Shirt,2,153.92,2024-10-15 15:21:39
S001267,O0000685,Retro 2024/25,Retro,2,141.88,2024-09-22 11:37:27
S000453,O0000686,Retro 2024/25,Retro,2,139.27,2025-02-17 17:35:22
S004171,O0000687,Away Shirt 2024/25,Away Shirt,1,92.21,2025-03-17 13:32:06
S000390,O0000688,Kids 2024/25,Kids,1,53.48,2024-10-19 07:33:54
S003069,O0000689,Away Shirt 2024/25,Away Shirt,1,77.58,2025-03-30 19:04:31
S002782,O0000690,Accessories 2024/25,Accessories,1,22.48,2025-02-25 14:58:52
S001382,O0000691,Retro 2024/25,Retro,3,205.21,2025-06-15 10:42:07
S000882,O0000692,Retro 2024/25,Retro,1,67.92,2025-09-10 14:13:31
S004888,O0000693,Home Shirt 2024/25,Home Shirt,1,72.64,2025-06-03 19:29:16
S001332,O0000694,Retro 2024/25,Retro,1,62.14,2025-08-18 08:59:44
S003527,O0000695,Retro 2024/25,Retro,1,80.44,2025-09-16 19:20:36
S001117,O0000696,Third Kit 2024/25,Third Kit,1,88.11,2024-12-24 01:08:24
S002632,O0000697,Training Wear 2024/25,Training Wear,1,62.1,2025-08-21 13:05:28
S001823,O0000698,Away Shirt 2024/25,Away Shirt,1,90.96,2025-05-31 02:51:57
S000225,O0000699,Kids 2024/25,Kids,1,61.33,2025-06-02 13:32:38
S004159,O0000700,Home Shirt 2024/25,Home Shirt,1,81.32,2025-09-02 16:27:29
S000627,O0000701,Training Wear 2024/25,Training Wear,3,167.52,2025-09-10 04:51:14
S003587,O0000702,Third Kit 2024/25,Third Kit,2,139.72,2024-12-17 08:40:39
S003302,O0000703,Retro 2024/25,Retro,3,239.67,2025-06-07 23:40:38
S003912,O0000704,Retro 2024/25,Retro,3,237.29,2025-09-17 14:22:19
S003363,O0000705,Third Kit 2024/25,Third Kit,1,71.0,2024-11-16 18:13:03
S003573,O0000706,Home Shirt 2024/25,Home Shirt,1,89.9,2025-09-05 16:47:27
S000622,O0000707,Home Shirt 2024/25,Home Shirt,1,80.69,2024-12-04 04:31:03
S004660,O0000708,Accessories 2024/25,Accessories,1,23.03,2025-09-20 02:20:43
S003406,O0000709,Kids 2024/25,Kids,1,52.44,2025-04-15 12:49:55
S002122,O0000710,Home Shirt 2024/25,Home Shirt,1,82.65,2025-08-21 20:01:47
S001685,O0000711,Training Wear 2024/25,Training Wear,1,60.54,2025-09-07 17:30:06
S003083,O0000712,Retro 2024/25,Retro,1,62.26,2024-10-28 15:20:19
S000690,O0000713,Kids 2024/25,Kids,1,60.43,2025-09-20 00:18:10
S004454,O0000714,Training Wear 2024/25,Training Wear,1,52.43,2024-10-03 01:27:49
S002511,O0000715,Third Kit 2024/25,Third Kit,1,73.78,2024-12-31 05:36:03
S002849,O0000716,Kids 2024/25,Kids,1,50.87,2025-04-07 07:56:11
S003387,O0000717,Away Shirt 2024/25,Away Shirt,1,88.93,2025-08-21 15:12:04
S003998,O0000718,Accessories 2024/25,Accessories,1,18.58,2025-08-25 22:27:42
S001063,O0000719,Retro 2024/25,Retro,2,141.31,2025-06-02 09:13:14
S003701,O0000720,Home Shirt 2024/25,Home Shirt,1,84.89,2024-09-26 10:35:08
S001410,O0000721,Retro 2024/25,Retro,1,78.55,2025-08-21 21:09:57
S004215,O0000722,Kids 2024/25,Kids,1,45.59,2025-08-27 07:35:28
S004903,O0000723,Third Kit 2024/25,Third Kit,1,91.55,2025-09-19 21:51:34
S002867,O0000724,Kids 2024/25,Kids,2,90.51,2025-06-04 13:23:25
S003122,O0000725,Training Wear 2024/25,Training Wear,1,68.2,2025-08-31 13:35:51
S002848,O0000726,Away Shirt 2024/25,Away Shirt,1,97.22,2024-10-04 14:38:58
S000793,O0000727,Away Shirt 2024/25,Away Shirt,1,92.01,2025-08-28 08:17:42
S003853,O0000728,Third Kit 2024/25,Third Kit,1,89.65,2025-02-05 21:29:49
S001427,O0000729,Accessories 2024/25,Accessories,1,20.14,2025-02-25 08:02:54
S002469,O0000730,Kids 2024/25,Kids,1,49.09,2025-09-16 19:17:05
S002803,O0000731,Kids 2024/25,Kids,1,59.22,2024-12-21 16:14:22
S002825,O0000732,Training Wear 2024/25,Training Wear,2,110.13,2024-09-21 23:30:15
S002539,O0000733,Training Wear 2024/25,Training Wear,1,52.12,2025-03-16 21:28:54
S003164,O0000734,Away Shirt 2024/25,Away Shirt,1,77.7,2025-09-14 12:22:13
S004116,O0000735,Third Kit 2024/25,Third Kit,2,147.88,2025-01-12 19:21:44
S004179,O0000736,Away Shirt 2024/25,Away Shirt,1,81.45,2025-06-10 00:51:56
S000892,O0000737,Away Shirt 2024/25,Away Shirt,1,93.98,2025-08-24 10:29:51
S003536,O0000738,Accessories 2024/25,Accessories,1,20.13,2025-09-18 09:29:08
S003785,O0000739,Kids 2024/25,Kids,1,61.65,2025-08-27 06:32:05
S000604,O0000740,Accessories 2024/25,Accessories,1,24.72,2025-03-15 09:22:42
S003862,O0000741,Third Kit 2024/25,Third Kit,1,84.53,2025-09-03 22:33:04
S002263,O0000742,Home Shirt 2024/25,Home Shirt,1,75.61,2025-09-17 04:43:18
S004727,O0000743,Accessories 2024/25,Accessories,1,18.97,2025-09-15 02:53:56
S001958,O0000744,Away Shirt 2024/25,Away Shirt,1,97.82,2025-09-05 22:22:13
S004685,O0000745,Kids 2024/25,Kids,2,102.59,2025-02-23 07:53:29
S001632,O0000746,Third Kit 2024/25,Third Kit,1,85.39,2025-09-05 16:32:18
S001241,O0000747,Away Shirt 2024/25,Away Shirt,1,75.16,2025-08-30 05:07:19
S001731,O0000748,Away Shirt 2024/25,Away Shirt,2,152.3,2025-09-03 01:13:49
S000732,O0000749,Retro 2024/25,Retro,1,59.67,2025-09-15 23:06:44
S000945,O0000750,Home Shirt 2024/25,Home Shirt,2,144.68,2025-02-05 19:50:37
S001070,O0000751,Home Shirt 2024/25,Home Shirt,1,78.77,2024-09-30 12:19:44
S004857,O0000752,Retro 2024/25,Retro,1,79.98,2024-10-30 22:59:04
S001751,O0000753,Retro 2024/25,Retro,1,66.37,2025-06-07 23:54:24
S003340,O0000754,Training Wear 2024/25,Training Wear,2,117.78,2024-10-08 16:41:39
S001258,O0000755,Training Wear 2024/25,Training Wear,1,63.59,2025-09-13 14:41:21
S001037,O0000756,Away Shirt 2024/25,Away Shirt,1,89.06,2024-11-08 11:21:12
S000270,O0000757,Training Wear 2024/25,Training Wear,1,59.15,2024-12-09 12:47:21
S000921,O0000758,Away Shirt 2024/25,Away Shirt,1,81.55,2025-08-26 03:42:07
S000706,O0000759,Retro 2024/25,Retro,1,73.48,2025-01-15 14:37:00
S003112,O0000760,Third Kit 2024/25,Third Kit,1,90.5,2025-08-31 10:27:47
S000260,O0000761,Training Wear 2024/25,Training Wear,1,61.98,2025-09-13 10:25:37
S002778,O0000762,Third Kit 2024/25,Third Kit,1,86.43,2025-08-31 04:06:28
S001974,O0000763,Retro 2024/25,Retro,1,77.93,2025-09-07 13:23:36
S004342,O0000764,Kids 2024/25,Kids,1,52.24,2025-09-18 22:25:03
S000297,O0000765,Third Kit 2024/25,Third Kit,1,70.51,2025-02-28 09:16:58
S002372,O0000766,Home Shirt 2024/25,Home Shirt,1,85.42,2024-12-01 07:51:57
S004164,O0000767,Away Shirt 2024/25,Away Shirt,1,86.17,2025-09-02 22:04:11
S001421,O0000768,Home Shirt 2024/25,Home Shirt,1,87.48,2025-06-08 14:39:10
S004185,O0000769,Home Shirt 2024/25,Home Shirt,1,99.57,2025-04-25 17:24:32
S001088,O0000770,Training Wear 2024/25,Training Wear,1,57.6,2025-03-30 11:38:15
S004751,O0000771,Third Kit 2024/25,Third Kit,1,79.08,2025-01-19 05:12:45
S002007,O0000772,Away Shirt 2024/25,Away Shirt,1,94.15,2025-09-06 19:09:02
S001432,O0000773,Home Shirt 2024/25,Home Shirt,1,76.37,2025-09-01 20:31:16
S000204,O0000774,Kids 2024/25,Kids,3,142.41,2025-09-13 06:30:00
S003821,O0000775,Away Shirt 2024/25,Away Shirt,3,298.46,2024-10-07 19:49:35
S002397,O0000776,Third Kit 2024/25,Third Kit,1,73.25,2025-03-28 22:12:45
S003277,O0000777,Training Wear 2024/25,Training Wear,1,59.76,2025-06-14 02:43:24
S000484,O0000778,Away Shirt 2024/25,Away Shirt,1,82.6,2025-04-08 01:34:47
S001263,O0000779,Accessories 2024/25,Accessories,1,21.35,2025-09-06 04:26:09
S002816,O0000780,Third Kit 2024/25,Third Kit,1,77.5,2025-08-24 14:29:50
S002519,O0000781,Accessories 2024/25,Accessories,1,24.52,2025-09-02 17:20:42
S002888,O0000782,Accessories 2024/25,Accessories,1,18.1,2025-03-17 23:04:21
S000409,O0000783,Away Shirt 2024/25,Away Shirt,1,95.59,2025-09-19 02:40:40
S001609,O0000784,Third Kit 2024/25,Third Kit,1,82.17,2025-08-28 07:57:47
S001103,O0000785,Third Kit 2024/25,Third Kit,2,171.18,2025-04-18 05:42:29
S000687,O0000786,Training Wear 2024/25,Training Wear,3,185.22,2025-09-12 23:34:38
S001795,O0000787,Training Wear 2024/25,Training Wear,1,60.81,2024-10-22 08:14:12
S003746,O0000788,Accessories 2024/25,Accessories,1,19.08,2025-08-30 23:26:06
S000068,O0000789,Home Shirt 2024/25,Home Shirt,1,89.21,2025-03-24 22:09:00
S002933,O0000790,Home Shirt 2024/25,Home Shirt,1,94.25,2025-08-31 16:52:31
S002678,O0000791,Home Shirt 2024/25,Home Shirt,1,82.23,2025-09-11 20:14:18
S004928,O0000792,Third Kit 2024/25,Third Kit,1,89.22,2025-06-26 10:29:06
S003655,O0000793,Retro 2024/25,Retro,3,218.25,2024-12-18 00:51:24
S002921,O0000794,Training Wear 2024/25,Training Wear,1,57.88,2025-05-29 02:43:54
S003666,O0000795,Retro 2024/25,Retro,1,66.24,2025-08-23 19:14:28
S002125,O0000796,Training Wear 2024/25,Training Wear,1,56.81,2025-07-24 03:23:36
S003139,O0000797,Retro 2024/25,Retro,1,75.2,2025-07-18 14:46:29
S000279,O0000798,Home Shirt 2024/25,Home Shirt,1,85.14,2025-09-14 04:56:37
S003465,O0000799,Away Shirt 2024/25,Away Shirt,1,88.56,2025-07-03 19:23:10
S002022,O0000800,Home Shirt 2024/25,Home Shirt,1,89.71,2025-06-11 21:47:02
S001226,O0000801,Training Wear 2024/25,Training Wear,2,109.89,2024-11-17 23:37:24
S003106,O0000802,Training Wear 2024/25,Training Wear,1,51.86,2025-08-25 18:39:12
S000421,O0000803,Accessories 2024/25,Accessories,1,23.81,2024-10-07 22:43:34
S004050,O0000804,Retro 2024/25,Retro,2,155.32,2024-11-21 02:05:46
S003525,O0000805,Home Shirt 2024/25,Home Shirt,1,72.39,2025-08-29 08:30:01
S002201,O0000806,Accessories 2024/25,Accessories,1,24.36,2025-09-12 05:56:22
S000829,O0000807,Accessories 2024/25,Accessories,3,67.26,2025-08-08 19:13:05
S000715,O0000808,Third Kit 2024/25,Third Kit,1,84.46,2025-06-09 07:25:17
S002218,O0000809,Kids 2024/25,Kids,2,114.26,2025-02-21 12:40:48
S000035,O0000810,Retro 2024/25,Retro,1,66.64,2024-09-23 23:19:13
S003405,O0000811,Accessories 2024/25,Accessories,1,19.39,2025-09-02 12:12:57
S002915,O0000812,Kids 2024/25,Kids,1,56.35,2024-11-08 00:52:59
S004934,O0000813,Home Shirt 2024/25,Home Shirt,1,79.19,2025-08-27 10:40:42
S003110,O0000814,Away Shirt 2024/25,Away Shirt,1,89.56,2025-03-05 10:21:32
S000495,O0000815,Third Kit 2024/25,Third Kit,3,265.89,2025-09-03 23:40:54
S000701,O0000816,Training Wear 2024/25,Training Wear,1,54.43,2025-01-04 12:53:01
S003023,O0000817,Home Shirt 2024/25,Home Shirt,2,160.94,2025-09-06 17:08:55
S001613,O0000818,Third Kit 2024/25,Third Kit,1,82.72,2024-11-06 15:25:15
S001944,O0000819,Kids 2024/25,Kids,1,55.86,2025-06-20 07:06:18
S000971,O0000820,Retro 2024/25,Retro,1,63.91,2025-09-01 23:13:03
S000409,O0000821,Training Wear 2024/25,Training Wear,1,55.6,2025-09-18 02:53:40
S004275,O0000822,Home Shirt 2024/25,Home Shirt,1,99.19,2025-03-07 02:46:16
S001446,O0000823,Home Shirt 2024/25,Home Shirt,1,74.52,2025-01-22 23:29:00
S000264,O0000824,Training Wear 2024/25,Training Wear,1,59.25,2024-09-21 20:33:55
S001260,O0000825,Home Shirt 2024/25,Home Shirt,1,87.48,2025-02-14 23:15:20
S002136,O0000826,Training Wear 2024/25,Training Wear,1,59.94,2025-09-07 04:11:44
S001158,O0000827,Training Wear 2024/25,Training Wear,1,56.75,2025-04-11 10:02:59
S001808,O0000828,Retro 2024/25,Retro,1,63.56,2025-09-10 16:59:40
S002934,O0000829,Retro 2024/25,Retro,1,78.94,2025-08-25 14:14:11
S004301,O0000830,Away Shirt 2024/25,Away Shirt,1,82.89,2025-09-11 11:34:46
S001402,O0000831,Kids 2024/25,Kids,1,62.16,2025-05-18 07:14:16
S003418,O0000832,Training Wear 2024/25,Training Wear,1,55.68,2025-09-01 18:42:04
S003483,O0000833,Away Shirt 2024/25,Away Shirt,1,72.37,2025-08-29 10:35:28
S003896,O0000834,Retro 2024/25,Retro,1,58.71,2024-10-29 19:25:19
S004849,O0000835,Away Shirt 2024/25,Away Shirt,1,84.19,2025-08-29 14:39:55
S002720,O0000836,Training Wear 2024/25,Training Wear,1,65.15,2025-02-26 08:07:38
S004120,O0000837,Retro 2024/25,Retro,2,143.97,2025-09-06 12:33:04
S000371,O0000838,Third Kit 2024/25,Third Kit,1,90.29,2024-12-22 13:49:56
S002884,O0000839,Training Wear 2024/25,Training Wear,1,58.41,2024-10-27 11:49:59
S004330,O0000840,Away Shirt 2024/25,Away Shirt,1,96.97,2025-09-01 05:24:22
S002861,O0000841,Home Shirt 2024/25,Home Shirt,1,96.72,2025-09-09 08:15:55
S000136,O0000842,Training Wear 2024/25,Training Wear,1,56.59,2024-10-12 17:14:13
S002482,O0000843,Retro 2024/25,Retro,1,80.04,2025-09-09 10:54:06
S000884,O0000844,Accessories 2024/25,Accessories,1,22.44,2025-09-01 03:21:35
S000854,O0000845,Kids 2024/25,Kids,1,60.96,2024-11-05 17:13:02
S003448,O0000846,Training Wear 2024/25,Training Wear,1,59.0,2025-09-18 10:38:50
S002896,O0000847,Away Shirt 2024/25,Away Shirt,1,82.02,2024-09-29 15:12:28
S004430,O0000848,Kids 2024/25,Kids,1,62.05,2025-08-27 23:00:37
S004722,O0000849,Retro 2024/25,Retro,1,78.48,2025-08-26 09:24:47
S002064,O0000850,Kids 2024/25,Kids,1,50.56,2025-08-16 21:27:08
S004301,O0000851,Home Shirt 2024/25,Home Shirt,2,147.79,2025-08-29 16:40:17
S000333,O0000852,Training Wear 2024/25,Training Wear,1,68.55,2025-08-25 05:23:40
S001235,O0000853,Kids 2024/25,Kids,1,59.09,2025-04-09 06:30:37
S001896,O0000854,Retro 2024/25,Retro,1,74.75,2025-03-22 03:23:28
S004973,O0000855,Home Shirt 2024/25,Home Shirt,1,95.87,2025-08-02 15:39:42
S002545,O0000856,Accessories 2024/25,Accessories,1,23.8,2025-04-27 02:19:17
S000048,O0000857,Accessories 2024/25,Accessories,3,54.71,2024-10-01 21:39:56
S004659,O0000858,Third Kit 2024/25,Third Kit,1,79.47,2025-09-18 10:29:49
S001219,O0000859,Home Shirt 2024/25,Home Shirt,1,98.25,2025-01-15 12:37:45
S001913,O0000860,Home Shirt 2024/25,Home Shirt,1,93.0,2025-01-21 10:48:58
S001844,O0000861,Accessories 2024/25,Accessories,1,21.27,2025-02-19 10:08:37
S004446,O0000862,Away Shirt 2024/25,Away Shirt,1,78.2,2024-10-19 17:35:03
S001199,O0000863,Away Shirt 2024/25,Away Shirt,1,80.84,2025-09-06 11:24:27
S000538,O0000864,Retro 2024/25,Retro,2,139.72,2025-08-25 13:41:47
S004714,O0000865,Accessories 2024/25,Accessories,1,19.75,2025-09-11 06:21:03
S000809,O0000866,Kids 2024/25,Kids,1,56.22,2025-08-25 09:41:38
S001528,O0000867,Third Kit 2024/25,Third Kit,1,70.15,2025-09-02 08:36:52
S004792,O0000868,Away Shirt 2024/25,Away Shirt,1,75.99,2025-09-02 01:39:48
S001061,O0000869,Retro 2024/25,Retro,1,59.35,2025-09-01 15:15:21
S002408,O0000870,Away Shirt 2024/25,Away Shirt,2,186.56,2025-01-18 00:48:57
S000929,O0000871,Training Wear 2024/25,Training Wear,1,65.32,2025-08-24 11:13:16
S002871,O0000872,Kids 2024/25,Kids,1,52.42,2025-08-29 09:22:30
S000458,O0000873,Away Shirt 2024/25,Away Shirt,1,97.32,2025-03-22 00:22:13
S004723,O0000874,Kids 2024/25,Kids,1,54.16,2025-08-10 15:03:52
S002259,O0000875,Training Wear 2024/25,Training Wear,1,54.97,2025-04-17 01:54:41
S001608,O0000876,Retro 2024/25,Retro,1,73.01,2025-08-27 19:30:53
S001010,O0000877,Retro 2024/25,Retro,1,62.62,2025-08-26 04:09:43
S000709,O0000878,Home Shirt 2024/25,Home Shirt,3,246.68,2025-03-15 00:56:43
S002293,O0000879,Home Shirt 2024/25,Home Shirt,3,270.93,2024-12-26 05:03:20
S000814,O0000880,Retro 2024/25,Retro,2,143.22,2025-07-12 14:01:21
S004858,O0000881,Away Shirt 2024/25,Away Shirt,1,72.02,2025-05-05 21:45:58
S000949,O0000882,Retro 2024/25,Retro,3,185.96,2025-08-22 07:22:46
S001018,O0000883,Retro 2024/25,Retro,1,71.29,2024-11-11 12:12:42
S003107,O0000884,Accessories 2024/25,Accessories,1,19.45,2024-11-01 17:31:13
S001348,O0000885,Away Shirt 2024/25,Away Shirt,1,96.49,2025-09-09 21:05:39
S003394,O0000886,Kids 2024/25,Kids,1,55.98,2025-09-15 11:53:33
S001961,O0000887,Home Shirt 2024/25,Home Shirt,1,94.93,2025-09-15 08:41:55
S000527,O0000888,Accessories 2024/25,Accessories,1,22.82,2024-09-26 18:06:28
S000435,O0000889,Retro 2024/25,Retro,1,78.45,2025-06-29 19:48:40
S004225,O0000890,Away Shirt 2024/25,Away Shirt,1,93.08,2025-09-09 19:56:34
S004723,O0000891,Kids 2024/25,Kids,1,48.91,2024-11-24 11:32:34
S000719,O0000892,Third Kit 2024/25,Third Kit,1,75.42,2025-09-07 15:23:53
S003361,O0000893,Home Shirt 2024/25,Home Shirt,1,81.19,2025-08-30 17:27:27
S001520,O0000894,Kids 2024/25,Kids,1,60.81,2025-09-03 07:21:02
S003525,O0000895,Accessories 2024/25,Accessories,1,18.99,2025-03-06 17:39:02
S004631,O0000896,Retro 2024/25,Retro,1,60.34,2025-09-15 14:03:36
S000497,O0000897,Training Wear 2024/25,Training Wear,1,59.43,2025-01-01 14:11:18
S003538,O0000898,Away Shirt 2024/25,Away Shirt,1,74.27,2024-10-17 22:29:42
S001855,O0000899,Third Kit 2024/25,Third Kit,1,80.26,2025-09-01 13:14:08
S003545,O0000900,Home Shirt 2024/25,Home Shirt,1,93.17,2025-05-21 02:37:08
S000640,O0000901,Training Wear 2024/25,Training Wear,1,61.9,2025-09-05 23:34:36
S004903,O0000902,Away Shirt 2024/25,Away Shirt,1,96.1,2025-07-30 01:19:55
S000329,O0000903,Kids 2024/25,Kids,1,54.53,2025-08-22 05:22:48
S004375,O0000904,Kids 2024/25,Kids,1,48.2,2025-08-10 16:35:27
S001778,O0000905,Training Wear 2024/25,Training Wear,1,64.48,2025-07-15 06:03:24
S003415,O0000906,Retro 2024/25,Retro,1,61.82,2025-05-08 10:29:04
S003369,O0000907,Away Shirt 2024/25,Away Shirt,1,75.82,2025-07-10 02:41:43
S003980,O0000908,Accessories 2024/25,Accessories,1,20.59,2025-09-14 10:07:10
S003056,O0000909,Kids 2024/25,Kids,1,50.6,2025-04-05 22:44:02
S003268,O0000910,Training Wear 2024/25,Training Wear,1,65.66,2025-04-18 01:21:20
S000905,O0000911,Retro 2024/25,Retro,1,63.62,2025-05-04 15:11:30
S000652,O0000912,Kids 2024/25,Kids,1,49.96,2025-09-19 13:35:59
S004486,O0000913,Third Kit 2024/25,Third Kit,2,169.71,2025-02-11 07:21:57
S001748,O0000914,Training Wear 2024/25,Training Wear,1,52.79,2025-06-06 17:24:31
S003013,O0000915,Retro 2024/25,Retro,1,67.06,2025-09-13 23:13:00
S000634,O0000916,Kids 2024/25,Kids,1,47.17,2025-09-17 18:59:26
S003184,O0000917,Kids 2024/25,Kids,2,114.93,2025-08-30 18:07:39
S002876,O0000918,Training Wear 2024/25,Training Wear,1,52.6,2025-08-26 05:15:25
S003334,O0000919,Third Kit 2024/25,Third Kit,1,91.81,2025-05-03 13:40:45
S004441,O0000920,Third Kit 2024/25,Third Kit,1,79.5,2025-09-16 11:31:22
S001568,O0000921,Third Kit 2024/25,Third Kit,1,89.2,2025-07-25 21:05:34
S001881,O0000922,Accessories 2024/25,Accessories,1,18.03,2024-11-01 05:36:44
S004698,O0000923,Training Wear 2024/25,Training Wear,1,52.76,2024-12-14 21:15:06
S000145,O0000924,Away Shirt 2024/25,Away Shirt,2,179.68,2025-03-07 01:06:49
S004527,O0000925,Training Wear 2024/25,Training Wear,1,65.31,2025-09-11 16:15:29
S004654,O0000926,Kids 2024/25,Kids,1,57.33,2025-08-22 04:30:05
S004293,O0000927,Retro 2024/25,Retro,1,75.7,2025-01-03 02:22:54
S001023,O0000928,Training Wear 2024/25,Training Wear,2,137.25,2025-08-25 04:42:53
S002537,O0000929,Home Shirt 2024/25,Home Shirt,1,92.37,2024-10-15 12:38:30
S004432,O0000930,Third Kit 2024/25,Third Kit,1,90.74,2025-08-22 00:05:17
S004181,O0000931,Third Kit 2024/25,Third Kit,2,143.63,2025-09-11 07:02:45
S003853,O0000932,Third Kit 2024/25,Third Kit,1,69.94,2025-09-19 19:14:46
S000398,O0000933,Third Kit 2024/25,Third Kit,1,78.59,2025-05-09 04:40:39
S000669,O0000934,Kids 2024/25,Kids,1,61.41,2025-04-20 10:19:02
S001244,O0000935,Third Kit 2024/25,Third Kit,1,85.9,2025-08-27 21:30:12
S000091,O0000936,Retro 2024/25,Retro,2,128.36,2025-09-07 18:27:35
S004350,O0000937,Away Shirt 2024/25,Away Shirt,1,84.56,2025-09-15 22:12:50
S004047,O0000938,Away Shirt 2024/25,Away Shirt,1,76.71,2024-11-05 14:33:28
S000642,O0000939,Away Shirt 2024/25,Away Shirt,1,73.72,2025-09-05 16:40:29
S002116,O0000940,Kids 2024/25,Kids,1,54.89,2024-12-21 04:09:28
S002915,O0000941,Away Shirt 2024/25,Away Shirt,1,74.27,2025-09-11 16:46:59
S003496,O0000942,Home Shirt 2024/25,Home Shirt,1,90.18,2025-03-03 17:24:44
S004478,O0000943,Home Shirt 2024/25,Home Shirt,1,89.35,2025-07-27 11:46:00
S002399,O0000944,Accessories 2024/25,Accessories,1,23.11,2025-09-19 04:14:46
S001789,O0000945,Training Wear 2024/25,Training Wear,1,51.19,2025-08-22 19:47:51
S003169,O0000946,Kids 2024/25,Kids,3,160.11,2025-08-26 14:40:56
S000730,O0000947,Home Shirt 2024/25,Home Shirt,1,83.78,2025-08-25 15:47:01
S003007,O0000948,Training Wear 2024/25,Training Wear,3,170.65,2025-04-25 19:37:50
S001785,O0000949,Retro 2024/25,Retro,2,124.88,2025-02-10 03:47:49
S003265,O0000950,Away Shirt 2024/25,Away Shirt,1,97.51,2025-06-13 08:10:32
S001475,O0000951,Kids 2024/25,Kids,3,185.1,2025-09-17 23:23:32
S003815,O0000952,Retro 2024/25,Retro,1,71.6,2024-09-30 11:53:03
S002285,O0000953,Home Shirt 2024/25,Home Shirt,1,87.24,2025-05-23 19:08:30
S002474,O0000954,Away Shirt 2024/25,Away Shirt,1,79.95,2025-08-27 08:41:20
S002966,O0000955,Third Kit 2024/25,Third Kit,1,89.67,2025-08-28 17:20:19
S000899,O0000956,Third Kit 2024/25,Third Kit,1,70.8,2025-05-26 18:07:54
S001086,O0000957,Accessories 2024/25,Accessories,1,19.73,2025-09-14 10:43:26
S001875,O0000958,Kids 2024/25,Kids,1,46.65,2025-09-08 03:25:13
S000504,O0000959,Away Shirt 2024/25,Away Shirt,2,182.91,2024-12-18 14:29:17
S003193,O0000960,Kids 2024/25,Kids,1,54.11,2025-08-28 09:05:55
S004867,O0000961,Kids 2024/25,Kids,1,61.49,2025-08-25 09:02:46
S003583,O0000962,Home Shirt 2024/25,Home Shirt,1,85.62,2025-05-14 12:51:23
S000109,O0000963,Away Shirt 2024/25,Away Shirt,1,99.9,2025-09-18 20:30:44
S003311,O0000964,Kids 2024/25,Kids,1,55.12,2025-08-27 06:31:57
S000625,O0000965,Kids 2024/25,Kids,1,47.05,2025-03-09 16:02:20
S003254,O0000966,Retro 2024/25,Retro,1,59.52,2025-08-11 22:33:20
S000372,O0000967,Home Shirt 2024/25,Home Shirt,1,72.92,2025-03-15 16:29:34
S002997,O0000968,Third Kit 2024/25,Third Kit,3,239.83,2025-05-26 22:37:35
S000620,O0000969,Kids 2024/25,Kids,1,59.84,2024-12-17 19:13:47
S003744,O0000970,Training Wear 2024/25,Training Wear,1,57.97,2025-09-14 06:16:17
S001917,O0000971,Retro 2024/25,Retro,1,75.83,2025-06-19 00:42:09
S002595,O0000972,Third Kit 2024/25,Third Kit,1,68.05,2025-09-05 10:30:09
S002387,O0000973,Away Shirt 2024/25,Away Shirt,2,197.39,2025-09-01 02:06:00
S004087,O0000974,Home Shirt 2024/25,Home Shirt,2,150.8,2025-09-13 05:37:38
S003458,O0000975,Accessories 2024/25,Accessories,2,36.69,2025-09-01 12:20:00
S004330,O0000976,Retro 2024/25,Retro,1,61.27,2025-08-29 03:11:45
S000643,O0000977,Training Wear 2024/25,Training Wear,1,66.36,2025-08-23 23:31:16
S004764,O0000978,Away Shirt 2024/25,Away Shirt,1,93.32,2025-08-21 19:34:55
S003236,O0000979,Accessories 2024/25,Accessories,1,22.42,2025-09-12 05:40:30
S001739,O0000980,Home Shirt 2024/25,Home Shirt,1,94.31,2025-09-05 16:56:27
S003845,O0000981,Accessories 2024/25,Accessories,1,18.37,2025-07-09 18:55:29
S003268,O0000982,Away Shirt 2024/25,Away Shirt,1,81.7,2025-02-24 03:25:52
S003354,O0000983,Home Shirt 2024/25,Home Shirt,3,261.07,2025-06-14 03:52:08
S000209,O0000984,Away Shirt 2024/25,Away Shirt,1,84.05,2024-09-23 15:41:41
S003996,O0000985,Kids 2024/25,Kids,1,46.95,2025-02-14 13:20:42
S000883,O0000986,Training Wear 2024/25,Training Wear,1,56.57,2025-09-16 13:48:36
S002465,O0000987,Training Wear 2024/25,Training Wear,2,132.21,2025-08-25 12:59:49
S004395,O0000988,Home Shirt 2024/25,Home Shirt,1,85.38,2025-09-01 09:45:48
S004000,O0000989,Away Shirt 2024/25,Away Shirt,1,72.31,2025-09-12 03:38:44
S004104,O0000990,Home Shirt 2024/25,Home Shirt,1,91.66,2025-09-15 06:44:03
S001412,O0000991,Training Wear 2024/25,Training Wear,2,105.91,2025-01-08 21:55:15
S003027,O0000992,Third Kit 2024/25,Third Kit,2,137.12,2025-08-31 03:17:37
S002959,O0000993,Retro 2024/25,Retro,1,76.02,2025-02-17 04:39:45
S004574,O0000994,Retro 2024/25,Retro,1,71.45,2025-08-28 15:07:28
S004114,O0000995,Retro 2024/25,Retro,1,76.15,2025-02-09 13:16:50
S003941,O0000996,Retro 2024/25,Retro,1,72.3,2025-04-05 09:07:16
S004387,O0000997,Training Wear 2024/25,Training Wear,1,57.3,2025-09-11 00:34:10
S003301,O0000998,Retro 2024/25,Retro,1,67.01,2025-07-03 06:33:40
S001438,O0000999,Training Wear 2024/25,Training Wear,1,51.34,2025-09-11 15:52:41
S004779,O0001000,Training Wear 2024/25,Training Wear,1,60.41,2025-01-17 06:27:53
S000623,O0001001,Training Wear 2024/25,Training Wear,1,61.18,2025-07-11 20:11:31
S002463,O0001002,Third Kit 2024/25,Third Kit,1,76.27,2025-09-02 03:54:46
S001949,O0001003,Third Kit 2024/25,Third Kit,1,74.28,2025-01-31 02:10:10
S001027,O0001004,Third Kit 2024/25,Third Kit,1,81.47,2025-09-15 23:13:03
S001100,O0001005,Away Shirt 2024/25,Away Shirt,1,94.26,2025-09-10 14:52:03
S004603,O0001006,Accessories 2024/25,Accessories,1,21.15,2025-08-13 14:46:11
S001721,O0001007,Home Shirt 2024/25,Home Shirt,1,84.81,2025-04-12 14:05:46
S000463,O0001008,Away Shirt 2024/25,Away Shirt,1,82.37,2025-03-30 07:12:19
S002911,O0001009,Kids 2024/25,Kids,3,164.56,2024-12-14 17:55:39
S004626,O0001010,Home Shirt 2024/25,Home Shirt,1,98.09,2025-08-25 21:32:20
S004384,O0001011,Away Shirt 2024/25,Away Shirt,1,79.72,2024-12-24 11:00:52
S003216,O0001012,Retro 2024/25,Retro,1,72.03,2025-08-25 23:21:10
S003822,O0001013,Kids 2024/25,Kids,2,115.94,2025-08-26 02:26:16
S004938,O0001014,Home Shirt 2024/25,Home Shirt,1,97.7,2025-09-02 15:46:41
S002119,O0001015,Accessories 2024/25,Accessories,3,62.57,2025-09-02 08:25:26
S004616,O0001016,Training Wear 2024/25,Training Wear,1,52.41,2024-10-24 13:24:07
S002004,O0001017,Away Shirt 2024/25,Away Shirt,1,95.6,2025-07-19 17:16:58
S001010,O0001018,Away Shirt 2024/25,Away Shirt,2,196.52,2025-06-23 17:24:06
S001116,O0001019,Away Shirt 2024/25,Away Shirt,1,85.95,2024-12-26 02:29:07
S004000,O0001020,Kids 2024/25,Kids,1,54.56,2025-09-14 06:47:20
S001596,O0001021,Training Wear 2024/25,Training Wear,1,57.39,2025-08-28 05:38:31
S003909,O0001022,Home Shirt 2024/25,Home Shirt,1,74.46,2025-09-13 01:35:48
S000587,O0001023,Training Wear 2024/25,Training Wear,1,65.9,2025-09-17 16:05:01
S001625,O0001024,Home Shirt 2024/25,Home Shirt,1,85.32,2025-09-15 22:40:55
S001865,O0001025,Away Shirt 2024/25,Away Shirt,2,145.77,2025-09-04 03:06:16
S003013,O0001026,Home Shirt 2024/25,Home Shirt,1,75.17,2024-12-11 21:35:31
S003153,O0001027,Training Wear 2024/25,Training Wear,1,65.21,2025-07-02 12:46:54
S003003,O0001028,Training Wear 2024/25,Training Wear,1,58.19,2025-09-15 04:18:28
S000077,O0001029,Training Wear 2024/25,Training Wear,1,58.22,2024-09-23 17:19:28
S003072,O0001030,Accessories 2024/25,Accessories,1,24.26,2025-09-11 06:30:05
S003549,O0001031,Retro 2024/25,Retro,1,71.69,2025-02-02 07:20:36
S003758,O0001032,Home Shirt 2024/25,Home Shirt,1,73.34,2025-05-20 12:02:23
S000476,O0001033,Away Shirt 2024/25,Away Shirt,1,84.5,2025-09-15 13:12:12
S002620,O0001034,Training Wear 2024/25,Training Wear,1,50.05,2025-09-10 17:08:58
S003323,O0001035,Training Wear 2024/25,Training Wear,1,60.78,2025-08-09 23:58:10
S002807,O0001036,Kids 2024/25,Kids,1,45.93,2025-08-29 13:28:34
S002830,O0001037,Accessories 2024/25,Accessories,1,21.8,2025-03-30 03:08:45
S002314,O0001038,Retro 2024/25,Retro,1,60.19,2025-07-21 00:03:33
S000184,O0001039,Retro 2024/25,Retro,1,71.56,2025-02-13 15:16:19
S002040,O0001040,Training Wear 2024/25,Training Wear,2,103.28,2025-09-02 02:48:29
S003814,O0001041,Retro 2024/25,Retro,1,72.78,2025-08-28 17:09:09
S002744,O0001042,Home Shirt 2024/25,Home Shirt,1,81.71,2025-04-02 09:43:49
S000011,O0001043,Training Wear 2024/25,Training Wear,1,61.92,2025-09-15 07:45:23
S002608,O0001044,Home Shirt 2024/25,Home Shirt,1,96.16,2025-09-10 06:38:50
S001329,O0001045,Home Shirt 2024/25,Home Shirt,1,74.27,2025-07-21 21:02:22
S004923,O0001046,Retro 2024/25,Retro,1,80.03,2025-05-13 18:17:20
S001828,O0001047,Away Shirt 2024/25,Away Shirt,1,77.22,2025-08-23 04:33:44
S003356,O0001048,Home Shirt 2024/25,Home Shirt,1,87.32,2025-09-17 09:23:25
S004056,O0001049,Accessories 2024/25,Accessories,1,18.96,2025-06-29 23:52:43
S002284,O0001050,Training Wear 2024/25,Training Wear,1,51.91,2025-02-20 01:57:00
S000829,O0001051,Retro 2024/25,Retro,1,77.8,2025-06-04 00:00:48
S003166,O0001052,Kids 2024/25,Kids,2,116.62,2024-11-09 01:28:48
S004009,O0001053,Kids 2024/25,Kids,1,58.66,2024-11-28 20:07:16
S002899,O0001054,Third Kit 2024/25,Third Kit,1,80.04,2025-09-04 22:51:13
S001968,O0001055,Third Kit 2024/25,Third Kit,1,90.75,2025-09-17 23:22:50
S000356,O0001056,Kids 2024/25,Kids,1,57.38,2024-11-24 13:10:49
S003928,O0001057,Accessories 2024/25,Accessories,3,68.82,2024-11-12 06:33:13
S002685,O0001058,Third Kit 2024/25,Third Kit,1,68.1,2025-09-03 21:08:14
S003291,O0001059,Accessories 2024/25,Accessories,1,19.77,2025-01-04 17:22:11
S002995,O0001060,Training Wear 2024/25,Training Wear,1,64.75,2024-11-06 18:51:44
S004792,O0001061,Home Shirt 2024/25,Home Shirt,1,99.65,2025-08-24 03:41:01
S000068,O0001062,Kids 2024/25,Kids,1,59.93,2024-10-13 23:33:56
S001728,O0001063,Training Wear 2024/25,Training Wear,1,61.23,2025-06-14 12:54:30
S001416,O0001064,Retro 2024/25,Retro,1,62.93,2025-08-25 23:46:06
S004506,O0001065,Training Wear 2024/25,Training Wear,1,56.54,2025-09-08 21:51:37
S001721,O0001066,Away Shirt 2024/25,Away Shirt,1,75.15,2025-08-07 13:45:20
S001983,O0001067,Home Shirt 2024/25,Home Shirt,1,90.14,2025-08-04 12:04:07
S003454,O0001068,Kids 2024/25,Kids,1,55.12,2025-09-12 05:07:24
S001215,O0001069,Third Kit 2024/25,Third Kit,1,85.35,2025-08-28 05:26:48
S003475,O0001070,Home Shirt 2024/25,Home Shirt,1,73.98,2025-08-31 19:17:46
S004753,O0001071,Third Kit 2024/25,Third Kit,1,93.2,2025-09-01 12:53:00
S003856,O0001072,Kids 2024/25,Kids,1,45.07,2025-08-30 03:37:49
S002349,O0001073,Third Kit 2024/25,Third Kit,1,88.54,2025-07-15 13:24:05
S003438,O0001074,Away Shirt 2024/25,Away Shirt,1,93.0,2025-04-06 19:14:39
S002610,O0001075,Away Shirt 2024/25,Away Shirt,1,81.17,2025-02-23 00:36:09
S004602,O0001076,Home Shirt 2024/25,Home Shirt,1,89.41,2024-10-29 03:17:11
S003109,O0001077,Kids 2024/25,Kids,1,54.15,2024-10-23 11:05:38
S003728,O0001078,Retro 2024/25,Retro,1,61.52,2024-12-15 17:22:35
S001828,O0001079,Home Shirt 2024/25,Home Shirt,1,87.65,2025-08-27 17:27:22
S002753,O0001080,Third Kit 2024/25,Third Kit,1,79.54,2025-08-27 19:12:47
S002541,O0001081,Home Shirt 2024/25,Home Shirt,1,81.66,2025-09-19 10:02:28
S002635,O0001082,Away Shirt 2024/25,Away Shirt,1,78.52,2025-08-23 20:05:27
S000708,O0001083,Away Shirt 2024/25,Away Shirt,1,95.1,2025-09-09 15:32:43
S004670,O0001084,Kids 2024/25,Kids,1,53.21,2025-09-08 03:29:29
S002245,O0001085,Third Kit 2024/25,Third Kit,1,72.53,2025-07-11 20:29:10
S000934,O0001086,Kids 2024/25,Kids,1,49.75,2025-09-16 23:06:59
S000712,O0001087,Third Kit 2024/25,Third Kit,1,71.02,2025-09-01 22:55:49
S003932,O0001088,Away Shirt 2024/25,Away Shirt,1,90.03,2025-09-14 10:26:07
S000108,O0001089,Accessories 2024/25,Accessories,1,24.29,2025-01-12 07:03:20
S004113,O0001090,Training Wear 2024/25,Training Wear,1,59.86,2025-06-28 04:57:52
S001264,O0001091,Accessories 2024/25,Accessories,1,24.37,2024-10-02 21:33:15
S002309,O0001092,Accessories 2024/25,Accessories,1,24.4,2025-09-10 05:47:23
S001814,O0001093,Third Kit 2024/25,Third Kit,2,162.76,2025-03-05 18:17:04
S002153,O0001094,Kids 2024/25,Kids,1,62.43,2025-05-18 02:07:36
S002630,O0001095,Home Shirt 2024/25,Home Shirt,1,90.82,2025-01-17 23:47:21
S000292,O0001096,Third Kit 2024/25,Third Kit,1,68.23,2025-04-23 00:29:20
S000948,O0001097,Third Kit 2024/25,Third Kit,1,78.7,2025-08-24 17:13:38
S001321,O0001098,Retro 2024/25,Retro,1,79.75,2024-12-24 13:55:11
S003528,O0001099,Training Wear 2024/25,Training Wear,1,64.2,2025-06-08 13:08:45
S000899,O0001100,Away Shirt 2024/25,Away Shirt,1,75.43,2025-09-04 07:54:43
S000669,O0001101,Retro 2024/25,Retro,1,72.37,2025-09-01 01:05:44
S004901,O0001102,Training Wear 2024/25,Training Wear,1,53.7,2025-09-14 02:22:52
S004282,O0001103,Third Kit 2024/25,Third Kit,1,78.42,2025-08-24 19:00:12
S004482,O0001104,Home Shirt 2024/25,Home Shirt,1,77.05,2025-07-23 00:26:54
S000912,O0001105,Kids 2024/25,Kids,1,58.73,2025-08-18 19:17:12
S002799,O0001106,Accessories 2024/25,Accessories,1,19.97,2025-03-03 03:26:56
S004442,O0001107,Training Wear 2024/25,Training Wear,2,103.65,2025-09-05 04:42:15
S003989,O0001108,Kids 2024/25,Kids,1,48.25,2025-05-13 16:19:18
S000544,O0001109,Away Shirt 2024/25,Away Shirt,1,80.53,2025-05-26 15:09:56
S000741,O0001110,Kids 2024/25,Kids,1,49.05,2024-12-13 10:52:27
S000591,O0001111,Training Wear 2024/25,Training Wear,1,56.44,2024-11-20 12:35:18
S000628,O0001112,Away Shirt 2024/25,Away Shirt,1,97.03,2024-10-05 02:53:52
S002475,O0001113,Away Shirt 2024/25,Away Shirt,2,190.85,2025-04-09 04:39:07
S002158,O0001114,Training Wear 2024/25,Training Wear,1,55.43,2025-03-09 04:53:47
S001208,O0001115,Retro 2024/25,Retro,1,79.39,2025-08-29 10:55:01
S002137,O0001116,Retro 2024/25,Retro,1,72.71,2025-07-04 06:10:32
S002181,O0001117,Accessories 2024/25,Accessories,1,24.19,2024-12-23 20:54:20
S004234,O0001118,Training Wear 2024/25,Training Wear,1,52.78,2025-01-27 13:44:44
S002481,O0001119,Home Shirt 2024/25,Home Shirt,2,155.39,2025-08-31 13:02:57
S004808,O0001120,Training Wear 2024/25,Training Wear,2,102.61,2024-12-24 19:41:08
S003782,O0001121,Kids 2024/25,Kids,1,60.14,2024-10-04 07:41:20
S001430,O0001122,Training Wear 2024/25,Training Wear,1,66.13,2024-10-25 08:12:39
S001818,O0001123,Training Wear 2024/25,Training Wear,1,56.59,2025-04-28 16:11:18
S004338,O0001124,Training Wear 2024/25,Training Wear,1,56.03,2025-08-07 13:24:00
S000707,O0001125,Third Kit 2024/25,Third Kit,1,83.94,2024-10-12 04:37:47
S001294,O0001126,Kids 2024/25,Kids,1,51.65,2025-09-18 21:38:49
S002608,O0001127,Accessories 2024/25,Accessories,2,44.67,2025-09-20 05:50:55
S002726,O0001128,Third Kit 2024/25,Third Kit,1,92.33,2025-07-31 02:52:32
S002482,O0001129,Kids 2024/25,Kids,1,50.85,2025-08-04 00:13:00
S002610,O0001130,Home Shirt 2024/25,Home Shirt,3,260.14,2025-09-01 04:23:53
S000134,O0001131,Third Kit 2024/25,Third Kit,1,81.47,2024-10-19 11:42:03
S002257,O0001132,Home Shirt 2024/25,Home Shirt,3,260.29,2025-02-02 06:08:15
S002425,O0001133,Away Shirt 2024/25,Away Shirt,1,74.99,2025-08-21 14:06:48
S004423,O0001134,Training Wear 2024/25,Training Wear,1,52.63,2025-08-27 22:01:30
S004379,O0001135,Retro 2024/25,Retro,2,125.19,2025-09-10 12:35:57
S000953,O0001136,Away Shirt 2024/25,Away Shirt,1,95.65,2024-10-28 16:51:07
S000548,O0001137,Third Kit 2024/25,Third Kit,1,71.04,2025-08-30 13:46:59
S003949,O0001138,Third Kit 2024/25,Third Kit,1,91.41,2025-09-04 01:44:53
S003431,O0001139,Away Shirt 2024/25,Away Shirt,1,78.07,2025-05-17 10:12:00
S002856,O0001140,Away Shirt 2024/25,Away Shirt,2,191.58,2025-09-08 08:12:20
S002870,O0001141,Home Shirt 2024/25,Home Shirt,1,98.49,2025-02-01 17:22:07
S001128,O0001142,Training Wear 2024/25,Training Wear,1,51.47,2025-05-05 04:17:14
S002069,O0001143,Retro 2024/25,Retro,1,60.01,2025-03-14 05:20:47
S004631,O0001144,Accessories 2024/25,Accessories,3,57.11,2025-08-31 09:30:44
S004027,O0001145,Accessories 2024/25,Accessories,1,24.49,2025-08-26 02:43:45
S000810,O0001146,Retro 2024/25,Retro,1,66.08,2025-09-10 21:34:24
S002953,O0001147,Training Wear 2024/25,Training Wear,1,63.35,2024-11-10 00:43:05
S003641,O0001148,Kids 2024/25,Kids,1,59.46,2024-12-11 02:00:29
S003127,O0001149,Third Kit 2024/25,Third Kit,1,82.04,2025-09-13 19:46:22
S002930,O0001150,Kids 2024/25,Kids,1,50.36,2025-03-24 22:58:14
S003079,O0001151,Kids 2024/25,Kids,1,55.6,2025-02-11 23:57:30
S000294,O0001152,Away Shirt 2024/25,Away Shirt,2,198.21,2024-12-25 04:59:35
S000206,O0001153,Third Kit 2024/25,Third Kit,1,78.49,2025-08-03 20:46:57
S004073,O0001154,Retro 2024/25,Retro,1,59.6,2025-09-04 17:25:57
S001169,O0001155,Accessories 2024/25,Accessories,1,19.3,2025-06-11 07:33:17
S001408,O0001156,Accessories 2024/25,Accessories,1,22.22,2025-05-02 20:36:07
S001146,O0001157,Third Kit 2024/25,Third Kit,1,83.31,2024-12-08 00:11:40
S001548,O0001158,Training Wear 2024/25,Training Wear,2,103.64,2024-09-27 04:37:23
S003541,O0001159,Away Shirt 2024/25,Away Shirt,1,77.17,2025-08-23 03:19:29
S002423,O0001160,Accessories 2024/25,Accessories,1,22.98,2025-08-25 18:52:28
S000639,O0001161,Home Shirt 2024/25,Home Shirt,1,84.52,2025-08-28 10:09:25
S002588,O0001162,Accessories 2024/25,Accessories,1,21.66,2025-07-10 07:06:09
S003211,O0001163,Kids 2024/25,Kids,1,59.55,2025-09-01 02:16:45
S000722,O0001164,Third Kit 2024/25,Third Kit,1,89.46,2025-02-19 20:59:22
S000538,O0001165,Home Shirt 2024/25,Home Shirt,1,79.1,2025-09-02 06:05:24
S004554,O0001166,Training Wear 2024/25,Training Wear,1,67.16,2025-08-27 08:49:07
S003278,O0001167,Retro 2024/25,Retro,1,60.27,2024-12-14 03:33:40
S000266,O0001168,Third Kit 2024/25,Third Kit,1,92.64,2025-09-04 01:40:36
S000734,O0001169,Away Shirt 2024/25,Away Shirt,2,169.85,2025-09-02 13:26:04
S002496,O0001170,Accessories 2024/25,Accessories,1,21.63,2025-02-14 11:55:13
S004691,O0001171,Training Wear 2024/25,Training Wear,1,50.68,2025-09-19 08:21:36
S000736,O0001172,Retro 2024/25,Retro,1,74.29,2025-09-16 18:22:35
S001548,O0001173,Third Kit 2024/25,Third Kit,1,89.47,2025-01-08 00:29:42
S004872,O0001174,Training Wear 2024/25,Training Wear,1,49.57,2025-07-23 19:43:47
S001943,O0001175,Accessories 2024/25,Accessories,1,24.81,2025-07-16 18:22:22
S004825,O0001176,Training Wear 2024/25,Training Wear,1,49.76,2025-09-04 20:59:40
S001042,O0001177,Accessories 2024/25,Accessories,2,45.45,2025-04-13 09:16:21
S002611,O0001178,Retro 2024/25,Retro,3,195.05,2025-09-10 15:05:27
S002568,O0001179,Accessories 2024/25,Accessories,1,23.99,2025-08-23 02:59:43
S002431,O0001180,Training Wear 2024/25,Training Wear,1,58.31,2024-10-31 21:19:59
S001941,O0001181,Kids 2024/25,Kids,1,51.06,2024-11-04 05:01:28
S000432,O0001182,Away Shirt 2024/25,Away Shirt,1,81.4,2025-09-04 21:16:25
S004769,O0001183,Retro 2024/25,Retro,1,80.98,2025-09-01 06:18:00
S001614,O0001184,Third Kit 2024/25,Third Kit,1,91.35,2025-08-26 15:11:34
S001120,O0001185,Third Kit 2024/25,Third Kit,1,73.81,2025-06-03 06:21:43
S003588,O0001186,Retro 2024/25,Retro,1,64.95,2024-09-29 13:41:21
S004757,O0001187,Retro 2024/25,Retro,1,73.59,2025-09-04 08:31:00
S004130,O0001188,Retro 2024/25,Retro,1,59.05,2025-08-23 02:54:02
S002101,O0001189,Kids 2024/25,Kids,1,57.8,2025-08-26 16:28:18
S003782,O0001190,Kids 2024/25,Kids,1,57.7,2025-03-03 10:47:16
S003703,O0001191,Kids 2024/25,Kids,1,46.86,2025-09-16 17:15:44
S004355,O0001192,Accessories 2024/25,Accessories,1,23.93,2025-05-12 09:37:38
S004938,O0001193,Retro 2024/25,Retro,1,63.05,2025-09-20 05:28:00
S003422,O0001194,Kids 2024/25,Kids,2,124.4,2025-09-08 13:23:01
S001641,O0001195,Accessories 2024/25,Accessories,1,19.7,2025-09-10 06:30:14
S003702,O0001196,Home Shirt 2024/25,Home Shirt,1,99.72,2025-03-06 19:22:47
S003852,O0001197,Accessories 2024/25,Accessories,1,20.63,2025-04-11 06:09:57
S000085,O0001198,Away Shirt 2024/25,Away Shirt,1,99.76,2025-09-16 09:25:00
S004596,O0001199,Away Shirt 2024/25,Away Shirt,1,80.98,2025-04-28 13:51:13
S004076,O0001200,Home Shirt 2024/25,Home Shirt,1,73.68,2025-04-24 19:34:13
S002944,O0001201,Home Shirt 2024/25,Home Shirt,3,253.8,2024-10-08 07:58:28
S001445,O0001202,Away Shirt 2024/25,Away Shirt,1,79.19,2024-11-23 13:37:05
S003194,O0001203,Home Shirt 2024/25,Home Shirt,1,74.7,2024-11-07 17:31:29
S002355,O0001204,Third Kit 2024/25,Third Kit,1,80.23,2025-09-05 14:41:10
S002855,O0001205,Kids 2024/25,Kids,1,58.52,2025-09-17 19:25:11
S003452,O0001206,Kids 2024/25,Kids,1,50.37,2025-04-01 17:10:23
S001407,O0001207,Retro 2024/25,Retro,1,60.83,2025-09-15 16:15:47
S004177,O0001208,Kids 2024/25,Kids,2,121.25,2024-12-05 20:10:21
S004945,O0001209,Retro 2024/25,Retro,1,61.3,2025-09-06 04:51:41
S004096,O0001210,Third Kit 2024/25,Third Kit,1,83.04,2024-12-01 03:53:31
S001227,O0001211,Kids 2024/25,Kids,1,60.29,2025-09-07 08:46:38
S000978,O0001212,Kids 2024/25,Kids,1,54.61,2025-01-08 14:53:50
S002185,O0001213,Retro 2024/25,Retro,1,74.55,2025-04-09 23:06:27
S004537,O0001214,Kids 2024/25,Kids,1,52.45,2025-08-27 16:24:26
S003039,O0001215,Training Wear 2024/25,Training Wear,1,62.15,2025-04-18 16:30:21
S004582,O0001216,Away Shirt 2024/25,Away Shirt,1,89.93,2025-05-05 18:53:54
S000066,O0001217,Accessories 2024/25,Accessories,1,20.73,2025-03-17 05:18:24
S001339,O0001218,Training Wear 2024/25,Training Wear,1,54.35,2025-09-11 12:28:26
S004494,O0001219,Away Shirt 2024/25,Away Shirt,1,97.08,2025-08-23 07:42:42
S001213,O0001220,Retro 2024/25,Retro,1,76.79,2025-08-24 07:57:47
S001679,O0001221,Training Wear 2024/25,Training Wear,1,58.59,2025-08-29 13:53:25
S004383,O0001222,Training Wear 2024/25,Training Wear,2,113.35,2025-09-16 06:57:08
S003160,O0001223,Third Kit 2024/25,Third Kit,2,160.47,2025-09-18 11:20:41
S002503,O0001224,Training Wear 2024/25,Training Wear,1,64.24,2025-06-12 21:43:46
S004299,O0001225,Retro 2024/25,Retro,1,76.6,2025-08-29 11:23:44
S003597,O0001226,Retro 2024/25,Retro,1,80.76,2025-01-30 02:56:43
S003982,O0001227,Third Kit 2024/25,Third Kit,1,75.03,2024-10-09 21:48:55
S003470,O0001228,Retro 2024/25,Retro,1,64.94,2025-07-23 06:43:34
S004744,O0001229,Accessories 2024/25,Accessories,3,56.83,2025-08-22 20:59:10
S003800,O0001230,Accessories 2024/25,Accessories,1,22.65,2025-09-16 23:00:25
S000717,O0001231,Training Wear 2024/25,Training Wear,1,61.14,2024-11-17 06:01:28
S003310,O0001232,Training Wear 2024/25,Training Wear,1,63.81,2025-09-13 06:34:36
S001020,O0001233,Kids 2024/25,Kids,1,53.47,2025-09-17 01:39:02
S004741,O0001234,Away Shirt 2024/25,Away Shirt,1,84.9,2025-09-12 07:14:23
S003192,O0001235,Away Shirt 2024/25,Away Shirt,1,80.77,2025-08-17 07:36:41
S002119,O0001236,Home Shirt 2024/25,Home Shirt,1,95.9,2025-09-10 19:40:30
S002413,O0001237,Home Shirt 2024/25,Home Shirt,1,97.66,2025-09-08 03:07:24
S001952,O0001238,Kids 2024/25,Kids,1,55.66,2025-08-07 22:51:25
S003506,O0001239,Retro 2024/25,Retro,1,71.8,2025-09-13 12:55:07
S003304,O0001240,Training Wear 2024/25,Training Wear,1,58.99,2024-10-07 02:52:36
S000236,O0001241,Accessories 2024/25,Accessories,1,21.46,2025-07-14 06:04:04
S002731,O0001242,Home Shirt 2024/25,Home Shirt,1,94.6,2025-09-17 10:47:19
S000366,O0001243,Third Kit 2024/25,Third Kit,1,75.89,2025-09-03 15:02:29
S001617,O0001244,Retro 2024/25,Retro,1,71.7,2025-08-05 20:42:03
S003015,O0001245,Training Wear 2024/25,Training Wear,1,63.75,2024-11-28 19:11:26
S001724,O0001246,Home Shirt 2024/25,Home Shirt,1,73.06,2025-01-24 06:52:45
S002452,O0001247,Retro 2024/25,Retro,1,66.94,2025-08-27 22:33:18
S002584,O0001248,Kids 2024/25,Kids,1,49.56,2025-03-13 17:07:02
S001234,O0001249,Training Wear 2024/25,Training Wear,1,51.04,2024-09-29 22:59:19
S001633,O0001250,Training Wear 2024/25,Training Wear,1,63.85,2025-09-02 11:59:40
S002080,O0001251,Home Shirt 2024/25,Home Shirt,1,96.36,2025-08-21 21:23:42
S004502,O0001252,Third Kit 2024/25,Third Kit,1,77.56,2025-09-10 21:57:03
S000828,O0001253,Home Shirt 2024/25,Home Shirt,1,74.49,2025-04-20 10:00:46
S003883,O0001254,Training Wear 2024/25,Training Wear,1,68.17,2025-09-17 06:50:26
S001929,O0001255,Training Wear 2024/25,Training Wear,1,53.76,2025-08-23 19:17:53
S000755,O0001256,Retro 2024/25,Retro,1,58.76,2025-09-05 00:39:04
S002080,O0001257,Accessories 2024/25,Accessories,1,18.11,2025-09-07 05:42:48
S000563,O0001258,Training Wear 2024/25,Training Wear,1,67.31,2025-09-18 15:21:41
S001181,O0001259,Away Shirt 2024/25,Away Shirt,1,96.86,2025-09-06 15:41:24
S001568,O0001260,Retro 2024/25,Retro,1,67.13,2024-12-09 12:32:49
S003952,O0001261,Third Kit 2024/25,Third Kit,1,78.28,2024-11-11 20:53:19
S000073,O0001262,Kids 2024/25,Kids,2,93.57,2025-04-06 23:28:42
S004560,O0001263,Accessories 2024/25,Accessories,1,23.42,2025-08-28 10:37:29
S000254,O0001264,Home Shirt 2024/25,Home Shirt,1,87.2,2025-09-08 13:28:38
S001948,O0001265,Third Kit 2024/25,Third Kit,1,79.49,2025-08-24 14:28:15
S004471,O0001266,Third Kit 2024/25,Third Kit,1,89.08,2025-02-22 11:40:12
S003030,O0001267,Training Wear 2024/25,Training Wear,1,56.55,2025-02-19 00:38:30
S004163,O0001268,Retro 2024/25,Retro,1,79.33,2025-05-25 13:38:47
S002542,O0001269,Kids 2024/25,Kids,1,46.81,2024-10-25 17:17:20
S002238,O0001270,Kids 2024/25,Kids,1,46.56,2025-09-03 19:17:07
S004543,O0001271,Away Shirt 2024/25,Away Shirt,1,96.97,2025-07-14 03:14:48
S001681,O0001272,Away Shirt 2024/25,Away Shirt,1,99.1,2025-08-27 03:43:14
S000092,O0001273,Kids 2024/25,Kids,1,50.07,2025-08-27 18:09:47
S000024,O0001274,Accessories 2024/25,Accessories,1,22.98,2025-02-18 09:26:49
S000399,O0001275,Accessories 2024/25,Accessories,1,24.56,2025-09-14 11:01:51
S003559,O0001276,Third Kit 2024/25,Third Kit,1,79.67,2025-01-21 22:02:05
S003312,O0001277,Away Shirt 2024/25,Away Shirt,2,157.68,2025-06-04 12:05:36
S003423,O0001278,Retro 2024/25,Retro,1,69.1,2024-10-11 21:37:41
S004762,O0001279,Away Shirt 2024/25,Away Shirt,1,84.96,2025-06-28 10:09:13
S004483,O0001280,Kids 2024/25,Kids,1,51.88,2025-09-13 10:01:53
S001027,O0001281,Away Shirt 2024/25,Away Shirt,2,153.58,2025-09-04 02:09:40
S004955,O0001282,Away Shirt 2024/25,Away Shirt,1,92.05,2025-03-19 09:09:30
S001163,O0001283,Retro 2024/25,Retro,2,138.06,2025-09-06 09:09:57
S003947,O0001284,Home Shirt 2024/25,Home Shirt,1,96.05,2024-10-01 17:41:11
S001084,O0001285,Kids 2024/25,Kids,3,157.48,2024-10-26 02:40:18
S001496,O0001286,Retro 2024/25,Retro,1,81.09,2024-09-29 11:19:02
S003868,O0001287,Accessories 2024/25,Accessories,2,39.47,2025-09-03 10:03:19
S003852,O0001288,Home Shirt 2024/25,Home Shirt,1,99.17,2025-09-14 15:25:44
S000756,O0001289,Home Shirt 2024/25,Home Shirt,2,175.03,2025-03-17 07:48:05
S001868,O0001290,Kids 2024/25,Kids,1,58.33,2025-09-06 13:55:02
S000063,O0001291,Away Shirt 2024/25,Away Shirt,1,90.99,2025-02-08 14:24:03
S003417,O0001292,Third Kit 2024/25,Third Kit,1,82.3,2025-09-15 00:22:29
S001868,O0001293,Kids 2024/25,Kids,3,172.48,2025-09-04 20:11:35
S002151,O0001294,Accessories 2024/25,Accessories,1,22.33,2025-09-03 07:13:10
S000425,O0001295,Away Shirt 2024/25,Away Shirt,1,90.41,2025-09-07 21:37:09
S002896,O0001296,Retro 2024/25,Retro,1,71.55,2025-09-11 13:07:06
S001595,O0001297,Away Shirt 2024/25,Away Shirt,1,94.83,2025-04-30 03:45:07
S002913,O0001298,Kids 2024/25,Kids,1,54.22,2024-12-05 02:23:29
S000715,O0001299,Accessories 2024/25,Accessories,1,18.39,2025-08-28 10:33:20
S002070,O0001300,Kids 2024/25,Kids,2,124.62,2025-08-08 22:31:27
S001305,O0001301,Away Shirt 2024/25,Away Shirt,1,92.04,2025-05-15 12:38:01
S000846,O0001302,Home Shirt 2024/25,Home Shirt,1,73.11,2025-09-15 14:06:50
S003082,O0001303,Third Kit 2024/25,Third Kit,1,69.93,2025-09-03 00:07:42
S002554,O0001304,Training Wear 2024/25,Training Wear,1,63.38,2025-08-30 23:28:03
S004669,O0001305,Home Shirt 2024/25,Home Shirt,1,72.78,2025-06-13 08:07:07
S001396,O0001306,Training Wear 2024/25,Training Wear,2,122.47,2025-09-18 13:09:56
S004820,O0001307,Away Shirt 2024/25,Away Shirt,1,95.59,2025-09-04 23:38:13
S002517,O0001308,Training Wear 2024/25,Training Wear,1,57.4,2025-02-09 10:59:18
S001423,O0001309,Accessories 2024/25,Accessories,1,19.66,2025-08-21 17:00:43
S002397,O0001310,Kids 2024/25,Kids,1,61.22,2024-10-07 05:49:20
S004709,O0001311,Retro 2024/25,Retro,1,71.04,2025-04-03 13:38:33
S000370,O0001312,Home Shirt 2024/25,Home Shirt,1,77.49,2025-02-11 18:07:21
S001647,O0001313,Kids 2024/25,Kids,1,50.15,2025-09-07 13:27:48
S000664,O0001314,Third Kit 2024/25,Third Kit,3,232.8,2025-09-13 00:20:14
S004031,O0001315,Kids 2024/25,Kids,1,56.62,2025-06-06 07:52:06
S002845,O0001316,Accessories 2024/25,Accessories,1,23.7,2025-09-19 07:56:49
S000521,O0001317,Away Shirt 2024/25,Away Shirt,1,96.35,2025-08-23 09:58:24
S000601,O0001318,Training Wear 2024/25,Training Wear,1,54.31,2024-10-01 17:05:21
S003036,O0001319,Third Kit 2024/25,Third Kit,1,89.2,2025-02-02 05:46:55
S001032,O0001320,Accessories 2024/25,Accessories,1,19.1,2024-09-25 09:54:00
S003681,O0001321,Accessories 2024/25,Accessories,1,18.65,2025-02-02 13:19:17
S004131,O0001322,Training Wear 2024/25,Training Wear,1,68.13,2025-09-19 21:16:18
S002743,O0001323,Retro 2024/25,Retro,1,76.95,2025-09-04 23:15:51
S002960,O0001324,Kids 2024/25,Kids,1,51.03,2025-02-17 01:00:09
S004423,O0001325,Home Shirt 2024/25,Home Shirt,1,85.04,2025-09-13 05:46:38
S004303,O0001326,Accessories 2024/25,Accessories,1,21.91,2025-05-19 12:25:29
S003001,O0001327,Third Kit 2024/25,Third Kit,1,76.34,2025-09-12 18:07:55
S003547,O0001328,Training Wear 2024/25,Training Wear,1,61.75,2025-09-16 20:20:35
S002930,O0001329,Away Shirt 2024/25,Away Shirt,1,84.2,2025-09-15 06:09:54
S001910,O0001330,Away Shirt 2024/25,Away Shirt,1,89.77,2025-09-03 10:04:51
S002918,O0001331,Home Shirt 2024/25,Home Shirt,1,74.87,2025-06-30 00:21:24
S002757,O0001332,Retro 2024/25,Retro,1,60.91,2025-09-01 09:38:14
S000771,O0001333,Accessories 2024/25,Accessories,1,21.92,2025-05-26 02:09:59
S004069,O0001334,Away Shirt 2024/25,Away Shirt,1,88.91,2025-09-14 02:52:48
S001768,O0001335,Home Shirt 2024/25,Home Shirt,3,235.73,2025-04-23 09:53:03
S001496,O0001336,Accessories 2024/25,Accessories,2,46.56,2025-09-13 00:52:17
S004682,O0001337,Kids 2024/25,Kids,1,54.24,2025-01-23 09:24:25
S003426,O0001338,Home Shirt 2024/25,Home Shirt,1,91.03,2024-09-27 18:49:12
S001757,O0001339,Third Kit 2024/25,Third Kit,1,80.09,2025-09-02 11:50:50
S003651,O0001340,Away Shirt 2024/25,Away Shirt,1,86.52,2025-06-12 08:57:57
S004441,O0001341,Kids 2024/25,Kids,1,50.67,2024-12-30 20:29:47
S003578,O0001342,Retro 2024/25,Retro,2,152.12,2025-08-31 16:53:41
S003023,O0001343,Kids 2024/25,Kids,1,52.68,2024-11-01 11:51:50
S004520,O0001344,Retro 2024/25,Retro,1,65.62,2025-08-20 20:53:22
S004345,O0001345,Training Wear 2024/25,Training Wear,1,61.82,2025-08-29 22:41:49
S003707,O0001346,Away Shirt 2024/25,Away Shirt,1,92.73,2025-08-23 17:31:05
S004431,O0001347,Away Shirt 2024/25,Away Shirt,1,91.78,2025-09-17 06:54:25
S002720,O0001348,Training Wear 2024/25,Training Wear,1,52.69,2025-09-15 20:20:41
S001140,O0001349,Third Kit 2024/25,Third Kit,2,177.6,2025-09-08 05:23:26
S001286,O0001350,Training Wear 2024/25,Training Wear,1,56.21,2024-10-17 06:10:46
S003651,O0001351,Accessories 2024/25,Accessories,2,37.87,2025-08-20 16:32:39
S003210,O0001352,Retro 2024/25,Retro,1,69.76,2025-07-24 02:10:04
S004761,O0001353,Third Kit 2024/25,Third Kit,1,92.12,2025-09-14 04:13:07
S000656,O0001354,Kids 2024/25,Kids,1,54.92,2025-02-08 20:18:49
S002096,O0001355,Retro 2024/25,Retro,1,71.27,2025-09-06 09:09:26
S003452,O0001356,Home Shirt 2024/25,Home Shirt,1,92.23,2025-05-19 23:06:30
S000032,O0001357,Training Wear 2024/25,Training Wear,1,54.73,2025-08-03 18:49:39
S001477,O0001358,Training Wear 2024/25,Training Wear,1,60.37,2025-09-11 12:31:16
S000960,O0001359,Kids 2024/25,Kids,1,52.63,2025-01-18 18:15:55
S002900,O0001360,Kids 2024/25,Kids,1,47.38,2024-11-19 21:10:18
S002594,O0001361,Accessories 2024/25,Accessories,1,23.19,2025-01-21 02:31:16
S004397,O0001362,Retro 2024/25,Retro,1,60.51,2024-09-30 12:50:43
S002174,O0001363,Retro 2024/25,Retro,1,61.18,2025-03-27 06:27:24
S003089,O0001364,Training Wear 2024/25,Training Wear,1,62.84,2025-03-05 12:36:52
S002639,O0001365,Training Wear 2024/25,Training Wear,1,62.46,2025-08-26 16:27:43
S004250,O0001366,Third Kit 2024/25,Third Kit,3,216.13,2024-09-28 12:16:58
S004275,O0001367,Home Shirt 2024/25,Home Shirt,1,95.98,2025-02-19 04:08:31
S001629,O0001368,Retro 2024/25,Retro,1,78.44,2025-08-29 07:20:11
S004309,O0001369,Training Wear 2024/25,Training Wear,1,59.5,2025-05-24 13:55:51
S004668,O0001370,Third Kit 2024/25,Third Kit,1,85.64,2025-09-03 02:03:11
S003059,O0001371,Training Wear 2024/25,Training Wear,1,50.85,2025-08-25 19:30:01
S001757,O0001372,Away Shirt 2024/25,Away Shirt,1,83.38,2025-09-05 18:01:18
S001473,O0001373,Kids 2024/25,Kids,2,106.21,2025-09-13 11:12:57
S003513,O0001374,Third Kit 2024/25,Third Kit,2,180.74,2024-12-06 11:17:41
S002894,O0001375,Away Shirt 2024/25,Away Shirt,1,99.43,2025-08-26 00:00:00
S004531,O0001376,Home Shirt 2024/25,Home Shirt,1,90.42,2024-12-12 11:02:56
S000478,O0001377,Retro 2024/25,Retro,1,76.93,2025-01-04 11:19:51
S000441,O0001378,Retro 2024/25,Retro,1,61.74,2024-12-21 22:49:37
S003938,O0001379,Kids 2024/25,Kids,1,60.89,2025-08-29 15:12:20
S003554,O0001380,Retro 2024/25,Retro,1,76.13,2024-10-24 19:15:53
S002512,O0001381,Third Kit 2024/25,Third Kit,1,84.48,2025-09-13 21:35:15
S003651,O0001382,Kids 2024/25,Kids,1,53.97,2025-06-04 22:13:37
S003137,O0001383,Third Kit 2024/25,Third Kit,1,85.04,2025-08-05 08:38:27
S001045,O0001384,Kids 2024/25,Kids,1,54.38,2025-09-03 22:03:40
S001175,O0001385,Away Shirt 2024/25,Away Shirt,1,76.99,2025-09-12 03:31:33
S003939,O0001386,Accessories 2024/25,Accessories,1,22.45,2025-09-19 14:42:53
S003646,O0001387,Training Wear 2024/25,Training Wear,1,67.57,2025-04-17 17:02:33
S003147,O0001388,Away Shirt 2024/25,Away Shirt,1,90.63,2025-09-16 10:37:16
S003578,O0001389,Training Wear 2024/25,Training Wear,1,51.8,2025-08-06 05:38:27
S004173,O0001390,Home Shirt 2024/25,Home Shirt,1,93.63,2025-05-09 19:39:49
S000052,O0001391,Retro 2024/25,Retro,1,62.16,2025-08-23 15:31:23
S001590,O0001392,Kids 2024/25,Kids,3,135.13,2025-09-01 08:17:18
S001832,O0001393,Home Shirt 2024/25,Home Shirt,2,172.74,2025-09-16 05:31:40
S004157,O0001394,Retro 2024/25,Retro,1,65.18,2025-01-05 22:54:18
S004295,O0001395,Kids 2024/25,Kids,1,54.52,2025-09-06 10:56:35
S004418,O0001396,Retro 2024/25,Retro,1,67.0,2025-09-10 17:50:22
S000530,O0001397,Training Wear 2024/25,Training Wear,1,51.26,2025-06-08 15:16:27
S003800,O0001398,Home Shirt 2024/25,Home Shirt,1,82.12,2025-09-14 07:26:37
S000451,O0001399,Training Wear 2024/25,Training Wear,1,59.13,2025-08-24 01:35:28
S001625,O0001400,Third Kit 2024/25,Third Kit,1,78.85,2025-07-24 00:33:36
S004122,O0001401,Kids 2024/25,Kids,1,57.89,2025-08-09 20:10:30
S004292,O0001402,Home Shirt 2024/25,Home Shirt,1,99.15,2024-11-14 06:11:39
S001491,O0001403,Kids 2024/25,Kids,1,53.56,2025-09-15 01:14:24
S003958,O0001404,Third Kit 2024/25,Third Kit,1,68.9,2024-10-25 06:42:55
S003469,O0001405,Home Shirt 2024/25,Home Shirt,1,95.37,2025-09-12 20:03:37
S003627,O0001406,Home Shirt 2024/25,Home Shirt,1,76.66,2024-09-23 19:12:25
S003742,O0001407,Accessories 2024/25,Accessories,2,38.84,2025-08-29 18:09:13
S000962,O0001408,Training Wear 2024/25,Training Wear,1,49.76,2025-08-30 23:27:07
S001339,O0001409,Training Wear 2024/25,Training Wear,1,61.59,2024-09-20 19:31:05
S001652,O0001410,Away Shirt 2024/25,Away Shirt,1,72.52,2025-08-29 11:53:07
S001248,O0001411,Training Wear 2024/25,Training Wear,2,126.18,2025-09-12 18:39:21
S002065,O0001412,Away Shirt 2024/25,Away Shirt,1,98.71,2025-07-18 17:52:51
S001269,O0001413,Kids 2024/25,Kids,1,54.93,2025-09-15 00:26:28
S004509,O0001414,Retro 2024/25,Retro,1,62.5,2025-09-01 17:57:46
S000732,O0001415,Accessories 2024/25,Accessories,1,20.02,2025-09-12 03:51:09
S000474,O0001416,Training Wear 2024/25,Training Wear,1,52.99,2025-08-10 18:35:36
S003509,O0001417,Away Shirt 2024/25,Away Shirt,1,77.84,2024-11-14 16:01:10
S000914,O0001418,Third Kit 2024/25,Third Kit,1,93.37,2025-08-30 20:18:58
S002373,O0001419,Third Kit 2024/25,Third Kit,1,76.75,2024-12-07 05:05:07
S001827,O0001420,Home Shirt 2024/25,Home Shirt,1,74.64,2025-09-01 15:41:28
S002940,O0001421,Third Kit 2024/25,Third Kit,1,83.27,2025-09-10 13:37:46
S002047,O0001422,Third Kit 2024/25,Third Kit,1,84.55,2025-08-23 13:44:16
S001485,O0001423,Home Shirt 2024/25,Home Shirt,1,84.18,2025-07-13 17:40:52
S002857,O0001424,Third Kit 2024/25,Third Kit,3,274.7,2025-09-14 21:56:02
S003597,O0001425,Accessories 2024/25,Accessories,1,19.74,2024-12-10 12:39:44
S000903,O0001426,Accessories 2024/25,Accessories,2,46.91,2025-09-12 10:48:16
S002677,O0001427,Kids 2024/25,Kids,1,54.47,2025-09-10 05:35:41
S004574,O0001428,Retro 2024/25,Retro,1,67.27,2025-09-11 10:45:18
S002145,O0001429,Away Shirt 2024/25,Away Shirt,1,95.97,2024-11-19 12:49:33
S003975,O0001430,Home Shirt 2024/25,Home Shirt,1,79.99,2024-09-27 08:19:24
S004638,O0001431,Accessories 2024/25,Accessories,2,44.41,2025-08-21 01:36:04
S001754,O0001432,Away Shirt 2024/25,Away Shirt,1,74.03,2025-09-16 06:46:20
S001314,O0001433,Retro 2024/25,Retro,1,59.12,2025-06-11 19:13:45
S001757,O0001434,Home Shirt 2024/25,Home Shirt,1,95.77,2025-02-26 11:00:00
S003338,O0001435,Kids 2024/25,Kids,1,59.49,2025-09-20 03:08:02
S002598,O0001436,Accessories 2024/25,Accessories,1,22.95,2025-06-08 03:35:37
S001437,O0001437,Away Shirt 2024/25,Away Shirt,2,174.02,2025-07-16 15:36:16
S004734,O0001438,Accessories 2024/25,Accessories,2,38.48,2025-04-12 21:10:00
S001996,O0001439,Home Shirt 2024/25,Home Shirt,1,96.21,2025-09-08 00:22:26
S002448,O0001440,Kids 2024/25,Kids,2,109.86,2025-09-13 05:47:44
S001802,O0001441,Home Shirt 2024/25,Home Shirt,1,73.52,2025-01-08 19:37:03
S002712,O0001442,Retro 2024/25,Retro,1,77.52,2024-10-14 15:15:56
S004728,O0001443,Third Kit 2024/25,Third Kit,2,168.58,2024-11-26 16:16:52
S001205,O0001444,Third Kit 2024/25,Third Kit,1,72.4,2025-09-11 00:34:16
S001139,O0001445,Home Shirt 2024/25,Home Shirt,3,219.85,2025-08-28 17:38:21
S001532,O0001446,Kids 2024/25,Kids,1,57.6,2024-10-05 09:27:31
S000809,O0001447,Third Kit 2024/25,Third Kit,1,85.82,2025-08-30 23:06:41
S003716,O0001448,Training Wear 2024/25,Training Wear,1,57.31,2024-12-10 18:43:21
S000911,O0001449,Home Shirt 2024/25,Home Shirt,1,90.54,2025-09-19 05:24:00
S003233,O0001450,Home Shirt 2024/25,Home Shirt,1,77.12,2025-03-31 23:14:20
S001442,O0001451,Home Shirt 2024/25,Home Shirt,1,73.75,2025-09-07 23:07:59
S001660,O0001452,Retro 2024/25,Retro,1,76.91,2025-09-04 23:35:52
S004776,O0001453,Accessories 2024/25,Accessories,1,21.7,2025-08-23 08:05:13
S003848,O0001454,Home Shirt 2024/25,Home Shirt,1,92.16,2025-08-23 19:38:06
S004275,O0001455,Kids 2024/25,Kids,1,49.9,2024-11-16 20:35:34
S001477,O0001456,Home Shirt 2024/25,Home Shirt,1,81.1,2025-08-28 03:05:51
S004725,O0001457,Home Shirt 2024/25,Home Shirt,1,80.62,2025-06-16 13:36:59
S000471,O0001458,Third Kit 2024/25,Third Kit,1,72.87,2025-01-23 06:54:57
S000144,O0001459,Third Kit 2024/25,Third Kit,2,159.73,2025-06-06 13:12:24
S003762,O0001460,Accessories 2024/25,Accessories,1,18.43,2025-08-25 18:10:25
S001011,O0001461,Home Shirt 2024/25,Home Shirt,1,96.3,2025-06-23 23:14:49
S000392,O0001462,Kids 2024/25,Kids,1,47.17,2024-10-07 14:56:42
S002294,O0001463,Kids 2024/25,Kids,1,47.55,2025-09-05 02:06:24
S002178,O0001464,Accessories 2024/25,Accessories,1,22.88,2025-08-22 15:05:21
S002445,O0001465,Accessories 2024/25,Accessories,1,18.59,2025-07-21 05:41:53
S002553,O0001466,Accessories 2024/25,Accessories,1,23.85,2025-04-14 06:16:40
S003741,O0001467,Retro 2024/25,Retro,1,64.52,2025-05-30 16:45:50
S002077,O0001468,Away Shirt 2024/25,Away Shirt,1,82.02,2025-08-23 09:25:28
S000641,O0001469,Away Shirt 2024/25,Away Shirt,1,81.49,2025-09-13 08:12:11
S002260,O0001470,Home Shirt 2024/25,Home Shirt,1,74.9,2025-09-16 18:17:02
S004956,O0001471,Away Shirt 2024/25,Away Shirt,1,90.54,2024-12-25 09:04:50
S001033,O0001472,Kids 2024/25,Kids,1,58.69,2025-09-17 00:01:22
S003474,O0001473,Away Shirt 2024/25,Away Shirt,1,90.73,2025-08-17 11:38:59
S000419,O0001474,Training Wear 2024/25,Training Wear,1,61.58,2025-01-25 04:54:15
S000591,O0001475,Away Shirt 2024/25,Away Shirt,1,89.13,2025-09-08 23:43:50
S000852,O0001476,Third Kit 2024/25,Third Kit,1,93.66,2025-09-19 08:53:49
S004207,O0001477,Training Wear 2024/25,Training Wear,2,133.81,2025-09-15 05:45:48
S004757,O0001478,Third Kit 2024/25,Third Kit,1,80.52,2025-09-13 11:43:34
S004796,O0001479,Away Shirt 2024/25,Away Shirt,2,147.83,2024-11-27 17:54:35
S001846,O0001480,Away Shirt 2024/25,Away Shirt,1,93.28,2025-09-15 00:44:04
S001003,O0001481,Accessories 2024/25,Accessories,1,21.31,2025-01-05 16:47:01
S000225,O0001482,Away Shirt 2024/25,Away Shirt,1,86.66,2025-08-31 21:02:27
S001811,O0001483,Away Shirt 2024/25,Away Shirt,2,156.24,2025-04-01 20:20:33
S003081,O0001484,Away Shirt 2024/25,Away Shirt,1,99.3,2025-02-21 01:11:07
S001968,O0001485,Kids 2024/25,Kids,1,62.41,2025-09-06 08:55:55
S004765,O0001486,Home Shirt 2024/25,Home Shirt,1,92.99,2025-09-02 21:49:44
S003658,O0001487,Home Shirt 2024/25,Home Shirt,1,78.76,2025-09-16 09:59:27
S002885,O0001488,Away Shirt 2024/25,Away Shirt,1,75.5,2025-01-19 23:25:12
S003701,O0001489,Third Kit 2024/25,Third Kit,1,68.73,2025-01-28 20:55:22
S001785,O0001490,Retro 2024/25,Retro,1,80.14,2025-05-17 00:13:40
S000151,O0001491,Retro 2024/25,Retro,2,123.53,2025-02-11 13:13:52
S003741,O0001492,Away Shirt 2024/25,Away Shirt,1,92.27,2025-09-10 20:56:38
S004119,O0001493,Home Shirt 2024/25,Home Shirt,1,95.01,2025-09-16 23:29:07
S004719,O0001494,Away Shirt 2024/25,Away Shirt,1,76.1,2024-12-08 10:27:48
S000804,O0001495,Retro 2024/25,Retro,1,65.46,2024-12-26 15:13:20
S003199,O0001496,Accessories 2024/25,Accessories,1,22.45,2025-09-14 10:38:06
S004689,O0001497,Kids 2024/25,Kids,2,117.66,2024-11-28 18:49:08
S002891,O0001498,Accessories 2024/25,Accessories,1,21.15,2025-05-07 15:24:52
S004597,O0001499,Away Shirt 2024/25,Away Shirt,1,84.86,2025-09-02 21:18:38
S002071,O0001500,Accessories 2024/25,Accessories,1,22.21,2025-09-07 07:00:07
S001715,O0001501,Retro 2024/25,Retro,1,71.1,2025-09-09 11:41:23
S001189,O0001502,Accessories 2024/25,Accessories,2,43.35,2025-09-16 11:43:53
S001194,O0001503,Kids 2024/25,Kids,1,58.09,2025-07-28 16:29:17
S004803,O0001504,Away Shirt 2024/25,Away Shirt,1,80.75,2025-08-04 20:00:10
S000636,O0001505,Third Kit 2024/25,Third Kit,1,75.22,2025-09-10 09:35:27
S000350,O0001506,Third Kit 2024/25,Third Kit,1,83.71,2025-01-28 02:13:43
S004311,O0001507,Retro 2024/25,Retro,2,124.55,2025-05-14 06:38:48
S000776,O0001508,Away Shirt 2024/25,Away Shirt,1,72.49,2024-10-20 07:37:30
S000820,O0001509,Home Shirt 2024/25,Home Shirt,1,99.81,2025-09-06 06:28:29
S002607,O0001510,Accessories 2024/25,Accessories,1,19.27,2025-08-01 10:48:42
S001575,O0001511,Training Wear 2024/25,Training Wear,1,53.09,2025-05-01 22:30:27
S000671,O0001512,Away Shirt 2024/25,Away Shirt,1,97.42,2025-08-29 06:01:01
S001107,O0001513,Retro 2024/25,Retro,1,64.83,2025-02-24 10:16:04
S001609,O0001514,Retro 2024/25,Retro,2,132.53,2025-09-01 02:07:33
S002174,O0001515,Home Shirt 2024/25,Home Shirt,2,173.6,2025-09-11 18:04:20
S004304,O0001516,Home Shirt 2024/25,Home Shirt,3,261.22,2024-10-25 04:13:03
S002222,O0001517,Retro 2024/25,Retro,1,59.51,2025-08-25 12:32:06
S003389,O0001518,Accessories 2024/25,Accessories,1,18.74,2025-09-04 21:13:02
S004960,O0001519,Away Shirt 2024/25,Away Shirt,1,99.54,2025-09-16 23:44:52
S004109,O0001520,Retro 2024/25,Retro,1,68.12,2025-08-12 10:33:24
S001502,O0001521,Third Kit 2024/25,Third Kit,1,85.22,2025-09-04 02:58:55
S000756,O0001522,Training Wear 2024/25,Training Wear,1,67.09,2025-03-16 00:35:54
S000499,O0001523,Retro 2024/25,Retro,1,61.99,2025-05-03 14:02:01
S003616,O0001524,Kids 2024/25,Kids,1,58.69,2024-11-17 14:32:16
S003414,O0001525,Training Wear 2024/25,Training Wear,1,58.15,2025-08-22 00:56:48
S000777,O0001526,Away Shirt 2024/25,Away Shirt,1,72.5,2025-01-23 18:04:14
S004861,O0001527,Retro 2024/25,Retro,1,79.93,2025-09-04 03:14:49
S001485,O0001528,Away Shirt 2024/25,Away Shirt,1,78.73,2025-01-22 10:41:20
S002690,O0001529,Away Shirt 2024/25,Away Shirt,1,83.57,2025-09-05 08:27:32
S000201,O0001530,Accessories 2024/25,Accessories,1,22.7,2025-01-13 00:41:02
S001132,O0001531,Third Kit 2024/25,Third Kit,1,71.13,2025-09-02 23:08:50
S000074,O0001532,Third Kit 2024/25,Third Kit,1,69.41,2024-10-23 15:45:30
S002001,O0001533,Third Kit 2024/25,Third Kit,1,81.05,2024-11-15 15:24:37
S003298,O0001534,Kids 2024/25,Kids,1,61.19,2025-08-24 12:18:47
S001333,O0001535,Away Shirt 2024/25,Away Shirt,1,95.24,2025-09-11 12:21:27
S002510,O0001536,Home Shirt 2024/25,Home Shirt,2,160.74,2025-08-22 15:25:35
S002432,O0001537,Third Kit 2024/25,Third Kit,3,280.12,2025-07-28 19:07:25
S003569,O0001538,Training Wear 2024/25,Training Wear,1,56.71,2025-02-06 08:33:10
S001886,O0001539,Away Shirt 2024/25,Away Shirt,1,99.34,2025-04-05 04:41:53
S004269,O0001540,Away Shirt 2024/25,Away Shirt,1,86.65,2025-03-10 21:44:40
S000572,O0001541,Third Kit 2024/25,Third Kit,2,164.19,2025-09-10 22:06:01
S003728,O0001542,Kids 2024/25,Kids,1,47.96,2025-07-30 21:45:53
S004598,O0001543,Third Kit 2024/25,Third Kit,1,70.02,2025-09-20 05:11:25
S002632,O0001544,Home Shirt 2024/25,Home Shirt,1,90.87,2025-08-26 10:51:51
S004529,O0001545,Accessories 2024/25,Accessories,2,38.76,2025-06-27 22:27:05
S002884,O0001546,Training Wear 2024/25,Training Wear,1,59.57,2025-09-14 10:59:02
S001562,O0001547,Accessories 2024/25,Accessories,1,23.76,2024-12-30 12:25:18
S003721,O0001548,Kids 2024/25,Kids,3,137.65,2025-07-28 19:04:54
S004529,O0001549,Home Shirt 2024/25,Home Shirt,1,72.93,2025-08-21 22:35:26
S003689,O0001550,Home Shirt 2024/25,Home Shirt,1,97.55,2025-02-02 01:45:31
S001976,O0001551,Home Shirt 2024/25,Home Shirt,1,81.0,2025-09-08 03:10:18
S003246,O0001552,Training Wear 2024/25,Training Wear,1,64.18,2025-09-14 21:02:00
S002698,O0001553,Kids 2024/25,Kids,1,50.8,2025-04-20 05:58:07
S004702,O0001554,Home Shirt 2024/25,Home Shirt,1,73.73,2025-09-18 07:12:49
S000196,O0001555,Accessories 2024/25,Accessories,1,21.64,2025-07-15 20:29:17
S003027,O0001556,Away Shirt 2024/25,Away Shirt,2,144.99,2025-09-07 10:22:56
S003555,O0001557,Third Kit 2024/25,Third Kit,3,209.5,2025-09-02 08:21:16
S002280,O0001558,Home Shirt 2024/25,Home Shirt,1,91.66,2025-09-06 20:59:24
S003980,O0001559,Training Wear 2024/25,Training Wear,1,62.59,2025-03-14 05:15:57
S002066,O0001560,Away Shirt 2024/25,Away Shirt,1,94.03,2025-08-24 11:06:10
S002188,O0001561,Third Kit 2024/25,Third Kit,1,75.93,2025-09-14 14:06:48
S004185,O0001562,Away Shirt 2024/25,Away Shirt,1,95.84,2025-09-09 14:05:26
S003072,O0001563,Away Shirt 2024/25,Away Shirt,1,94.86,2025-08-25 11:23:19
S000627,O0001564,Accessories 2024/25,Accessories,2,46.4,2025-09-16 13:43:22
S001162,O0001565,Accessories 2024/25,Accessories,1,23.08,2025-09-03 13:57:24
S003446,O0001566,Retro 2024/25,Retro,1,75.79,2025-09-09 04:00:06
S000941,O0001567,Third Kit 2024/25,Third Kit,1,87.91,2025-08-26 12:08:58
S004420,O0001568,Retro 2024/25,Retro,1,77.42,2025-08-21 20:51:32
S000021,O0001569,Retro 2024/25,Retro,1,71.35,2024-09-21 03:05:19
S004845,O0001570,Third Kit 2024/25,Third Kit,1,67.82,2025-05-23 15:29:03
S000101,O0001571,Training Wear 2024/25,Training Wear,1,65.49,2025-09-19 08:38:24
S003367,O0001572,Third Kit 2024/25,Third Kit,1,78.41,2025-05-15 10:23:16
S001535,O0001573,Away Shirt 2024/25,Away Shirt,2,149.2,2025-09-12 15:35:48
S000622,O0001574,Retro 2024/25,Retro,1,66.56,2025-08-14 20:00:28
S001886,O0001575,Away Shirt 2024/25,Away Shirt,1,76.52,2025-08-30 02:35:33
S003531,O0001576,Third Kit 2024/25,Third Kit,1,88.57,2024-11-30 07:55:56
S002058,O0001577,Training Wear 2024/25,Training Wear,1,56.27,2025-08-23 18:27:25
S004755,O0001578,Home Shirt 2024/25,Home Shirt,1,92.74,2025-06-09 00:42:16
S003828,O0001579,Away Shirt 2024/25,Away Shirt,1,82.15,2025-09-19 23:38:34
S002121,O0001580,Retro 2024/25,Retro,1,80.47,2025-01-29 16:52:05
S001387,O0001581,Away Shirt 2024/25,Away Shirt,1,99.65,2025-03-03 01:31:54
S001031,O0001582,Away Shirt 2024/25,Away Shirt,1,94.93,2025-09-09 10:07:20
S004994,O0001583,Retro 2024/25,Retro,1,66.94,2025-09-11 02:04:14
S002803,O0001584,Retro 2024/25,Retro,1,62.47,2025-09-14 01:00:23
S000451,O0001585,Third Kit 2024/25,Third Kit,1,85.85,2025-08-23 11:15:25
S001138,O0001586,Retro 2024/25,Retro,1,68.31,2025-04-22 08:08:53
S000042,O0001587,Home Shirt 2024/25,Home Shirt,1,94.66,2025-09-10 23:10:25
S001897,O0001588,Away Shirt 2024/25,Away Shirt,1,84.44,2025-09-19 22:17:28
S002115,O0001589,Training Wear 2024/25,Training Wear,1,58.73,2025-09-12 06:17:41
S004873,O0001590,Away Shirt 2024/25,Away Shirt,1,74.02,2025-08-04 20:18:50
S003908,O0001591,Training Wear 2024/25,Training Wear,1,51.71,2025-08-30 22:12:32
S001966,O0001592,Training Wear 2024/25,Training Wear,1,60.34,2025-08-26 20:40:38
S003387,O0001593,Kids 2024/25,Kids,1,59.47,2025-08-26 17:53:29
S004217,O0001594,Third Kit 2024/25,Third Kit,2,140.33,2025-09-17 04:18:24
S002931,O0001595,Accessories 2024/25,Accessories,1,21.8,2025-08-26 13:09:35
S003450,O0001596,Training Wear 2024/25,Training Wear,1,50.48,2025-09-01 09:18:04
S003393,O0001597,Retro 2024/25,Retro,1,63.45,2025-08-24 00:07:17
S001645,O0001598,Third Kit 2024/25,Third Kit,1,85.97,2025-09-14 13:16:59
S001207,O0001599,Kids 2024/25,Kids,1,50.98,2025-08-25 09:51:05
S002619,O0001600,Home Shirt 2024/25,Home Shirt,1,74.44,2025-06-04 19:26:49
S001249,O0001601,Home Shirt 2024/25,Home Shirt,1,97.78,2025-09-06 16:55:08
S000563,O0001602,Third Kit 2024/25,Third Kit,1,77.94,2025-09-17 09:27:58
S002813,O0001603,Away Shirt 2024/25,Away Shirt,1,97.71,2025-08-24 04:53:00
S002266,O0001604,Away Shirt 2024/25,Away Shirt,1,96.63,2025-02-19 09:32:23
S004792,O0001605,Kids 2024/25,Kids,1,53.38,2025-08-26 14:38:48
S004430,O0001606,Retro 2024/25,Retro,1,67.54,2025-09-05 14:02:39
S001508,O0001607,Home Shirt 2024/25,Home Shirt,3,225.35,2025-08-23 03:04:23
S001122,O0001608,Accessories 2024/25,Accessories,1,19.77,2025-08-22 08:16:41
S000772,O0001609,Home Shirt 2024/25,Home Shirt,1,96.66,2025-08-17 02:27:26
S000191,O0001610,Accessories 2024/25,Accessories,1,19.91,2025-09-19 04:11:38
S000421,O0001611,Third Kit 2024/25,Third Kit,1,82.76,2024-09-30 14:58:38
S000959,O0001612,Home Shirt 2024/25,Home Shirt,1,79.16,2025-05-28 03:15:49
S002132,O0001613,Away Shirt 2024/25,Away Shirt,2,159.6,2025-09-16 11:50:48
S002743,O0001614,Home Shirt 2024/25,Home Shirt,1,79.33,2025-08-20 23:35:30
S004310,O0001615,Third Kit 2024/25,Third Kit,1,87.44,2025-07-08 14:44:32
S004894,O0001616,Third Kit 2024/25,Third Kit,1,80.85,2025-09-11 00:14:14
S004575,O0001617,Training Wear 2024/25,Training Wear,1,49.76,2025-08-27 11:58:33
S002251,O0001618,Kids 2024/25,Kids,1,50.34,2025-08-25 23:36:06
S004399,O0001619,Third Kit 2024/25,Third Kit,3,260.58,2025-09-15 16:37:22
S000711,O0001620,Kids 2024/25,Kids,1,58.73,2025-09-01 10:01:25
S003327,O0001621,Away Shirt 2024/25,Away Shirt,1,85.39,2025-09-16 18:12:22
S003975,O0001622,Third Kit 2024/25,Third Kit,2,140.06,2024-10-23 13:42:40
S002037,O0001623,Home Shirt 2024/25,Home Shirt,1,81.54,2025-09-20 11:50:59
S000902,O0001624,Kids 2024/25,Kids,1,49.3,2025-09-03 22:22:37
S001659,O0001625,Retro 2024/25,Retro,1,61.81,2025-08-07 14:16:12
S002102,O0001626,Away Shirt 2024/25,Away Shirt,1,89.15,2025-09-09 13:41:45
S003288,O0001627,Training Wear 2024/25,Training Wear,1,66.7,2025-09-13 22:27:45
S002977,O0001628,Training Wear 2024/25,Training Wear,1,59.65,2025-09-18 07:38:25
S000366,O0001629,Training Wear 2024/25,Training Wear,1,67.36,2025-08-31 22:15:57
S003425,O0001630,Away Shirt 2024/25,Away Shirt,2,158.83,2025-07-27 19:31:21
S001706,O0001631,Away Shirt 2024/25,Away Shirt,1,77.82,2025-09-17 12:19:15
S000003,O0001632,Away Shirt 2024/25,Away Shirt,1,78.42,2025-08-31 16:26:21
S001205,O0001633,Accessories 2024/25,Accessories,1,18.32,2025-08-23 16:48:18
S003139,O0001634,Training Wear 2024/25,Training Wear,2,135.07,2025-09-02 14:09:28
S002213,O0001635,Kids 2024/25,Kids,1,55.34,2025-08-27 13:31:24
S002831,O0001636,Retro 2024/25,Retro,1,68.16,2025-09-04 21:04:01
S003417,O0001637,Retro 2024/25,Retro,1,64.37,2024-12-25 22:39:33
S000361,O0001638,Retro 2024/25,Retro,1,60.8,2025-08-21 12:20:53
S000330,O0001639,Away Shirt 2024/25,Away Shirt,1,80.17,2025-09-19 10:39:11
S003032,O0001640,Training Wear 2024/25,Training Wear,1,64.85,2025-06-07 16:14:04
S001037,O0001641,Retro 2024/25,Retro,1,69.95,2024-11-24 22:04:02
S001572,O0001642,Third Kit 2024/25,Third Kit,1,81.5,2025-08-22 02:49:33
S000868,O0001643,Away Shirt 2024/25,Away Shirt,1,83.8,2025-04-30 15:00:25
S000683,O0001644,Kids 2024/25,Kids,1,59.56,2025-08-30 11:57:30
S004053,O0001645,Kids 2024/25,Kids,1,52.62,2025-08-23 02:47:51
S003800,O0001646,Training Wear 2024/25,Training Wear,1,55.75,2025-09-10 10:17:34
S004625,O0001647,Kids 2024/25,Kids,1,47.34,2025-06-13 20:16:35
S002398,O0001648,Third Kit 2024/25,Third Kit,1,85.32,2025-05-17 13:15:02
S002655,O0001649,Away Shirt 2024/25,Away Shirt,1,84.22,2025-02-16 13:58:27
S004352,O0001650,Home Shirt 2024/25,Home Shirt,1,78.83,2025-04-10 14:47:52
S003878,O0001651,Third Kit 2024/25,Third Kit,2,150.49,2025-08-30 01:03:10
S002012,O0001652,Away Shirt 2024/25,Away Shirt,1,96.23,2025-09-05 07:52:48
S002122,O0001653,Kids 2024/25,Kids,1,54.62,2025-05-09 23:19:09
S004175,O0001654,Accessories 2024/25,Accessories,1,21.53,2025-01-24 04:26:55
S001934,O0001655,Home Shirt 2024/25,Home Shirt,1,87.87,2025-09-08 13:45:29
S000359,O0001656,Away Shirt 2024/25,Away Shirt,1,89.73,2025-03-28 13:26:16
S001920,O0001657,Accessories 2024/25,Accessories,2,37.24,2025-09-18 14:08:50
S003052,O0001658,Away Shirt 2024/25,Away Shirt,2,170.27,2025-05-30 13:34:32
S001317,O0001659,Accessories 2024/25,Accessories,1,20.12,2025-09-11 18:31:08
S001725,O0001660,Retro 2024/25,Retro,1,69.87,2025-09-14 01:14:18
S004799,O0001661,Away Shirt 2024/25,Away Shirt,1,75.0,2024-11-25 01:01:21
S003127,O0001662,Accessories 2024/25,Accessories,1,20.53,2025-08-24 03:09:27
S001485,O0001663,Accessories 2024/25,Accessories,1,19.34,2025-08-10 14:26:14
S002305,O0001664,Third Kit 2024/25,Third Kit,1,78.57,2025-06-11 00:53:43
S001826,O0001665,Away Shirt 2024/25,Away Shirt,1,82.2,2025-01-08 19:02:54
S000573,O0001666,Third Kit 2024/25,Third Kit,1,88.51,2025-08-16 20:59:01
S004567,O0001667,Accessories 2024/25,Accessories,1,24.49,2025-08-27 18:01:34
S004884,O0001668,Accessories 2024/25,Accessories,1,24.32,2025-08-30 02:12:05
S003477,O0001669,Accessories 2024/25,Accessories,1,22.75,2025-08-23 09:45:17
S001048,O0001670,Away Shirt 2024/25,Away Shirt,1,80.67,2024-10-16 02:15:32
S003225,O0001671,Home Shirt 2024/25,Home Shirt,1,91.57,2024-11-09 14:54:20
S000694,O0001672,Kids 2024/25,Kids,1,58.78,2025-09-17 17:07:10
S002109,O0001673,Third Kit 2024/25,Third Kit,1,70.58,2025-09-16 20:08:47
S003889,O0001674,Kids 2024/25,Kids,1,58.26,2025-02-22 05:19:19
S001634,O0001675,Kids 2024/25,Kids,1,60.3,2025-09-13 22:08:54
S002756,O0001676,Retro 2024/25,Retro,1,60.58,2025-09-17 07:48:26
S000617,O0001677,Third Kit 2024/25,Third Kit,1,70.31,2025-01-23 21:28:16
S003915,O0001678,Retro 2024/25,Retro,1,70.78,2025-09-14 19:34:52
S003182,O0001679,Training Wear 2024/25,Training Wear,1,63.0,2025-07-04 05:31:16
S003455,O0001680,Retro 2024/25,Retro,2,137.7,2025-07-06 06:37:40
S004130,O0001681,Accessories 2024/25,Accessories,1,21.18,2024-10-12 15:22:00
S000654,O0001682,Kids 2024/25,Kids,1,51.41,2025-08-31 02:23:45
S000933,O0001683,Retro 2024/25,Retro,1,71.45,2025-08-24 17:40:51
S001285,O0001684,Kids 2024/25,Kids,1,55.15,2025-09-19 23:58:04
S002509,O0001685,Training Wear 2024/25,Training Wear,3,198.35,2025-09-09 11:45:34
S002511,O0001686,Accessories 2024/25,Accessories,1,18.54,2025-03-14 04:14:48
S002087,O0001687,Accessories 2024/25,Accessories,1,21.59,2024-12-06 09:09:54
S002520,O0001688,Third Kit 2024/25,Third Kit,1,68.58,2025-05-01 03:24:20
S003496,O0001689,Accessories 2024/25,Accessories,1,22.66,2025-07-13 16:20:38
S002917,O0001690,Training Wear 2024/25,Training Wear,1,59.09,2025-04-25 06:56:52
S002544,O0001691,Retro 2024/25,Retro,2,153.08,2025-05-16 16:23:04
S004362,O0001692,Accessories 2024/25,Accessories,1,20.18,2025-09-02 07:43:39
S004166,O0001693,Away Shirt 2024/25,Away Shirt,1,90.24,2025-01-26 03:13:27
S004659,O0001694,Training Wear 2024/25,Training Wear,1,57.55,2025-09-20 00:22:50
S002112,O0001695,Retro 2024/25,Retro,1,73.1,2024-11-25 04:24:49
S000388,O0001696,Retro 2024/25,Retro,1,74.37,2025-09-04 01:08:17
S002749,O0001697,Home Shirt 2024/25,Home Shirt,1,86.64,2025-04-17 10:24:47
S003019,O0001698,Training Wear 2024/25,Training Wear,1,63.9,2025-08-06 11:55:07
S003719,O0001699,Retro 2024/25,Retro,1,70.33,2024-12-28 06:41:00
S003235,O0001700,Kids 2024/25,Kids,3,151.39,2025-03-26 18:41:32
S004178,O0001701,Accessories 2024/25,Accessories,1,23.49,2025-04-17 03:20:03
S003814,O0001702,Home Shirt 2024/25,Home Shirt,1,83.86,2025-09-10 09:21:16
S000015,O0001703,Away Shirt 2024/25,Away Shirt,1,76.64,2024-11-04 04:51:23
S002987,O0001704,Retro 2024/25,Retro,1,64.16,2025-03-31 23:49:06
S004198,O0001705,Accessories 2024/25,Accessories,3,74.98,2024-09-23 06:05:20
S001425,O0001706,Retro 2024/25,Retro,1,68.82,2025-02-25 11:16:49
S004851,O0001707,Home Shirt 2024/25,Home Shirt,1,93.08,2025-09-20 08:07:48
S000942,O0001708,Accessories 2024/25,Accessories,2,49.18,2024-12-07 14:56:49
S003842,O0001709,Away Shirt 2024/25,Away Shirt,1,92.67,2025-03-25 12:15:20
S001828,O0001710,Kids 2024/25,Kids,1,50.59,2024-09-27 05:43:12
S002380,O0001711,Retro 2024/25,Retro,1,62.4,2025-07-29 03:09:32
S000236,O0001712,Third Kit 2024/25,Third Kit,1,76.62,2025-09-08 14:57:17
S004145,O0001713,Training Wear 2024/25,Training Wear,1,57.6,2024-12-28 03:17:04
S004142,O0001714,Training Wear 2024/25,Training Wear,1,50.5,2025-09-15 09:03:52
S002927,O0001715,Retro 2024/25,Retro,1,72.54,2024-11-25 02:44:26
S004802,O0001716,Kids 2024/25,Kids,2,95.15,2025-02-24 15:31:56
S002415,O0001717,Kids 2024/25,Kids,2,117.28,2025-05-12 09:43:55
S002494,O0001718,Kids 2024/25,Kids,1,52.19,2024-12-02 12:32:37
S001242,O0001719,Accessories 2024/25,Accessories,1,23.72,2025-08-28 08:18:51
S000913,O0001720,Kids 2024/25,Kids,1,56.45,2024-11-01 02:20:58
S004839,O0001721,Third Kit 2024/25,Third Kit,2,152.33,2025-09-01 17:08:33
S003726,O0001722,Home Shirt 2024/25,Home Shirt,1,85.88,2025-09-20 05:59:01
S004167,O0001723,Kids 2024/25,Kids,1,52.1,2025-07-20 09:54:40
S001564,O0001724,Away Shirt 2024/25,Away Shirt,1,76.41,2025-09-11 01:00:29
S002022,O0001725,Home Shirt 2024/25,Home Shirt,3,292.01,2025-09-03 15:17:35
S001859,O0001726,Retro 2024/25,Retro,1,74.67,2025-09-02 06:48:46
S004453,O0001727,Third Kit 2024/25,Third Kit,1,77.06,2025-04-14 02:41:18
S000899,O0001728,Retro 2024/25,Retro,3,222.21,2025-09-12 02:53:10
S004798,O0001729,Training Wear 2024/25,Training Wear,1,66.69,2024-11-26 19:41:40
S000664,O0001730,Accessories 2024/25,Accessories,1,20.82,2025-08-26 01:21:44
S001815,O0001731,Accessories 2024/25,Accessories,1,20.91,2025-02-28 07:12:28
S000402,O0001732,Third Kit 2024/25,Third Kit,1,79.96,2025-08-29 01:07:22
S002582,O0001733,Away Shirt 2024/25,Away Shirt,1,89.94,2025-09-18 21:31:47
S003619,O0001734,Home Shirt 2024/25,Home Shirt,1,97.35,2025-09-04 01:43:53
S003107,O0001735,Training Wear 2024/25,Training Wear,1,51.0,2025-03-06 16:13:23
S004023,O0001736,Kids 2024/25,Kids,1,60.29,2025-09-08 20:24:37
S000425,O0001737,Away Shirt 2024/25,Away Shirt,1,95.92,2025-09-06 03:16:43
S004871,O0001738,Kids 2024/25,Kids,1,51.57,2025-06-02 02:29:53
S004595,O0001739,Away Shirt 2024/25,Away Shirt,1,86.37,2024-09-30 20:46:19
S002058,O0001740,Third Kit 2024/25,Third Kit,2,176.96,2025-08-14 10:18:56
S002972,O0001741,Accessories 2024/25,Accessories,1,22.01,2025-09-13 18:47:19
S003287,O0001742,Away Shirt 2024/25,Away Shirt,1,86.39,2025-08-29 17:56:11
S004871,O0001743,Home Shirt 2024/25,Home Shirt,2,183.36,2025-09-08 03:04:41
S003000,O0001744,Retro 2024/25,Retro,1,65.68,2025-08-23 05:37:57
S003906,O0001745,Third Kit 2024/25,Third Kit,1,78.52,2025-06-08 04:51:29
S000106,O0001746,Kids 2024/25,Kids,1,59.09,2025-09-20 08:17:53
S000690,O0001747,Third Kit 2024/25,Third Kit,1,81.8,2025-09-19 02:48:19
S003182,O0001748,Retro 2024/25,Retro,1,65.45,2025-07-02 15:14:56
S003660,O0001749,Third Kit 2024/25,Third Kit,1,69.62,2025-03-25 22:30:46
S001072,O0001750,Accessories 2024/25,Accessories,1,22.88,2024-11-13 01:08:58
S004027,O0001751,Training Wear 2024/25,Training Wear,1,55.03,2025-09-12 05:03:46
S001568,O0001752,Training Wear 2024/25,Training Wear,1,63.97,2025-08-22 01:12:50
S000083,O0001753,Third Kit 2024/25,Third Kit,1,71.31,2025-09-15 07:00:58
S001053,O0001754,Accessories 2024/25,Accessories,1,24.31,2025-09-11 05:15:37
S000164,O0001755,Home Shirt 2024/25,Home Shirt,1,85.58,2025-08-24 17:57:10
S000784,O0001756,Third Kit 2024/25,Third Kit,2,150.33,2025-06-18 21:40:00
S004271,O0001757,Away Shirt 2024/25,Away Shirt,1,91.03,2025-05-02 21:04:49
S004062,O0001758,Training Wear 2024/25,Training Wear,1,60.14,2025-07-06 21:06:33
S001604,O0001759,Third Kit 2024/25,Third Kit,3,259.2,2025-09-09 18:01:12
S004643,O0001760,Kids 2024/25,Kids,1,50.01,2025-09-07 18:35:58
S000204,O0001761,Accessories 2024/25,Accessories,1,22.63,2025-08-28 23:09:47
S003773,O0001762,Training Wear 2024/25,Training Wear,1,64.51,2025-02-04 00:12:07
S000755,O0001763,Kids 2024/25,Kids,1,53.0,2025-09-02 16:36:00
S001359,O0001764,Third Kit 2024/25,Third Kit,1,78.22,2025-07-14 01:08:18
S000683,O0001765,Home Shirt 2024/25,Home Shirt,1,83.56,2025-04-17 20:50:26
S000605,O0001766,Home Shirt 2024/25,Home Shirt,2,189.6,2025-08-21 16:20:11
S004750,O0001767,Kids 2024/25,Kids,2,107.95,2025-05-05 17:29:49
S001132,O0001768,Kids 2024/25,Kids,1,45.63,2025-06-10 23:58:46
S003726,O0001769,Retro 2024/25,Retro,2,157.2,2025-04-16 17:51:06
S000139,O0001770,Home Shirt 2024/25,Home Shirt,1,76.1,2025-09-16 17:13:58
S000881,O0001771,Training Wear 2024/25,Training Wear,1,67.01,2025-08-29 22:58:01
S003650,O0001772,Third Kit 2024/25,Third Kit,1,92.46,2025-09-09 08:39:03
S002405,O0001773,Kids 2024/25,Kids,1,51.42,2025-04-06 23:58:46
S001604,O0001774,Kids 2024/25,Kids,2,101.77,2025-08-24 09:39:03
S000253,O0001775,Away Shirt 2024/25,Away Shirt,1,92.63,2025-07-23 11:11:40
S002667,O0001776,Training Wear 2024/25,Training Wear,1,52.94,2025-03-09 21:50:17
S003762,O0001777,Retro 2024/25,Retro,1,62.79,2025-07-17 17:26:43
S004835,O0001778,Accessories 2024/25,Accessories,1,18.9,2025-08-27 21:40:50
S004416,O0001779,Accessories 2024/25,Accessories,1,22.41,2025-05-09 22:18:56
S002988,O0001780,Home Shirt 2024/25,Home Shirt,1,81.7,2025-09-16 20:30:29
S000284,O0001781,Away Shirt 2024/25,Away Shirt,1,75.9,2024-11-14 23:16:32
S002765,O0001782,Kids 2024/25,Kids,2,122.1,2025-02-10 17:46:19
S002554,O0001783,Retro 2024/25,Retro,1,60.73,2025-05-20 10:36:03
S001607,O0001784,Retro 2024/25,Retro,1,58.96,2025-08-28 21:22:26
S001716,O0001785,Home Shirt 2024/25,Home Shirt,1,94.18,2025-03-10 06:09:06
S002416,O0001786,Third Kit 2024/25,Third Kit,1,70.87,2025-03-13 07:39:51
S000388,O0001787,Training Wear 2024/25,Training Wear,1,53.09,2025-04-13 02:22:43
S004143,O0001788,Training Wear 2024/25,Training Wear,1,64.9,2025-09-15 02:07:48
S002375,O0001789,Kids 2024/25,Kids,1,49.85,2025-07-08 23:27:23
S000197,O0001790,Kids 2024/25,Kids,1,54.18,2025-08-25 21:56:09
S003960,O0001791,Third Kit 2024/25,Third Kit,1,72.15,2024-12-29 18:06:37
S004660,O0001792,Third Kit 2024/25,Third Kit,1,78.65,2025-07-01 19:59:10
S002094,O0001793,Accessories 2024/25,Accessories,1,19.71,2025-09-08 05:54:20
S000697,O0001794,Third Kit 2024/25,Third Kit,3,215.83,2025-08-21 23:26:04
S000807,O0001795,Training Wear 2024/25,Training Wear,1,52.05,2025-08-12 21:42:25
S002612,O0001796,Away Shirt 2024/25,Away Shirt,1,73.92,2024-11-21 03:09:39
S001415,O0001797,Retro 2024/25,Retro,3,213.89,2025-08-28 04:07:06
S003052,O0001798,Third Kit 2024/25,Third Kit,2,135.71,2025-09-15 17:19:08
S000208,O0001799,Training Wear 2024/25,Training Wear,1,53.24,2025-09-08 14:28:37
S002456,O0001800,Retro 2024/25,Retro,1,77.35,2025-08-31 15:26:44
S004983,O0001801,Third Kit 2024/25,Third Kit,1,75.4,2025-09-17 03:00:09
S003211,O0001802,Accessories 2024/25,Accessories,1,24.74,2025-09-04 11:35:39
S001590,O0001803,Away Shirt 2024/25,Away Shirt,1,84.71,2025-09-07 09:15:45
S000487,O0001804,Kids 2024/25,Kids,2,95.28,2025-09-01 03:05:31
S002187,O0001805,Home Shirt 2024/25,Home Shirt,1,77.68,2025-06-23 01:48:27
S001762,O0001806,Accessories 2024/25,Accessories,1,22.68,2025-08-18 13:49:32
S003768,O0001807,Kids 2024/25,Kids,1,51.96,2025-08-21 21:10:54
S004673,O0001808,Third Kit 2024/25,Third Kit,1,76.49,2025-02-23 08:05:32
S002070,O0001809,Accessories 2024/25,Accessories,1,20.21,2025-07-08 07:41:21
S004188,O0001810,Home Shirt 2024/25,Home Shirt,1,83.93,2025-09-04 09:58:30
S003375,O0001811,Accessories 2024/25,Accessories,1,21.3,2025-09-16 13:25:01
S003589,O0001812,Retro 2024/25,Retro,1,78.95,2025-05-31 23:55:40
S000424,O0001813,Home Shirt 2024/25,Home Shirt,1,72.07,2025-09-01 12:50:27
S000108,O0001814,Home Shirt 2024/25,Home Shirt,1,94.99,2025-02-18 00:36:35
S002392,O0001815,Third Kit 2024/25,Third Kit,1,76.39,2024-11-17 02:35:00
S001320,O0001816,Away Shirt 2024/25,Away Shirt,1,89.82,2024-12-07 23:58:48
S000623,O0001817,Away Shirt 2024/25,Away Shirt,1,87.04,2025-09-19 17:11:31
S004118,O0001818,Home Shirt 2024/25,Home Shirt,1,98.7,2025-08-29 20:41:59
S002857,O0001819,Third Kit 2024/25,Third Kit,1,74.31,2025-06-26 13:28:12
S000816,O0001820,Third Kit 2024/25,Third Kit,3,275.8,2025-02-28 23:43:26
S002611,O0001821,Home Shirt 2024/25,Home Shirt,1,73.55,2025-09-19 07:13:20
S003013,O0001822,Kids 2024/25,Kids,1,62.16,2025-09-19 03:39:12
S000191,O0001823,Home Shirt 2024/25,Home Shirt,1,98.71,2025-08-25 18:59:22
S003067,O0001824,Kids 2024/25,Kids,1,60.81,2025-08-30 03:31:26
S002303,O0001825,Accessories 2024/25,Accessories,3,66.75,2024-10-10 12:39:49
S002839,O0001826,Away Shirt 2024/25,Away Shirt,1,80.15,2025-08-30 22:50:14
S003032,O0001827,Home Shirt 2024/25,Home Shirt,1,87.26,2025-09-19 21:42:27
S002449,O0001828,Training Wear 2024/25,Training Wear,2,117.59,2025-08-25 16:28:57
S003507,O0001829,Home Shirt 2024/25,Home Shirt,1,97.88,2025-08-25 08:53:41
S001903,O0001830,Retro 2024/25,Retro,2,128.76,2025-09-02 02:03:46
S004150,O0001831,Retro 2024/25,Retro,1,58.65,2025-08-28 04:58:21
S001633,O0001832,Retro 2024/25,Retro,2,146.25,2025-09-17 02:37:27
S003637,O0001833,Kids 2024/25,Kids,1,49.57,2024-09-20 16:58:17
S004671,O0001834,Kids 2024/25,Kids,3,152.98,2025-05-08 14:43:46
S003512,O0001835,Away Shirt 2024/25,Away Shirt,1,96.84,2025-08-25 17:40:01
S000632,O0001836,Accessories 2024/25,Accessories,2,49.5,2025-06-05 19:33:31
S002657,O0001837,Accessories 2024/25,Accessories,3,54.99,2025-04-30 07:31:28
S002891,O0001838,Away Shirt 2024/25,Away Shirt,1,91.0,2025-09-15 19:33:56
S004382,O0001839,Retro 2024/25,Retro,1,61.75,2025-02-25 00:32:58
S001730,O0001840,Accessories 2024/25,Accessories,1,22.94,2025-08-30 20:20:39
S001472,O0001841,Training Wear 2024/25,Training Wear,1,56.05,2025-09-07 15:32:34
S002713,O0001842,Accessories 2024/25,Accessories,1,19.39,2025-08-22 22:44:12
S000969,O0001843,Away Shirt 2024/25,Away Shirt,2,190.62,2025-08-29 04:18:26
S003178,O0001844,Training Wear 2024/25,Training Wear,1,59.52,2025-01-01 14:53:51
S003727,O0001845,Third Kit 2024/25,Third Kit,1,82.93,2025-06-14 21:40:56
S001560,O0001846,Home Shirt 2024/25,Home Shirt,1,91.18,2025-09-06 09:41:34
S003695,O0001847,Third Kit 2024/25,Third Kit,1,73.34,2025-02-21 17:28:53
S004062,O0001848,Training Wear 2024/25,Training Wear,1,50.83,2025-05-15 21:50:07
S003344,O0001849,Kids 2024/25,Kids,2,95.47,2024-12-16 10:44:39
S000809,O0001850,Home Shirt 2024/25,Home Shirt,1,95.31,2025-07-07 21:10:48
S002259,O0001851,Away Shirt 2024/25,Away Shirt,1,83.48,2025-03-23 21:24:57
S003476,O0001852,Kids 2024/25,Kids,1,61.75,2025-09-10 09:50:53
S000939,O0001853,Training Wear 2024/25,Training Wear,1,57.87,2024-12-31 16:26:23
S000022,O0001854,Retro 2024/25,Retro,1,59.46,2024-11-27 22:12:31
S003377,O0001855,Training Wear 2024/25,Training Wear,1,60.58,2025-08-24 10:18:18
S004257,O0001856,Third Kit 2024/25,Third Kit,1,93.24,2025-09-05 06:03:28
S003032,O0001857,Accessories 2024/25,Accessories,2,36.72,2025-04-06 01:39:20
S001752,O0001858,Training Wear 2024/25,Training Wear,1,64.81,2025-08-30 00:38:53
S003277,O0001859,Home Shirt 2024/25,Home Shirt,1,85.87,2025-09-16 02:24:57
S003064,O0001860,Retro 2024/25,Retro,1,68.73,2025-08-24 22:05:08
S001159,O0001861,Kids 2024/25,Kids,1,53.41,2025-09-09 16:25:20
S004400,O0001862,Home Shirt 2024/25,Home Shirt,1,83.63,2025-02-02 12:40:25
S004025,O0001863,Accessories 2024/25,Accessories,3,54.99,2025-09-10 20:28:05
S002913,O0001864,Away Shirt 2024/25,Away Shirt,1,76.96,2025-09-16 03:39:46
S001311,O0001865,Home Shirt 2024/25,Home Shirt,1,88.85,2025-03-10 03:20:38
S004849,O0001866,Kids 2024/25,Kids,1,61.9,2024-09-23 05:04:36
S004662,O0001867,Third Kit 2024/25,Third Kit,1,92.96,2025-09-08 05:42:04
S000377,O0001868,Away Shirt 2024/25,Away Shirt,1,94.49,2025-09-11 21:34:58
S001475,O0001869,Third Kit 2024/25,Third Kit,1,72.39,2025-06-22 00:56:43
S002530,O0001870,Third Kit 2024/25,Third Kit,2,172.53,2025-09-15 21:38:22
S003104,O0001871,Home Shirt 2024/25,Home Shirt,1,98.6,2025-09-03 10:27:56
S003567,O0001872,Training Wear 2024/25,Training Wear,2,114.39,2025-08-23 03:25:04
S003718,O0001873,Away Shirt 2024/25,Away Shirt,1,99.21,2025-08-23 14:16:29
S002630,O0001874,Kids 2024/25,Kids,1,52.34,2025-08-25 04:32:28
S001854,O0001875,Kids 2024/25,Kids,2,92.16,2025-09-16 15:22:46
S001644,O0001876,Retro 2024/25,Retro,1,63.66,2025-06-26 11:54:21
S004143,O0001877,Away Shirt 2024/25,Away Shirt,1,80.42,2024-12-23 12:44:11
S003767,O0001878,Retro 2024/25,Retro,1,67.67,2025-09-13 07:53:20
S000633,O0001879,Third Kit 2024/25,Third Kit,1,78.36,2024-10-03 03:55:42
S004869,O0001880,Retro 2024/25,Retro,1,70.15,2025-09-01 05:57:40
S003544,O0001881,Third Kit 2024/25,Third Kit,1,93.5,2025-09-04 02:03:33
S002318,O0001882,Home Shirt 2024/25,Home Shirt,1,99.6,2025-09-09 05:49:00
S000624,O0001883,Away Shirt 2024/25,Away Shirt,1,83.0,2025-08-31 08:17:14
S001899,O0001884,Accessories 2024/25,Accessories,1,22.09,2025-09-01 14:01:41
S002899,O0001885,Accessories 2024/25,Accessories,1,18.34,2024-12-03 14:56:46
S004531,O0001886,Training Wear 2024/25,Training Wear,1,49.8,2025-09-01 18:00:13
S003591,O0001887,Home Shirt 2024/25,Home Shirt,1,84.61,2025-09-06 22:43:26
S004861,O0001888,Kids 2024/25,Kids,1,61.27,2025-09-09 20:56:56
S000892,O0001889,Third Kit 2024/25,Third Kit,1,72.71,2025-09-12 09:25:55
S001812,O0001890,Training Wear 2024/25,Training Wear,1,59.72,2025-08-21 19:45:49
S004015,O0001891,Home Shirt 2024/25,Home Shirt,1,73.22,2024-12-26 22:45:42
S000359,O0001892,Third Kit 2024/25,Third Kit,1,71.99,2025-05-21 01:05:29
S002585,O0001893,Accessories 2024/25,Accessories,1,24.18,2025-04-08 02:00:24
S003903,O0001894,Training Wear 2024/25,Training Wear,1,63.76,2025-09-03 11:36:48
S003077,O0001895,Third Kit 2024/25,Third Kit,1,84.22,2025-01-17 00:44:39
S000517,O0001896,Away Shirt 2024/25,Away Shirt,1,81.8,2025-08-29 18:06:49
S004424,O0001897,Training Wear 2024/25,Training Wear,1,61.65,2025-08-21 20:52:29
S001421,O0001898,Home Shirt 2024/25,Home Shirt,1,88.62,2025-07-27 05:08:09
S003760,O0001899,Training Wear 2024/25,Training Wear,1,49.85,2025-05-24 08:32:10
S001643,O0001900,Home Shirt 2024/25,Home Shirt,1,74.95,2025-09-07 00:00:33
S002996,O0001901,Training Wear 2024/25,Training Wear,1,53.51,2024-11-15 14:48:16
S003041,O0001902,Home Shirt 2024/25,Home Shirt,1,82.28,2024-10-05 18:22:52
S003749,O0001903,Retro 2024/25,Retro,1,70.48,2025-09-02 11:00:13
S002317,O0001904,Home Shirt 2024/25,Home Shirt,1,78.77,2025-03-30 14:30:09
S000522,O0001905,Kids 2024/25,Kids,3,164.04,2025-05-18 23:24:31
S001931,O0001906,Accessories 2024/25,Accessories,1,21.18,2025-08-23 06:15:38
S000097,O0001907,Accessories 2024/25,Accessories,1,24.03,2025-09-13 19:18:06
S002835,O0001908,Accessories 2024/25,Accessories,1,21.46,2025-08-24 22:56:48
S000885,O0001909,Retro 2024/25,Retro,2,155.22,2025-08-27 00:01:08
S000989,O0001910,Kids 2024/25,Kids,1,56.21,2025-06-12 05:08:56
S004704,O0001911,Home Shirt 2024/25,Home Shirt,1,99.4,2025-01-26 05:35:27
S002053,O0001912,Training Wear 2024/25,Training Wear,1,66.01,2025-09-01 23:18:27
S000396,O0001913,Training Wear 2024/25,Training Wear,1,53.46,2025-08-12 04:12:48
S001397,O0001914,Away Shirt 2024/25,Away Shirt,1,89.45,2025-09-05 18:13:14
S000189,O0001915,Third Kit 2024/25,Third Kit,1,79.69,2025-09-07 09:50:35
S004247,O0001916,Home Shirt 2024/25,Home Shirt,1,95.02,2025-09-09 06:54:05
S003797,O0001917,Kids 2024/25,Kids,1,50.33,2025-03-28 21:35:40
S001235,O0001918,Home Shirt 2024/25,Home Shirt,1,90.12,2025-03-17 01:11:19
S000016,O0001919,Training Wear 2024/25,Training Wear,1,66.28,2025-03-13 08:27:53
S003934,O0001920,Retro 2024/25,Retro,1,65.73,2025-09-14 05:42:33
S004182,O0001921,Third Kit 2024/25,Third Kit,1,82.14,2025-09-09 23:23:43
S001920,O0001922,Retro 2024/25,Retro,1,78.42,2025-07-26 13:33:40
S002806,O0001923,Training Wear 2024/25,Training Wear,1,55.52,2025-09-05 08:02:26
S004859,O0001924,Away Shirt 2024/25,Away Shirt,1,80.57,2025-08-28 17:43:19
S000219,O0001925,Retro 2024/25,Retro,1,78.69,2025-09-07 21:58:52
S003237,O0001926,Home Shirt 2024/25,Home Shirt,1,83.02,2025-08-28 11:54:17
S002860,O0001927,Accessories 2024/25,Accessories,1,18.76,2024-12-05 02:57:17
S003696,O0001928,Home Shirt 2024/25,Home Shirt,1,94.56,2025-05-13 01:07:07
S001149,O0001929,Retro 2024/25,Retro,1,66.4,2025-09-02 17:16:00
S001657,O0001930,Retro 2024/25,Retro,1,70.55,2025-04-23 09:18:37
S001551,O0001931,Home Shirt 2024/25,Home Shirt,1,93.1,2025-01-11 10:36:12
S003361,O0001932,Away Shirt 2024/25,Away Shirt,1,85.77,2025-09-06 14:31:16
S002995,O0001933,Third Kit 2024/25,Third Kit,1,73.13,2025-08-15 04:10:59
S002048,O0001934,Retro 2024/25,Retro,1,71.92,2025-09-14 05:01:39
S000843,O0001935,Retro 2024/25,Retro,1,76.02,2025-09-05 08:04:52
S000191,O0001936,Kids 2024/25,Kids,1,53.93,2025-06-13 04:27:58
S003285,O0001937,Kids 2024/25,Kids,2,120.93,2025-05-17 04:15:37
S003248,O0001938,Accessories 2024/25,Accessories,3,71.19,2025-05-24 05:51:46
S000604,O0001939,Away Shirt 2024/25,Away Shirt,1,97.16,2024-11-13 07:26:08
S004723,O0001940,Third Kit 2024/25,Third Kit,1,71.7,2025-09-06 02:31:24
S001750,O0001941,Kids 2024/25,Kids,1,59.52,2025-09-13 08:53:57
S000083,O0001942,Training Wear 2024/25,Training Wear,1,52.22,2025-09-13 10:39:35
S004122,O0001943,Training Wear 2024/25,Training Wear,2,99.08,2025-09-09 12:09:07
S000803,O0001944,Training Wear 2024/25,Training Wear,1,63.18,2025-01-30 02:51:27
S003342,O0001945,Third Kit 2024/25,Third Kit,1,76.21,2025-09-05 07:01:47
S003248,O0001946,Away Shirt 2024/25,Away Shirt,1,84.97,2024-12-27 17:56:55
S004774,O0001947,Away Shirt 2024/25,Away Shirt,1,78.73,2025-09-09 04:23:52
S002251,O0001948,Third Kit 2024/25,Third Kit,2,161.75,2025-09-03 05:58:54
S003945,O0001949,Accessories 2024/25,Accessories,1,23.36,2025-04-06 02:54:58
S000297,O0001950,Third Kit 2024/25,Third Kit,1,69.13,2025-09-19 20:11:34
S004117,O0001951,Home Shirt 2024/25,Home Shirt,1,82.9,2024-12-03 00:12:25
S002260,O0001952,Accessories 2024/25,Accessories,1,19.79,2025-09-11 07:48:25
S001375,O0001953,Away Shirt 2024/25,Away Shirt,1,80.25,2025-09-10 02:20:51
S003798,O0001954,Away Shirt 2024/25,Away Shirt,1,74.15,2025-07-02 17:21:38
S001264,O0001955,Retro 2024/25,Retro,1,73.72,2025-03-14 00:09:13
S004408,O0001956,Away Shirt 2024/25,Away Shirt,1,82.47,2025-06-19 16:02:16
S000382,O0001957,Third Kit 2024/25,Third Kit,1,78.32,2025-08-31 11:02:26
S001933,O0001958,Third Kit 2024/25,Third Kit,1,71.66,2025-09-14 10:11:45
S003603,O0001959,Third Kit 2024/25,Third Kit,1,90.24,2025-09-05 17:54:10
S001338,O0001960,Away Shirt 2024/25,Away Shirt,1,72.07,2025-09-05 08:27:51
S000703,O0001961,Training Wear 2024/25,Training Wear,1,50.81,2025-09-13 16:14:35
S001462,O0001962,Kids 2024/25,Kids,1,46.55,2025-09-11 08:18:56
S004038,O0001963,Third Kit 2024/25,Third Kit,1,74.75,2025-09-09 18:45:42
S001390,O0001964,Third Kit 2024/25,Third Kit,2,182.1,2025-09-11 21:14:05
S000253,O0001965,Accessories 2024/25,Accessories,3,67.67,2025-04-05 04:34:52
S001425,O0001966,Retro 2024/25,Retro,3,196.83,2025-09-08 05:38:04
S001398,O0001967,Training Wear 2024/25,Training Wear,1,57.37,2025-09-02 22:40:22
S001375,O0001968,Accessories 2024/25,Accessories,1,18.72,2024-12-15 04:36:36
S002356,O0001969,Home Shirt 2024/25,Home Shirt,1,98.54,2025-07-17 12:06:40
S000163,O0001970,Home Shirt 2024/25,Home Shirt,1,82.08,2025-09-17 14:26:15
S003754,O0001971,Home Shirt 2024/25,Home Shirt,1,92.91,2025-05-21 23:52:33
S001147,O0001972,Home Shirt 2024/25,Home Shirt,1,82.02,2025-02-10 01:30:47
S003722,O0001973,Third Kit 2024/25,Third Kit,1,90.31,2025-09-05 08:58:05
S003731,O0001974,Kids 2024/25,Kids,2,116.78,2025-08-11 19:41:39
S002213,O0001975,Home Shirt 2024/25,Home Shirt,1,83.28,2025-03-17 15:54:48
S002471,O0001976,Kids 2024/25,Kids,1,50.93,2025-04-12 01:42:18
S000723,O0001977,Retro 2024/25,Retro,1,64.53,2025-05-24 20:13:21
S001307,O0001978,Accessories 2024/25,Accessories,2,47.72,2025-04-15 21:03:35
S004430,O0001979,Kids 2024/25,Kids,1,53.25,2025-03-04 06:42:37
S002550,O0001980,Home Shirt 2024/25,Home Shirt,1,72.63,2025-06-24 00:50:02
S001504,O0001981,Third Kit 2024/25,Third Kit,1,78.7,2025-08-16 09:49:14
S002327,O0001982,Accessories 2024/25,Accessories,1,20.28,2025-03-23 21:53:01
S000134,O0001983,Home Shirt 2024/25,Home Shirt,1,88.61,2025-05-28 19:25:35
S002913,O0001984,Third Kit 2024/25,Third Kit,1,73.42,2024-12-22 20:37:50
S004810,O0001985,Training Wear 2024/25,Training Wear,1,63.93,2025-06-13 16:12:36
S001017,O0001986,Retro 2024/25,Retro,1,73.26,2024-10-21 00:48:02
S004373,O0001987,Third Kit 2024/25,Third Kit,1,86.41,2025-09-04 23:18:52
S003828,O0001988,Retro 2024/25,Retro,1,80.57,2025-09-08 05:15:44
S001764,O0001989,Training Wear 2024/25,Training Wear,1,65.27,2025-04-15 14:24:14
S000926,O0001990,Third Kit 2024/25,Third Kit,1,71.06,2025-03-23 09:57:00
S004738,O0001991,Away Shirt 2024/25,Away Shirt,1,98.55,2025-09-03 04:23:58
S000392,O0001992,Training Wear 2024/25,Training Wear,1,53.57,2025-08-17 09:27:19
S002013,O0001993,Accessories 2024/25,Accessories,1,22.94,2025-08-22 11:33:58
S004426,O0001994,Accessories 2024/25,Accessories,1,20.02,2025-08-25 07:02:09
S003529,O0001995,Kids 2024/25,Kids,1,58.53,2025-08-27 14:50:25
S001649,O0001996,Away Shirt 2024/25,Away Shirt,1,86.59,2024-10-09 22:09:59
S003504,O0001997,Third Kit 2024/25,Third Kit,1,85.81,2024-10-02 08:19:49
S002956,O0001998,Home Shirt 2024/25,Home Shirt,1,83.74,2025-08-31 01:14:05
S003489,O0001999,Retro 2024/25,Retro,1,73.16,2025-07-28 23:03:36
S001652,O0002000,Away Shirt 2024/25,Away Shirt,1,95.55,2025-05-18 05:04:02
S002588,O0002001,Home Shirt 2024/25,Home Shirt,1,77.5,2025-08-30 03:42:49
S003312,O0002002,Training Wear 2024/25,Training Wear,1,53.89,2024-10-30 11:15:27
S004491,O0002003,Home Shirt 2024/25,Home Shirt,1,96.54,2025-09-16 08:28:39
S000506,O0002004,Kids 2024/25,Kids,1,45.99,2025-08-16 08:38:52
S001781,O0002005,Third Kit 2024/25,Third Kit,1,86.74,2025-05-10 17:28:42
S001525,O0002006,Third Kit 2024/25,Third Kit,1,67.6,2025-08-30 11:10:54
S001364,O0002007,Third Kit 2024/25,Third Kit,1,82.64,2025-04-17 09:50:15
S000626,O0002008,Kids 2024/25,Kids,1,57.62,2024-12-09 03:40:00
S003450,O0002009,Training Wear 2024/25,Training Wear,1,57.97,2025-09-04 20:03:35
S003201,O0002010,Accessories 2024/25,Accessories,1,21.53,2025-09-03 05:44:14
S004661,O0002011,Home Shirt 2024/25,Home Shirt,1,72.88,2025-08-04 22:57:24
S004344,O0002012,Home Shirt 2024/25,Home Shirt,2,182.62,2025-01-05 16:38:53
S004821,O0002013,Away Shirt 2024/25,Away Shirt,1,99.36,2025-09-15 13:09:48
S000353,O0002014,Training Wear 2024/25,Training Wear,1,61.23,2025-09-06 01:39:46
S004757,O0002015,Retro 2024/25,Retro,1,69.18,2025-03-18 19:41:45
S004642,O0002016,Accessories 2024/25,Accessories,2,44.25,2025-09-18 21:31:19
S002020,O0002017,Away Shirt 2024/25,Away Shirt,1,95.78,2025-05-27 17:45:43
S001453,O0002018,Third Kit 2024/25,Third Kit,1,80.79,2025-09-04 14:02:41
S002066,O0002019,Training Wear 2024/25,Training Wear,1,62.28,2025-09-16 17:24:48
S001746,O0002020,Retro 2024/25,Retro,1,64.03,2025-09-07 10:13:39
S001164,O0002021,Away Shirt 2024/25,Away Shirt,1,98.36,2025-05-25 19:06:12
S002833,O0002022,Accessories 2024/25,Accessories,1,20.73,2024-11-24 16:46:34
S002196,O0002023,Training Wear 2024/25,Training Wear,1,63.25,2025-08-27 04:01:45
S002910,O0002024,Third Kit 2024/25,Third Kit,2,180.78,2024-10-07 13:15:08
S001281,O0002025,Home Shirt 2024/25,Home Shirt,1,86.66,2025-09-03 00:39:24
S000683,O0002026,Home Shirt 2024/25,Home Shirt,1,73.28,2025-03-14 23:56:17
S000984,O0002027,Kids 2024/25,Kids,1,47.37,2024-10-26 15:12:41
S000827,O0002028,Third Kit 2024/25,Third Kit,1,91.34,2025-09-07 05:57:16
S000330,O0002029,Third Kit 2024/25,Third Kit,1,92.06,2025-01-18 14:27:58
S001406,O0002030,Accessories 2024/25,Accessories,1,23.55,2025-04-13 14:32:06
S001948,O0002031,Kids 2024/25,Kids,1,46.67,2024-11-22 15:28:33
S001840,O0002032,Accessories 2024/25,Accessories,3,65.72,2024-10-11 07:20:59
S004294,O0002033,Third Kit 2024/25,Third Kit,2,182.55,2025-09-12 01:29:59
S001394,O0002034,Kids 2024/25,Kids,1,55.91,2025-08-26 00:11:41
S002146,O0002035,Retro 2024/25,Retro,2,121.48,2025-06-15 19:01:23
S003514,O0002036,Training Wear 2024/25,Training Wear,1,61.93,2025-01-03 12:54:45
S000340,O0002037,Accessories 2024/25,Accessories,1,21.36,2025-08-25 04:25:40
S000989,O0002038,Retro 2024/25,Retro,1,63.43,2025-07-29 11:38:39
S001658,O0002039,Third Kit 2024/25,Third Kit,1,83.03,2024-11-22 11:15:37
S004149,O0002040,Kids 2024/25,Kids,1,45.14,2025-09-18 17:40:58
S001088,O0002041,Kids 2024/25,Kids,1,57.57,2025-03-20 04:25:20
S002156,O0002042,Retro 2024/25,Retro,1,59.82,2025-08-26 02:52:21
S000459,O0002043,Training Wear 2024/25,Training Wear,1,63.01,2025-08-25 14:35:01
S000002,O0002044,Away Shirt 2024/25,Away Shirt,1,97.81,2025-08-31 06:03:19
S003069,O0002045,Away Shirt 2024/25,Away Shirt,1,93.99,2024-10-07 09:15:11
S000612,O0002046,Third Kit 2024/25,Third Kit,1,68.39,2025-02-21 13:27:20
S000503,O0002047,Away Shirt 2024/25,Away Shirt,1,73.42,2025-09-17 02:35:04
S002601,O0002048,Kids 2024/25,Kids,1,58.71,2025-08-21 18:45:23
S004640,O0002049,Kids 2024/25,Kids,1,45.31,2025-08-25 21:05:47
S004275,O0002050,Kids 2024/25,Kids,1,48.15,2025-03-04 17:32:45
S003544,O0002051,Away Shirt 2024/25,Away Shirt,1,79.18,2025-08-29 09:16:08
S003452,O0002052,Kids 2024/25,Kids,1,45.9,2025-08-22 01:09:22
S001022,O0002053,Third Kit 2024/25,Third Kit,2,170.77,2025-09-11 11:31:48
S003007,O0002054,Home Shirt 2024/25,Home Shirt,1,89.06,2024-12-22 14:22:41
S001837,O0002055,Home Shirt 2024/25,Home Shirt,1,83.45,2025-03-21 16:35:33
S004990,O0002056,Away Shirt 2024/25,Away Shirt,1,72.42,2025-09-19 18:43:37
S001821,O0002057,Accessories 2024/25,Accessories,1,24.44,2025-09-15 03:47:07
S004150,O0002058,Accessories 2024/25,Accessories,1,23.09,2025-04-22 22:37:01
S002306,O0002059,Accessories 2024/25,Accessories,1,18.84,2025-09-01 16:31:43
S003575,O0002060,Accessories 2024/25,Accessories,1,19.71,2025-03-25 14:27:40
S004407,O0002061,Training Wear 2024/25,Training Wear,1,68.12,2025-02-11 10:21:33
S004358,O0002062,Third Kit 2024/25,Third Kit,1,72.76,2025-06-23 12:18:39
S002079,O0002063,Kids 2024/25,Kids,1,56.31,2024-09-22 08:30:31
S000144,O0002064,Home Shirt 2024/25,Home Shirt,1,78.16,2025-01-20 17:59:55
S003524,O0002065,Accessories 2024/25,Accessories,1,23.91,2025-07-16 10:13:26
S002904,O0002066,Home Shirt 2024/25,Home Shirt,1,98.74,2025-09-11 21:35:14
S001070,O0002067,Accessories 2024/25,Accessories,1,21.81,2025-05-18 18:27:36
S001741,O0002068,Third Kit 2024/25,Third Kit,1,75.52,2025-09-11 09:35:51
S003757,O0002069,Third Kit 2024/25,Third Kit,1,73.19,2025-04-13 09:16:40
S003840,O0002070,Away Shirt 2024/25,Away Shirt,1,89.43,2025-08-23 12:11:38
S000850,O0002071,Kids 2024/25,Kids,1,47.39,2025-08-27 13:24:40
S000984,O0002072,Home Shirt 2024/25,Home Shirt,1,90.32,2024-11-21 15:17:54
S001414,O0002073,Kids 2024/25,Kids,1,61.56,2025-09-09 12:27:11
S002943,O0002074,Retro 2024/25,Retro,1,71.52,2024-10-24 07:43:33
S004732,O0002075,Kids 2024/25,Kids,1,55.61,2025-08-26 19:41:53
S003125,O0002076,Home Shirt 2024/25,Home Shirt,1,88.17,2025-03-21 00:59:35
S000858,O0002077,Away Shirt 2024/25,Away Shirt,1,83.13,2025-05-23 03:07:44
S004050,O0002078,Retro 2024/25,Retro,1,60.36,2024-10-21 10:58:33
S003068,O0002079,Kids 2024/25,Kids,1,57.65,2025-04-10 14:56:37
S002787,O0002080,Home Shirt 2024/25,Home Shirt,1,90.87,2025-02-14 09:05:10
S004117,O0002081,Retro 2024/25,Retro,1,59.57,2024-10-07 02:06:37
S003963,O0002082,Kids 2024/25,Kids,1,50.5,2025-09-16 17:06:18
S000001,O0002083,Accessories 2024/25,Accessories,2,44.25,2024-12-21 22:55:47
S002204,O0002084,Kids 2024/25,Kids,1,52.9,2025-09-13 04:17:18
S003223,O0002085,Home Shirt 2024/25,Home Shirt,1,83.83,2025-02-03 23:50:51
S003940,O0002086,Retro 2024/25,Retro,1,62.99,2024-11-06 08:07:49
S000650,O0002087,Away Shirt 2024/25,Away Shirt,1,75.68,2025-08-29 16:01:37
S004512,O0002088,Home Shirt 2024/25,Home Shirt,1,73.75,2025-06-23 17:14:27
S003263,O0002089,Away Shirt 2024/25,Away Shirt,1,92.44,2025-09-10 19:01:58
S001730,O0002090,Retro 2024/25,Retro,1,78.8,2025-03-23 15:12:15
S000277,O0002091,Training Wear 2024/25,Training Wear,2,130.78,2025-09-19 07:26:36
S002028,O0002092,Kids 2024/25,Kids,1,46.96,2025-01-28 08:06:20
S004841,O0002093,Home Shirt 2024/25,Home Shirt,1,88.08,2025-08-26 22:57:12
S000087,O0002094,Home Shirt 2024/25,Home Shirt,1,83.84,2025-01-24 07:25:26
S002845,O0002095,Kids 2024/25,Kids,1,47.32,2025-08-26 01:13:00
S004782,O0002096,Retro 2024/25,Retro,1,59.7,2025-09-18 05:37:00
S000138,O0002097,Kids 2024/25,Kids,1,62.44,2025-04-21 22:03:18
S003546,O0002098,Accessories 2024/25,Accessories,1,20.84,2025-09-09 23:17:20
S001751,O0002099,Kids 2024/25,Kids,2,93.36,2024-11-27 22:24:25
S003423,O0002100,Accessories 2024/25,Accessories,1,21.46,2024-11-22 22:46:11
S003297,O0002101,Training Wear 2024/25,Training Wear,1,68.3,2025-09-03 08:28:26
S000087,O0002102,Home Shirt 2024/25,Home Shirt,1,81.76,2025-09-19 02:58:01
S004075,O0002103,Third Kit 2024/25,Third Kit,1,90.38,2024-12-09 02:50:25
S002374,O0002104,Away Shirt 2024/25,Away Shirt,1,79.75,2025-02-08 15:40:49
S000433,O0002105,Training Wear 2024/25,Training Wear,1,51.18,2025-08-23 10:32:12
S000329,O0002106,Training Wear 2024/25,Training Wear,1,66.15,2025-08-29 06:18:51
S002510,O0002107,Third Kit 2024/25,Third Kit,1,78.05,2025-09-12 23:16:53
S002274,O0002108,Accessories 2024/25,Accessories,1,22.27,2025-09-12 08:11:39
S000545,O0002109,Accessories 2024/25,Accessories,1,21.65,2025-05-24 14:07:29
S003120,O0002110,Accessories 2024/25,Accessories,2,44.89,2025-09-11 05:22:32
S003248,O0002111,Training Wear 2024/25,Training Wear,1,61.89,2025-08-25 10:20:27
S004004,O0002112,Accessories 2024/25,Accessories,1,23.15,2024-10-18 02:10:11
S003621,O0002113,Third Kit 2024/25,Third Kit,1,78.95,2025-07-02 20:20:35
S001956,O0002114,Kids 2024/25,Kids,1,54.58,2025-02-22 00:48:17
S004809,O0002115,Retro 2024/25,Retro,1,63.33,2025-05-06 03:13:29
S004464,O0002116,Training Wear 2024/25,Training Wear,1,60.2,2025-01-24 10:20:45
S004234,O0002117,Third Kit 2024/25,Third Kit,1,79.46,2025-08-28 00:17:24
S004538,O0002118,Kids 2024/25,Kids,1,46.09,2024-12-05 02:50:31
S001464,O0002119,Training Wear 2024/25,Training Wear,2,136.54,2024-09-27 08:42:51
S004361,O0002120,Kids 2024/25,Kids,1,55.12,2025-08-27 15:13:58
S003771,O0002121,Home Shirt 2024/25,Home Shirt,1,90.14,2025-03-03 21:06:32
S001052,O0002122,Training Wear 2024/25,Training Wear,1,62.25,2024-12-29 00:41:39
S001779,O0002123,Accessories 2024/25,Accessories,2,37.75,2025-02-20 17:36:07
S000087,O0002124,Retro 2024/25,Retro,1,63.76,2025-01-04 14:03:59
S004408,O0002125,Away Shirt 2024/25,Away Shirt,1,99.5,2024-09-26 09:21:14
S004627,O0002126,Third Kit 2024/25,Third Kit,1,77.0,2025-09-17 19:03:00
S000306,O0002127,Training Wear 2024/25,Training Wear,2,122.58,2025-05-29 19:03:16
S000467,O0002128,Third Kit 2024/25,Third Kit,1,89.3,2024-12-22 19:54:30
S002309,O0002129,Home Shirt 2024/25,Home Shirt,1,93.76,2025-08-23 07:18:11
S004962,O0002130,Away Shirt 2024/25,Away Shirt,1,99.19,2025-06-20 08:22:08
S002320,O0002131,Accessories 2024/25,Accessories,1,22.85,2025-07-04 22:34:28
S002983,O0002132,Away Shirt 2024/25,Away Shirt,1,78.08,2025-09-14 11:19:04
S003196,O0002133,Training Wear 2024/25,Training Wear,1,52.95,2025-05-23 05:20:18
S004193,O0002134,Retro 2024/25,Retro,1,80.87,2024-10-15 18:30:13
S000208,O0002135,Retro 2024/25,Retro,1,64.25,2025-04-20 03:56:50
S003049,O0002136,Kids 2024/25,Kids,1,55.86,2024-10-01 16:06:33
S003563,O0002137,Accessories 2024/25,Accessories,1,23.11,2025-03-27 16:08:06
S001063,O0002138,Home Shirt 2024/25,Home Shirt,1,90.87,2025-09-02 11:47:25
S000545,O0002139,Away Shirt 2024/25,Away Shirt,2,163.84,2025-04-10 19:06:11
S004653,O0002140,Third Kit 2024/25,Third Kit,1,90.36,2025-08-29 08:32:40
S003479,O0002141,Away Shirt 2024/25,Away Shirt,1,90.45,2025-01-17 09:40:26
S000641,O0002142,Away Shirt 2024/25,Away Shirt,1,94.06,2025-09-09 02:28:00
S002196,O0002143,Third Kit 2024/25,Third Kit,1,68.48,2025-09-18 19:51:23
S002797,O0002144,Retro 2024/25,Retro,2,133.2,2025-04-15 10:27:58
S002288,O0002145,Home Shirt 2024/25,Home Shirt,1,79.87,2025-08-22 22:30:48
S000521,O0002146,Accessories 2024/25,Accessories,1,24.7,2025-08-30 04:33:16
S003506,O0002147,Training Wear 2024/25,Training Wear,1,68.63,2025-03-26 23:00:05
S003549,O0002148,Third Kit 2024/25,Third Kit,1,80.35,2025-09-19 16:35:21
S002280,O0002149,Kids 2024/25,Kids,1,53.21,2025-09-05 13:32:57
S002267,O0002150,Training Wear 2024/25,Training Wear,1,51.84,2025-08-30 11:22:44
S000659,O0002151,Training Wear 2024/25,Training Wear,1,55.42,2025-09-19 10:12:49
S004840,O0002152,Home Shirt 2024/25,Home Shirt,1,90.81,2025-09-08 12:39:55
S003587,O0002153,Kids 2024/25,Kids,1,55.99,2025-08-27 17:30:39
S002443,O0002154,Home Shirt 2024/25,Home Shirt,1,93.89,2024-09-24 13:43:03
S001852,O0002155,Home Shirt 2024/25,Home Shirt,1,85.4,2025-09-01 02:12:57
S001192,O0002156,Retro 2024/25,Retro,3,183.93,2025-08-22 05:20:28
S004511,O0002157,Home Shirt 2024/25,Home Shirt,1,89.88,2025-08-24 06:10:23
S004496,O0002158,Home Shirt 2024/25,Home Shirt,1,94.56,2025-09-19 14:38:04
S004263,O0002159,Accessories 2024/25,Accessories,1,19.3,2025-09-20 04:09:47
S003279,O0002160,Home Shirt 2024/25,Home Shirt,1,98.89,2025-08-02 02:48:28
S002742,O0002161,Third Kit 2024/25,Third Kit,2,157.34,2025-09-14 04:30:33
S004437,O0002162,Accessories 2024/25,Accessories,1,23.77,2025-05-08 03:45:05
S001118,O0002163,Third Kit 2024/25,Third Kit,1,72.37,2025-04-22 00:15:45
S002597,O0002164,Home Shirt 2024/25,Home Shirt,1,75.54,2025-09-19 06:11:57
S004302,O0002165,Training Wear 2024/25,Training Wear,1,58.82,2024-12-03 10:21:50
S004714,O0002166,Training Wear 2024/25,Training Wear,1,64.41,2025-08-22 13:29:22
S001086,O0002167,Third Kit 2024/25,Third Kit,1,70.66,2025-03-03 20:08:11
S000804,O0002168,Home Shirt 2024/25,Home Shirt,2,181.96,2025-01-14 00:35:44
S000676,O0002169,Accessories 2024/25,Accessories,1,18.61,2025-09-08 03:19:26
S001213,O0002170,Accessories 2024/25,Accessories,2,43.34,2024-10-21 07:48:00
S002410,O0002171,Training Wear 2024/25,Training Wear,1,62.48,2025-04-19 12:24:51
S004201,O0002172,Training Wear 2024/25,Training Wear,1,57.4,2025-09-10 23:48:00
S003419,O0002173,Retro 2024/25,Retro,1,80.13,2025-01-16 18:13:32
S000664,O0002174,Kids 2024/25,Kids,1,51.76,2025-08-14 01:40:10
S001665,O0002175,Retro 2024/25,Retro,1,70.56,2024-12-19 11:39:22
S000217,O0002176,Retro 2024/25,Retro,1,59.27,2025-03-30 17:59:23
S004994,O0002177,Third Kit 2024/25,Third Kit,1,78.88,2025-09-14 07:53:55
S004968,O0002178,Kids 2024/25,Kids,3,156.85,2024-10-18 02:33:08
S004234,O0002179,Training Wear 2024/25,Training Wear,1,49.88,2025-08-26 15:50:58
S004286,O0002180,Third Kit 2024/25,Third Kit,1,82.21,2025-05-09 20:25:33
S002062,O0002181,Accessories 2024/25,Accessories,1,19.08,2025-08-18 21:54:17
S002092,O0002182,Accessories 2024/25,Accessories,2,39.51,2024-11-12 22:44:58
S000333,O0002183,Kids 2024/25,Kids,1,54.29,2025-08-30 02:53:16
S004492,O0002184,Retro 2024/25,Retro,1,65.2,2025-01-16 11:29:42
S000006,O0002185,Training Wear 2024/25,Training Wear,3,200.35,2025-08-27 20:28:31
S004842,O0002186,Home Shirt 2024/25,Home Shirt,1,75.51,2025-03-02 08:01:40
S004104,O0002187,Accessories 2024/25,Accessories,1,23.97,2025-08-23 06:56:43
S002039,O0002188,Away Shirt 2024/25,Away Shirt,1,92.7,2025-08-30 21:44:14
S001029,O0002189,Training Wear 2024/25,Training Wear,1,52.3,2025-08-26 04:14:46
S002636,O0002190,Home Shirt 2024/25,Home Shirt,1,88.87,2025-09-06 02:03:34
S000299,O0002191,Away Shirt 2024/25,Away Shirt,1,90.54,2025-09-08 07:24:46
S001326,O0002192,Third Kit 2024/25,Third Kit,3,247.69,2025-08-22 00:21:06
S004672,O0002193,Third Kit 2024/25,Third Kit,2,178.74,2025-09-12 14:48:09
S002542,O0002194,Retro 2024/25,Retro,1,71.21,2025-08-28 07:38:00
S000833,O0002195,Kids 2024/25,Kids,1,57.03,2025-02-13 09:24:05
S000040,O0002196,Accessories 2024/25,Accessories,1,22.4,2025-08-28 08:50:31
S002653,O0002197,Kids 2024/25,Kids,1,58.52,2025-06-02 19:55:40
S000506,O0002198,Accessories 2024/25,Accessories,3,56.51,2025-03-04 18:35:56
S001527,O0002199,Training Wear 2024/25,Training Wear,1,54.63,2025-09-05 21:31:48
S004317,O0002200,Kids 2024/25,Kids,1,45.39,2025-05-13 02:57:31
S000088,O0002201,Accessories 2024/25,Accessories,1,22.3,2024-10-07 10:40:23
S003714,O0002202,Away Shirt 2024/25,Away Shirt,1,76.4,2025-08-29 20:17:26
S000221,O0002203,Accessories 2024/25,Accessories,1,22.74,2025-04-23 19:14:26
S003884,O0002204,Retro 2024/25,Retro,1,80.05,2025-07-28 21:04:00
S004029,O0002205,Kids 2024/25,Kids,2,110.13,2025-08-30 03:32:10
S003740,O0002206,Home Shirt 2024/25,Home Shirt,1,89.98,2025-04-21 08:54:22
S000279,O0002207,Third Kit 2024/25,Third Kit,1,74.79,2025-09-04 14:51:20
S004612,O0002208,Training Wear 2024/25,Training Wear,1,65.5,2025-09-09 04:50:07
S004703,O0002209,Away Shirt 2024/25,Away Shirt,1,93.67,2025-09-08 14:37:41
S004680,O0002210,Away Shirt 2024/25,Away Shirt,1,72.15,2025-09-12 15:57:27
S002094,O0002211,Home Shirt 2024/25,Home Shirt,3,229.13,2025-02-19 05:53:13
S000868,O0002212,Training Wear 2024/25,Training Wear,1,50.19,2024-12-03 19:58:45
S000259,O0002213,Retro 2024/25,Retro,1,64.05,2025-04-04 16:52:13
S000981,O0002214,Home Shirt 2024/25,Home Shirt,2,180.27,2024-11-13 06:50:01
S004245,O0002215,Away Shirt 2024/25,Away Shirt,1,76.54,2025-08-25 03:34:30
S000648,O0002216,Training Wear 2024/25,Training Wear,1,58.79,2025-02-03 01:37:10
S003461,O0002217,Kids 2024/25,Kids,1,56.35,2025-05-02 23:02:20
S002735,O0002218,Training Wear 2024/25,Training Wear,1,67.71,2025-08-31 05:51:03
S004671,O0002219,Kids 2024/25,Kids,1,52.33,2025-08-01 23:31:59
S000637,O0002220,Away Shirt 2024/25,Away Shirt,2,188.67,2025-08-27 05:26:31
S004631,O0002221,Third Kit 2024/25,Third Kit,1,77.74,2025-07-06 23:17:52
S000744,O0002222,Training Wear 2024/25,Training Wear,3,194.54,2025-06-28 06:58:57
S001646,O0002223,Training Wear 2024/25,Training Wear,1,50.55,2025-09-18 20:32:19
S004288,O0002224,Kids 2024/25,Kids,1,57.99,2024-11-20 05:57:20
S004233,O0002225,Home Shirt 2024/25,Home Shirt,1,90.13,2025-09-03 05:51:37
S002703,O0002226,Accessories 2024/25,Accessories,1,21.35,2024-10-28 17:31:26
S001801,O0002227,Third Kit 2024/25,Third Kit,2,141.33,2025-01-21 18:23:59
S000598,O0002228,Home Shirt 2024/25,Home Shirt,1,77.06,2025-08-23 00:42:53
S003928,O0002229,Training Wear 2024/25,Training Wear,1,56.23,2025-04-17 12:22:29
S000470,O0002230,Third Kit 2024/25,Third Kit,1,67.76,2024-11-01 04:28:22
S002997,O0002231,Kids 2024/25,Kids,1,59.37,2025-09-03 17:26:53
S000392,O0002232,Third Kit 2024/25,Third Kit,1,92.11,2025-07-30 14:04:29
S000532,O0002233,Third Kit 2024/25,Third Kit,1,73.9,2024-11-24 22:33:00
S003061,O0002234,Kids 2024/25,Kids,1,57.41,2025-01-18 17:34:43
S000832,O0002235,Accessories 2024/25,Accessories,1,20.77,2025-08-23 13:48:14
S002061,O0002236,Training Wear 2024/25,Training Wear,1,63.35,2025-08-30 19:53:22
S000225,O0002237,Training Wear 2024/25,Training Wear,1,65.34,2025-08-21 21:23:20
S001303,O0002238,Home Shirt 2024/25,Home Shirt,1,93.25,2024-09-27 07:05:57
S004012,O0002239,Home Shirt 2024/25,Home Shirt,1,99.17,2025-08-06 05:25:25
S000984,O0002240,Retro 2024/25,Retro,3,232.4,2025-08-18 20:33:59
S001235,O0002241,Retro 2024/25,Retro,1,66.91,2025-06-06 11:12:12
S002321,O0002242,Training Wear 2024/25,Training Wear,1,51.42,2025-09-13 14:28:28
S000003,O0002243,Retro 2024/25,Retro,1,66.91,2025-08-28 13:10:52
S003306,O0002244,Accessories 2024/25,Accessories,2,39.86,2024-11-29 03:38:10
S004269,O0002245,Accessories 2024/25,Accessories,1,20.16,2024-09-27 12:38:00
S003343,O0002246,Third Kit 2024/25,Third Kit,1,84.19,2024-12-25 11:28:45
S002902,O0002247,Away Shirt 2024/25,Away Shirt,1,93.16,2024-11-26 06:15:19
S003229,O0002248,Training Wear 2024/25,Training Wear,2,131.37,2024-11-02 22:35:07
S001140,O0002249,Kids 2024/25,Kids,1,50.21,2025-09-01 04:06:53
S002689,O0002250,Kids 2024/25,Kids,1,45.55,2024-10-17 23:19:10
S001331,O0002251,Accessories 2024/25,Accessories,1,21.53,2025-09-15 15:39:13
S004532,O0002252,Kids 2024/25,Kids,1,48.07,2025-04-03 14:00:07
S000614,O0002253,Accessories 2024/25,Accessories,1,24.94,2024-09-21 16:33:08
S001381,O0002254,Kids 2024/25,Kids,1,56.05,2025-08-29 03:50:47
S000982,O0002255,Away Shirt 2024/25,Away Shirt,1,89.76,2025-09-04 00:24:57
S004804,O0002256,Home Shirt 2024/25,Home Shirt,1,96.12,2025-08-25 01:55:15
S001821,O0002257,Retro 2024/25,Retro,1,80.62,2025-08-28 02:35:47
S003556,O0002258,Training Wear 2024/25,Training Wear,3,151.21,2025-05-13 07:55:51
S000601,O0002259,Kids 2024/25,Kids,1,45.12,2025-08-19 04:47:58
S002043,O0002260,Retro 2024/25,Retro,1,61.23,2025-06-18 19:52:07
S003346,O0002261,Retro 2024/25,Retro,1,75.02,2025-08-28 16:15:38
S004595,O0002262,Away Shirt 2024/25,Away Shirt,1,72.21,2025-02-06 12:33:55
S003143,O0002263,Accessories 2024/25,Accessories,1,18.03,2025-01-07 22:41:16
S000089,O0002264,Home Shirt 2024/25,Home Shirt,1,89.31,2025-06-22 21:37:10
S002098,O0002265,Third Kit 2024/25,Third Kit,1,79.99,2025-06-17 09:09:51
S003962,O0002266,Home Shirt 2024/25,Home Shirt,1,85.99,2025-08-24 15:36:53
S000292,O0002267,Third Kit 2024/25,Third Kit,1,70.01,2024-11-14 00:12:46
S002523,O0002268,Training Wear 2024/25,Training Wear,1,68.26,2025-02-03 06:27:02
S000952,O0002269,Training Wear 2024/25,Training Wear,1,67.43,2025-09-03 05:39:06
S001567,O0002270,Retro 2024/25,Retro,1,80.49,2025-03-28 12:48:38
S004309,O0002271,Retro 2024/25,Retro,1,71.73,2025-01-09 18:30:46
S003204,O0002272,Away Shirt 2024/25,Away Shirt,1,86.2,2024-12-24 10:27:15
S000920,O0002273,Accessories 2024/25,Accessories,1,24.6,2024-12-28 12:58:45
S004265,O0002274,Home Shirt 2024/25,Home Shirt,1,81.17,2025-08-23 20:14:05
S001739,O0002275,Training Wear 2024/25,Training Wear,1,66.72,2025-07-23 04:13:18
S004981,O0002276,Training Wear 2024/25,Training Wear,2,127.38,2025-09-02 13:26:12
S004535,O0002277,Accessories 2024/25,Accessories,1,21.89,2025-08-31 21:05:00
S004414,O0002278,Away Shirt 2024/25,Away Shirt,3,270.83,2025-05-26 23:33:08
S002158,O0002279,Third Kit 2024/25,Third Kit,3,231.81,2025-08-21 23:47:35
S004944,O0002280,Retro 2024/25,Retro,1,63.71,2025-09-10 21:40:34
S003047,O0002281,Away Shirt 2024/25,Away Shirt,1,96.39,2025-07-17 15:52:43
S000024,O0002282,Third Kit 2024/25,Third Kit,1,74.54,2025-08-22 19:42:37
S000198,O0002283,Retro 2024/25,Retro,1,72.44,2025-08-30 21:04:57
S003712,O0002284,Accessories 2024/25,Accessories,1,20.52,2025-03-11 19:49:22
S002660,O0002285,Away Shirt 2024/25,Away Shirt,1,78.89,2025-02-22 23:32:09
S001192,O0002286,Retro 2024/25,Retro,1,76.45,2025-08-01 14:56:00
S003060,O0002287,Away Shirt 2024/25,Away Shirt,2,190.01,2024-12-23 18:24:25
S003641,O0002288,Training Wear 2024/25,Training Wear,1,63.37,2025-04-20 09:08:53
S004830,O0002289,Away Shirt 2024/25,Away Shirt,1,93.1,2025-08-31 06:48:51
S004626,O0002290,Accessories 2024/25,Accessories,1,19.3,2025-08-26 23:46:45
S000211,O0002291,Retro 2024/25,Retro,1,76.42,2025-09-02 23:51:24
S002035,O0002292,Away Shirt 2024/25,Away Shirt,1,75.7,2025-09-12 01:17:23
S003845,O0002293,Kids 2024/25,Kids,1,61.52,2025-08-22 05:40:13
S004571,O0002294,Retro 2024/25,Retro,1,76.69,2025-09-12 04:08:28
S002712,O0002295,Training Wear 2024/25,Training Wear,1,67.35,2025-09-17 09:52:12
S002643,O0002296,Away Shirt 2024/25,Away Shirt,3,292.99,2025-09-08 16:00:30
S004030,O0002297,Kids 2024/25,Kids,1,45.21,2025-08-31 00:39:51
S001116,O0002298,Kids 2024/25,Kids,1,45.81,2025-08-27 07:36:55
S001790,O0002299,Training Wear 2024/25,Training Wear,1,60.3,2025-09-07 03:05:21
S004959,O0002300,Away Shirt 2024/25,Away Shirt,1,93.42,2025-09-07 07:27:43
S004512,O0002301,Retro 2024/25,Retro,1,76.34,2025-02-08 00:31:44
S001844,O0002302,Kids 2024/25,Kids,1,59.88,2024-11-21 02:18:06
S003005,O0002303,Accessories 2024/25,Accessories,1,18.49,2025-02-12 23:33:03
S001540,O0002304,Kids 2024/25,Kids,1,52.45,2025-08-29 22:03:17
S003443,O0002305,Away Shirt 2024/25,Away Shirt,1,94.9,2024-10-03 13:32:43
S002821,O0002306,Away Shirt 2024/25,Away Shirt,1,91.37,2025-09-04 15:42:56
S000096,O0002307,Retro 2024/25,Retro,1,75.0,2025-05-13 12:32:43
S004748,O0002308,Home Shirt 2024/25,Home Shirt,1,81.31,2025-08-31 23:27:53
S001865,O0002309,Home Shirt 2024/25,Home Shirt,1,96.25,2025-08-24 04:19:43
S003843,O0002310,Accessories 2024/25,Accessories,1,19.35,2025-08-29 07:17:59
S003972,O0002311,Retro 2024/25,Retro,1,59.76,2025-09-02 09:57:19
S004776,O0002312,Accessories 2024/25,Accessories,1,24.16,2025-05-21 07:56:57
S001231,O0002313,Home Shirt 2024/25,Home Shirt,1,86.63,2025-02-10 20:43:32
S001469,O0002314,Home Shirt 2024/25,Home Shirt,1,86.69,2024-11-10 07:25:02
S000079,O0002315,Third Kit 2024/25,Third Kit,1,82.52,2025-02-04 19:45:13
S000776,O0002316,Away Shirt 2024/25,Away Shirt,3,230.87,2025-08-24 14:34:56
S000772,O0002317,Away Shirt 2024/25,Away Shirt,3,287.37,2025-02-16 01:02:40
S004315,O0002318,Retro 2024/25,Retro,1,73.02,2025-09-06 11:25:28
S003245,O0002319,Third Kit 2024/25,Third Kit,1,83.51,2025-01-21 05:43:47
S001419,O0002320,Home Shirt 2024/25,Home Shirt,1,73.19,2025-06-06 19:28:34
S002444,O0002321,Kids 2024/25,Kids,1,62.31,2025-08-25 06:35:18
S002796,O0002322,Home Shirt 2024/25,Home Shirt,1,75.48,2025-01-10 00:49:51
S004525,O0002323,Away Shirt 2024/25,Away Shirt,1,92.82,2025-06-05 22:23:25
S001714,O0002324,Training Wear 2024/25,Training Wear,1,52.09,2025-09-20 09:48:00
S001787,O0002325,Accessories 2024/25,Accessories,1,21.58,2025-09-04 03:26:43
S004807,O0002326,Kids 2024/25,Kids,1,47.1,2025-08-23 02:53:40
S001928,O0002327,Kids 2024/25,Kids,1,54.7,2024-11-11 06:47:35
S000236,O0002328,Kids 2024/25,Kids,1,55.62,2025-08-23 14:46:13
S002764,O0002329,Away Shirt 2024/25,Away Shirt,1,97.12,2025-04-24 15:20:07
S001159,O0002330,Kids 2024/25,Kids,2,93.17,2025-08-31 12:07:07
S000530,O0002331,Retro 2024/25,Retro,1,60.26,2025-04-27 09:17:30
S003266,O0002332,Training Wear 2024/25,Training Wear,1,62.9,2025-09-19 02:44:00
S004154,O0002333,Third Kit 2024/25,Third Kit,1,69.38,2025-08-23 00:04:03
S002904,O0002334,Home Shirt 2024/25,Home Shirt,1,94.31,2025-09-05 14:42:19
S000165,O0002335,Third Kit 2024/25,Third Kit,1,85.39,2025-09-18 05:02:49
S001512,O0002336,Away Shirt 2024/25,Away Shirt,1,75.63,2024-12-12 04:59:49
S003683,O0002337,Away Shirt 2024/25,Away Shirt,1,82.7,2025-09-20 06:02:45
S004364,O0002338,Third Kit 2024/25,Third Kit,1,83.83,2025-09-13 23:14:58
S000581,O0002339,Training Wear 2024/25,Training Wear,1,62.44,2025-09-19 09:36:06
S004685,O0002340,Away Shirt 2024/25,Away Shirt,1,79.49,2025-09-02 21:54:16
S003727,O0002341,Third Kit 2024/25,Third Kit,1,80.65,2025-04-03 12:13:54
S003989,O0002342,Training Wear 2024/25,Training Wear,1,55.4,2025-09-06 00:43:52
S003269,O0002343,Third Kit 2024/25,Third Kit,2,163.94,2025-07-26 10:15:28
S004388,O0002344,Away Shirt 2024/25,Away Shirt,1,79.94,2025-08-25 02:44:32
S003362,O0002345,Away Shirt 2024/25,Away Shirt,3,218.25,2025-08-24 16:51:29
S003592,O0002346,Accessories 2024/25,Accessories,1,20.36,2025-08-27 13:14:18
S003862,O0002347,Away Shirt 2024/25,Away Shirt,1,89.84,2024-10-11 23:13:34
S001266,O0002348,Retro 2024/25,Retro,2,122.13,2025-02-05 01:56:42
S000708,O0002349,Third Kit 2024/25,Third Kit,1,73.42,2025-08-21 22:28:40
S004385,O0002350,Training Wear 2024/25,Training Wear,1,64.15,2024-10-18 04:06:13
S004944,O0002351,Home Shirt 2024/25,Home Shirt,1,84.48,2025-08-15 09:35:42
S004304,O0002352,Retro 2024/25,Retro,1,62.03,2025-09-07 19:05:46
S003947,O0002353,Kids 2024/25,Kids,1,55.88,2024-10-08 09:27:22
S000004,O0002354,Third Kit 2024/25,Third Kit,1,78.99,2024-12-29 23:59:39
S002096,O0002355,Third Kit 2024/25,Third Kit,3,280.36,2024-10-28 13:27:18
S000192,O0002356,Away Shirt 2024/25,Away Shirt,1,98.84,2025-06-11 12:40:18
S003419,O0002357,Training Wear 2024/25,Training Wear,1,53.31,2025-09-08 05:43:34
S004600,O0002358,Home Shirt 2024/25,Home Shirt,2,185.04,2025-04-05 10:34:26
S004679,O0002359,Home Shirt 2024/25,Home Shirt,1,98.9,2025-04-16 09:09:57
S003433,O0002360,Away Shirt 2024/25,Away Shirt,1,91.98,2025-02-23 18:40:26
S002482,O0002361,Away Shirt 2024/25,Away Shirt,1,82.91,2024-10-17 15:39:10
S000534,O0002362,Retro 2024/25,Retro,1,73.64,2025-03-26 17:39:31
S002409,O0002363,Kids 2024/25,Kids,1,49.76,2025-08-23 22:37:03
S003988,O0002364,Kids 2024/25,Kids,3,180.59,2025-04-28 14:16:09
S003671,O0002365,Retro 2024/25,Retro,1,69.67,2025-09-02 07:20:40
S000753,O0002366,Home Shirt 2024/25,Home Shirt,1,79.37,2025-08-28 12:49:44
S004858,O0002367,Retro 2024/25,Retro,1,59.37,2025-08-28 13:18:27
S001297,O0002368,Accessories 2024/25,Accessories,1,18.25,2024-12-08 22:24:31
S003524,O0002369,Home Shirt 2024/25,Home Shirt,1,83.26,2025-09-03 14:57:42
S003941,O0002370,Home Shirt 2024/25,Home Shirt,1,84.47,2025-06-11 09:36:53
S004522,O0002371,Accessories 2024/25,Accessories,1,24.49,2024-11-23 23:22:04
S004825,O0002372,Away Shirt 2024/25,Away Shirt,1,77.34,2025-09-16 13:07:09
S002296,O0002373,Away Shirt 2024/25,Away Shirt,1,78.12,2025-09-13 10:02:07
S004959,O0002374,Training Wear 2024/25,Training Wear,1,53.46,2025-08-31 19:32:14
S002801,O0002375,Kids 2024/25,Kids,1,45.56,2025-04-26 05:33:58
S002662,O0002376,Accessories 2024/25,Accessories,1,19.41,2025-09-15 12:34:17
S004604,O0002377,Third Kit 2024/25,Third Kit,1,75.99,2025-09-19 06:47:27
S004864,O0002378,Home Shirt 2024/25,Home Shirt,1,92.72,2025-09-18 18:08:59
S004438,O0002379,Third Kit 2024/25,Third Kit,1,83.85,2025-01-12 10:47:15
S002507,O0002380,Away Shirt 2024/25,Away Shirt,3,218.48,2025-08-29 20:18:24
S001259,O0002381,Away Shirt 2024/25,Away Shirt,1,73.84,2025-09-09 18:03:19
S001491,O0002382,Retro 2024/25,Retro,1,61.97,2025-05-08 07:11:38
S001811,O0002383,Kids 2024/25,Kids,1,51.24,2025-09-13 23:20:57
S004590,O0002384,Kids 2024/25,Kids,1,49.4,2025-08-31 06:38:23
S001842,O0002385,Accessories 2024/25,Accessories,2,38.56,2025-08-24 23:14:11
S001796,O0002386,Home Shirt 2024/25,Home Shirt,1,96.91,2025-09-04 15:11:05
S002483,O0002387,Training Wear 2024/25,Training Wear,1,51.11,2025-01-11 11:55:20
S003657,O0002388,Kids 2024/25,Kids,1,58.16,2025-09-07 16:03:57
S003157,O0002389,Away Shirt 2024/25,Away Shirt,1,86.58,2024-10-16 03:22:40
S002620,O0002390,Retro 2024/25,Retro,1,65.56,2025-08-21 13:30:19
S004983,O0002391,Away Shirt 2024/25,Away Shirt,3,292.78,2025-09-10 12:52:44
S003025,O0002392,Retro 2024/25,Retro,1,63.06,2025-09-17 16:37:05
S004746,O0002393,Away Shirt 2024/25,Away Shirt,1,87.38,2025-04-06 07:29:37
S000924,O0002394,Retro 2024/25,Retro,1,75.57,2024-10-16 04:22:26
S004428,O0002395,Home Shirt 2024/25,Home Shirt,1,79.27,2025-03-29 18:32:51
S003413,O0002396,Retro 2024/25,Retro,1,72.76,2025-09-16 07:38:18
S002298,O0002397,Home Shirt 2024/25,Home Shirt,1,97.71,2025-09-14 22:39:07
S001834,O0002398,Kids 2024/25,Kids,1,58.29,2024-09-24 18:51:31
S000636,O0002399,Third Kit 2024/25,Third Kit,1,93.08,2025-02-05 09:56:26
S004919,O0002400,Away Shirt 2024/25,Away Shirt,1,94.39,2025-03-28 00:15:56
S000416,O0002401,Third Kit 2024/25,Third Kit,1,86.59,2024-12-12 16:16:38
S001386,O0002402,Home Shirt 2024/25,Home Shirt,1,74.49,2025-08-25 15:26:18
S001073,O0002403,Home Shirt 2024/25,Home Shirt,1,95.38,2025-08-09 16:10:35
S002193,O0002404,Retro 2024/25,Retro,1,66.36,2025-02-18 07:33:42
S004499,O0002405,Accessories 2024/25,Accessories,1,20.12,2025-08-31 11:48:31
S000709,O0002406,Home Shirt 2024/25,Home Shirt,1,99.0,2025-09-11 07:12:29
S004159,O0002407,Kids 2024/25,Kids,2,122.28,2025-08-23 14:55:16
S001953,O0002408,Accessories 2024/25,Accessories,1,19.88,2025-09-17 01:12:59
S003327,O0002409,Away Shirt 2024/25,Away Shirt,1,97.39,2025-01-02 11:44:57
S003565,O0002410,Away Shirt 2024/25,Away Shirt,2,173.49,2025-09-06 23:01:37
S003905,O0002411,Accessories 2024/25,Accessories,1,21.08,2025-08-27 01:54:27
S002778,O0002412,Retro 2024/25,Retro,1,59.05,2025-04-24 09:03:26
S004649,O0002413,Retro 2024/25,Retro,1,80.96,2025-09-07 12:45:09
S004645,O0002414,Away Shirt 2024/25,Away Shirt,1,72.34,2025-06-04 05:27:33
S004472,O0002415,Accessories 2024/25,Accessories,1,23.43,2025-09-01 16:22:00
S001391,O0002416,Third Kit 2024/25,Third Kit,1,86.31,2024-11-29 12:11:25
S001881,O0002417,Accessories 2024/25,Accessories,2,38.75,2025-03-16 05:34:03
S004650,O0002418,Third Kit 2024/25,Third Kit,1,88.79,2024-11-02 10:27:36
S003442,O0002419,Retro 2024/25,Retro,1,64.57,2025-09-12 18:05:29
S003064,O0002420,Accessories 2024/25,Accessories,2,39.67,2024-11-04 01:26:34
S001336,O0002421,Retro 2024/25,Retro,1,59.29,2025-09-11 16:19:42
S001194,O0002422,Training Wear 2024/25,Training Wear,1,58.18,2025-04-28 12:15:40
S004769,O0002423,Retro 2024/25,Retro,1,72.11,2025-01-10 00:27:36
S002189,O0002424,Kids 2024/25,Kids,1,61.71,2025-08-27 16:49:02
S001394,O0002425,Training Wear 2024/25,Training Wear,1,50.33,2024-09-24 05:37:12
S004819,O0002426,Kids 2024/25,Kids,1,52.29,2025-09-08 01:58:40
S003274,O0002427,Home Shirt 2024/25,Home Shirt,1,74.01,2024-11-30 02:59:08
S002069,O0002428,Accessories 2024/25,Accessories,1,19.98,2025-09-15 03:23:16
S003320,O0002429,Kids 2024/25,Kids,1,53.12,2024-11-30 07:56:05
S000828,O0002430,Away Shirt 2024/25,Away Shirt,2,151.97,2025-01-15 08:48:02
S000050,O0002431,Retro 2024/25,Retro,1,69.06,2025-07-29 13:09:42
S001990,O0002432,Away Shirt 2024/25,Away Shirt,1,89.98,2025-08-01 12:46:36
S001815,O0002433,Training Wear 2024/25,Training Wear,1,66.46,2025-04-01 11:14:40
S004342,O0002434,Accessories 2024/25,Accessories,3,74.69,2025-04-27 04:34:50
S003720,O0002435,Away Shirt 2024/25,Away Shirt,2,193.8,2025-09-01 06:35:48
S003394,O0002436,Home Shirt 2024/25,Home Shirt,1,99.05,2025-08-20 13:24:01
S001645,O0002437,Retro 2024/25,Retro,2,122.41,2025-08-27 18:29:46
S000564,O0002438,Kids 2024/25,Kids,2,103.18,2025-04-09 11:59:06
S004006,O0002439,Home Shirt 2024/25,Home Shirt,1,85.97,2025-08-23 08:32:54
S000527,O0002440,Training Wear 2024/25,Training Wear,1,59.32,2025-06-11 23:28:07
S000846,O0002441,Accessories 2024/25,Accessories,1,24.53,2025-07-26 12:35:02
S002317,O0002442,Training Wear 2024/25,Training Wear,1,61.13,2025-08-03 14:15:02
S001055,O0002443,Retro 2024/25,Retro,1,62.0,2025-02-01 17:19:54
S003359,O0002444,Home Shirt 2024/25,Home Shirt,1,93.78,2025-09-04 10:51:34
S002737,O0002445,Home Shirt 2024/25,Home Shirt,1,75.42,2025-09-07 13:54:57
S000556,O0002446,Training Wear 2024/25,Training Wear,1,63.99,2024-11-25 05:12:55
S004456,O0002447,Away Shirt 2024/25,Away Shirt,1,82.75,2025-09-07 03:29:38
S003477,O0002448,Home Shirt 2024/25,Home Shirt,1,77.36,2024-10-15 22:39:36
S001499,O0002449,Away Shirt 2024/25,Away Shirt,1,98.64,2025-08-26 21:29:07
S000421,O0002450,Third Kit 2024/25,Third Kit,1,88.3,2024-11-23 11:16:58
S001151,O0002451,Third Kit 2024/25,Third Kit,1,89.31,2025-09-05 03:23:38
S003906,O0002452,Kids 2024/25,Kids,1,46.88,2024-10-13 15:10:46
S001434,O0002453,Home Shirt 2024/25,Home Shirt,1,83.11,2025-09-02 20:06:56
S000410,O0002454,Retro 2024/25,Retro,1,64.01,2025-09-09 21:39:51
S002104,O0002455,Accessories 2024/25,Accessories,1,21.01,2024-10-28 12:00:02
S001557,O0002456,Third Kit 2024/25,Third Kit,1,84.91,2025-09-16 06:16:57
S004126,O0002457,Away Shirt 2024/25,Away Shirt,1,91.94,2025-09-11 21:14:56
S001819,O0002458,Accessories 2024/25,Accessories,1,18.74,2024-11-21 07:25:46
S002043,O0002459,Third Kit 2024/25,Third Kit,1,84.35,2025-08-23 23:35:55
S001358,O0002460,Training Wear 2024/25,Training Wear,1,66.08,2024-09-29 01:48:38
S001269,O0002461,Home Shirt 2024/25,Home Shirt,1,78.21,2025-08-12 13:03:54
S001066,O0002462,Retro 2024/25,Retro,2,139.6,2025-09-18 16:00:48
S000389,O0002463,Home Shirt 2024/25,Home Shirt,1,73.91,2024-11-16 00:20:13
S000300,O0002464,Training Wear 2024/25,Training Wear,1,58.82,2025-08-26 20:54:15
S003710,O0002465,Accessories 2024/25,Accessories,2,37.24,2025-08-27 13:10:25
S003634,O0002466,Third Kit 2024/25,Third Kit,1,83.16,2025-09-02 07:12:22
S004592,O0002467,Third Kit 2024/25,Third Kit,1,75.9,2025-09-13 16:08:31
S004394,O0002468,Away Shirt 2024/25,Away Shirt,1,87.28,2025-05-26 17:07:36
S002464,O0002469,Retro 2024/25,Retro,1,78.75,2025-08-25 20:54:59
S001152,O0002470,Accessories 2024/25,Accessories,1,18.9,2025-08-23 07:43:45
S003051,O0002471,Away Shirt 2024/25,Away Shirt,1,90.52,2025-07-14 11:12:05
S002762,O0002472,Kids 2024/25,Kids,1,55.93,2025-09-18 20:01:09
S000790,O0002473,Retro 2024/25,Retro,1,76.61,2025-09-05 09:32:39
S002545,O0002474,Kids 2024/25,Kids,2,101.2,2025-09-15 12:42:49
S004965,O0002475,Accessories 2024/25,Accessories,2,48.54,2025-06-09 16:37:45
S001528,O0002476,Third Kit 2024/25,Third Kit,1,71.76,2025-09-13 22:50:55
S000966,O0002477,Training Wear 2024/25,Training Wear,1,54.95,2025-06-21 13:13:21
S003555,O0002478,Training Wear 2024/25,Training Wear,2,108.21,2024-09-25 22:01:55
S002969,O0002479,Third Kit 2024/25,Third Kit,1,72.89,2025-08-01 06:32:52
S003797,O0002480,Kids 2024/25,Kids,1,59.8,2024-09-28 04:01:36
S004998,O0002481,Away Shirt 2024/25,Away Shirt,1,90.56,2025-08-23 18:35:15
S003454,O0002482,Away Shirt 2024/25,Away Shirt,1,79.58,2025-09-17 18:19:10
S001099,O0002483,Home Shirt 2024/25,Home Shirt,1,76.36,2025-09-04 12:59:46
S000691,O0002484,Kids 2024/25,Kids,1,45.91,2025-09-13 14:58:13
S002306,O0002485,Retro 2024/25,Retro,1,68.41,2024-10-09 09:24:17
S001153,O0002486,Home Shirt 2024/25,Home Shirt,3,271.63,2025-06-21 16:47:47
S004883,O0002487,Accessories 2024/25,Accessories,1,21.62,2025-09-19 20:47:10
S002223,O0002488,Third Kit 2024/25,Third Kit,1,81.15,2025-02-18 04:09:17
S001375,O0002489,Third Kit 2024/25,Third Kit,1,68.67,2025-07-05 00:26:08
S001171,O0002490,Retro 2024/25,Retro,1,62.83,2025-02-27 20:53:16
S003684,O0002491,Away Shirt 2024/25,Away Shirt,1,98.97,2024-09-29 04:55:20
S000520,O0002492,Retro 2024/25,Retro,1,62.83,2025-07-05 08:40:26
S003613,O0002493,Training Wear 2024/25,Training Wear,1,53.09,2025-08-04 12:56:03
S001163,O0002494,Kids 2024/25,Kids,1,50.64,2024-10-30 10:12:55
S000421,O0002495,Accessories 2024/25,Accessories,1,23.77,2025-07-14 02:14:55
S003066,O0002496,Kids 2024/25,Kids,1,55.26,2025-09-01 21:57:59
S004293,O0002497,Home Shirt 2024/25,Home Shirt,2,175.19,2025-08-30 22:12:15
S002013,O0002498,Accessories 2024/25,Accessories,1,21.3,2025-09-14 03:40:14
S003130,O0002499,Third Kit 2024/25,Third Kit,1,93.62,2025-08-16 00:45:21
S004855,O0002500,Kids 2024/25,Kids,1,52.42,2025-07-02 23:07:08
S000378,O0002501,Training Wear 2024/25,Training Wear,1,60.84,2025-08-27 11:25:28
S002617,O0002502,Home Shirt 2024/25,Home Shirt,1,98.08,2025-08-26 14:02:19
S003100,O0002503,Away Shirt 2024/25,Away Shirt,1,89.43,2025-09-02 21:35:55
S002917,O0002504,Third Kit 2024/25,Third Kit,1,69.85,2025-09-12 05:05:20
S000270,O0002505,Accessories 2024/25,Accessories,1,23.94,2025-06-01 11:18:12
S001462,O0002506,Retro 2024/25,Retro,1,66.93,2025-05-06 01:46:23
S001416,O0002507,Home Shirt 2024/25,Home Shirt,1,89.8,2025-08-24 09:51:13
S003488,O0002508,Away Shirt 2024/25,Away Shirt,1,75.95,2025-08-21 12:01:29
S002217,O0002509,Training Wear 2024/25,Training Wear,1,52.03,2025-07-23 02:52:26
S002520,O0002510,Training Wear 2024/25,Training Wear,1,52.13,2025-09-01 14:06:35
S004331,O0002511,Home Shirt 2024/25,Home Shirt,1,74.3,2025-03-14 15:35:44
S004989,O0002512,Retro 2024/25,Retro,1,69.09,2025-08-28 23:51:49
S000901,O0002513,Home Shirt 2024/25,Home Shirt,1,93.67,2024-11-07 09:15:44
S000061,O0002514,Away Shirt 2024/25,Away Shirt,1,94.54,2024-11-23 02:01:32
S002998,O0002515,Retro 2024/25,Retro,1,79.03,2025-08-21 00:22:43
S003706,O0002516,Accessories 2024/25,Accessories,1,18.68,2025-04-10 05:22:29
S003121,O0002517,Training Wear 2024/25,Training Wear,1,57.99,2025-03-31 20:23:37
S001584,O0002518,Third Kit 2024/25,Third Kit,1,89.52,2025-03-12 07:43:11
S000959,O0002519,Accessories 2024/25,Accessories,2,47.6,2025-09-04 02:15:31
S004796,O0002520,Retro 2024/25,Retro,1,65.71,2025-07-01 21:15:28
S001034,O0002521,Retro 2024/25,Retro,1,80.83,2025-09-12 00:12:53
S001315,O0002522,Retro 2024/25,Retro,1,73.51,2025-09-06 16:59:33
S000064,O0002523,Kids 2024/25,Kids,1,49.65,2025-09-19 06:08:22
S001283,O0002524,Training Wear 2024/25,Training Wear,1,60.49,2025-08-30 02:07:12
S003548,O0002525,Retro 2024/25,Retro,1,60.25,2025-09-02 22:30:23
S000499,O0002526,Away Shirt 2024/25,Away Shirt,1,92.86,2025-08-29 20:36:55
S003818,O0002527,Accessories 2024/25,Accessories,1,21.3,2025-05-01 05:14:01
S000377,O0002528,Kids 2024/25,Kids,1,48.29,2025-08-23 09:11:19
S004066,O0002529,Retro 2024/25,Retro,1,76.0,2025-09-18 05:26:16
S004854,O0002530,Away Shirt 2024/25,Away Shirt,1,74.73,2025-07-25 18:36:39
S002689,O0002531,Kids 2024/25,Kids,1,58.32,2024-10-07 18:49:43
S004497,O0002532,Home Shirt 2024/25,Home Shirt,1,76.87,2025-04-27 11:59:04
S001997,O0002533,Retro 2024/25,Retro,1,75.73,2024-10-28 01:06:17
S004624,O0002534,Away Shirt 2024/25,Away Shirt,1,80.03,2025-09-16 05:11:19
S001142,O0002535,Home Shirt 2024/25,Home Shirt,1,92.71,2024-11-26 16:04:18
S003686,O0002536,Home Shirt 2024/25,Home Shirt,1,72.31,2025-09-18 11:05:49
S002760,O0002537,Accessories 2024/25,Accessories,1,20.32,2025-08-29 12:59:09
S004723,O0002538,Retro 2024/25,Retro,1,66.22,2025-09-04 02:54:15
S004132,O0002539,Retro 2024/25,Retro,1,79.72,2024-12-05 19:02:55
S002519,O0002540,Away Shirt 2024/25,Away Shirt,1,80.2,2024-10-17 09:42:27
S002087,O0002541,Accessories 2024/25,Accessories,1,22.52,2025-01-04 18:03:36
S001006,O0002542,Accessories 2024/25,Accessories,1,18.55,2025-09-14 12:50:30
S001388,O0002543,Third Kit 2024/25,Third Kit,1,89.87,2025-08-30 00:35:05
S004686,O0002544,Kids 2024/25,Kids,1,56.94,2025-08-21 22:27:15
S004871,O0002545,Training Wear 2024/25,Training Wear,1,68.31,2024-09-23 10:29:42
S001704,O0002546,Away Shirt 2024/25,Away Shirt,1,95.94,2024-11-09 01:44:57
S001940,O0002547,Third Kit 2024/25,Third Kit,1,76.48,2024-12-03 06:40:40
S000507,O0002548,Third Kit 2024/25,Third Kit,1,91.48,2025-08-07 07:17:48
S000557,O0002549,Away Shirt 2024/25,Away Shirt,1,77.8,2025-09-07 03:55:02
S004526,O0002550,Third Kit 2024/25,Third Kit,2,135.11,2024-10-20 09:40:06
S003888,O0002551,Kids 2024/25,Kids,1,62.48,2025-08-22 15:32:50
S002073,O0002552,Kids 2024/25,Kids,1,47.12,2025-09-15 20:34:10
S003211,O0002553,Kids 2024/25,Kids,1,53.16,2025-04-23 01:13:08
S000742,O0002554,Kids 2024/25,Kids,1,57.56,2025-02-23 15:48:58
S004867,O0002555,Kids 2024/25,Kids,3,155.59,2025-08-03 03:08:42
S000014,O0002556,Home Shirt 2024/25,Home Shirt,1,79.28,2025-05-01 08:35:01
S002641,O0002557,Third Kit 2024/25,Third Kit,1,70.82,2025-05-18 08:33:59
S003724,O0002558,Home Shirt 2024/25,Home Shirt,2,181.22,2024-12-27 15:59:18
S003292,O0002559,Home Shirt 2024/25,Home Shirt,2,164.45,2025-08-29 05:47:27
S000429,O0002560,Accessories 2024/25,Accessories,1,23.79,2025-01-09 14:53:08
S004342,O0002561,Kids 2024/25,Kids,1,45.62,2024-11-03 20:32:21
S003570,O0002562,Home Shirt 2024/25,Home Shirt,1,91.44,2024-09-25 20:46:20
S003262,O0002563,Kids 2024/25,Kids,1,45.94,2025-09-08 07:16:25
S002422,O0002564,Home Shirt 2024/25,Home Shirt,1,84.8,2025-09-06 21:14:31
S000731,O0002565,Kids 2024/25,Kids,1,61.68,2025-08-24 20:56:23
S002005,O0002566,Retro 2024/25,Retro,1,59.29,2025-02-23 03:19:49
S001753,O0002567,Home Shirt 2024/25,Home Shirt,1,90.27,2025-03-03 05:14:33
S002341,O0002568,Third Kit 2024/25,Third Kit,1,76.43,2025-07-02 11:15:11
S004354,O0002569,Third Kit 2024/25,Third Kit,1,79.28,2025-08-27 01:44:45
S002130,O0002570,Kids 2024/25,Kids,1,61.66,2025-08-20 02:34:02
S002751,O0002571,Kids 2024/25,Kids,1,57.79,2025-04-01 02:37:41
S004446,O0002572,Accessories 2024/25,Accessories,1,21.5,2025-05-04 07:34:37
S001162,O0002573,Third Kit 2024/25,Third Kit,1,87.55,2025-09-20 05:00:52
S003175,O0002574,Training Wear 2024/25,Training Wear,1,60.96,2025-07-08 20:39:47
S002147,O0002575,Training Wear 2024/25,Training Wear,1,58.26,2025-08-11 23:18:44
S000867,O0002576,Third Kit 2024/25,Third Kit,1,78.54,2025-01-21 15:09:55
S004945,O0002577,Third Kit 2024/25,Third Kit,1,86.31,2025-09-02 13:59:34
S004124,O0002578,Home Shirt 2024/25,Home Shirt,1,73.21,2025-07-29 18:30:39
S002398,O0002579,Third Kit 2024/25,Third Kit,1,79.32,2025-05-30 23:13:49
S004399,O0002580,Accessories 2024/25,Accessories,1,21.9,2025-06-10 15:33:22
S004007,O0002581,Home Shirt 2024/25,Home Shirt,1,99.29,2025-09-04 08:15:15
S001470,O0002582,Retro 2024/25,Retro,1,72.72,2024-12-15 09:45:37
S003108,O0002583,Training Wear 2024/25,Training Wear,1,56.7,2025-09-12 03:11:31
S001562,O0002584,Accessories 2024/25,Accessories,2,38.82,2025-09-04 14:31:20
S001142,O0002585,Home Shirt 2024/25,Home Shirt,1,80.07,2025-08-22 01:37:43
S004552,O0002586,Accessories 2024/25,Accessories,1,22.28,2025-07-26 16:41:06
S002833,O0002587,Away Shirt 2024/25,Away Shirt,1,80.9,2024-09-26 11:21:39
S001038,O0002588,Home Shirt 2024/25,Home Shirt,1,92.57,2025-09-07 01:55:35
S000989,O0002589,Retro 2024/25,Retro,1,77.24,2025-09-15 19:17:33
S002443,O0002590,Kids 2024/25,Kids,2,122.47,2025-09-05 05:01:20
S000499,O0002591,Training Wear 2024/25,Training Wear,1,66.77,2025-09-19 05:08:33
S001412,O0002592,Home Shirt 2024/25,Home Shirt,1,92.51,2025-05-28 13:43:40
S001087,O0002593,Home Shirt 2024/25,Home Shirt,1,95.81,2025-09-08 18:49:03
S000385,O0002594,Training Wear 2024/25,Training Wear,1,57.91,2024-11-22 17:07:20
S003147,O0002595,Away Shirt 2024/25,Away Shirt,1,97.76,2025-02-04 04:51:19
S004220,O0002596,Training Wear 2024/25,Training Wear,1,59.75,2025-08-24 10:41:53
S003095,O0002597,Training Wear 2024/25,Training Wear,1,58.94,2025-07-06 13:43:33
S002624,O0002598,Home Shirt 2024/25,Home Shirt,1,85.18,2025-02-24 02:28:29
S003292,O0002599,Accessories 2024/25,Accessories,1,23.41,2025-02-28 10:36:49
S001793,O0002600,Retro 2024/25,Retro,1,74.12,2025-08-27 04:57:01
S004870,O0002601,Retro 2024/25,Retro,1,79.58,2024-11-20 04:37:26
S000761,O0002602,Accessories 2024/25,Accessories,1,22.92,2024-12-14 23:07:36
S001196,O0002603,Retro 2024/25,Retro,1,67.91,2025-08-25 00:07:55
S001578,O0002604,Retro 2024/25,Retro,1,61.61,2025-09-02 05:36:06
S002099,O0002605,Home Shirt 2024/25,Home Shirt,1,73.95,2025-09-13 15:31:51
S003364,O0002606,Retro 2024/25,Retro,1,64.8,2024-12-22 04:14:40
S001890,O0002607,Training Wear 2024/25,Training Wear,1,62.25,2025-09-06 17:39:14
S001246,O0002608,Home Shirt 2024/25,Home Shirt,2,159.77,2025-04-01 09:10:40
S004109,O0002609,Retro 2024/25,Retro,1,80.23,2025-09-12 03:50:01
S000461,O0002610,Training Wear 2024/25,Training Wear,1,66.49,2025-04-27 08:03:30
S000399,O0002611,Home Shirt 2024/25,Home Shirt,2,168.94,2025-08-31 20:40:01
S000708,O0002612,Away Shirt 2024/25,Away Shirt,1,84.61,2025-07-23 09:00:27
S003570,O0002613,Third Kit 2024/25,Third Kit,1,75.0,2025-09-15 02:54:04
S002477,O0002614,Accessories 2024/25,Accessories,1,21.46,2025-08-24 01:50:13
S001019,O0002615,Away Shirt 2024/25,Away Shirt,1,89.22,2025-07-20 16:21:40
S002965,O0002616,Accessories 2024/25,Accessories,2,48.54,2025-03-22 09:31:22
S004146,O0002617,Retro 2024/25,Retro,1,61.89,2025-02-11 20:59:52
S002283,O0002618,Retro 2024/25,Retro,2,146.16,2025-09-05 01:28:32
S001693,O0002619,Third Kit 2024/25,Third Kit,1,86.24,2025-09-19 23:36:14
S001675,O0002620,Away Shirt 2024/25,Away Shirt,1,75.85,2025-08-26 23:14:05
S001579,O0002621,Training Wear 2024/25,Training Wear,1,65.61,2024-10-11 04:11:26
S001376,O0002622,Away Shirt 2024/25,Away Shirt,1,99.44,2025-05-07 02:04:57
S003434,O0002623,Third Kit 2024/25,Third Kit,1,81.51,2025-09-03 22:40:47
S000582,O0002624,Third Kit 2024/25,Third Kit,2,161.67,2025-02-21 02:37:41
S000858,O0002625,Kids 2024/25,Kids,1,59.06,2025-07-12 18:24:40
S000806,O0002626,Kids 2024/25,Kids,1,57.67,2025-09-02 22:41:28
S001290,O0002627,Away Shirt 2024/25,Away Shirt,1,97.65,2025-08-31 19:08:05
S001037,O0002628,Accessories 2024/25,Accessories,1,19.09,2025-09-13 14:55:34
S000638,O0002629,Accessories 2024/25,Accessories,1,19.82,2025-08-23 15:32:35
S003586,O0002630,Training Wear 2024/25,Training Wear,1,51.61,2024-10-04 05:36:52
S001710,O0002631,Third Kit 2024/25,Third Kit,1,87.5,2025-04-01 12:40:45
S004457,O0002632,Retro 2024/25,Retro,1,58.59,2024-12-31 20:13:57
S000476,O0002633,Accessories 2024/25,Accessories,1,19.1,2025-09-10 10:02:49
S001304,O0002634,Training Wear 2024/25,Training Wear,2,114.53,2025-09-17 23:09:27
S001597,O0002635,Accessories 2024/25,Accessories,1,20.36,2024-11-07 08:18:37
S000523,O0002636,Accessories 2024/25,Accessories,1,18.07,2025-09-10 08:31:21
S003821,O0002637,Home Shirt 2024/25,Home Shirt,3,291.94,2025-09-01 00:03:37
S001813,O0002638,Home Shirt 2024/25,Home Shirt,1,88.9,2025-09-09 08:49:09
S003728,O0002639,Retro 2024/25,Retro,1,64.04,2025-08-21 15:49:59
S001567,O0002640,Training Wear 2024/25,Training Wear,1,54.9,2025-02-25 21:57:56
S002223,O0002641,Home Shirt 2024/25,Home Shirt,1,87.99,2025-09-04 05:49:39
S004254,O0002642,Training Wear 2024/25,Training Wear,1,60.51,2025-09-07 21:33:43
S004908,O0002643,Home Shirt 2024/25,Home Shirt,1,96.48,2025-03-21 03:37:43
S000334,O0002644,Third Kit 2024/25,Third Kit,1,72.77,2025-09-08 09:52:26
S004834,O0002645,Kids 2024/25,Kids,1,57.08,2024-10-16 03:51:09
S004773,O0002646,Accessories 2024/25,Accessories,1,19.14,2025-08-26 07:12:53
S003489,O0002647,Third Kit 2024/25,Third Kit,2,154.7,2025-03-09 10:33:29
S004049,O0002648,Accessories 2024/25,Accessories,1,22.4,2025-09-14 22:32:38
S003728,O0002649,Kids 2024/25,Kids,1,53.13,2024-09-23 09:59:01
S001617,O0002650,Kids 2024/25,Kids,1,59.82,2025-09-08 14:39:44
S004046,O0002651,Away Shirt 2024/25,Away Shirt,1,96.29,2025-04-11 00:25:39
S004567,O0002652,Training Wear 2024/25,Training Wear,1,65.25,2025-09-02 22:19:13
S000168,O0002653,Accessories 2024/25,Accessories,1,21.46,2025-09-09 07:42:36
S002703,O0002654,Training Wear 2024/25,Training Wear,1,60.41,2025-09-08 07:43:48
S000032,O0002655,Kids 2024/25,Kids,1,57.93,2025-08-28 04:57:10
S002967,O0002656,Kids 2024/25,Kids,1,45.91,2024-11-03 08:38:25
S000597,O0002657,Accessories 2024/25,Accessories,1,19.78,2025-07-31 09:12:55
S001419,O0002658,Accessories 2024/25,Accessories,1,21.97,2025-09-10 23:35:49
S000227,O0002659,Accessories 2024/25,Accessories,1,24.5,2025-08-24 07:11:59
S004869,O0002660,Accessories 2024/25,Accessories,1,18.98,2025-06-24 03:21:48
S003014,O0002661,Home Shirt 2024/25,Home Shirt,1,81.14,2025-08-24 00:59:58
S001671,O0002662,Home Shirt 2024/25,Home Shirt,2,151.95,2025-09-12 13:02:48
S001739,O0002663,Home Shirt 2024/25,Home Shirt,1,90.52,2025-09-07 15:30:06
S002117,O0002664,Retro 2024/25,Retro,1,74.23,2024-12-03 19:51:02
S003165,O0002665,Retro 2024/25,Retro,2,160.34,2025-09-19 14:14:00
S004639,O0002666,Accessories 2024/25,Accessories,1,21.46,2025-09-08 21:02:32
S004599,O0002667,Kids 2024/25,Kids,1,51.15,2025-09-15 05:37:10
S003748,O0002668,Home Shirt 2024/25,Home Shirt,1,99.38,2025-09-08 22:42:48
S001399,O0002669,Home Shirt 2024/25,Home Shirt,3,284.05,2025-04-07 03:42:12
S004467,O0002670,Retro 2024/25,Retro,1,65.96,2025-09-16 17:30:29
S003536,O0002671,Training Wear 2024/25,Training Wear,1,62.87,2025-08-27 22:01:36
S002655,O0002672,Third Kit 2024/25,Third Kit,1,81.61,2025-09-17 12:08:04
S001287,O0002673,Kids 2024/25,Kids,2,111.19,2025-08-03 03:08:28
S001531,O0002674,Accessories 2024/25,Accessories,2,47.52,2025-03-04 17:32:25
S000557,O0002675,Kids 2024/25,Kids,1,58.52,2025-08-30 21:59:42
S002394,O0002676,Away Shirt 2024/25,Away Shirt,3,235.37,2025-09-19 14:37:36
S002965,O0002677,Retro 2024/25,Retro,1,79.37,2025-09-07 01:53:00
S001195,O0002678,Third Kit 2024/25,Third Kit,1,87.19,2025-09-18 13:20:42
S001361,O0002679,Accessories 2024/25,Accessories,1,18.37,2025-09-16 02:07:27
S001317,O0002680,Kids 2024/25,Kids,1,55.26,2025-09-05 21:19:13
S000471,O0002681,Third Kit 2024/25,Third Kit,1,82.61,2025-05-03 17:03:42
S003972,O0002682,Retro 2024/25,Retro,1,75.97,2025-07-13 02:03:32
S002405,O0002683,Accessories 2024/25,Accessories,2,38.08,2025-08-29 06:29:12
S003624,O0002684,Third Kit 2024/25,Third Kit,1,78.3,2025-08-22 13:38:17
S004155,O0002685,Retro 2024/25,Retro,1,62.26,2025-09-07 20:41:44
S000835,O0002686,Away Shirt 2024/25,Away Shirt,1,93.23,2025-08-28 19:09:56
S002462,O0002687,Accessories 2024/25,Accessories,1,21.36,2025-02-24 06:20:07
S003422,O0002688,Retro 2024/25,Retro,1,65.23,2025-09-19 02:34:26
S003633,O0002689,Away Shirt 2024/25,Away Shirt,1,98.3,2025-06-24 22:41:49
S001904,O0002690,Third Kit 2024/25,Third Kit,3,202.72,2024-10-30 17:10:00
S001499,O0002691,Training Wear 2024/25,Training Wear,1,52.21,2025-03-31 23:04:57
S004408,O0002692,Third Kit 2024/25,Third Kit,1,84.46,2025-08-22 17:33:20
S003274,O0002693,Accessories 2024/25,Accessories,2,46.99,2024-12-28 17:18:26
S003675,O0002694,Third Kit 2024/25,Third Kit,1,72.14,2025-07-06 12:07:13
S004634,O0002695,Third Kit 2024/25,Third Kit,1,71.75,2025-09-05 23:57:43
S003678,O0002696,Accessories 2024/25,Accessories,1,24.9,2025-08-26 03:53:15
S004298,O0002697,Kids 2024/25,Kids,1,50.83,2024-10-11 11:41:28
S001903,O0002698,Home Shirt 2024/25,Home Shirt,1,95.66,2024-10-20 08:32:50
S000119,O0002699,Third Kit 2024/25,Third Kit,1,81.67,2024-11-18 04:06:14
S002811,O0002700,Retro 2024/25,Retro,3,195.6,2025-09-06 12:17:11
S003915,O0002701,Home Shirt 2024/25,Home Shirt,1,99.11,2025-04-12 06:18:30
S003746,O0002702,Third Kit 2024/25,Third Kit,1,91.18,2025-09-13 20:56:41
S003599,O0002703,Training Wear 2024/25,Training Wear,1,64.79,2025-01-13 00:34:52
S001862,O0002704,Accessories 2024/25,Accessories,1,23.17,2025-04-25 15:39:12
S002554,O0002705,Home Shirt 2024/25,Home Shirt,1,90.58,2025-09-12 02:16:19
S003301,O0002706,Retro 2024/25,Retro,1,67.47,2025-09-03 13:26:06
S004976,O0002707,Retro 2024/25,Retro,1,76.34,2025-08-13 02:54:40
S003290,O0002708,Third Kit 2024/25,Third Kit,1,75.63,2025-02-15 00:03:27
S003112,O0002709,Away Shirt 2024/25,Away Shirt,1,93.26,2025-09-18 05:58:19
S001036,O0002710,Third Kit 2024/25,Third Kit,1,83.01,2025-03-14 12:17:57
S003518,O0002711,Training Wear 2024/25,Training Wear,1,50.4,2025-09-13 17:00:10
S001749,O0002712,Accessories 2024/25,Accessories,1,20.0,2025-09-14 20:00:53
S002828,O0002713,Accessories 2024/25,Accessories,1,19.87,2025-01-14 09:04:10
S000456,O0002714,Retro 2024/25,Retro,1,68.78,2025-03-28 09:04:55
S004385,O0002715,Retro 2024/25,Retro,1,70.24,2025-01-14 18:50:10
S003576,O0002716,Accessories 2024/25,Accessories,1,21.46,2025-09-17 15:33:57
S000035,O0002717,Home Shirt 2024/25,Home Shirt,3,268.09,2025-08-30 10:55:55
S000282,O0002718,Away Shirt 2024/25,Away Shirt,1,72.72,2025-09-14 22:26:45
S004124,O0002719,Home Shirt 2024/25,Home Shirt,1,99.56,2025-05-14 20:55:19
S003661,O0002720,Kids 2024/25,Kids,2,123.43,2024-09-28 12:16:04
S004654,O0002721,Accessories 2024/25,Accessories,1,18.42,2025-08-23 07:16:18
S002512,O0002722,Third Kit 2024/25,Third Kit,1,84.31,2025-04-05 09:30:01
S003833,O0002723,Accessories 2024/25,Accessories,1,19.67,2025-08-27 02:13:55
S003947,O0002724,Third Kit 2024/25,Third Kit,1,81.26,2025-09-13 13:36:08
S004585,O0002725,Training Wear 2024/25,Training Wear,1,63.42,2025-09-12 20:59:20
S004952,O0002726,Third Kit 2024/25,Third Kit,3,212.72,2025-09-13 02:04:18
S000557,O0002727,Third Kit 2024/25,Third Kit,1,74.89,2025-09-19 06:45:03
S003896,O0002728,Away Shirt 2024/25,Away Shirt,1,80.01,2025-09-08 13:06:53
S001307,O0002729,Kids 2024/25,Kids,1,54.36,2025-07-23 12:31:23
S003185,O0002730,Accessories 2024/25,Accessories,2,49.15,2025-04-04 11:01:31
S001044,O0002731,Away Shirt 2024/25,Away Shirt,1,78.48,2025-09-14 11:56:16
S004830,O0002732,Kids 2024/25,Kids,1,50.22,2025-07-29 04:20:31
S001342,O0002733,Home Shirt 2024/25,Home Shirt,1,93.56,2025-04-03 21:27:42
S004880,O0002734,Accessories 2024/25,Accessories,3,64.77,2025-08-29 17:03:20
S003695,O0002735,Retro 2024/25,Retro,1,71.39,2025-08-28 03:10:46
S000350,O0002736,Home Shirt 2024/25,Home Shirt,1,84.35,2025-08-28 02:12:23
S003049,O0002737,Away Shirt 2024/25,Away Shirt,3,266.84,2025-09-16 18:24:32
S002766,O0002738,Accessories 2024/25,Accessories,1,23.49,2025-09-13 11:31:00
S002775,O0002739,Accessories 2024/25,Accessories,3,67.7,2025-08-31 10:23:56
S004088,O0002740,Accessories 2024/25,Accessories,1,18.6,2025-02-24 13:31:59
S003577,O0002741,Home Shirt 2024/25,Home Shirt,1,87.72,2025-09-09 19:40:32
S004878,O0002742,Away Shirt 2024/25,Away Shirt,2,190.55,2025-08-09 15:51:15
S004905,O0002743,Third Kit 2024/25,Third Kit,1,68.96,2024-10-08 08:48:57
S003414,O0002744,Third Kit 2024/25,Third Kit,1,69.15,2025-09-16 13:56:05
S000601,O0002745,Kids 2024/25,Kids,1,47.48,2025-09-18 20:38:46
S002454,O0002746,Third Kit 2024/25,Third Kit,1,78.07,2025-06-14 09:18:56
S001603,O0002747,Home Shirt 2024/25,Home Shirt,1,89.14,2025-09-11 02:17:18
S000869,O0002748,Home Shirt 2024/25,Home Shirt,1,81.99,2024-11-07 11:20:42
S002772,O0002749,Accessories 2024/25,Accessories,2,37.24,2025-08-21 20:59:51
S004550,O0002750,Kids 2024/25,Kids,1,47.42,2025-09-04 23:08:18
S002076,O0002751,Training Wear 2024/25,Training Wear,1,61.76,2025-09-06 22:57:29
S002634,O0002752,Away Shirt 2024/25,Away Shirt,3,230.48,2025-01-14 07:07:07
S003553,O0002753,Kids 2024/25,Kids,1,45.26,2024-12-04 00:06:12
S001766,O0002754,Third Kit 2024/25,Third Kit,1,84.45,2025-08-04 23:34:32
S004122,O0002755,Training Wear 2024/25,Training Wear,1,66.98,2025-08-28 01:55:07
S004047,O0002756,Away Shirt 2024/25,Away Shirt,2,198.25,2025-01-03 11:47:30
S000271,O0002757,Kids 2024/25,Kids,1,60.36,2025-09-06 17:51:19
S004022,O0002758,Third Kit 2024/25,Third Kit,2,150.12,2025-09-13 05:37:56
S000280,O0002759,Kids 2024/25,Kids,1,47.96,2025-03-25 11:12:48
S002440,O0002760,Training Wear 2024/25,Training Wear,1,55.88,2025-07-22 04:13:57
S000722,O0002761,Retro 2024/25,Retro,1,68.37,2025-08-26 13:38:36
S002693,O0002762,Kids 2024/25,Kids,1,45.64,2025-09-07 03:32:35
S000408,O0002763,Third Kit 2024/25,Third Kit,1,78.99,2025-05-13 11:20:14
S001027,O0002764,Away Shirt 2024/25,Away Shirt,1,79.83,2024-09-27 09:17:27
S002972,O0002765,Kids 2024/25,Kids,1,58.81,2025-03-11 05:43:35
S001354,O0002766,Accessories 2024/25,Accessories,1,18.87,2025-07-16 10:08:07
S004539,O0002767,Third Kit 2024/25,Third Kit,1,86.29,2025-01-01 20:50:01
S000265,O0002768,Accessories 2024/25,Accessories,1,24.64,2024-11-30 15:14:36
S003182,O0002769,Retro 2024/25,Retro,1,76.92,2025-01-20 22:50:22
S002970,O0002770,Kids 2024/25,Kids,1,52.23,2025-04-03 20:09:52
S000364,O0002771,Kids 2024/25,Kids,1,60.66,2025-09-20 10:29:10
S001129,O0002772,Training Wear 2024/25,Training Wear,3,173.43,2025-09-01 16:10:59
S001437,O0002773,Away Shirt 2024/25,Away Shirt,1,96.6,2025-08-21 19:12:44
S002073,O0002774,Third Kit 2024/25,Third Kit,1,92.97,2024-11-20 14:30:07
S001508,O0002775,Training Wear 2024/25,Training Wear,1,49.69,2025-06-04 23:12:23
S001579,O0002776,Accessories 2024/25,Accessories,1,24.78,2025-09-06 00:58:08
S002983,O0002777,Away Shirt 2024/25,Away Shirt,1,72.09,2024-10-24 08:04:42
S000260,O0002778,Home Shirt 2024/25,Home Shirt,1,82.52,2024-11-01 14:34:39
S000545,O0002779,Third Kit 2024/25,Third Kit,1,91.88,2025-09-09 01:25:30
S000682,O0002780,Third Kit 2024/25,Third Kit,1,69.67,2025-09-17 15:20:12
S000030,O0002781,Third Kit 2024/25,Third Kit,3,268.4,2025-09-20 10:33:59
S002507,O0002782,Away Shirt 2024/25,Away Shirt,1,88.11,2025-09-17 01:00:41
S002656,O0002783,Away Shirt 2024/25,Away Shirt,1,77.57,2025-09-03 06:31:23
S000663,O0002784,Training Wear 2024/25,Training Wear,1,66.05,2025-02-25 08:03:03
S000749,O0002785,Third Kit 2024/25,Third Kit,1,78.66,2025-09-20 05:26:30
S003277,O0002786,Away Shirt 2024/25,Away Shirt,1,88.86,2025-06-20 02:59:53
S002880,O0002787,Accessories 2024/25,Accessories,3,64.36,2025-09-19 05:48:21
S004369,O0002788,Training Wear 2024/25,Training Wear,1,67.0,2025-07-04 07:41:31
S001207,O0002789,Retro 2024/25,Retro,1,71.85,2025-08-24 22:19:56
S003169,O0002790,Home Shirt 2024/25,Home Shirt,1,80.94,2025-09-03 20:12:07
S004021,O0002791,Away Shirt 2024/25,Away Shirt,1,73.0,2025-08-15 15:19:03
S002449,O0002792,Training Wear 2024/25,Training Wear,1,57.56,2025-09-15 14:40:37
S000355,O0002793,Training Wear 2024/25,Training Wear,1,57.21,2025-07-19 01:01:51
S003054,O0002794,Away Shirt 2024/25,Away Shirt,1,84.04,2025-06-03 12:06:15
S002405,O0002795,Third Kit 2024/25,Third Kit,1,77.06,2025-07-10 13:47:37
S002851,O0002796,Kids 2024/25,Kids,1,61.71,2025-02-13 01:36:15
S002857,O0002797,Training Wear 2024/25,Training Wear,1,63.68,2025-01-03 14:38:13
S000342,O0002798,Away Shirt 2024/25,Away Shirt,1,79.41,2025-05-04 16:01:22
S001096,O0002799,Third Kit 2024/25,Third Kit,1,88.21,2025-01-10 14:20:49
S000868,O0002800,Home Shirt 2024/25,Home Shirt,1,95.06,2025-08-24 09:36:47
S003070,O0002801,Kids 2024/25,Kids,1,61.36,2025-09-11 10:29:29
S003627,O0002802,Accessories 2024/25,Accessories,1,21.85,2025-09-17 13:03:48
S004646,O0002803,Training Wear 2024/25,Training Wear,1,54.92,2025-09-06 22:18:48
S003939,O0002804,Kids 2024/25,Kids,1,62.1,2025-09-10 23:53:11
S000891,O0002805,Accessories 2024/25,Accessories,1,24.71,2025-09-07 03:36:15
S003416,O0002806,Away Shirt 2024/25,Away Shirt,1,96.41,2025-08-28 13:29:20
S002881,O0002807,Retro 2024/25,Retro,1,62.86,2025-08-22 12:48:34
S004324,O0002808,Kids 2024/25,Kids,1,54.77,2024-11-18 11:24:14
S004377,O0002809,Accessories 2024/25,Accessories,1,22.95,2024-09-28 17:10:01
S001133,O0002810,Home Shirt 2024/25,Home Shirt,1,98.31,2025-08-27 12:43:11
S004422,O0002811,Away Shirt 2024/25,Away Shirt,1,78.09,2025-06-08 17:19:21
S000905,O0002812,Retro 2024/25,Retro,1,67.32,2024-12-24 16:25:01
S000096,O0002813,Retro 2024/25,Retro,2,144.82,2025-08-23 18:12:07
S004884,O0002814,Accessories 2024/25,Accessories,2,46.67,2025-08-09 16:36:50
S001496,O0002815,Retro 2024/25,Retro,1,68.76,2024-12-21 15:20:05
S001548,O0002816,Away Shirt 2024/25,Away Shirt,1,89.03,2025-03-14 13:39:23
S003154,O0002817,Retro 2024/25,Retro,1,78.07,2025-09-14 08:48:02
S002764,O0002818,Third Kit 2024/25,Third Kit,1,74.42,2025-04-22 20:59:41
S003561,O0002819,Accessories 2024/25,Accessories,3,62.99,2025-08-31 16:53:28
S001154,O0002820,Accessories 2024/25,Accessories,1,23.67,2025-08-25 18:18:10
S000809,O0002821,Third Kit 2024/25,Third Kit,1,88.47,2025-05-24 14:38:43
S000284,O0002822,Away Shirt 2024/25,Away Shirt,1,97.22,2025-01-08 00:31:55
S004164,O0002823,Training Wear 2024/25,Training Wear,1,49.61,2024-09-20 16:30:58
S001884,O0002824,Home Shirt 2024/25,Home Shirt,1,91.3,2025-09-16 09:39:11
S001699,O0002825,Home Shirt 2024/25,Home Shirt,2,168.47,2025-02-03 20:43:06
S000610,O0002826,Accessories 2024/25,Accessories,1,18.41,2025-02-26 15:51:39
S002331,O0002827,Third Kit 2024/25,Third Kit,1,80.77,2025-03-28 15:18:50
S001506,O0002828,Retro 2024/25,Retro,2,126.51,2025-09-19 11:43:35
S000048,O0002829,Accessories 2024/25,Accessories,1,18.43,2025-09-06 01:48:29
S001032,O0002830,Training Wear 2024/25,Training Wear,1,59.4,2025-08-23 22:33:47
S000488,O0002831,Away Shirt 2024/25,Away Shirt,1,86.1,2024-11-11 05:36:07
S002368,O0002832,Third Kit 2024/25,Third Kit,1,86.46,2025-08-25 23:54:21
S000160,O0002833,Third Kit 2024/25,Third Kit,2,143.43,2025-01-25 09:59:10
S002618,O0002834,Retro 2024/25,Retro,1,75.42,2025-09-10 22:58:00
S001228,O0002835,Retro 2024/25,Retro,1,76.43,2025-05-22 00:00:42
S001496,O0002836,Home Shirt 2024/25,Home Shirt,1,95.13,2024-10-18 21:07:44
S004730,O0002837,Training Wear 2024/25,Training Wear,1,52.09,2025-09-12 00:36:37
S001653,O0002838,Third Kit 2024/25,Third Kit,1,80.85,2025-08-14 12:38:32
S003125,O0002839,Home Shirt 2024/25,Home Shirt,1,80.69,2025-02-18 11:14:45
S003937,O0002840,Home Shirt 2024/25,Home Shirt,1,89.95,2024-10-20 08:33:18
S002662,O0002841,Kids 2024/25,Kids,1,59.45,2025-09-17 10:46:51
S002189,O0002842,Third Kit 2024/25,Third Kit,1,84.6,2025-09-09 23:36:05
S000147,O0002843,Kids 2024/25,Kids,1,51.06,2024-11-06 14:38:55
S000120,O0002844,Away Shirt 2024/25,Away Shirt,1,86.32,2025-02-25 16:43:20
S002260,O0002845,Retro 2024/25,Retro,1,73.64,2025-01-18 01:26:54
S000244,O0002846,Away Shirt 2024/25,Away Shirt,1,94.19,2025-08-22 11:29:54
S003280,O0002847,Third Kit 2024/25,Third Kit,1,71.57,2025-08-31 23:49:13
S003639,O0002848,Away Shirt 2024/25,Away Shirt,1,79.82,2025-09-06 07:59:45
S002947,O0002849,Training Wear 2024/25,Training Wear,1,67.91,2025-08-28 07:54:12
S004723,O0002850,Training Wear 2024/25,Training Wear,1,49.55,2025-09-10 06:32:46
S004752,O0002851,Training Wear 2024/25,Training Wear,1,65.36,2025-08-13 12:16:08
S000760,O0002852,Kids 2024/25,Kids,1,59.37,2025-09-01 05:50:52
S000488,O0002853,Kids 2024/25,Kids,1,45.2,2025-08-31 19:15:22
S004358,O0002854,Accessories 2024/25,Accessories,1,23.41,2024-11-28 21:39:25
S003088,O0002855,Home Shirt 2024/25,Home Shirt,1,87.63,2025-08-30 04:21:44
S000891,O0002856,Kids 2024/25,Kids,1,53.56,2024-12-31 17:28:36
S004579,O0002857,Kids 2024/25,Kids,1,49.13,2025-01-05 08:10:29
S000413,O0002858,Accessories 2024/25,Accessories,1,21.97,2025-09-09 06:52:29
S003295,O0002859,Training Wear 2024/25,Training Wear,1,64.22,2025-09-08 09:39:21
S002790,O0002860,Away Shirt 2024/25,Away Shirt,1,92.12,2025-04-22 01:06:00
S003381,O0002861,Away Shirt 2024/25,Away Shirt,1,96.42,2025-09-15 09:51:39
S001405,O0002862,Away Shirt 2024/25,Away Shirt,1,86.47,2024-09-30 03:33:03
S002643,O0002863,Kids 2024/25,Kids,1,53.2,2025-07-02 12:50:46
S002999,O0002864,Accessories 2024/25,Accessories,1,20.38,2024-10-11 18:24:37
S000468,O0002865,Training Wear 2024/25,Training Wear,1,51.18,2025-09-07 02:13:40
S003154,O0002866,Home Shirt 2024/25,Home Shirt,1,76.38,2024-11-23 23:03:00
S001138,O0002867,Away Shirt 2024/25,Away Shirt,2,147.84,2025-08-12 06:43:55
S004988,O0002868,Third Kit 2024/25,Third Kit,1,78.43,2025-04-20 11:15:46
S000881,O0002869,Kids 2024/25,Kids,1,56.67,2025-09-18 05:26:53
S004526,O0002870,Retro 2024/25,Retro,1,73.78,2025-08-23 12:49:43
S002427,O0002871,Accessories 2024/25,Accessories,1,21.86,2025-02-09 20:13:34
S001409,O0002872,Third Kit 2024/25,Third Kit,1,69.08,2024-12-11 15:45:51
S003640,O0002873,Home Shirt 2024/25,Home Shirt,1,82.49,2025-03-24 13:58:50
S004349,O0002874,Accessories 2024/25,Accessories,1,22.9,2025-04-28 23:50:03
S001347,O0002875,Away Shirt 2024/25,Away Shirt,1,73.01,2025-09-12 13:43:02
S004507,O0002876,Training Wear 2024/25,Training Wear,2,132.33,2025-08-26 00:26:33
S000439,O0002877,Away Shirt 2024/25,Away Shirt,1,72.09,2025-08-28 19:32:03
S002523,O0002878,Away Shirt 2024/25,Away Shirt,3,293.55,2025-08-29 08:36:20
S000765,O0002879,Kids 2024/25,Kids,3,144.3,2025-07-14 02:04:10
S004703,O0002880,Retro 2024/25,Retro,1,61.55,2025-09-05 23:34:21
S004317,O0002881,Kids 2024/25,Kids,1,61.69,2025-09-14 01:17:48
S000430,O0002882,Away Shirt 2024/25,Away Shirt,1,74.88,2025-05-05 06:11:43
S003319,O0002883,Retro 2024/25,Retro,1,58.73,2025-08-27 12:17:37
S001173,O0002884,Kids 2024/25,Kids,3,176.31,2025-05-25 12:09:35
S004545,O0002885,Retro 2024/25,Retro,1,61.45,2025-09-19 10:17:39
S002868,O0002886,Accessories 2024/25,Accessories,2,46.82,2025-09-02 22:26:47
S001438,O0002887,Away Shirt 2024/25,Away Shirt,1,76.02,2025-08-23 12:39:09
S000401,O0002888,Home Shirt 2024/25,Home Shirt,1,88.34,2025-08-30 22:32:39
S000120,O0002889,Third Kit 2024/25,Third Kit,1,70.14,2024-10-31 19:50:19
S001544,O0002890,Away Shirt 2024/25,Away Shirt,1,78.51,2025-09-02 06:44:55
S004518,O0002891,Away Shirt 2024/25,Away Shirt,1,84.64,2025-01-30 18:32:21
S003181,O0002892,Retro 2024/25,Retro,1,72.9,2025-08-28 05:12:41
S003489,O0002893,Third Kit 2024/25,Third Kit,1,79.31,2025-09-16 16:09:02
S004268,O0002894,Retro 2024/25,Retro,3,209.16,2025-09-14 00:15:16
S002162,O0002895,Training Wear 2024/25,Training Wear,1,62.05,2025-01-23 22:53:46
S004269,O0002896,Kids 2024/25,Kids,1,59.44,2025-07-19 14:49:09
S002803,O0002897,Retro 2024/25,Retro,3,218.44,2025-08-20 20:24:26
S002343,O0002898,Kids 2024/25,Kids,1,57.08,2025-08-28 09:31:22
S001472,O0002899,Accessories 2024/25,Accessories,1,24.16,2025-06-05 13:58:18
S000249,O0002900,Third Kit 2024/25,Third Kit,1,71.28,2025-09-10 19:24:57
S001335,O0002901,Training Wear 2024/25,Training Wear,1,60.08,2025-08-31 20:29:52
S003306,O0002902,Training Wear 2024/25,Training Wear,1,67.64,2024-11-28 20:51:39
S003492,O0002903,Away Shirt 2024/25,Away Shirt,3,288.84,2025-09-17 08:22:30
S002055,O0002904,Accessories 2024/25,Accessories,2,37.65,2025-08-26 15:38:35
S001596,O0002905,Home Shirt 2024/25,Home Shirt,2,165.84,2025-08-30 05:56:02
S001055,O0002906,Retro 2024/25,Retro,2,137.06,2025-09-05 18:02:09
S000471,O0002907,Home Shirt 2024/25,Home Shirt,2,156.7,2024-10-10 19:38:16
S004909,O0002908,Retro 2024/25,Retro,1,67.63,2025-09-15 15:47:41
S002889,O0002909,Third Kit 2024/25,Third Kit,2,138.77,2025-01-21 08:06:26
S001084,O0002910,Kids 2024/25,Kids,1,48.1,2025-08-22 15:49:09
S003384,O0002911,Third Kit 2024/25,Third Kit,1,73.95,2025-08-24 15:28:15
S002187,O0002912,Kids 2024/25,Kids,1,54.78,2024-10-05 03:07:17
S000963,O0002913,Retro 2024/25,Retro,1,70.68,2025-05-30 07:01:40
S004225,O0002914,Retro 2024/25,Retro,1,59.58,2025-07-20 22:26:50
S003592,O0002915,Training Wear 2024/25,Training Wear,1,67.23,2025-08-25 10:20:34
S004125,O0002916,Kids 2024/25,Kids,1,58.57,2025-09-09 08:29:52
S001957,O0002917,Kids 2024/25,Kids,1,54.5,2024-12-05 22:18:38
S001418,O0002918,Away Shirt 2024/25,Away Shirt,1,73.6,2025-08-15 17:26:51
S003813,O0002919,Away Shirt 2024/25,Away Shirt,3,254.2,2025-04-19 22:49:12
S001115,O0002920,Kids 2024/25,Kids,1,58.33,2025-05-23 21:16:14
S000052,O0002921,Retro 2024/25,Retro,3,223.08,2025-09-09 21:58:12
S000207,O0002922,Away Shirt 2024/25,Away Shirt,1,87.63,2025-08-30 12:17:29
S000626,O0002923,Training Wear 2024/25,Training Wear,1,55.11,2025-09-07 04:08:43
S004490,O0002924,Third Kit 2024/25,Third Kit,1,69.28,2025-09-18 05:35:49
S002721,O0002925,Away Shirt 2024/25,Away Shirt,3,256.53,2025-08-26 10:54:05
S001940,O0002926,Accessories 2024/25,Accessories,1,20.96,2025-09-11 04:40:10
S004741,O0002927,Accessories 2024/25,Accessories,1,18.77,2025-09-02 08:42:44
S001246,O0002928,Training Wear 2024/25,Training Wear,1,51.65,2024-10-18 11:29:51
S000859,O0002929,Accessories 2024/25,Accessories,1,22.42,2025-08-09 16:30:55
S003695,O0002930,Home Shirt 2024/25,Home Shirt,1,96.03,2025-08-25 05:05:54
S002032,O0002931,Home Shirt 2024/25,Home Shirt,1,73.17,2025-07-02 22:45:35
S002068,O0002932,Retro 2024/25,Retro,1,59.75,2025-09-14 14:58:38
S002263,O0002933,Home Shirt 2024/25,Home Shirt,2,163.08,2025-08-26 22:26:27
S001828,O0002934,Retro 2024/25,Retro,1,70.87,2024-12-10 22:27:30
S000182,O0002935,Away Shirt 2024/25,Away Shirt,1,85.44,2025-09-10 01:56:52
S004655,O0002936,Accessories 2024/25,Accessories,1,23.0,2025-02-26 12:16:33
S001329,O0002937,Retro 2024/25,Retro,1,78.22,2024-11-03 05:21:29
S002166,O0002938,Kids 2024/25,Kids,1,56.43,2025-09-07 05:20:17
S002928,O0002939,Away Shirt 2024/25,Away Shirt,1,79.86,2025-05-01 19:13:29
S002165,O0002940,Home Shirt 2024/25,Home Shirt,1,90.15,2025-09-15 20:34:41
S002999,O0002941,Home Shirt 2024/25,Home Shirt,1,98.35,2025-04-27 01:07:28
S002072,O0002942,Training Wear 2024/25,Training Wear,1,57.26,2025-07-16 01:48:33
S004369,O0002943,Third Kit 2024/25,Third Kit,1,91.08,2025-09-13 21:45:51
S000921,O0002944,Accessories 2024/25,Accessories,1,22.31,2025-08-04 21:10:07
S002564,O0002945,Third Kit 2024/25,Third Kit,1,73.33,2025-08-26 17:24:34
S000353,O0002946,Retro 2024/25,Retro,1,59.53,2025-09-11 12:57:52
S003579,O0002947,Accessories 2024/25,Accessories,1,21.22,2024-10-23 08:49:59
S003461,O0002948,Third Kit 2024/25,Third Kit,1,80.14,2025-01-05 14:06:51
S002832,O0002949,Accessories 2024/25,Accessories,1,21.24,2025-09-11 23:47:31
S004569,O0002950,Third Kit 2024/25,Third Kit,1,91.77,2025-09-07 11:32:39
S003212,O0002951,Accessories 2024/25,Accessories,1,20.7,2025-09-06 18:43:44
S001088,O0002952,Kids 2024/25,Kids,1,55.23,2025-09-06 02:05:01
S003200,O0002953,Training Wear 2024/25,Training Wear,2,107.75,2025-03-22 20:08:32
S001396,O0002954,Accessories 2024/25,Accessories,1,18.36,2025-08-29 02:15:00
S003617,O0002955,Away Shirt 2024/25,Away Shirt,1,84.42,2025-09-08 23:21:51
S004015,O0002956,Away Shirt 2024/25,Away Shirt,1,80.55,2025-07-09 04:45:55
S001688,O0002957,Training Wear 2024/25,Training Wear,2,119.1,2025-05-10 20:54:40
S004434,O0002958,Training Wear 2024/25,Training Wear,1,63.27,2025-09-03 10:22:46
S001785,O0002959,Retro 2024/25,Retro,1,65.87,2025-03-07 16:38:44
S004730,O0002960,Away Shirt 2024/25,Away Shirt,1,90.58,2025-06-28 09:27:50
S000640,O0002961,Third Kit 2024/25,Third Kit,2,151.72,2025-02-24 08:57:33
S003193,O0002962,Retro 2024/25,Retro,1,73.82,2025-09-02 09:43:19
S001426,O0002963,Home Shirt 2024/25,Home Shirt,1,82.0,2025-06-19 04:11:33
S003605,O0002964,Third Kit 2024/25,Third Kit,1,72.9,2025-08-26 23:04:13
S001289,O0002965,Third Kit 2024/25,Third Kit,1,82.34,2024-10-13 17:50:43
S002113,O0002966,Home Shirt 2024/25,Home Shirt,1,86.7,2025-09-14 05:52:24
S002812,O0002967,Home Shirt 2024/25,Home Shirt,1,89.06,2025-09-13 21:15:29
S003285,O0002968,Retro 2024/25,Retro,1,74.97,2024-10-06 03:46:40
S003205,O0002969,Kids 2024/25,Kids,1,49.0,2025-01-25 09:21:50
S003469,O0002970,Accessories 2024/25,Accessories,1,24.5,2025-09-08 17:18:05
S000726,O0002971,Kids 2024/25,Kids,1,55.63,2025-08-24 14:12:59
S002201,O0002972,Accessories 2024/25,Accessories,1,19.8,2024-10-26 14:57:19
S002352,O0002973,Away Shirt 2024/25,Away Shirt,1,98.09,2025-04-20 12:44:05
S002849,O0002974,Training Wear 2024/25,Training Wear,1,59.98,2025-09-03 15:35:14
S002351,O0002975,Accessories 2024/25,Accessories,1,21.98,2025-03-10 07:27:44
S003671,O0002976,Accessories 2024/25,Accessories,1,22.01,2025-02-26 21:15:59
S003787,O0002977,Away Shirt 2024/25,Away Shirt,1,81.64,2024-09-29 19:34:25
S001397,O0002978,Kids 2024/25,Kids,1,50.8,2025-03-27 23:02:38
S001305,O0002979,Away Shirt 2024/25,Away Shirt,1,96.53,2025-07-16 12:35:27
S002465,O0002980,Third Kit 2024/25,Third Kit,1,81.28,2025-02-04 10:05:22
S004232,O0002981,Third Kit 2024/25,Third Kit,3,235.92,2025-01-23 09:01:41
S003985,O0002982,Accessories 2024/25,Accessories,1,20.39,2025-08-28 15:55:41
S004489,O0002983,Kids 2024/25,Kids,1,50.55,2025-09-13 04:25:19
S001675,O0002984,Home Shirt 2024/25,Home Shirt,1,85.38,2025-08-27 18:01:55
S002359,O0002985,Home Shirt 2024/25,Home Shirt,1,80.36,2025-08-23 12:27:43
S003525,O0002986,Training Wear 2024/25,Training Wear,1,65.31,2025-02-20 15:30:35
S004587,O0002987,Home Shirt 2024/25,Home Shirt,1,78.89,2025-09-06 13:47:11
S000735,O0002988,Retro 2024/25,Retro,1,76.85,2025-08-29 07:20:46
S004900,O0002989,Training Wear 2024/25,Training Wear,1,59.42,2025-07-27 20:53:30
S000728,O0002990,Accessories 2024/25,Accessories,1,18.26,2024-10-13 07:10:09
S003528,O0002991,Away Shirt 2024/25,Away Shirt,1,82.42,2025-09-06 15:39:39
S001206,O0002992,Training Wear 2024/25,Training Wear,1,54.25,2025-08-21 18:37:13
S000516,O0002993,Away Shirt 2024/25,Away Shirt,3,261.16,2025-08-08 06:51:01
S003442,O0002994,Accessories 2024/25,Accessories,2,45.08,2024-11-20 09:56:37
S002981,O0002995,Training Wear 2024/25,Training Wear,1,52.05,2025-09-10 17:15:43
S004471,O0002996,Training Wear 2024/25,Training Wear,1,62.39,2025-09-10 23:22:28
S003867,O0002997,Accessories 2024/25,Accessories,1,23.6,2025-01-22 18:28:49
S004888,O0002998,Third Kit 2024/25,Third Kit,1,80.63,2025-07-30 10:10:44
S004909,O0002999,Kids 2024/25,Kids,1,59.85,2025-09-04 22:43:04
S004793,O0003000,Home Shirt 2024/25,Home Shirt,1,77.89,2024-10-29 23:54:00
S000077,O0003001,Accessories 2024/25,Accessories,1,20.36,2024-10-29 11:18:38
S001468,O0003002,Retro 2024/25,Retro,1,73.03,2025-09-10 15:35:24
S002761,O0003003,Accessories 2024/25,Accessories,1,22.35,2025-02-26 20:01:22
S004936,O0003004,Kids 2024/25,Kids,2,111.95,2024-10-06 15:34:09
S000851,O0003005,Retro 2024/25,Retro,2,125.7,2025-08-24 12:33:58
S000168,O0003006,Kids 2024/25,Kids,1,51.16,2025-08-30 07:39:03
S004454,O0003007,Training Wear 2024/25,Training Wear,1,67.4,2025-07-25 21:40:12
S000445,O0003008,Away Shirt 2024/25,Away Shirt,1,82.22,2025-08-27 05:19:25
S003602,O0003009,Third Kit 2024/25,Third Kit,3,272.39,2025-09-14 18:41:18
S004997,O0003010,Retro 2024/25,Retro,1,70.36,2024-11-22 10:36:10
S003420,O0003011,Home Shirt 2024/25,Home Shirt,1,75.59,2024-12-12 02:17:54
S003061,O0003012,Training Wear 2024/25,Training Wear,1,57.66,2024-11-19 00:13:02
S003301,O0003013,Training Wear 2024/25,Training Wear,1,67.28,2025-04-01 18:59:37
S002908,O0003014,Accessories 2024/25,Accessories,1,18.5,2025-08-29 21:26:44
S004357,O0003015,Away Shirt 2024/25,Away Shirt,1,81.33,2025-03-27 11:11:44
S001984,O0003016,Training Wear 2024/25,Training Wear,1,65.58,2025-09-19 04:14:27
S001933,O0003017,Accessories 2024/25,Accessories,1,19.16,2025-01-03 06:01:14
S004202,O0003018,Kids 2024/25,Kids,1,56.49,2025-09-14 00:26:45
S001921,O0003019,Kids 2024/25,Kids,1,61.62,2025-02-01 06:06:15
S003039,O0003020,Retro 2024/25,Retro,1,61.61,2025-09-04 05:02:05
S004068,O0003021,Accessories 2024/25,Accessories,1,21.84,2025-05-22 08:12:00
S000603,O0003022,Kids 2024/25,Kids,1,49.54,2025-06-10 00:30:44
S003124,O0003023,Away Shirt 2024/25,Away Shirt,1,78.27,2024-10-16 12:50:49
S000023,O0003024,Home Shirt 2024/25,Home Shirt,1,74.24,2025-08-30 16:32:21
S002039,O0003025,Retro 2024/25,Retro,1,64.61,2024-11-14 10:02:34
S000046,O0003026,Kids 2024/25,Kids,1,54.72,2025-09-08 08:18:29
S000497,O0003027,Training Wear 2024/25,Training Wear,1,60.95,2025-02-13 15:43:49
S003130,O0003028,Retro 2024/25,Retro,1,74.59,2025-09-07 03:54:06
S001882,O0003029,Retro 2024/25,Retro,1,62.23,2024-10-01 06:22:11
S001653,O0003030,Accessories 2024/25,Accessories,2,49.73,2025-09-08 08:59:46
S003342,O0003031,Away Shirt 2024/25,Away Shirt,1,98.75,2024-10-22 03:55:54
S000329,O0003032,Training Wear 2024/25,Training Wear,1,51.35,2024-09-22 16:28:29
S004070,O0003033,Training Wear 2024/25,Training Wear,1,53.02,2025-05-14 09:24:02
S004448,O0003034,Home Shirt 2024/25,Home Shirt,1,84.73,2025-09-05 19:21:41
S000654,O0003035,Kids 2024/25,Kids,1,56.82,2025-08-21 15:38:16
S003160,O0003036,Third Kit 2024/25,Third Kit,1,77.33,2025-08-22 00:52:59
S000468,O0003037,Away Shirt 2024/25,Away Shirt,2,144.67,2024-09-29 01:43:33
S003409,O0003038,Kids 2024/25,Kids,1,46.59,2025-09-10 17:13:47
S004288,O0003039,Away Shirt 2024/25,Away Shirt,1,76.89,2025-09-02 05:10:23
S000600,O0003040,Retro 2024/25,Retro,1,66.12,2024-11-05 02:09:44
S000827,O0003041,Kids 2024/25,Kids,1,53.3,2024-11-05 23:39:26
S001805,O0003042,Home Shirt 2024/25,Home Shirt,1,92.97,2025-08-30 13:50:20
S001448,O0003043,Kids 2024/25,Kids,1,60.79,2025-09-03 03:06:53
S001177,O0003044,Away Shirt 2024/25,Away Shirt,1,76.82,2025-06-26 01:56:42
S001092,O0003045,Retro 2024/25,Retro,2,135.51,2025-09-01 23:28:48
S003815,O0003046,Away Shirt 2024/25,Away Shirt,2,196.51,2024-12-27 15:16:01
S000387,O0003047,Kids 2024/25,Kids,1,50.19,2025-09-17 21:00:15
S001820,O0003048,Home Shirt 2024/25,Home Shirt,1,83.35,2025-09-10 12:11:25
S003463,O0003049,Training Wear 2024/25,Training Wear,2,132.42,2025-01-24 12:34:42
S002202,O0003050,Home Shirt 2024/25,Home Shirt,1,89.42,2025-08-29 21:31:22
S004972,O0003051,Retro 2024/25,Retro,1,77.32,2025-08-27 08:08:36
S002823,O0003052,Away Shirt 2024/25,Away Shirt,1,90.79,2025-08-27 12:48:41
S001807,O0003053,Accessories 2024/25,Accessories,1,19.58,2024-10-21 11:08:17
S000585,O0003054,Away Shirt 2024/25,Away Shirt,1,94.15,2024-09-27 00:52:39
S003448,O0003055,Home Shirt 2024/25,Home Shirt,1,76.9,2025-08-17 00:51:51
S002169,O0003056,Away Shirt 2024/25,Away Shirt,3,275.1,2025-06-04 02:35:23
S001603,O0003057,Training Wear 2024/25,Training Wear,1,52.41,2025-09-02 08:56:36
S000668,O0003058,Accessories 2024/25,Accessories,1,22.3,2024-12-20 13:39:04
S000775,O0003059,Third Kit 2024/25,Third Kit,1,81.8,2025-05-10 23:46:56
S001734,O0003060,Retro 2024/25,Retro,1,61.89,2025-09-13 11:00:29
S000340,O0003061,Away Shirt 2024/25,Away Shirt,1,89.04,2025-08-20 14:48:36
S003018,O0003062,Away Shirt 2024/25,Away Shirt,1,77.27,2025-01-22 03:07:57
S002626,O0003063,Accessories 2024/25,Accessories,1,21.03,2025-08-27 08:26:40
S001463,O0003064,Third Kit 2024/25,Third Kit,1,87.87,2025-09-19 17:28:43
S001747,O0003065,Accessories 2024/25,Accessories,1,20.65,2025-08-31 06:19:14
S002911,O0003066,Accessories 2024/25,Accessories,2,44.92,2025-09-12 05:11:03
S000254,O0003067,Retro 2024/25,Retro,1,61.64,2025-03-27 02:39:55
S001410,O0003068,Accessories 2024/25,Accessories,2,37.46,2025-03-10 01:30:33
S002985,O0003069,Away Shirt 2024/25,Away Shirt,1,83.64,2025-01-14 13:44:51
S004302,O0003070,Third Kit 2024/25,Third Kit,1,76.61,2025-09-03 05:41:43
S003375,O0003071,Away Shirt 2024/25,Away Shirt,1,88.26,2025-09-08 01:10:43
S003449,O0003072,Accessories 2024/25,Accessories,1,21.89,2024-09-29 14:47:41
S003341,O0003073,Training Wear 2024/25,Training Wear,1,61.34,2025-02-20 04:07:44
S004044,O0003074,Training Wear 2024/25,Training Wear,1,50.92,2024-11-03 17:06:40
S001666,O0003075,Training Wear 2024/25,Training Wear,2,134.78,2024-10-13 17:53:34
S003705,O0003076,Retro 2024/25,Retro,1,66.28,2025-09-06 06:14:10
S003107,O0003077,Kids 2024/25,Kids,1,57.92,2025-08-03 18:52:52
S004565,O0003078,Third Kit 2024/25,Third Kit,1,86.15,2025-05-26 16:11:07
S004381,O0003079,Away Shirt 2024/25,Away Shirt,1,89.71,2025-09-10 07:44:51
S002331,O0003080,Retro 2024/25,Retro,3,176.75,2025-08-30 00:25:41
S002549,O0003081,Kids 2024/25,Kids,1,47.88,2025-06-12 06:55:46
S000512,O0003082,Training Wear 2024/25,Training Wear,1,67.71,2025-01-19 03:51:22
S000064,O0003083,Third Kit 2024/25,Third Kit,1,74.69,2025-09-03 02:56:54
S004990,O0003084,Home Shirt 2024/25,Home Shirt,1,72.61,2025-09-16 19:23:18
S000518,O0003085,Home Shirt 2024/25,Home Shirt,1,84.88,2025-08-29 11:27:04
S003058,O0003086,Retro 2024/25,Retro,1,80.23,2024-11-01 07:07:30
S003307,O0003087,Away Shirt 2024/25,Away Shirt,1,82.6,2025-09-19 02:04:01
S004227,O0003088,Third Kit 2024/25,Third Kit,1,75.9,2025-07-16 19:55:49
S002046,O0003089,Third Kit 2024/25,Third Kit,1,93.37,2025-08-30 08:04:47
S002482,O0003090,Accessories 2024/25,Accessories,1,18.97,2025-08-30 22:06:33
S004832,O0003091,Third Kit 2024/25,Third Kit,1,74.99,2025-09-07 04:45:47
S003322,O0003092,Third Kit 2024/25,Third Kit,1,68.9,2024-11-16 06:18:31
S002542,O0003093,Retro 2024/25,Retro,1,67.09,2025-09-09 13:46:25
S001188,O0003094,Retro 2024/25,Retro,2,123.45,2024-10-31 17:43:34
S000284,O0003095,Kids 2024/25,Kids,1,49.45,2025-06-22 10:39:29
S001646,O0003096,Accessories 2024/25,Accessories,1,18.95,2025-08-29 22:56:08
S000284,O0003097,Home Shirt 2024/25,Home Shirt,1,92.82,2025-06-30 11:27:32
S001748,O0003098,Training Wear 2024/25,Training Wear,3,197.54,2024-10-05 13:02:48
S001629,O0003099,Training Wear 2024/25,Training Wear,1,55.68,2025-09-17 20:07:30
S004305,O0003100,Training Wear 2024/25,Training Wear,1,62.95,2025-01-14 14:25:37
S003968,O0003101,Retro 2024/25,Retro,1,72.5,2025-09-07 06:31:19
S003547,O0003102,Kids 2024/25,Kids,2,111.85,2024-12-06 22:51:01
S004408,O0003103,Accessories 2024/25,Accessories,1,20.48,2025-08-27 07:36:28
S000745,O0003104,Retro 2024/25,Retro,2,121.41,2025-08-06 08:47:42
S000576,O0003105,Third Kit 2024/25,Third Kit,1,93.29,2024-12-29 13:01:43
S002848,O0003106,Home Shirt 2024/25,Home Shirt,3,254.46,2025-07-06 17:19:25
S003422,O0003107,Accessories 2024/25,Accessories,1,22.89,2025-09-13 06:49:27
S003490,O0003108,Accessories 2024/25,Accessories,2,48.01,2025-08-25 18:02:04
S004727,O0003109,Home Shirt 2024/25,Home Shirt,1,80.35,2025-09-04 06:54:27
S000161,O0003110,Home Shirt 2024/25,Home Shirt,1,95.13,2025-04-09 21:49:32
S003302,O0003111,Kids 2024/25,Kids,1,52.14,2025-09-16 14:31:32
S003335,O0003112,Third Kit 2024/25,Third Kit,1,82.03,2025-09-20 04:48:41
S004255,O0003113,Away Shirt 2024/25,Away Shirt,1,88.31,2025-06-22 17:57:08
S000436,O0003114,Training Wear 2024/25,Training Wear,1,50.31,2025-09-06 13:07:44
S000289,O0003115,Home Shirt 2024/25,Home Shirt,1,91.8,2025-06-16 13:36:04
S001630,O0003116,Retro 2024/25,Retro,3,187.65,2024-10-24 07:10:21
S000490,O0003117,Training Wear 2024/25,Training Wear,1,53.26,2025-08-31 22:41:19
S004442,O0003118,Kids 2024/25,Kids,1,58.26,2025-05-26 15:24:31
S000916,O0003119,Training Wear 2024/25,Training Wear,1,58.82,2025-03-16 21:46:52
S003631,O0003120,Accessories 2024/25,Accessories,1,19.58,2025-05-15 13:48:25
S002030,O0003121,Retro 2024/25,Retro,1,76.94,2025-08-25 01:47:04
S004362,O0003122,Home Shirt 2024/25,Home Shirt,1,92.04,2025-07-31 07:37:15
S003177,O0003123,Training Wear 2024/25,Training Wear,1,67.7,2025-09-04 09:49:30
S004267,O0003124,Accessories 2024/25,Accessories,1,24.82,2025-08-08 20:36:52
S004802,O0003125,Kids 2024/25,Kids,1,61.74,2025-02-20 04:43:24
S003585,O0003126,Kids 2024/25,Kids,2,120.7,2025-09-12 16:44:23
S002146,O0003127,Kids 2024/25,Kids,1,48.23,2025-09-08 22:09:23
S002979,O0003128,Third Kit 2024/25,Third Kit,1,88.59,2025-08-01 03:38:18
S002680,O0003129,Training Wear 2024/25,Training Wear,1,56.08,2025-07-04 19:17:48
S004367,O0003130,Third Kit 2024/25,Third Kit,1,93.33,2025-01-29 02:35:59
S001966,O0003131,Kids 2024/25,Kids,1,60.0,2025-05-20 08:05:23
S000416,O0003132,Away Shirt 2024/25,Away Shirt,1,95.66,2025-09-02 13:10:17
S004826,O0003133,Retro 2024/25,Retro,1,65.73,2025-08-27 03:39:35
S003966,O0003134,Kids 2024/25,Kids,1,53.4,2025-06-11 08:18:54
S001993,O0003135,Retro 2024/25,Retro,1,77.3,2025-08-28 04:00:57
S002308,O0003136,Home Shirt 2024/25,Home Shirt,1,95.33,2025-06-05 21:26:42
S000754,O0003137,Kids 2024/25,Kids,1,48.52,2025-03-07 16:11:14
S000572,O0003138,Accessories 2024/25,Accessories,1,21.2,2025-01-23 08:35:25
S002565,O0003139,Retro 2024/25,Retro,1,66.11,2024-11-04 05:31:37
S002771,O0003140,Training Wear 2024/25,Training Wear,1,53.49,2025-09-06 13:19:47
S002802,O0003141,Away Shirt 2024/25,Away Shirt,1,74.13,2025-06-06 01:59:01
S004152,O0003142,Accessories 2024/25,Accessories,1,18.83,2025-05-26 17:35:07
S002230,O0003143,Training Wear 2024/25,Training Wear,1,55.12,2025-08-25 20:55:50
S000073,O0003144,Retro 2024/25,Retro,1,68.11,2024-10-26 13:36:42
S002918,O0003145,Home Shirt 2024/25,Home Shirt,1,87.28,2025-09-12 11:41:53
S001192,O0003146,Accessories 2024/25,Accessories,1,23.0,2025-08-30 12:03:23
S000708,O0003147,Training Wear 2024/25,Training Wear,1,65.01,2025-04-05 11:55:05
S004132,O0003148,Accessories 2024/25,Accessories,1,21.07,2025-09-01 08:17:28
S003335,O0003149,Away Shirt 2024/25,Away Shirt,1,89.51,2024-10-02 02:50:41
S000169,O0003150,Away Shirt 2024/25,Away Shirt,1,83.26,2025-09-07 16:31:46
S004302,O0003151,Kids 2024/25,Kids,1,61.26,2025-08-30 06:54:17
S001965,O0003152,Retro 2024/25,Retro,1,76.27,2025-08-14 05:13:10
S003210,O0003153,Away Shirt 2024/25,Away Shirt,1,93.63,2025-09-18 10:52:44
S000646,O0003154,Accessories 2024/25,Accessories,1,21.85,2025-04-21 00:07:09
S000737,O0003155,Training Wear 2024/25,Training Wear,1,51.89,2025-06-14 23:37:30
S003297,O0003156,Training Wear 2024/25,Training Wear,1,53.61,2025-01-21 17:38:28
S001607,O0003157,Away Shirt 2024/25,Away Shirt,1,74.1,2025-05-08 03:01:49
S002656,O0003158,Kids 2024/25,Kids,1,58.87,2024-09-22 00:05:48
S002590,O0003159,Away Shirt 2024/25,Away Shirt,1,79.78,2024-12-26 08:22:44
S002914,O0003160,Accessories 2024/25,Accessories,1,22.02,2025-05-31 11:36:21
S000460,O0003161,Third Kit 2024/25,Third Kit,1,86.91,2025-09-03 14:28:35
S003503,O0003162,Accessories 2024/25,Accessories,1,21.15,2025-08-29 05:58:47
S002964,O0003163,Training Wear 2024/25,Training Wear,1,67.58,2025-08-24 07:14:20
S000722,O0003164,Kids 2024/25,Kids,1,57.3,2025-02-22 21:03:32
S003649,O0003165,Home Shirt 2024/25,Home Shirt,1,90.43,2025-08-26 19:59:19
S001482,O0003166,Third Kit 2024/25,Third Kit,1,74.22,2025-08-25 22:29:41
S002982,O0003167,Kids 2024/25,Kids,1,59.5,2025-08-09 08:40:53
S000282,O0003168,Third Kit 2024/25,Third Kit,1,92.55,2025-09-04 20:59:50
S004336,O0003169,Kids 2024/25,Kids,2,94.89,2024-12-18 06:03:11
S003807,O0003170,Accessories 2024/25,Accessories,1,20.47,2025-08-30 06:30:47
S004336,O0003171,Away Shirt 2024/25,Away Shirt,1,75.77,2024-10-22 12:45:28
S000091,O0003172,Home Shirt 2024/25,Home Shirt,2,197.75,2025-09-06 16:29:06
S004675,O0003173,Home Shirt 2024/25,Home Shirt,1,75.03,2024-10-26 21:17:26
S001181,O0003174,Away Shirt 2024/25,Away Shirt,1,86.09,2025-03-27 22:33:46
S000938,O0003175,Training Wear 2024/25,Training Wear,1,52.14,2025-05-31 06:20:38
S001736,O0003176,Retro 2024/25,Retro,1,71.93,2025-09-17 15:59:16
S004671,O0003177,Home Shirt 2024/25,Home Shirt,1,84.56,2025-09-08 01:33:45
S000464,O0003178,Home Shirt 2024/25,Home Shirt,1,99.79,2025-09-04 10:28:23
S001013,O0003179,Third Kit 2024/25,Third Kit,1,81.54,2025-08-21 23:09:42
S000881,O0003180,Retro 2024/25,Retro,1,67.61,2025-09-12 03:37:39
S002392,O0003181,Home Shirt 2024/25,Home Shirt,1,81.89,2025-08-22 22:02:54
S000559,O0003182,Third Kit 2024/25,Third Kit,1,88.56,2025-04-14 02:36:31
S003165,O0003183,Home Shirt 2024/25,Home Shirt,1,77.38,2025-09-11 19:06:56
S001723,O0003184,Accessories 2024/25,Accessories,1,24.89,2025-01-06 04:32:03
S003847,O0003185,Home Shirt 2024/25,Home Shirt,3,254.81,2024-11-24 07:25:37
S000603,O0003186,Third Kit 2024/25,Third Kit,1,77.13,2025-08-07 20:26:30
S003905,O0003187,Third Kit 2024/25,Third Kit,1,91.75,2025-03-13 17:05:10
S002730,O0003188,Training Wear 2024/25,Training Wear,1,68.48,2025-08-28 17:05:26
S004356,O0003189,Home Shirt 2024/25,Home Shirt,1,80.53,2025-09-08 06:07:00
S000251,O0003190,Away Shirt 2024/25,Away Shirt,1,84.27,2025-08-28 16:49:35
S002642,O0003191,Kids 2024/25,Kids,1,59.47,2025-09-14 23:02:38
S002283,O0003192,Away Shirt 2024/25,Away Shirt,1,91.21,2025-01-16 05:51:27
S000944,O0003193,Kids 2024/25,Kids,1,56.08,2025-05-15 23:32:25
S001887,O0003194,Home Shirt 2024/25,Home Shirt,1,87.29,2025-05-16 23:37:35
S003378,O0003195,Accessories 2024/25,Accessories,2,40.41,2024-11-06 06:11:02
S003607,O0003196,Accessories 2024/25,Accessories,1,23.2,2025-09-04 10:43:56
S000783,O0003197,Away Shirt 2024/25,Away Shirt,1,97.97,2025-01-11 21:10:12
S000996,O0003198,Retro 2024/25,Retro,1,60.69,2025-01-26 01:43:57
S000156,O0003199,Home Shirt 2024/25,Home Shirt,1,96.9,2025-09-20 01:34:22
S001830,O0003200,Retro 2024/25,Retro,1,66.16,2024-10-03 15:46:54
S003844,O0003201,Accessories 2024/25,Accessories,1,20.65,2025-09-03 01:29:23
S000754,O0003202,Kids 2024/25,Kids,1,56.68,2025-09-06 08:20:28
S002857,O0003203,Retro 2024/25,Retro,1,78.78,2025-07-18 16:41:16
S003739,O0003204,Retro 2024/25,Retro,1,59.94,2025-06-17 00:30:46
S001085,O0003205,Retro 2024/25,Retro,3,215.08,2025-09-09 01:24:59
S003802,O0003206,Retro 2024/25,Retro,1,78.93,2025-09-09 20:56:40
S000741,O0003207,Retro 2024/25,Retro,3,188.59,2025-09-15 17:21:15
S001183,O0003208,Away Shirt 2024/25,Away Shirt,1,96.25,2025-09-14 08:21:47
S001582,O0003209,Accessories 2024/25,Accessories,1,22.93,2025-09-02 13:52:59
S003553,O0003210,Home Shirt 2024/25,Home Shirt,1,79.79,2025-09-05 09:30:42
S001857,O0003211,Away Shirt 2024/25,Away Shirt,1,77.16,2025-09-10 10:49:39
S003439,O0003212,Training Wear 2024/25,Training Wear,1,50.68,2025-09-03 13:59:43
S004992,O0003213,Retro 2024/25,Retro,1,80.23,2025-01-18 07:06:10
S003607,O0003214,Away Shirt 2024/25,Away Shirt,1,76.4,2025-08-12 08:05:48
S004719,O0003215,Retro 2024/25,Retro,1,59.16,2025-08-26 16:16:55
S003523,O0003216,Home Shirt 2024/25,Home Shirt,1,86.1,2024-10-18 04:30:37
S001369,O0003217,Third Kit 2024/25,Third Kit,1,79.2,2025-06-23 17:02:02
S001144,O0003218,Training Wear 2024/25,Training Wear,2,112.46,2024-10-09 02:03:19
S000961,O0003219,Retro 2024/25,Retro,1,75.15,2024-11-19 18:53:17
S000003,O0003220,Accessories 2024/25,Accessories,1,23.08,2025-09-19 18:22:46
S000956,O0003221,Training Wear 2024/25,Training Wear,2,109.94,2025-02-23 16:22:09
S002466,O0003222,Retro 2024/25,Retro,1,78.22,2025-09-01 10:53:02
S001331,O0003223,Accessories 2024/25,Accessories,2,44.83,2024-12-02 22:54:49
S004940,O0003224,Retro 2024/25,Retro,1,69.51,2025-09-12 01:52:00
S001723,O0003225,Training Wear 2024/25,Training Wear,1,55.05,2024-12-12 02:30:46
S003521,O0003226,Training Wear 2024/25,Training Wear,1,68.37,2025-01-24 07:49:32
S002218,O0003227,Third Kit 2024/25,Third Kit,1,68.04,2025-03-26 22:31:22
S002922,O0003228,Third Kit 2024/25,Third Kit,1,69.71,2025-09-07 22:09:24
S001554,O0003229,Retro 2024/25,Retro,1,68.62,2025-09-13 11:44:41
S002216,O0003230,Third Kit 2024/25,Third Kit,1,92.04,2025-01-12 17:46:02
S004606,O0003231,Away Shirt 2024/25,Away Shirt,1,94.41,2025-09-15 07:53:48
S000206,O0003232,Home Shirt 2024/25,Home Shirt,1,96.51,2024-12-18 13:22:56
S000691,O0003233,Training Wear 2024/25,Training Wear,1,62.85,2025-09-05 05:06:23
S002489,O0003234,Home Shirt 2024/25,Home Shirt,1,78.59,2025-08-30 16:50:59
S000701,O0003235,Third Kit 2024/25,Third Kit,1,78.57,2025-09-17 14:30:27
S000291,O0003236,Third Kit 2024/25,Third Kit,1,84.75,2024-11-28 06:32:07
S003688,O0003237,Away Shirt 2024/25,Away Shirt,1,81.64,2025-09-10 18:37:56
S000873,O0003238,Training Wear 2024/25,Training Wear,1,61.74,2025-02-23 15:48:44
S002618,O0003239,Third Kit 2024/25,Third Kit,1,89.82,2025-06-26 21:33:16
S003711,O0003240,Away Shirt 2024/25,Away Shirt,2,172.22,2024-12-14 08:35:04
S003983,O0003241,Accessories 2024/25,Accessories,1,19.75,2025-08-31 16:42:59
S000063,O0003242,Third Kit 2024/25,Third Kit,1,76.3,2025-03-14 03:08:12
S003887,O0003243,Retro 2024/25,Retro,1,75.43,2025-08-31 21:21:56
S002949,O0003244,Kids 2024/25,Kids,1,56.77,2025-08-23 00:53:45
S004825,O0003245,Accessories 2024/25,Accessories,1,23.61,2025-01-31 05:12:16
S000855,O0003246,Accessories 2024/25,Accessories,1,20.65,2025-09-03 16:44:56
S004384,O0003247,Away Shirt 2024/25,Away Shirt,1,84.65,2025-09-10 18:02:32
S004859,O0003248,Training Wear 2024/25,Training Wear,1,60.67,2025-08-27 05:42:41
S003517,O0003249,Away Shirt 2024/25,Away Shirt,2,170.38,2025-09-18 01:36:36
S000586,O0003250,Home Shirt 2024/25,Home Shirt,1,74.41,2025-09-20 05:26:49
S004957,O0003251,Kids 2024/25,Kids,1,57.97,2024-10-13 08:43:57
S001860,O0003252,Training Wear 2024/25,Training Wear,1,50.27,2025-09-03 06:31:59
S001081,O0003253,Third Kit 2024/25,Third Kit,1,75.84,2025-08-27 14:14:51
S001371,O0003254,Kids 2024/25,Kids,1,62.03,2025-08-09 07:09:29
S003069,O0003255,Home Shirt 2024/25,Home Shirt,1,74.62,2024-12-05 12:27:00
S001403,O0003256,Home Shirt 2024/25,Home Shirt,2,176.91,2025-09-12 06:11:28
S001982,O0003257,Home Shirt 2024/25,Home Shirt,1,78.37,2025-08-03 05:26:43
S003747,O0003258,Training Wear 2024/25,Training Wear,1,56.42,2025-09-15 04:57:16
S001805,O0003259,Accessories 2024/25,Accessories,1,24.02,2025-09-08 07:52:57
S004824,O0003260,Third Kit 2024/25,Third Kit,1,71.91,2025-08-23 11:46:07
S002500,O0003261,Retro 2024/25,Retro,2,155.98,2025-03-20 04:10:25
S001454,O0003262,Away Shirt 2024/25,Away Shirt,1,74.21,2025-09-14 12:01:39
S001180,O0003263,Accessories 2024/25,Accessories,1,23.78,2024-12-05 12:57:35
S002356,O0003264,Kids 2024/25,Kids,1,49.79,2025-01-03 11:58:46
S000502,O0003265,Kids 2024/25,Kids,3,140.72,2025-03-03 09:30:46
S000010,O0003266,Away Shirt 2024/25,Away Shirt,3,224.4,2025-09-02 07:02:34
S001901,O0003267,Training Wear 2024/25,Training Wear,1,62.29,2025-08-31 03:51:26
S000143,O0003268,Home Shirt 2024/25,Home Shirt,1,93.38,2025-03-16 07:36:48
S003760,O0003269,Kids 2024/25,Kids,1,48.93,2025-09-12 14:53:50
S000486,O0003270,Kids 2024/25,Kids,1,58.09,2024-11-27 09:43:45
S001551,O0003271,Away Shirt 2024/25,Away Shirt,1,94.95,2025-09-20 06:13:26
S002691,O0003272,Third Kit 2024/25,Third Kit,1,73.97,2025-06-19 13:21:48
S002887,O0003273,Kids 2024/25,Kids,2,107.1,2024-09-26 16:26:29
S003136,O0003274,Third Kit 2024/25,Third Kit,1,76.66,2025-08-30 17:05:30
S000242,O0003275,Accessories 2024/25,Accessories,1,24.91,2025-09-15 09:02:48
S000482,O0003276,Accessories 2024/25,Accessories,1,18.8,2025-09-08 23:38:36
S001257,O0003277,Retro 2024/25,Retro,1,65.78,2024-10-10 15:16:24
S004629,O0003278,Third Kit 2024/25,Third Kit,2,138.87,2025-09-10 08:15:08
S003240,O0003279,Home Shirt 2024/25,Home Shirt,3,276.28,2024-10-25 12:47:47
S004611,O0003280,Away Shirt 2024/25,Away Shirt,1,99.52,2025-08-31 20:51:29
S002341,O0003281,Away Shirt 2024/25,Away Shirt,1,76.02,2025-08-03 13:35:49
S001610,O0003282,Accessories 2024/25,Accessories,1,21.82,2025-08-29 19:42:49
S004566,O0003283,Kids 2024/25,Kids,1,52.85,2024-12-18 06:02:55
S003659,O0003284,Accessories 2024/25,Accessories,1,24.94,2025-06-15 13:43:28
S004204,O0003285,Third Kit 2024/25,Third Kit,1,68.71,2024-12-25 03:25:09
S002685,O0003286,Training Wear 2024/25,Training Wear,1,55.25,2025-06-05 08:04:16
S002003,O0003287,Retro 2024/25,Retro,1,78.14,2025-06-17 21:57:36
S000675,O0003288,Home Shirt 2024/25,Home Shirt,1,94.12,2025-07-01 11:24:34
S003619,O0003289,Retro 2024/25,Retro,1,76.76,2025-01-10 16:00:04
S003094,O0003290,Home Shirt 2024/25,Home Shirt,1,97.86,2025-04-26 07:57:08
S000930,O0003291,Home Shirt 2024/25,Home Shirt,1,90.46,2025-08-31 11:18:11
S001068,O0003292,Away Shirt 2024/25,Away Shirt,1,87.9,2025-02-15 15:56:52
S000463,O0003293,Away Shirt 2024/25,Away Shirt,2,190.68,2024-10-17 18:46:09
S000840,O0003294,Accessories 2024/25,Accessories,1,18.85,2025-09-15 15:01:47
S001370,O0003295,Kids 2024/25,Kids,1,52.16,2025-08-27 23:44:27
S003609,O0003296,Kids 2024/25,Kids,1,48.29,2025-02-18 08:40:12
S004786,O0003297,Kids 2024/25,Kids,1,53.61,2025-08-06 15:59:10
S000746,O0003298,Training Wear 2024/25,Training Wear,1,54.78,2025-09-15 17:22:50
S003744,O0003299,Kids 2024/25,Kids,1,60.44,2025-08-31 00:30:19
S002168,O0003300,Training Wear 2024/25,Training Wear,1,62.06,2025-09-12 20:34:34
S001294,O0003301,Third Kit 2024/25,Third Kit,3,259.66,2025-03-16 20:00:30
S004483,O0003302,Kids 2024/25,Kids,1,55.52,2025-09-19 06:37:55
S000434,O0003303,Home Shirt 2024/25,Home Shirt,1,83.71,2025-09-05 20:22:33
S003249,O0003304,Away Shirt 2024/25,Away Shirt,1,89.37,2025-09-18 15:22:57
S001085,O0003305,Accessories 2024/25,Accessories,1,19.91,2025-09-09 18:55:41
S004430,O0003306,Accessories 2024/25,Accessories,1,19.47,2025-08-23 02:42:55
S001260,O0003307,Accessories 2024/25,Accessories,1,19.8,2025-07-21 10:42:33
S004229,O0003308,Training Wear 2024/25,Training Wear,1,67.01,2025-08-31 12:04:01
S000986,O0003309,Away Shirt 2024/25,Away Shirt,1,97.71,2025-09-20 04:33:39
S004195,O0003310,Home Shirt 2024/25,Home Shirt,1,99.07,2025-06-14 09:10:57
S004062,O0003311,Away Shirt 2024/25,Away Shirt,1,81.77,2024-11-07 06:51:21
S003693,O0003312,Accessories 2024/25,Accessories,1,24.86,2025-09-12 20:56:51
S004878,O0003313,Training Wear 2024/25,Training Wear,2,127.93,2025-09-04 19:08:06
S004430,O0003314,Accessories 2024/25,Accessories,1,22.53,2025-08-23 12:56:19
S004729,O0003315,Accessories 2024/25,Accessories,1,22.15,2025-08-28 14:29:18
S002020,O0003316,Training Wear 2024/25,Training Wear,1,64.98,2025-07-06 19:52:01
S002674,O0003317,Home Shirt 2024/25,Home Shirt,1,83.16,2024-12-06 04:08:28
S000662,O0003318,Home Shirt 2024/25,Home Shirt,1,89.92,2024-11-27 12:25:44
S001648,O0003319,Away Shirt 2024/25,Away Shirt,1,82.98,2025-09-10 16:42:25
S002916,O0003320,Training Wear 2024/25,Training Wear,1,53.19,2025-09-03 10:14:04
S002780,O0003321,Training Wear 2024/25,Training Wear,1,62.72,2025-06-22 07:26:07
S003389,O0003322,Home Shirt 2024/25,Home Shirt,1,90.41,2024-10-17 22:02:22
S003611,O0003323,Accessories 2024/25,Accessories,1,23.56,2025-04-02 10:54:47
S004613,O0003324,Accessories 2024/25,Accessories,1,22.51,2025-06-04 00:14:14
S001174,O0003325,Accessories 2024/25,Accessories,1,23.0,2024-10-28 09:23:53
S002076,O0003326,Training Wear 2024/25,Training Wear,1,62.22,2025-05-16 13:34:14
S000329,O0003327,Training Wear 2024/25,Training Wear,1,51.85,2025-09-16 04:34:44
S001240,O0003328,Away Shirt 2024/25,Away Shirt,1,84.23,2024-09-25 21:22:18
S003125,O0003329,Third Kit 2024/25,Third Kit,1,91.71,2025-03-30 10:11:26
S000432,O0003330,Kids 2024/25,Kids,2,97.41,2025-08-30 11:59:34
S001922,O0003331,Away Shirt 2024/25,Away Shirt,1,86.72,2025-09-13 09:51:41
S004696,O0003332,Away Shirt 2024/25,Away Shirt,1,87.0,2025-06-18 04:54:49
S004939,O0003333,Home Shirt 2024/25,Home Shirt,3,299.25,2025-09-03 22:15:19
S002935,O0003334,Third Kit 2024/25,Third Kit,1,83.57,2025-05-03 22:42:10
S004559,O0003335,Third Kit 2024/25,Third Kit,1,69.09,2025-08-26 11:31:00
S004440,O0003336,Home Shirt 2024/25,Home Shirt,1,74.36,2025-03-02 02:38:53
S000012,O0003337,Training Wear 2024/25,Training Wear,1,54.25,2025-07-26 11:59:11
S004590,O0003338,Third Kit 2024/25,Third Kit,1,85.98,2025-05-25 03:53:34
S004259,O0003339,Accessories 2024/25,Accessories,2,39.67,2025-01-26 22:34:40
S001380,O0003340,Third Kit 2024/25,Third Kit,1,69.4,2025-04-20 14:29:34
S000578,O0003341,Third Kit 2024/25,Third Kit,1,93.07,2025-03-16 01:36:11
S001942,O0003342,Home Shirt 2024/25,Home Shirt,1,90.76,2025-08-27 07:14:08
S004911,O0003343,Accessories 2024/25,Accessories,1,23.71,2025-01-17 16:58:24
S004819,O0003344,Accessories 2024/25,Accessories,1,21.43,2025-09-10 09:14:45
S004555,O0003345,Home Shirt 2024/25,Home Shirt,1,80.62,2025-09-16 19:53:41
S004785,O0003346,Kids 2024/25,Kids,1,57.03,2025-07-30 02:27:14
S000977,O0003347,Home Shirt 2024/25,Home Shirt,1,74.45,2024-10-12 05:42:51
S004728,O0003348,Accessories 2024/25,Accessories,1,24.5,2025-09-11 06:14:34
S000620,O0003349,Away Shirt 2024/25,Away Shirt,1,74.09,2025-08-30 19:51:04
S003374,O0003350,Training Wear 2024/25,Training Wear,1,59.9,2025-06-25 16:44:05
S000304,O0003351,Retro 2024/25,Retro,2,128.31,2025-09-03 10:51:27
S001659,O0003352,Training Wear 2024/25,Training Wear,1,56.55,2025-09-19 23:12:41
S001545,O0003353,Third Kit 2024/25,Third Kit,1,78.34,2025-02-21 14:41:25
S000194,O0003354,Kids 2024/25,Kids,1,48.27,2025-01-13 00:40:09
S002373,O0003355,Accessories 2024/25,Accessories,1,20.68,2024-10-25 00:49:22
S003514,O0003356,Kids 2024/25,Kids,1,51.58,2025-09-13 23:38:08
S004687,O0003357,Training Wear 2024/25,Training Wear,1,65.58,2025-09-12 19:52:59
S000868,O0003358,Retro 2024/25,Retro,1,67.24,2025-09-12 23:03:29
S000471,O0003359,Kids 2024/25,Kids,1,61.38,2024-12-25 10:32:16
S000993,O0003360,Training Wear 2024/25,Training Wear,1,59.67,2024-11-21 22:49:53
S003895,O0003361,Retro 2024/25,Retro,1,72.98,2025-02-20 20:26:32
S002945,O0003362,Home Shirt 2024/25,Home Shirt,1,88.1,2025-09-11 04:30:16
S003717,O0003363,Retro 2024/25,Retro,2,126.25,2025-09-06 03:59:08
S002133,O0003364,Home Shirt 2024/25,Home Shirt,1,73.96,2025-09-03 00:19:34
S003066,O0003365,Retro 2024/25,Retro,1,72.59,2025-05-31 09:10:19
S004752,O0003366,Accessories 2024/25,Accessories,2,39.59,2025-08-22 00:11:49
S001988,O0003367,Retro 2024/25,Retro,1,79.88,2025-01-31 13:39:12
S003456,O0003368,Accessories 2024/25,Accessories,1,21.45,2025-08-25 09:14:15
S002988,O0003369,Away Shirt 2024/25,Away Shirt,1,93.53,2024-12-23 19:00:28
S002639,O0003370,Retro 2024/25,Retro,1,66.51,2025-08-26 03:16:39
S002887,O0003371,Retro 2024/25,Retro,3,242.48,2024-12-25 01:18:31
S004665,O0003372,Retro 2024/25,Retro,1,70.34,2025-02-03 22:49:42
S002012,O0003373,Third Kit 2024/25,Third Kit,1,69.11,2025-09-05 08:50:08
S004291,O0003374,Away Shirt 2024/25,Away Shirt,1,98.73,2025-09-07 22:24:42
S003998,O0003375,Away Shirt 2024/25,Away Shirt,1,72.98,2025-08-28 05:31:53
S001485,O0003376,Accessories 2024/25,Accessories,1,20.39,2025-09-06 08:25:25
S000686,O0003377,Kids 2024/25,Kids,1,61.46,2025-09-07 13:29:34
S004197,O0003378,Kids 2024/25,Kids,1,52.95,2025-09-17 01:46:46
S003414,O0003379,Retro 2024/25,Retro,1,68.92,2025-09-10 17:22:12
S003693,O0003380,Away Shirt 2024/25,Away Shirt,1,90.53,2024-10-19 16:20:31
S003796,O0003381,Home Shirt 2024/25,Home Shirt,1,76.98,2025-04-04 00:48:58
S000466,O0003382,Away Shirt 2024/25,Away Shirt,1,81.55,2025-09-13 12:13:48
S001264,O0003383,Home Shirt 2024/25,Home Shirt,1,74.5,2025-09-18 05:14:36
S001399,O0003384,Home Shirt 2024/25,Home Shirt,2,157.82,2025-09-07 13:50:16
S002764,O0003385,Home Shirt 2024/25,Home Shirt,1,85.08,2025-06-27 15:44:09
S002931,O0003386,Training Wear 2024/25,Training Wear,2,136.69,2025-09-02 23:18:09
S001849,O0003387,Kids 2024/25,Kids,2,102.11,2025-09-05 11:19:02
S000636,O0003388,Accessories 2024/25,Accessories,1,24.31,2025-01-04 13:54:26
S004472,O0003389,Accessories 2024/25,Accessories,1,20.79,2025-09-17 07:03:43
S001115,O0003390,Retro 2024/25,Retro,1,70.26,2025-04-12 17:37:51
S003996,O0003391,Training Wear 2024/25,Training Wear,1,59.75,2025-09-04 04:03:39
S003048,O0003392,Third Kit 2024/25,Third Kit,1,71.73,2024-11-23 16:28:26
S001472,O0003393,Away Shirt 2024/25,Away Shirt,1,92.04,2025-02-11 14:41:59
S002643,O0003394,Kids 2024/25,Kids,2,105.9,2025-08-25 13:45:52
S004829,O0003395,Third Kit 2024/25,Third Kit,1,85.01,2025-09-03 04:24:53
S002357,O0003396,Third Kit 2024/25,Third Kit,1,85.81,2025-08-10 09:09:44
S002834,O0003397,Third Kit 2024/25,Third Kit,3,215.38,2025-02-26 22:45:08
S002611,O0003398,Kids 2024/25,Kids,1,53.17,2025-09-12 23:04:09
S003655,O0003399,Home Shirt 2024/25,Home Shirt,1,93.1,2025-01-08 07:19:10
S003064,O0003400,Kids 2024/25,Kids,1,62.39,2025-08-22 18:01:02
S000894,O0003401,Kids 2024/25,Kids,2,94.05,2025-01-28 09:02:20
S004679,O0003402,Kids 2024/25,Kids,3,172.35,2025-01-27 04:37:37
S004756,O0003403,Third Kit 2024/25,Third Kit,1,84.78,2025-09-08 20:27:36
S000365,O0003404,Retro 2024/25,Retro,2,127.59,2024-12-13 01:12:07
S003582,O0003405,Away Shirt 2024/25,Away Shirt,1,94.26,2025-08-31 10:22:07
S003025,O0003406,Accessories 2024/25,Accessories,1,23.48,2025-08-17 09:52:39
S000102,O0003407,Kids 2024/25,Kids,1,58.63,2025-09-05 02:01:05
S000802,O0003408,Kids 2024/25,Kids,1,49.39,2025-03-05 22:19:38
S001624,O0003409,Third Kit 2024/25,Third Kit,2,151.57,2025-08-25 23:43:36
S000356,O0003410,Home Shirt 2024/25,Home Shirt,1,92.55,2025-09-14 00:45:50
S003405,O0003411,Retro 2024/25,Retro,2,125.48,2025-06-27 03:30:45
S003285,O0003412,Home Shirt 2024/25,Home Shirt,1,79.92,2025-04-24 06:26:54
S001359,O0003413,Home Shirt 2024/25,Home Shirt,1,74.64,2025-06-22 11:42:20
S003284,O0003414,Away Shirt 2024/25,Away Shirt,1,75.66,2024-12-14 07:29:21
S000010,O0003415,Retro 2024/25,Retro,1,69.64,2025-09-06 17:28:23
S001645,O0003416,Kids 2024/25,Kids,2,91.02,2025-07-18 20:11:21
S002252,O0003417,Retro 2024/25,Retro,1,74.31,2025-05-02 14:07:48
S002739,O0003418,Retro 2024/25,Retro,1,80.02,2025-02-18 22:52:36
S002631,O0003419,Home Shirt 2024/25,Home Shirt,1,91.01,2025-06-22 13:36:41
S001863,O0003420,Away Shirt 2024/25,Away Shirt,1,75.11,2025-03-06 03:18:43
S002303,O0003421,Kids 2024/25,Kids,1,49.9,2025-06-24 00:43:27
S002372,O0003422,Retro 2024/25,Retro,1,69.24,2025-09-06 11:38:38
S001061,O0003423,Accessories 2024/25,Accessories,3,56.94,2024-12-15 11:15:55
S004599,O0003424,Training Wear 2024/25,Training Wear,1,56.04,2025-08-31 23:49:07
S002890,O0003425,Third Kit 2024/25,Third Kit,1,77.57,2025-09-01 08:50:31
S001910,O0003426,Accessories 2024/25,Accessories,1,23.71,2025-09-03 21:09:28
S003748,O0003427,Away Shirt 2024/25,Away Shirt,1,91.39,2025-07-23 15:22:56
S001057,O0003428,Accessories 2024/25,Accessories,1,18.15,2025-05-29 04:54:13
S000877,O0003429,Training Wear 2024/25,Training Wear,3,148.93,2025-08-29 14:52:23
S001956,O0003430,Third Kit 2024/25,Third Kit,2,176.92,2024-11-30 08:18:32
S002812,O0003431,Training Wear 2024/25,Training Wear,1,58.47,2025-03-02 21:43:56
S004172,O0003432,Third Kit 2024/25,Third Kit,1,72.77,2025-09-16 00:42:01
S003255,O0003433,Away Shirt 2024/25,Away Shirt,3,241.63,2025-09-12 21:55:31
S002920,O0003434,Third Kit 2024/25,Third Kit,1,83.36,2025-09-06 07:49:54
S002562,O0003435,Accessories 2024/25,Accessories,1,24.91,2025-05-20 00:32:52
S001742,O0003436,Accessories 2024/25,Accessories,1,19.11,2025-09-09 15:22:46
S001121,O0003437,Third Kit 2024/25,Third Kit,2,183.42,2024-11-15 01:55:31
S000216,O0003438,Home Shirt 2024/25,Home Shirt,1,75.74,2025-09-03 01:54:14
S001859,O0003439,Training Wear 2024/25,Training Wear,1,50.61,2025-04-12 22:01:22
S003466,O0003440,Accessories 2024/25,Accessories,1,20.26,2025-09-19 15:29:22
S002215,O0003441,Third Kit 2024/25,Third Kit,2,158.87,2025-08-26 15:21:42
S004864,O0003442,Training Wear 2024/25,Training Wear,1,57.84,2025-09-10 20:21:57
S001398,O0003443,Kids 2024/25,Kids,1,54.24,2025-09-08 07:45:14
S004268,O0003444,Training Wear 2024/25,Training Wear,1,68.28,2025-08-27 01:49:08
S000116,O0003445,Third Kit 2024/25,Third Kit,1,78.72,2025-02-27 18:35:00
S004473,O0003446,Retro 2024/25,Retro,1,78.2,2025-09-07 06:30:41
S000785,O0003447,Away Shirt 2024/25,Away Shirt,1,78.11,2025-05-26 05:30:58
S001708,O0003448,Retro 2024/25,Retro,1,81.14,2025-08-25 03:20:54
S002344,O0003449,Accessories 2024/25,Accessories,1,18.23,2025-09-13 14:49:07
S002243,O0003450,Training Wear 2024/25,Training Wear,1,66.18,2025-04-19 12:14:54
S003384,O0003451,Kids 2024/25,Kids,1,55.07,2024-12-01 03:35:46
S002239,O0003452,Training Wear 2024/25,Training Wear,1,62.08,2025-09-10 19:41:33
S001809,O0003453,Training Wear 2024/25,Training Wear,1,64.97,2025-08-26 11:46:09
S001277,O0003454,Accessories 2024/25,Accessories,1,19.87,2024-10-08 00:25:10
S003044,O0003455,Accessories 2024/25,Accessories,3,70.95,2025-09-13 21:20:22
S004795,O0003456,Training Wear 2024/25,Training Wear,1,67.18,2025-09-13 12:13:02
S003957,O0003457,Away Shirt 2024/25,Away Shirt,1,74.17,2025-08-26 07:38:52
S003096,O0003458,Accessories 2024/25,Accessories,1,18.16,2025-07-31 07:39:52
S001126,O0003459,Retro 2024/25,Retro,1,66.97,2025-09-03 22:54:21
S000670,O0003460,Training Wear 2024/25,Training Wear,1,51.35,2025-08-24 00:05:58
S003305,O0003461,Kids 2024/25,Kids,1,62.08,2025-06-02 08:36:10
S003413,O0003462,Training Wear 2024/25,Training Wear,1,61.49,2025-09-17 08:59:30
S003745,O0003463,Retro 2024/25,Retro,1,73.7,2025-08-29 09:00:19
S003305,O0003464,Retro 2024/25,Retro,2,136.31,2025-02-23 22:36:42
S001703,O0003465,Accessories 2024/25,Accessories,2,42.39,2025-09-04 21:38:21
S003854,O0003466,Away Shirt 2024/25,Away Shirt,1,87.63,2025-09-09 12:23:48
S002168,O0003467,Home Shirt 2024/25,Home Shirt,1,89.63,2025-08-16 05:36:19
S004336,O0003468,Away Shirt 2024/25,Away Shirt,1,88.23,2024-09-25 00:41:21
S004404,O0003469,Accessories 2024/25,Accessories,2,49.5,2025-09-16 15:28:32
S000358,O0003470,Retro 2024/25,Retro,1,75.31,2025-08-31 09:21:17
S001430,O0003471,Accessories 2024/25,Accessories,1,23.51,2025-08-13 16:42:01
S004104,O0003472,Retro 2024/25,Retro,1,77.47,2025-08-10 11:52:06
S003309,O0003473,Home Shirt 2024/25,Home Shirt,1,78.15,2025-09-04 03:49:39
S002599,O0003474,Home Shirt 2024/25,Home Shirt,2,156.93,2025-08-29 13:21:52
S004067,O0003475,Home Shirt 2024/25,Home Shirt,1,75.46,2025-09-05 12:27:55
S002371,O0003476,Third Kit 2024/25,Third Kit,1,88.28,2024-12-27 21:07:51
S000523,O0003477,Accessories 2024/25,Accessories,1,21.96,2025-02-25 06:00:12
S003808,O0003478,Training Wear 2024/25,Training Wear,1,54.33,2025-08-22 06:07:43
S003008,O0003479,Accessories 2024/25,Accessories,2,37.36,2024-12-29 20:18:24
S002289,O0003480,Accessories 2024/25,Accessories,1,19.56,2025-07-05 20:06:20
S002371,O0003481,Home Shirt 2024/25,Home Shirt,2,171.19,2025-06-29 17:40:23
S002276,O0003482,Away Shirt 2024/25,Away Shirt,1,97.18,2025-04-21 17:02:07
S003971,O0003483,Third Kit 2024/25,Third Kit,1,93.32,2025-09-03 02:45:16
S001017,O0003484,Retro 2024/25,Retro,3,220.17,2025-09-11 05:13:54
S004940,O0003485,Accessories 2024/25,Accessories,1,19.38,2025-01-06 06:04:24
S001562,O0003486,Retro 2024/25,Retro,1,60.4,2025-09-14 05:08:06
S003744,O0003487,Training Wear 2024/25,Training Wear,1,57.48,2025-08-30 14:35:56
S000487,O0003488,Kids 2024/25,Kids,1,54.6,2025-09-03 07:14:32
S003692,O0003489,Away Shirt 2024/25,Away Shirt,1,86.89,2025-02-19 12:14:51
S002698,O0003490,Away Shirt 2024/25,Away Shirt,1,85.22,2024-10-23 03:43:54
S003128,O0003491,Home Shirt 2024/25,Home Shirt,1,77.29,2024-12-09 22:11:41
S002054,O0003492,Third Kit 2024/25,Third Kit,2,150.85,2025-09-03 09:22:02
S001969,O0003493,Home Shirt 2024/25,Home Shirt,1,80.28,2025-09-03 04:17:23
S004868,O0003494,Kids 2024/25,Kids,1,61.98,2024-09-27 13:47:25
S002423,O0003495,Accessories 2024/25,Accessories,1,19.79,2025-08-23 08:35:37
S001560,O0003496,Accessories 2024/25,Accessories,1,19.61,2024-09-26 18:14:33
S003526,O0003497,Kids 2024/25,Kids,1,61.33,2025-04-16 14:01:31
S000707,O0003498,Third Kit 2024/25,Third Kit,1,73.79,2025-09-06 05:27:50
S004148,O0003499,Retro 2024/25,Retro,1,80.75,2025-04-04 13:43:08
S001439,O0003500,Retro 2024/25,Retro,1,76.17,2025-09-05 17:35:29
S000976,O0003501,Kids 2024/25,Kids,1,53.06,2025-08-31 02:59:46
S000675,O0003502,Kids 2024/25,Kids,1,55.41,2025-02-17 23:59:22
S001378,O0003503,Retro 2024/25,Retro,1,73.56,2024-09-26 10:49:02
S001193,O0003504,Kids 2024/25,Kids,1,52.31,2025-08-31 22:13:47
S002089,O0003505,Training Wear 2024/25,Training Wear,1,53.39,2025-09-05 16:17:04
S003621,O0003506,Third Kit 2024/25,Third Kit,1,72.0,2025-09-20 11:41:01
S004775,O0003507,Kids 2024/25,Kids,2,101.72,2025-01-15 12:05:31
S003578,O0003508,Third Kit 2024/25,Third Kit,1,86.5,2025-04-09 03:41:57
S002161,O0003509,Third Kit 2024/25,Third Kit,1,80.12,2025-09-17 08:34:48
S003452,O0003510,Accessories 2024/25,Accessories,2,42.49,2024-12-14 06:36:50
S004165,O0003511,Third Kit 2024/25,Third Kit,1,80.28,2025-09-05 11:14:17
S000658,O0003512,Third Kit 2024/25,Third Kit,1,67.89,2025-09-07 04:01:34
S004406,O0003513,Accessories 2024/25,Accessories,1,19.21,2025-07-06 00:02:55
S000971,O0003514,Training Wear 2024/25,Training Wear,1,54.97,2025-09-15 06:06:54
S003439,O0003515,Third Kit 2024/25,Third Kit,1,86.08,2025-05-23 12:27:39
S004193,O0003516,Home Shirt 2024/25,Home Shirt,1,99.71,2025-06-07 20:45:31
S004973,O0003517,Home Shirt 2024/25,Home Shirt,1,97.36,2025-09-19 00:00:41
S003344,O0003518,Away Shirt 2024/25,Away Shirt,1,93.78,2025-05-23 14:21:03
S001846,O0003519,Kids 2024/25,Kids,1,60.33,2025-04-18 19:13:05
S002525,O0003520,Retro 2024/25,Retro,1,60.2,2025-06-07 17:16:01
S004120,O0003521,Accessories 2024/25,Accessories,2,39.94,2025-04-28 14:01:25
S001288,O0003522,Away Shirt 2024/25,Away Shirt,1,73.68,2025-09-03 22:47:23
S004470,O0003523,Kids 2024/25,Kids,2,114.27,2024-12-09 10:29:14
S002856,O0003524,Accessories 2024/25,Accessories,1,18.16,2025-09-14 15:12:23
S000364,O0003525,Away Shirt 2024/25,Away Shirt,1,88.42,2025-07-22 17:42:42
S001799,O0003526,Home Shirt 2024/25,Home Shirt,1,73.09,2025-09-11 05:46:38
S004774,O0003527,Away Shirt 2024/25,Away Shirt,1,99.83,2025-09-02 02:57:44
S003621,O0003528,Kids 2024/25,Kids,1,61.83,2025-05-01 19:21:02
S003112,O0003529,Kids 2024/25,Kids,1,45.4,2025-08-16 10:34:58
S004873,O0003530,Home Shirt 2024/25,Home Shirt,1,72.02,2025-08-30 01:01:08
S002900,O0003531,Kids 2024/25,Kids,1,58.27,2025-08-09 06:42:06
S002016,O0003532,Kids 2024/25,Kids,1,55.18,2025-09-16 18:01:42
S003372,O0003533,Retro 2024/25,Retro,1,59.34,2025-03-28 15:31:15
S001861,O0003534,Third Kit 2024/25,Third Kit,1,88.39,2025-06-11 16:24:43
S004555,O0003535,Third Kit 2024/25,Third Kit,2,149.67,2025-09-07 04:49:59
S003296,O0003536,Accessories 2024/25,Accessories,1,22.17,2025-02-10 20:54:53
S003508,O0003537,Away Shirt 2024/25,Away Shirt,2,188.83,2025-08-24 00:33:34
S003860,O0003538,Third Kit 2024/25,Third Kit,1,87.96,2025-08-29 22:50:55
S002221,O0003539,Training Wear 2024/25,Training Wear,1,66.1,2025-09-02 20:34:10
S001468,O0003540,Accessories 2024/25,Accessories,1,20.55,2025-09-09 12:04:44
S001496,O0003541,Away Shirt 2024/25,Away Shirt,1,76.96,2025-01-10 19:11:54
S003772,O0003542,Retro 2024/25,Retro,1,75.2,2024-11-10 12:31:37
S004360,O0003543,Training Wear 2024/25,Training Wear,1,58.9,2024-10-04 16:22:28
S001967,O0003544,Kids 2024/25,Kids,3,152.16,2025-09-02 18:16:00
S002062,O0003545,Training Wear 2024/25,Training Wear,1,61.53,2025-01-28 16:46:47
S004374,O0003546,Home Shirt 2024/25,Home Shirt,2,174.91,2025-09-14 20:25:03
S000049,O0003547,Retro 2024/25,Retro,1,79.93,2025-08-23 14:42:13
S000261,O0003548,Accessories 2024/25,Accessories,3,61.71,2025-06-29 13:33:14
S003675,O0003549,Accessories 2024/25,Accessories,1,21.13,2025-05-14 04:19:30
S004597,O0003550,Home Shirt 2024/25,Home Shirt,1,98.09,2025-08-26 19:00:20
S001853,O0003551,Home Shirt 2024/25,Home Shirt,1,78.2,2025-06-10 20:09:07
S000650,O0003552,Third Kit 2024/25,Third Kit,3,227.54,2024-11-09 04:57:57
S003991,O0003553,Accessories 2024/25,Accessories,1,22.31,2025-08-21 17:48:45
S003301,O0003554,Accessories 2024/25,Accessories,1,22.21,2025-08-30 01:19:34
S004803,O0003555,Third Kit 2024/25,Third Kit,1,87.66,2024-10-17 01:22:43
S000370,O0003556,Accessories 2024/25,Accessories,1,18.62,2025-09-15 02:52:59
S000752,O0003557,Away Shirt 2024/25,Away Shirt,1,77.33,2025-05-11 05:17:32
S001270,O0003558,Home Shirt 2024/25,Home Shirt,1,78.09,2025-08-25 21:14:57
S002537,O0003559,Accessories 2024/25,Accessories,1,22.34,2024-10-16 18:54:55
S002805,O0003560,Kids 2024/25,Kids,1,60.23,2025-08-05 22:31:52
S001063,O0003561,Retro 2024/25,Retro,3,232.33,2025-09-19 03:21:04
S003194,O0003562,Third Kit 2024/25,Third Kit,1,68.89,2025-09-18 08:33:29
S002120,O0003563,Retro 2024/25,Retro,2,136.01,2025-09-07 18:27:37
S002764,O0003564,Third Kit 2024/25,Third Kit,3,218.85,2025-08-28 06:16:25
S000810,O0003565,Away Shirt 2024/25,Away Shirt,2,180.17,2025-09-14 23:01:52
S000172,O0003566,Home Shirt 2024/25,Home Shirt,1,94.28,2025-09-17 23:35:53
S002325,O0003567,Home Shirt 2024/25,Home Shirt,1,97.42,2025-08-19 01:31:47
S000177,O0003568,Accessories 2024/25,Accessories,1,21.85,2024-10-14 10:07:39
S002091,O0003569,Accessories 2024/25,Accessories,2,40.24,2025-08-14 07:32:26
S002830,O0003570,Away Shirt 2024/25,Away Shirt,1,92.23,2025-08-26 05:09:05
S002952,O0003571,Kids 2024/25,Kids,1,46.36,2025-09-14 03:39:00
S002525,O0003572,Kids 2024/25,Kids,1,51.96,2025-08-29 15:37:51
S000502,O0003573,Away Shirt 2024/25,Away Shirt,1,83.51,2025-08-21 20:42:34
S004342,O0003574,Third Kit 2024/25,Third Kit,1,72.98,2025-09-19 08:58:41
S002729,O0003575,Third Kit 2024/25,Third Kit,1,84.46,2025-02-12 12:25:22
S002389,O0003576,Retro 2024/25,Retro,1,64.61,2025-07-13 11:46:16
S004441,O0003577,Training Wear 2024/25,Training Wear,1,56.1,2025-03-09 00:53:32
S000056,O0003578,Home Shirt 2024/25,Home Shirt,1,75.31,2025-01-16 05:01:25
S004090,O0003579,Kids 2024/25,Kids,1,45.72,2025-09-16 10:42:30
S000563,O0003580,Retro 2024/25,Retro,1,62.9,2025-09-18 18:29:18
S003698,O0003581,Accessories 2024/25,Accessories,1,18.91,2025-03-15 11:40:26
S002141,O0003582,Kids 2024/25,Kids,1,45.38,2025-09-10 06:06:00
S002085,O0003583,Retro 2024/25,Retro,1,60.7,2025-09-16 13:24:17
S001521,O0003584,Home Shirt 2024/25,Home Shirt,1,94.82,2024-12-03 06:00:05
S004959,O0003585,Retro 2024/25,Retro,1,66.22,2025-04-11 19:49:25
S004273,O0003586,Kids 2024/25,Kids,1,49.94,2025-09-14 20:37:32
S001610,O0003587,Away Shirt 2024/25,Away Shirt,1,77.04,2025-02-28 09:16:44
S000603,O0003588,Kids 2024/25,Kids,1,53.07,2024-11-07 13:59:02
S000542,O0003589,Home Shirt 2024/25,Home Shirt,1,73.72,2025-09-11 11:28:14
S001652,O0003590,Away Shirt 2024/25,Away Shirt,1,93.3,2025-08-22 23:54:09
S003185,O0003591,Third Kit 2024/25,Third Kit,1,81.37,2025-01-12 14:23:42
S003532,O0003592,Retro 2024/25,Retro,1,69.06,2024-10-03 09:03:58
S003335,O0003593,Accessories 2024/25,Accessories,1,19.01,2025-04-16 03:32:46
S004867,O0003594,Accessories 2024/25,Accessories,1,21.22,2025-06-11 05:23:29
S003942,O0003595,Training Wear 2024/25,Training Wear,1,66.32,2025-08-22 19:26:01
S004964,O0003596,Accessories 2024/25,Accessories,1,23.77,2025-08-30 20:01:44
S003497,O0003597,Third Kit 2024/25,Third Kit,1,75.94,2025-08-31 04:20:06
S001772,O0003598,Retro 2024/25,Retro,1,69.89,2025-09-14 20:39:56
S001474,O0003599,Training Wear 2024/25,Training Wear,3,194.24,2025-05-21 14:17:27
S001604,O0003600,Away Shirt 2024/25,Away Shirt,1,93.7,2025-09-04 03:24:27
S003868,O0003601,Retro 2024/25,Retro,1,61.87,2025-08-24 07:27:19
S001126,O0003602,Retro 2024/25,Retro,1,80.3,2025-04-05 07:08:36
S002064,O0003603,Home Shirt 2024/25,Home Shirt,1,88.16,2025-08-28 11:19:05
S000575,O0003604,Kids 2024/25,Kids,1,60.6,2025-09-06 09:46:05
S001095,O0003605,Training Wear 2024/25,Training Wear,1,66.29,2025-09-08 06:18:44
S003706,O0003606,Third Kit 2024/25,Third Kit,1,88.99,2025-08-21 17:56:11
S002560,O0003607,Third Kit 2024/25,Third Kit,1,71.41,2024-12-05 07:01:25
S000463,O0003608,Training Wear 2024/25,Training Wear,1,59.89,2025-02-03 02:36:11
S003114,O0003609,Training Wear 2024/25,Training Wear,1,66.1,2025-02-03 09:56:52
S002398,O0003610,Kids 2024/25,Kids,2,107.53,2025-09-10 18:15:29
S002001,O0003611,Away Shirt 2024/25,Away Shirt,1,99.43,2025-09-06 17:18:44
S003291,O0003612,Third Kit 2024/25,Third Kit,1,72.39,2025-01-27 02:28:22
S002374,O0003613,Kids 2024/25,Kids,2,124.6,2025-08-18 04:21:58
S000909,O0003614,Accessories 2024/25,Accessories,1,20.51,2025-02-13 17:43:55
S004194,O0003615,Accessories 2024/25,Accessories,1,20.7,2024-12-24 17:47:33
S004629,O0003616,Third Kit 2024/25,Third Kit,1,74.18,2025-09-13 15:29:13
S002366,O0003617,Away Shirt 2024/25,Away Shirt,2,160.28,2025-09-07 13:15:13
S002537,O0003618,Accessories 2024/25,Accessories,2,44.43,2025-08-16 16:44:00
S004112,O0003619,Retro 2024/25,Retro,1,72.0,2025-08-26 00:02:21
S002369,O0003620,Away Shirt 2024/25,Away Shirt,1,73.64,2025-08-08 16:19:41
S001523,O0003621,Away Shirt 2024/25,Away Shirt,1,96.03,2025-06-27 22:47:41
S000358,O0003622,Accessories 2024/25,Accessories,1,22.49,2025-09-04 21:35:52
S000377,O0003623,Retro 2024/25,Retro,1,72.3,2025-02-18 11:30:42
S000585,O0003624,Kids 2024/25,Kids,1,58.43,2025-02-08 21:18:09
S004708,O0003625,Training Wear 2024/25,Training Wear,1,66.6,2025-09-02 22:52:37
S003154,O0003626,Home Shirt 2024/25,Home Shirt,1,94.09,2025-08-30 04:14:20
S003551,O0003627,Kids 2024/25,Kids,1,53.11,2025-08-30 04:32:28
S004171,O0003628,Third Kit 2024/25,Third Kit,1,70.43,2024-12-30 04:12:01
S000523,O0003629,Home Shirt 2024/25,Home Shirt,1,88.87,2025-09-16 13:35:18
S000352,O0003630,Third Kit 2024/25,Third Kit,1,86.31,2025-04-10 23:41:21
S003468,O0003631,Kids 2024/25,Kids,1,53.46,2025-08-29 11:35:12
S000111,O0003632,Accessories 2024/25,Accessories,1,20.63,2025-08-28 01:44:48
S001528,O0003633,Home Shirt 2024/25,Home Shirt,1,73.12,2024-12-21 17:24:12
S000672,O0003634,Training Wear 2024/25,Training Wear,3,162.52,2025-09-20 06:24:41
S000950,O0003635,Retro 2024/25,Retro,1,65.04,2025-09-09 01:50:08
S003574,O0003636,Away Shirt 2024/25,Away Shirt,2,175.66,2025-09-20 05:51:28
S004392,O0003637,Retro 2024/25,Retro,1,78.88,2025-08-22 19:27:38
S003988,O0003638,Away Shirt 2024/25,Away Shirt,1,81.85,2024-11-14 16:54:40
S000134,O0003639,Training Wear 2024/25,Training Wear,1,66.29,2025-08-22 08:36:07
S000765,O0003640,Kids 2024/25,Kids,1,48.5,2025-09-03 21:30:08
S003004,O0003641,Retro 2024/25,Retro,1,78.53,2024-10-22 09:13:21
S003560,O0003642,Home Shirt 2024/25,Home Shirt,1,86.6,2025-09-09 06:17:07
S001470,O0003643,Third Kit 2024/25,Third Kit,1,82.68,2025-09-19 13:18:53
S003616,O0003644,Third Kit 2024/25,Third Kit,1,91.2,2025-08-29 14:54:12
S001118,O0003645,Accessories 2024/25,Accessories,1,18.48,2025-03-04 14:20:41
S000796,O0003646,Training Wear 2024/25,Training Wear,1,62.08,2025-09-06 16:17:07
S004129,O0003647,Home Shirt 2024/25,Home Shirt,1,72.32,2024-11-20 13:01:27
S003708,O0003648,Third Kit 2024/25,Third Kit,3,261.85,2025-07-18 07:14:58
S004828,O0003649,Third Kit 2024/25,Third Kit,1,71.15,2025-08-23 23:16:03
S002289,O0003650,Away Shirt 2024/25,Away Shirt,1,95.63,2025-09-10 12:26:23
S002039,O0003651,Training Wear 2024/25,Training Wear,1,58.31,2025-09-01 21:54:37
S002070,O0003652,Home Shirt 2024/25,Home Shirt,1,98.6,2025-09-18 09:55:57
S002597,O0003653,Home Shirt 2024/25,Home Shirt,1,86.43,2024-11-25 05:14:41
S002797,O0003654,Away Shirt 2024/25,Away Shirt,1,98.49,2025-08-19 11:59:37
S001580,O0003655,Away Shirt 2024/25,Away Shirt,1,74.18,2025-04-20 15:48:29
S002899,O0003656,Kids 2024/25,Kids,1,48.5,2025-08-29 17:21:04
S002422,O0003657,Training Wear 2024/25,Training Wear,1,61.34,2025-09-10 08:59:48
S000215,O0003658,Retro 2024/25,Retro,1,59.53,2025-08-29 15:53:34
S000169,O0003659,Training Wear 2024/25,Training Wear,1,54.22,2025-09-03 18:19:45
S002622,O0003660,Training Wear 2024/25,Training Wear,1,60.13,2024-10-18 18:32:51
S001246,O0003661,Training Wear 2024/25,Training Wear,1,67.0,2025-03-18 11:10:36
S004055,O0003662,Retro 2024/25,Retro,1,60.67,2025-04-08 18:35:46
S004736,O0003663,Home Shirt 2024/25,Home Shirt,1,85.52,2025-08-25 12:44:36
S001638,O0003664,Kids 2024/25,Kids,1,51.48,2024-10-19 21:36:37
S002678,O0003665,Training Wear 2024/25,Training Wear,1,60.43,2025-04-28 08:41:11
S004755,O0003666,Retro 2024/25,Retro,1,79.09,2025-09-12 17:33:55
S004491,O0003667,Training Wear 2024/25,Training Wear,1,62.98,2025-08-21 23:46:20
S001036,O0003668,Third Kit 2024/25,Third Kit,1,68.03,2025-07-02 07:49:05
S003402,O0003669,Accessories 2024/25,Accessories,1,18.34,2025-07-22 15:25:06
S002788,O0003670,Kids 2024/25,Kids,1,60.06,2025-03-03 08:17:25
S001507,O0003671,Home Shirt 2024/25,Home Shirt,1,93.79,2025-07-02 02:01:24
S002141,O0003672,Training Wear 2024/25,Training Wear,1,66.57,2025-09-16 03:11:15
S003558,O0003673,Training Wear 2024/25,Training Wear,1,67.0,2025-01-08 07:29:16
S003226,O0003674,Retro 2024/25,Retro,1,69.23,2025-08-23 04:16:07
S000524,O0003675,Training Wear 2024/25,Training Wear,1,62.25,2025-05-26 18:09:09
S003140,O0003676,Retro 2024/25,Retro,1,65.66,2025-08-24 11:16:21
S001509,O0003677,Accessories 2024/25,Accessories,1,19.51,2025-07-10 12:58:56
S004109,O0003678,Accessories 2024/25,Accessories,1,23.71,2025-09-01 11:05:37
S001870,O0003679,Retro 2024/25,Retro,1,80.92,2025-07-13 10:24:17
S002243,O0003680,Kids 2024/25,Kids,2,118.03,2025-08-25 18:32:35
S000164,O0003681,Third Kit 2024/25,Third Kit,1,69.19,2025-08-02 05:39:38
S004379,O0003682,Training Wear 2024/25,Training Wear,1,66.94,2025-08-27 06:48:51
S002178,O0003683,Training Wear 2024/25,Training Wear,1,61.98,2025-08-23 01:39:10
S001670,O0003684,Retro 2024/25,Retro,1,64.99,2025-09-05 13:14:27
S001169,O0003685,Retro 2024/25,Retro,1,61.19,2025-06-03 02:59:09
S001861,O0003686,Home Shirt 2024/25,Home Shirt,1,92.89,2025-08-21 17:44:01
S003525,O0003687,Training Wear 2024/25,Training Wear,1,57.63,2025-08-21 18:52:19
S004260,O0003688,Training Wear 2024/25,Training Wear,1,58.7,2025-01-08 02:09:31
S001165,O0003689,Training Wear 2024/25,Training Wear,2,131.27,2025-04-29 16:29:24
S003993,O0003690,Accessories 2024/25,Accessories,2,46.79,2025-06-06 01:19:22
S004731,O0003691,Accessories 2024/25,Accessories,1,22.43,2025-09-17 19:54:27
S001412,O0003692,Kids 2024/25,Kids,1,58.52,2025-09-16 12:49:01
S003242,O0003693,Retro 2024/25,Retro,1,64.86,2025-08-20 23:40:15
S004116,O0003694,Retro 2024/25,Retro,1,67.62,2024-10-24 12:53:36
S002922,O0003695,Kids 2024/25,Kids,1,60.6,2025-08-29 10:39:44
S000426,O0003696,Retro 2024/25,Retro,1,70.66,2025-06-28 05:14:10
S002268,O0003697,Retro 2024/25,Retro,1,72.46,2025-09-08 13:53:22
S004522,O0003698,Accessories 2024/25,Accessories,2,38.36,2025-01-10 15:16:53
S003464,O0003699,Accessories 2024/25,Accessories,1,24.16,2025-03-25 13:00:26
S002425,O0003700,Training Wear 2024/25,Training Wear,1,52.33,2025-03-06 12:59:06
S004775,O0003701,Home Shirt 2024/25,Home Shirt,1,73.36,2025-01-26 13:58:02
S000072,O0003702,Training Wear 2024/25,Training Wear,1,59.66,2025-05-30 23:11:31
S001304,O0003703,Training Wear 2024/25,Training Wear,1,55.3,2025-09-12 08:03:37
S001536,O0003704,Home Shirt 2024/25,Home Shirt,1,93.22,2025-09-16 02:47:13
S003284,O0003705,Kids 2024/25,Kids,1,57.06,2025-07-16 23:52:23
S002495,O0003706,Away Shirt 2024/25,Away Shirt,1,81.54,2025-09-09 09:13:04
S003580,O0003707,Away Shirt 2024/25,Away Shirt,1,87.1,2025-09-06 23:02:55
S003858,O0003708,Training Wear 2024/25,Training Wear,1,62.98,2025-06-06 05:00:20
S000780,O0003709,Kids 2024/25,Kids,3,176.83,2025-09-08 07:30:58
S001460,O0003710,Away Shirt 2024/25,Away Shirt,1,91.41,2025-09-02 01:50:25
S003875,O0003711,Third Kit 2024/25,Third Kit,1,79.54,2025-06-14 01:46:39
S002071,O0003712,Training Wear 2024/25,Training Wear,1,57.32,2025-06-19 07:58:24
S001291,O0003713,Kids 2024/25,Kids,1,54.07,2025-07-05 15:12:25
S002801,O0003714,Away Shirt 2024/25,Away Shirt,1,87.84,2025-09-14 18:31:25
S001997,O0003715,Home Shirt 2024/25,Home Shirt,1,77.96,2025-08-23 07:44:16
S004654,O0003716,Away Shirt 2024/25,Away Shirt,1,88.2,2025-01-13 06:46:17
S001007,O0003717,Accessories 2024/25,Accessories,1,24.92,2025-02-11 04:38:31
S000673,O0003718,Kids 2024/25,Kids,1,49.94,2025-02-19 11:59:39
S004438,O0003719,Home Shirt 2024/25,Home Shirt,1,89.95,2025-09-03 20:19:57
S004827,O0003720,Accessories 2024/25,Accessories,1,23.47,2025-08-27 04:25:14
S001124,O0003721,Accessories 2024/25,Accessories,1,24.07,2025-04-10 01:15:34
S001735,O0003722,Away Shirt 2024/25,Away Shirt,3,222.47,2025-09-12 07:47:06
S002294,O0003723,Retro 2024/25,Retro,1,70.37,2025-09-09 01:12:33
S000235,O0003724,Home Shirt 2024/25,Home Shirt,1,72.53,2025-08-22 12:01:07
S004155,O0003725,Retro 2024/25,Retro,2,140.74,2025-08-23 01:49:10
S002803,O0003726,Third Kit 2024/25,Third Kit,1,82.13,2024-10-04 05:38:22
S001622,O0003727,Training Wear 2024/25,Training Wear,1,54.12,2024-11-05 00:51:24
S003911,O0003728,Accessories 2024/25,Accessories,2,39.47,2025-09-18 23:19:30
S004569,O0003729,Accessories 2024/25,Accessories,1,23.64,2025-09-06 20:28:15
S003308,O0003730,Retro 2024/25,Retro,1,70.51,2025-09-20 02:04:56
S000547,O0003731,Training Wear 2024/25,Training Wear,1,65.69,2025-08-24 17:39:36
S003665,O0003732,Third Kit 2024/25,Third Kit,1,92.75,2024-10-04 17:34:57
S000456,O0003733,Kids 2024/25,Kids,1,47.17,2025-05-15 06:40:35
S002035,O0003734,Kids 2024/25,Kids,1,51.5,2025-08-21 10:52:47
S004540,O0003735,Away Shirt 2024/25,Away Shirt,3,267.38,2025-08-22 12:19:23
S001993,O0003736,Home Shirt 2024/25,Home Shirt,1,74.93,2025-09-13 03:30:16
S004572,O0003737,Retro 2024/25,Retro,1,59.67,2025-09-09 15:06:45
S001925,O0003738,Training Wear 2024/25,Training Wear,1,58.14,2025-09-02 07:50:47
S001289,O0003739,Home Shirt 2024/25,Home Shirt,1,97.62,2024-11-13 21:54:13
S004986,O0003740,Retro 2024/25,Retro,1,77.93,2025-03-20 22:58:45
S002026,O0003741,Kids 2024/25,Kids,1,45.85,2025-09-06 21:17:56
S002053,O0003742,Home Shirt 2024/25,Home Shirt,1,82.4,2025-05-03 19:37:40
S001365,O0003743,Retro 2024/25,Retro,1,74.51,2025-08-25 21:53:30
S002909,O0003744,Accessories 2024/25,Accessories,2,38.79,2025-04-12 19:43:01
S004282,O0003745,Retro 2024/25,Retro,1,73.57,2025-04-06 09:26:31
S001735,O0003746,Home Shirt 2024/25,Home Shirt,1,88.28,2025-04-11 04:36:18
S002593,O0003747,Accessories 2024/25,Accessories,2,37.36,2025-09-11 00:44:30
S003986,O0003748,Home Shirt 2024/25,Home Shirt,1,95.73,2025-09-18 14:58:00
S003400,O0003749,Retro 2024/25,Retro,1,75.23,2025-02-10 01:02:02
S002492,O0003750,Home Shirt 2024/25,Home Shirt,1,81.8,2025-08-08 07:26:54
S001141,O0003751,Kids 2024/25,Kids,1,47.75,2025-08-29 06:49:07
S002429,O0003752,Away Shirt 2024/25,Away Shirt,3,261.46,2025-09-07 02:05:08
S001123,O0003753,Kids 2024/25,Kids,1,60.98,2025-04-10 02:48:15
S002732,O0003754,Third Kit 2024/25,Third Kit,1,73.18,2025-05-15 00:04:49
S003838,O0003755,Retro 2024/25,Retro,1,62.08,2025-08-24 10:12:04
S002293,O0003756,Third Kit 2024/25,Third Kit,1,89.04,2025-06-19 08:12:36
S002330,O0003757,Kids 2024/25,Kids,1,46.34,2024-09-24 06:33:38
S004577,O0003758,Home Shirt 2024/25,Home Shirt,1,77.09,2025-01-28 15:41:59
S001384,O0003759,Retro 2024/25,Retro,1,71.46,2025-09-13 12:49:17
S000147,O0003760,Away Shirt 2024/25,Away Shirt,1,86.43,2025-08-26 01:41:19
S001123,O0003761,Home Shirt 2024/25,Home Shirt,1,95.84,2024-10-30 00:17:46
S001042,O0003762,Training Wear 2024/25,Training Wear,1,50.89,2025-01-21 21:06:04
S002043,O0003763,Accessories 2024/25,Accessories,1,20.21,2025-08-25 05:55:04
S002114,O0003764,Kids 2024/25,Kids,1,57.89,2025-01-05 20:50:22
S001207,O0003765,Training Wear 2024/25,Training Wear,1,59.88,2025-09-09 19:57:45
S000994,O0003766,Accessories 2024/25,Accessories,1,20.74,2024-12-14 19:22:01
S003032,O0003767,Accessories 2024/25,Accessories,1,18.12,2025-09-18 00:37:16
S001101,O0003768,Home Shirt 2024/25,Home Shirt,1,90.95,2025-09-06 03:27:58
S001349,O0003769,Home Shirt 2024/25,Home Shirt,1,80.53,2025-09-13 23:37:14
S004520,O0003770,Accessories 2024/25,Accessories,3,71.36,2025-04-16 18:37:11
S004153,O0003771,Retro 2024/25,Retro,3,194.07,2025-09-20 00:24:16
S004865,O0003772,Retro 2024/25,Retro,3,175.91,2025-07-13 17:42:07
S003143,O0003773,Kids 2024/25,Kids,1,60.64,2025-09-17 18:28:53
S002744,O0003774,Retro 2024/25,Retro,1,64.89,2025-08-22 03:50:21
S001218,O0003775,Retro 2024/25,Retro,1,73.59,2025-09-14 11:23:01
S002820,O0003776,Training Wear 2024/25,Training Wear,1,52.5,2025-09-19 11:54:28
S004079,O0003777,Away Shirt 2024/25,Away Shirt,1,97.77,2025-04-29 04:17:15
S003574,O0003778,Accessories 2024/25,Accessories,1,23.22,2025-09-03 11:05:18
S000984,O0003779,Accessories 2024/25,Accessories,1,23.88,2025-08-29 09:38:01
S002522,O0003780,Training Wear 2024/25,Training Wear,1,61.14,2024-10-31 02:52:24
S002707,O0003781,Home Shirt 2024/25,Home Shirt,1,84.71,2025-09-14 02:44:37
S001457,O0003782,Away Shirt 2024/25,Away Shirt,1,97.64,2025-08-22 12:38:03
S000723,O0003783,Retro 2024/25,Retro,1,76.93,2025-05-02 17:17:50
S001873,O0003784,Third Kit 2024/25,Third Kit,1,86.94,2024-12-07 16:13:12
S004146,O0003785,Away Shirt 2024/25,Away Shirt,3,273.89,2025-09-02 08:12:56
S004094,O0003786,Kids 2024/25,Kids,2,101.03,2025-04-06 10:15:59
S004076,O0003787,Home Shirt 2024/25,Home Shirt,1,90.4,2025-04-26 17:23:31
S003099,O0003788,Accessories 2024/25,Accessories,1,19.44,2025-08-26 08:03:11
S000162,O0003789,Away Shirt 2024/25,Away Shirt,1,81.21,2025-01-10 02:36:11
S001898,O0003790,Kids 2024/25,Kids,1,49.62,2025-04-18 10:45:16
S000477,O0003791,Third Kit 2024/25,Third Kit,1,93.65,2025-08-17 07:17:23
S001612,O0003792,Kids 2024/25,Kids,2,113.13,2025-09-07 11:29:33
S001430,O0003793,Away Shirt 2024/25,Away Shirt,1,82.69,2025-09-04 11:04:13
S002099,O0003794,Kids 2024/25,Kids,1,52.56,2025-06-20 18:00:59
S001031,O0003795,Kids 2024/25,Kids,2,111.42,2025-08-21 17:41:29
S001954,O0003796,Away Shirt 2024/25,Away Shirt,1,82.79,2025-08-27 21:42:22
S004446,O0003797,Third Kit 2024/25,Third Kit,1,93.19,2025-01-28 01:48:20
S001435,O0003798,Retro 2024/25,Retro,1,73.43,2025-09-04 03:15:43
S000133,O0003799,Training Wear 2024/25,Training Wear,1,53.01,2025-05-30 00:15:24
S004644,O0003800,Accessories 2024/25,Accessories,1,24.07,2025-09-04 09:44:29
S001725,O0003801,Kids 2024/25,Kids,1,50.76,2025-03-22 17:38:32
S001870,O0003802,Away Shirt 2024/25,Away Shirt,1,92.37,2025-08-29 08:40:27
S003109,O0003803,Retro 2024/25,Retro,1,80.55,2025-09-03 02:10:45
S004419,O0003804,Third Kit 2024/25,Third Kit,1,87.12,2025-09-04 04:07:32
S003802,O0003805,Accessories 2024/25,Accessories,1,18.25,2025-04-17 02:23:50
S003446,O0003806,Accessories 2024/25,Accessories,1,18.91,2025-04-02 23:42:56
S002183,O0003807,Kids 2024/25,Kids,1,52.91,2025-08-27 21:38:29
S003852,O0003808,Retro 2024/25,Retro,1,81.1,2025-05-05 08:21:14
S000608,O0003809,Retro 2024/25,Retro,3,183.45,2025-07-03 18:27:12
S000842,O0003810,Away Shirt 2024/25,Away Shirt,1,81.39,2024-10-14 19:49:47
S003089,O0003811,Kids 2024/25,Kids,1,61.2,2025-01-07 04:04:49
S003654,O0003812,Training Wear 2024/25,Training Wear,1,55.32,2025-08-23 22:43:18
S002444,O0003813,Away Shirt 2024/25,Away Shirt,1,91.18,2025-09-12 10:44:34
S002119,O0003814,Accessories 2024/25,Accessories,1,20.39,2025-09-10 16:50:08
S003222,O0003815,Training Wear 2024/25,Training Wear,1,67.63,2025-09-04 15:13:39
S001142,O0003816,Retro 2024/25,Retro,1,76.07,2024-09-25 04:52:11
S004987,O0003817,Kids 2024/25,Kids,1,58.32,2025-05-29 07:44:46
S001992,O0003818,Home Shirt 2024/25,Home Shirt,1,79.64,2025-06-19 07:44:48
S000577,O0003819,Away Shirt 2024/25,Away Shirt,1,84.62,2025-05-27 21:36:07
S002713,O0003820,Kids 2024/25,Kids,3,151.98,2024-11-23 07:03:42
S000643,O0003821,Kids 2024/25,Kids,1,61.03,2025-01-18 15:00:00
S004051,O0003822,Accessories 2024/25,Accessories,1,23.5,2025-05-30 11:42:32
S002388,O0003823,Away Shirt 2024/25,Away Shirt,3,228.22,2025-08-21 17:45:49
S001039,O0003824,Accessories 2024/25,Accessories,1,21.43,2025-02-04 14:43:12
S002260,O0003825,Retro 2024/25,Retro,1,64.28,2025-08-23 14:09:23
S001942,O0003826,Away Shirt 2024/25,Away Shirt,1,87.95,2024-11-21 02:08:35
S003790,O0003827,Accessories 2024/25,Accessories,1,18.23,2025-09-18 23:32:40
S000101,O0003828,Training Wear 2024/25,Training Wear,2,122.75,2025-08-21 14:34:38
S004978,O0003829,Retro 2024/25,Retro,1,61.33,2025-08-29 02:50:18
S004012,O0003830,Accessories 2024/25,Accessories,1,23.51,2025-09-08 21:18:26
S004001,O0003831,Third Kit 2024/25,Third Kit,2,160.84,2025-09-19 16:07:49
S001281,O0003832,Accessories 2024/25,Accessories,1,18.37,2024-11-15 20:37:31
S001424,O0003833,Third Kit 2024/25,Third Kit,1,79.33,2025-09-10 07:56:30
S003377,O0003834,Kids 2024/25,Kids,1,48.2,2025-09-07 23:13:52
S004929,O0003835,Training Wear 2024/25,Training Wear,1,63.14,2025-04-11 04:11:55
S002988,O0003836,Accessories 2024/25,Accessories,1,21.07,2025-09-16 20:24:28
S004288,O0003837,Training Wear 2024/25,Training Wear,1,53.84,2025-01-16 15:43:18
S004646,O0003838,Third Kit 2024/25,Third Kit,1,88.22,2025-05-30 02:32:20
S001540,O0003839,Retro 2024/25,Retro,1,80.17,2025-09-16 14:41:55
S000221,O0003840,Retro 2024/25,Retro,1,66.62,2025-06-14 19:43:56
S001037,O0003841,Home Shirt 2024/25,Home Shirt,1,85.64,2025-08-16 13:10:25
S000463,O0003842,Accessories 2024/25,Accessories,1,22.91,2024-11-01 18:53:03
S001487,O0003843,Away Shirt 2024/25,Away Shirt,1,78.18,2025-06-21 05:02:01
S004895,O0003844,Third Kit 2024/25,Third Kit,1,87.09,2025-03-17 15:38:15
S001958,O0003845,Kids 2024/25,Kids,2,110.12,2024-10-13 06:01:36
S000253,O0003846,Retro 2024/25,Retro,1,74.89,2025-08-30 20:57:26
S001587,O0003847,Accessories 2024/25,Accessories,1,23.75,2025-01-04 02:15:40
S002663,O0003848,Retro 2024/25,Retro,1,79.16,2025-03-12 06:38:02
S000556,O0003849,Home Shirt 2024/25,Home Shirt,1,83.58,2025-04-29 00:13:01
S002006,O0003850,Retro 2024/25,Retro,1,76.58,2025-03-07 14:34:16
S000213,O0003851,Home Shirt 2024/25,Home Shirt,1,84.57,2025-08-31 21:51:44
S000773,O0003852,Kids 2024/25,Kids,1,55.54,2025-09-19 11:54:51
S001782,O0003853,Retro 2024/25,Retro,1,77.08,2025-09-02 19:47:23
S004392,O0003854,Home Shirt 2024/25,Home Shirt,3,252.92,2025-02-27 11:11:03
S004905,O0003855,Away Shirt 2024/25,Away Shirt,2,145.86,2025-08-27 08:23:40
S004483,O0003856,Home Shirt 2024/25,Home Shirt,2,190.19,2025-08-24 07:09:31
S004115,O0003857,Home Shirt 2024/25,Home Shirt,1,87.82,2025-09-05 17:17:18
S001295,O0003858,Kids 2024/25,Kids,3,145.12,2025-09-16 12:57:12
S001632,O0003859,Training Wear 2024/25,Training Wear,1,52.95,2025-05-03 15:05:51
S000918,O0003860,Retro 2024/25,Retro,1,63.57,2025-09-19 15:35:11
S004062,O0003861,Third Kit 2024/25,Third Kit,2,146.3,2025-09-19 19:43:53
S002356,O0003862,Away Shirt 2024/25,Away Shirt,2,149.73,2025-09-17 20:10:26
S003296,O0003863,Away Shirt 2024/25,Away Shirt,1,76.54,2025-02-04 13:12:47
S000350,O0003864,Away Shirt 2024/25,Away Shirt,1,91.76,2025-09-12 05:03:58
S000534,O0003865,Accessories 2024/25,Accessories,3,65.45,2025-09-17 22:08:53
S002217,O0003866,Retro 2024/25,Retro,1,69.97,2025-09-18 09:42:11
S000114,O0003867,Retro 2024/25,Retro,1,68.79,2025-08-27 12:43:04
S001622,O0003868,Retro 2024/25,Retro,1,63.43,2025-08-06 19:36:36
S001661,O0003869,Accessories 2024/25,Accessories,1,20.29,2025-08-22 02:05:40
S000831,O0003870,Retro 2024/25,Retro,1,64.17,2025-09-17 18:07:24
S000899,O0003871,Home Shirt 2024/25,Home Shirt,1,86.76,2025-08-21 14:20:43
S002269,O0003872,Retro 2024/25,Retro,1,80.02,2025-06-12 07:23:10
S003264,O0003873,Away Shirt 2024/25,Away Shirt,1,94.3,2025-05-28 06:24:18
S000883,O0003874,Home Shirt 2024/25,Home Shirt,1,76.75,2025-08-29 15:50:52
S004327,O0003875,Kids 2024/25,Kids,1,56.2,2025-09-05 15:33:47
S002452,O0003876,Training Wear 2024/25,Training Wear,1,58.91,2025-01-02 23:31:55
S004966,O0003877,Third Kit 2024/25,Third Kit,2,169.33,2025-09-14 23:09:18
S003716,O0003878,Away Shirt 2024/25,Away Shirt,1,79.57,2025-06-23 14:40:55
S001406,O0003879,Accessories 2024/25,Accessories,1,24.32,2025-09-11 13:51:47
S001223,O0003880,Third Kit 2024/25,Third Kit,1,80.89,2025-07-17 21:57:48
S003992,O0003881,Third Kit 2024/25,Third Kit,1,79.31,2025-09-20 07:31:25
S001199,O0003882,Home Shirt 2024/25,Home Shirt,1,99.08,2025-03-09 16:25:15
S004835,O0003883,Kids 2024/25,Kids,1,62.47,2025-09-11 12:40:27
S003732,O0003884,Training Wear 2024/25,Training Wear,1,65.23,2025-05-17 21:52:30
S000652,O0003885,Kids 2024/25,Kids,1,57.12,2024-11-12 21:31:31
S002104,O0003886,Third Kit 2024/25,Third Kit,2,177.42,2025-09-06 14:44:05
S004351,O0003887,Training Wear 2024/25,Training Wear,1,62.48,2025-07-17 08:53:34
S000521,O0003888,Third Kit 2024/25,Third Kit,1,76.37,2025-02-25 09:56:59
S004754,O0003889,Home Shirt 2024/25,Home Shirt,1,79.05,2025-08-11 17:56:25
S002260,O0003890,Training Wear 2024/25,Training Wear,1,57.45,2025-08-23 05:18:47
S004869,O0003891,Accessories 2024/25,Accessories,1,23.09,2025-09-08 06:34:14
S004216,O0003892,Training Wear 2024/25,Training Wear,1,60.75,2024-11-13 14:30:57
S004099,O0003893,Kids 2024/25,Kids,1,51.73,2025-09-18 08:14:29
S003070,O0003894,Third Kit 2024/25,Third Kit,1,91.54,2025-09-06 07:11:37
S004552,O0003895,Away Shirt 2024/25,Away Shirt,1,89.69,2025-09-18 10:52:40
S002753,O0003896,Away Shirt 2024/25,Away Shirt,1,95.21,2025-07-01 05:18:35
S004532,O0003897,Away Shirt 2024/25,Away Shirt,1,86.22,2024-11-16 07:08:12
S003627,O0003898,Accessories 2024/25,Accessories,1,19.99,2024-12-06 14:52:29
S001348,O0003899,Kids 2024/25,Kids,2,93.62,2025-08-28 13:11:46
S001412,O0003900,Retro 2024/25,Retro,3,177.08,2025-02-08 12:43:34
S003317,O0003901,Training Wear 2024/25,Training Wear,1,60.84,2025-09-19 23:19:19
S003104,O0003902,Accessories 2024/25,Accessories,1,20.88,2025-09-15 18:54:11
S003845,O0003903,Third Kit 2024/25,Third Kit,1,85.42,2025-08-31 07:13:00
S002686,O0003904,Home Shirt 2024/25,Home Shirt,3,292.58,2025-01-18 08:27:53
S004275,O0003905,Training Wear 2024/25,Training Wear,2,122.13,2025-09-05 18:47:40
S000910,O0003906,Home Shirt 2024/25,Home Shirt,1,73.82,2025-07-23 03:46:58
S002491,O0003907,Third Kit 2024/25,Third Kit,2,165.62,2025-08-25 12:26:55
S004520,O0003908,Home Shirt 2024/25,Home Shirt,1,75.15,2025-09-07 17:15:03
S002777,O0003909,Third Kit 2024/25,Third Kit,1,69.48,2025-08-29 06:49:34
S003791,O0003910,Kids 2024/25,Kids,1,55.67,2025-05-18 20:03:18
S000310,O0003911,Kids 2024/25,Kids,1,49.57,2025-02-02 20:58:15
S002116,O0003912,Retro 2024/25,Retro,1,59.61,2025-03-04 09:20:51
S003950,O0003913,Accessories 2024/25,Accessories,1,24.28,2025-02-16 19:26:58
S000037,O0003914,Retro 2024/25,Retro,2,139.96,2025-08-22 03:06:00
S002925,O0003915,Kids 2024/25,Kids,1,58.44,2025-08-29 21:21:49
S003841,O0003916,Accessories 2024/25,Accessories,2,36.44,2025-09-17 17:43:30
S003886,O0003917,Retro 2024/25,Retro,1,76.88,2025-09-12 19:50:01
S004960,O0003918,Third Kit 2024/25,Third Kit,2,179.65,2025-09-03 23:47:28
S000396,O0003919,Training Wear 2024/25,Training Wear,1,55.52,2025-09-14 01:45:35
S002636,O0003920,Third Kit 2024/25,Third Kit,1,88.57,2025-03-07 10:55:55
S002857,O0003921,Retro 2024/25,Retro,1,58.97,2025-01-18 23:32:18
S002581,O0003922,Accessories 2024/25,Accessories,1,18.44,2025-09-09 02:26:07
S001377,O0003923,Training Wear 2024/25,Training Wear,1,54.36,2025-09-09 12:35:43
S000320,O0003924,Home Shirt 2024/25,Home Shirt,1,74.12,2025-04-30 21:06:04
S003265,O0003925,Accessories 2024/25,Accessories,2,38.0,2025-04-20 10:16:51
S003652,O0003926,Training Wear 2024/25,Training Wear,1,56.25,2025-07-02 03:43:44
S000156,O0003927,Retro 2024/25,Retro,1,63.22,2025-06-19 22:14:58
S000066,O0003928,Kids 2024/25,Kids,1,48.3,2025-09-11 21:12:20
S003676,O0003929,Kids 2024/25,Kids,1,58.14,2025-04-19 06:42:50
S001223,O0003930,Retro 2024/25,Retro,1,67.81,2025-06-05 06:36:05
S001887,O0003931,Retro 2024/25,Retro,1,75.62,2025-09-19 01:49:13
S001165,O0003932,Third Kit 2024/25,Third Kit,1,70.62,2025-09-05 22:51:52
S003553,O0003933,Training Wear 2024/25,Training Wear,1,50.95,2025-07-29 22:27:49
S002870,O0003934,Accessories 2024/25,Accessories,1,23.06,2024-11-15 07:19:37
S000143,O0003935,Kids 2024/25,Kids,1,61.03,2025-02-09 11:06:14
S004424,O0003936,Accessories 2024/25,Accessories,1,19.1,2025-05-03 11:40:52
S003516,O0003937,Training Wear 2024/25,Training Wear,1,50.64,2025-08-21 22:33:20
S001537,O0003938,Training Wear 2024/25,Training Wear,1,51.96,2025-09-20 05:58:40
S003185,O0003939,Home Shirt 2024/25,Home Shirt,2,144.11,2025-09-05 04:07:12
S003950,O0003940,Home Shirt 2024/25,Home Shirt,1,72.62,2025-07-24 20:48:05
S002710,O0003941,Training Wear 2024/25,Training Wear,1,62.58,2025-09-06 19:34:31
S000844,O0003942,Kids 2024/25,Kids,1,51.88,2025-09-09 18:53:41
S003622,O0003943,Away Shirt 2024/25,Away Shirt,1,77.86,2025-06-16 20:56:09
S001369,O0003944,Training Wear 2024/25,Training Wear,1,58.03,2025-08-26 17:37:14
S001266,O0003945,Retro 2024/25,Retro,1,72.71,2025-09-17 19:31:44
S001183,O0003946,Third Kit 2024/25,Third Kit,1,90.73,2025-04-03 08:33:18
S003348,O0003947,Kids 2024/25,Kids,1,54.82,2025-08-05 21:01:32
S002536,O0003948,Away Shirt 2024/25,Away Shirt,1,85.07,2024-10-27 05:38:42
S004543,O0003949,Accessories 2024/25,Accessories,1,22.75,2025-09-12 18:55:25
S000487,O0003950,Accessories 2024/25,Accessories,1,19.41,2024-12-30 01:27:33
S004820,O0003951,Training Wear 2024/25,Training Wear,1,68.62,2025-09-06 08:26:16
S002138,O0003952,Kids 2024/25,Kids,1,49.51,2025-08-29 17:43:18
S002754,O0003953,Home Shirt 2024/25,Home Shirt,1,90.43,2025-09-07 13:06:34
S002854,O0003954,Third Kit 2024/25,Third Kit,1,75.94,2024-10-12 05:46:52
S000935,O0003955,Retro 2024/25,Retro,3,207.29,2025-02-21 10:05:45
S004850,O0003956,Away Shirt 2024/25,Away Shirt,1,84.2,2025-06-21 01:42:21
S002308,O0003957,Retro 2024/25,Retro,1,71.48,2025-09-15 15:01:08
S004517,O0003958,Kids 2024/25,Kids,1,50.8,2025-08-29 21:24:42
S002412,O0003959,Third Kit 2024/25,Third Kit,1,87.06,2025-08-24 18:38:19
S004854,O0003960,Training Wear 2024/25,Training Wear,3,167.51,2024-12-03 01:34:59
S001357,O0003961,Training Wear 2024/25,Training Wear,1,55.54,2025-03-04 09:00:36
S004165,O0003962,Retro 2024/25,Retro,1,63.98,2025-02-01 07:58:14
S002769,O0003963,Kids 2024/25,Kids,1,50.41,2025-05-20 16:33:23
S001822,O0003964,Kids 2024/25,Kids,1,58.11,2025-08-31 05:36:48
S001057,O0003965,Training Wear 2024/25,Training Wear,1,67.62,2024-10-02 19:05:27
S000086,O0003966,Away Shirt 2024/25,Away Shirt,1,87.07,2025-08-31 05:13:32
S002218,O0003967,Retro 2024/25,Retro,1,73.75,2025-08-22 14:02:25
S001297,O0003968,Home Shirt 2024/25,Home Shirt,1,91.08,2025-02-10 15:13:07
S004154,O0003969,Training Wear 2024/25,Training Wear,1,55.19,2025-01-21 21:16:28
S002531,O0003970,Retro 2024/25,Retro,1,66.93,2025-08-27 18:21:14
S003617,O0003971,Retro 2024/25,Retro,1,80.36,2025-08-24 18:03:04
S004073,O0003972,Retro 2024/25,Retro,1,79.3,2025-09-07 18:38:26
S001069,O0003973,Kids 2024/25,Kids,1,53.46,2025-09-11 05:53:49
S004485,O0003974,Kids 2024/25,Kids,1,53.47,2025-02-25 10:40:53
S001483,O0003975,Third Kit 2024/25,Third Kit,1,81.83,2025-09-19 21:38:57
S003307,O0003976,Away Shirt 2024/25,Away Shirt,1,80.64,2024-11-15 09:56:17
S003143,O0003977,Accessories 2024/25,Accessories,1,22.12,2025-01-05 06:11:07
S000839,O0003978,Accessories 2024/25,Accessories,1,22.5,2024-12-21 09:13:13
S002938,O0003979,Accessories 2024/25,Accessories,1,23.78,2025-09-11 21:55:19
S002766,O0003980,Away Shirt 2024/25,Away Shirt,3,253.08,2024-12-01 16:32:26
S002351,O0003981,Training Wear 2024/25,Training Wear,1,50.13,2025-08-21 18:16:49
S004589,O0003982,Accessories 2024/25,Accessories,1,24.48,2025-09-18 17:28:36
S003929,O0003983,Kids 2024/25,Kids,1,61.94,2025-07-30 16:54:37
S002235,O0003984,Kids 2024/25,Kids,1,54.72,2025-08-29 01:48:39
S003472,O0003985,Third Kit 2024/25,Third Kit,1,81.9,2025-08-22 16:24:25
S002699,O0003986,Accessories 2024/25,Accessories,1,18.78,2025-08-21 12:05:39
S004789,O0003987,Home Shirt 2024/25,Home Shirt,1,99.57,2025-08-25 11:22:27
S004476,O0003988,Kids 2024/25,Kids,1,51.87,2024-09-25 17:20:56
S002532,O0003989,Home Shirt 2024/25,Home Shirt,1,83.71,2025-09-15 14:19:44
S002387,O0003990,Training Wear 2024/25,Training Wear,1,53.73,2025-03-27 15:49:28
S003474,O0003991,Third Kit 2024/25,Third Kit,1,85.48,2025-09-05 18:28:16
S001597,O0003992,Kids 2024/25,Kids,1,47.46,2025-08-27 17:01:20
S003551,O0003993,Retro 2024/25,Retro,1,77.35,2025-09-07 18:56:19
S000096,O0003994,Home Shirt 2024/25,Home Shirt,1,73.99,2024-09-21 11:38:27
S004504,O0003995,Retro 2024/25,Retro,1,61.38,2025-09-15 04:51:10
S001688,O0003996,Retro 2024/25,Retro,1,80.13,2025-04-29 14:50:30
S001071,O0003997,Third Kit 2024/25,Third Kit,3,230.27,2025-05-23 14:22:13
S003123,O0003998,Home Shirt 2024/25,Home Shirt,1,91.13,2025-08-28 14:31:05
S002500,O0003999,Training Wear 2024/25,Training Wear,1,54.82,2025-05-01 15:56:21
S001622,O0004000,Training Wear 2024/25,Training Wear,1,52.02,2025-09-04 02:56:21
S000971,O0004001,Accessories 2024/25,Accessories,1,21.14,2025-09-12 01:10:37
S003624,O0004002,Training Wear 2024/25,Training Wear,1,50.06,2025-03-01 02:11:36
S001681,O0004003,Away Shirt 2024/25,Away Shirt,1,78.6,2025-01-11 02:48:45
S003715,O0004004,Retro 2024/25,Retro,1,63.57,2025-05-27 06:26:17
S004988,O0004005,Kids 2024/25,Kids,1,46.88,2025-09-17 02:30:19
S003979,O0004006,Retro 2024/25,Retro,1,67.01,2025-02-03 22:54:48
S003281,O0004007,Accessories 2024/25,Accessories,1,23.14,2024-11-02 00:14:22
S002966,O0004008,Home Shirt 2024/25,Home Shirt,1,76.08,2025-05-23 01:05:14
S001415,O0004009,Retro 2024/25,Retro,1,77.27,2025-09-06 17:55:03
S004220,O0004010,Away Shirt 2024/25,Away Shirt,1,72.9,2025-09-18 19:29:25
S001609,O0004011,Training Wear 2024/25,Training Wear,1,53.07,2025-04-16 14:09:22
S004043,O0004012,Home Shirt 2024/25,Home Shirt,1,78.94,2025-03-29 22:09:50
S001377,O0004013,Training Wear 2024/25,Training Wear,1,65.09,2025-04-05 04:56:21
S004776,O0004014,Away Shirt 2024/25,Away Shirt,1,93.31,2025-03-31 15:14:03
S004430,O0004015,Training Wear 2024/25,Training Wear,1,50.44,2024-10-22 10:22:05
S001103,O0004016,Training Wear 2024/25,Training Wear,1,60.23,2025-09-03 23:49:20
S001909,O0004017,Third Kit 2024/25,Third Kit,1,91.25,2025-09-03 14:25:58
S000779,O0004018,Away Shirt 2024/25,Away Shirt,1,97.0,2025-04-06 03:32:59
S000578,O0004019,Home Shirt 2024/25,Home Shirt,1,77.64,2024-11-14 12:04:38
S003219,O0004020,Accessories 2024/25,Accessories,1,21.82,2025-06-27 23:31:04
S002197,O0004021,Accessories 2024/25,Accessories,1,19.71,2025-09-12 04:16:11
S003817,O0004022,Home Shirt 2024/25,Home Shirt,1,76.45,2025-09-20 06:05:56
S000132,O0004023,Accessories 2024/25,Accessories,1,19.69,2025-08-29 09:35:39
S003539,O0004024,Third Kit 2024/25,Third Kit,1,85.94,2025-09-19 18:36:55
S002397,O0004025,Training Wear 2024/25,Training Wear,1,67.69,2025-07-10 23:00:56
S003491,O0004026,Kids 2024/25,Kids,1,50.72,2025-08-25 09:46:28
S001076,O0004027,Away Shirt 2024/25,Away Shirt,1,77.53,2025-09-14 22:56:50
S000068,O0004028,Kids 2024/25,Kids,1,50.65,2025-07-21 05:38:08
S002336,O0004029,Accessories 2024/25,Accessories,1,24.86,2025-08-26 05:27:16
S000846,O0004030,Accessories 2024/25,Accessories,1,24.19,2025-04-17 06:03:20
S004110,O0004031,Accessories 2024/25,Accessories,3,64.93,2025-02-22 23:41:20
S001923,O0004032,Third Kit 2024/25,Third Kit,1,90.23,2025-04-26 06:58:27
S004309,O0004033,Home Shirt 2024/25,Home Shirt,1,74.9,2025-04-25 23:08:31
S003765,O0004034,Training Wear 2024/25,Training Wear,1,62.71,2025-09-12 00:39:49
S001676,O0004035,Third Kit 2024/25,Third Kit,3,257.52,2025-01-31 08:40:12
S000810,O0004036,Training Wear 2024/25,Training Wear,1,53.71,2024-12-01 04:27:20
S001393,O0004037,Away Shirt 2024/25,Away Shirt,1,97.0,2025-08-28 15:09:29
S001532,O0004038,Accessories 2024/25,Accessories,1,19.33,2025-08-30 05:10:58
S000359,O0004039,Third Kit 2024/25,Third Kit,1,88.44,2025-09-09 13:34:28
S000192,O0004040,Accessories 2024/25,Accessories,1,23.73,2025-08-29 10:47:00
S001066,O0004041,Training Wear 2024/25,Training Wear,3,179.58,2024-10-07 22:04:14
S003057,O0004042,Accessories 2024/25,Accessories,1,18.58,2025-09-15 12:27:18
S000253,O0004043,Training Wear 2024/25,Training Wear,2,111.46,2025-09-11 16:21:03
S001710,O0004044,Away Shirt 2024/25,Away Shirt,1,89.72,2025-08-15 06:17:42
S001572,O0004045,Training Wear 2024/25,Training Wear,1,67.56,2025-06-26 11:54:41
S004782,O0004046,Retro 2024/25,Retro,1,60.08,2025-09-04 22:02:50
S001408,O0004047,Home Shirt 2024/25,Home Shirt,1,97.31,2025-08-28 23:33:04
S001068,O0004048,Third Kit 2024/25,Third Kit,2,145.63,2024-10-25 17:00:19
S003495,O0004049,Retro 2024/25,Retro,2,138.05,2025-03-06 10:00:58
S002204,O0004050,Accessories 2024/25,Accessories,2,48.15,2024-12-08 00:44:45
S001794,O0004051,Home Shirt 2024/25,Home Shirt,1,72.84,2025-08-25 12:55:35
S000534,O0004052,Away Shirt 2024/25,Away Shirt,1,78.99,2025-09-06 01:45:46
S002859,O0004053,Training Wear 2024/25,Training Wear,1,62.44,2025-08-09 08:20:30
S003186,O0004054,Away Shirt 2024/25,Away Shirt,1,89.51,2025-08-26 01:16:34
S004288,O0004055,Third Kit 2024/25,Third Kit,1,69.79,2025-09-11 05:44:05
S003807,O0004056,Away Shirt 2024/25,Away Shirt,1,94.23,2025-07-05 02:56:50
S004050,O0004057,Retro 2024/25,Retro,1,73.39,2025-09-03 06:56:30
S003967,O0004058,Away Shirt 2024/25,Away Shirt,1,87.28,2025-09-09 17:13:12
S000013,O0004059,Away Shirt 2024/25,Away Shirt,1,88.54,2025-08-22 21:49:53
S000235,O0004060,Training Wear 2024/25,Training Wear,1,66.44,2025-03-02 15:07:34
S001799,O0004061,Kids 2024/25,Kids,1,47.61,2025-09-11 15:51:37
S004026,O0004062,Away Shirt 2024/25,Away Shirt,1,74.78,2025-03-16 08:00:40
S004256,O0004063,Third Kit 2024/25,Third Kit,2,148.54,2025-08-22 11:24:20
S000516,O0004064,Accessories 2024/25,Accessories,1,18.14,2025-09-14 02:22:53
S003906,O0004065,Home Shirt 2024/25,Home Shirt,1,90.59,2025-09-07 11:42:54
S003239,O0004066,Kids 2024/25,Kids,1,52.54,2025-09-09 08:12:24
S002743,O0004067,Accessories 2024/25,Accessories,1,24.78,2025-08-29 09:58:30
S002210,O0004068,Third Kit 2024/25,Third Kit,1,77.96,2025-09-04 16:21:34
S004972,O0004069,Home Shirt 2024/25,Home Shirt,1,86.44,2025-02-04 05:37:46
S003164,O0004070,Kids 2024/25,Kids,1,57.13,2024-11-12 12:03:06
S001061,O0004071,Training Wear 2024/25,Training Wear,1,65.13,2025-09-16 15:09:50
S004131,O0004072,Retro 2024/25,Retro,1,78.12,2025-05-19 02:19:47
S002764,O0004073,Home Shirt 2024/25,Home Shirt,1,96.25,2025-09-15 13:13:04
S000201,O0004074,Third Kit 2024/25,Third Kit,2,149.16,2025-02-14 22:12:25
S000046,O0004075,Retro 2024/25,Retro,1,73.44,2025-09-14 07:56:40
S004847,O0004076,Accessories 2024/25,Accessories,2,43.71,2025-09-14 23:59:36
S004406,O0004077,Training Wear 2024/25,Training Wear,1,51.21,2025-09-10 21:20:43
S002050,O0004078,Training Wear 2024/25,Training Wear,1,50.55,2024-09-21 17:29:56
S004653,O0004079,Training Wear 2024/25,Training Wear,3,152.66,2025-09-14 16:35:25
S003019,O0004080,Third Kit 2024/25,Third Kit,1,73.15,2025-09-19 12:54:22
S001419,O0004081,Away Shirt 2024/25,Away Shirt,1,74.03,2025-06-27 11:41:03
S001229,O0004082,Accessories 2024/25,Accessories,1,19.56,2024-10-13 03:45:03
S002444,O0004083,Kids 2024/25,Kids,1,51.72,2025-09-09 07:24:01
S004740,O0004084,Third Kit 2024/25,Third Kit,1,79.18,2025-02-08 16:43:55
S003435,O0004085,Away Shirt 2024/25,Away Shirt,1,89.62,2025-09-11 07:27:35
S004901,O0004086,Accessories 2024/25,Accessories,2,43.45,2025-09-17 01:51:00
S001692,O0004087,Third Kit 2024/25,Third Kit,1,88.46,2025-08-20 15:53:22
S004850,O0004088,Retro 2024/25,Retro,1,79.0,2025-07-15 23:47:31
S002981,O0004089,Away Shirt 2024/25,Away Shirt,1,82.23,2024-09-23 23:10:36
S000493,O0004090,Training Wear 2024/25,Training Wear,1,62.36,2025-02-17 00:22:41
S001468,O0004091,Third Kit 2024/25,Third Kit,1,86.37,2025-04-25 11:44:41
S004351,O0004092,Kids 2024/25,Kids,1,59.34,2025-08-21 12:45:27
S000828,O0004093,Away Shirt 2024/25,Away Shirt,1,86.0,2025-09-13 04:06:01
S000129,O0004094,Accessories 2024/25,Accessories,1,23.89,2025-08-22 10:28:30
S004173,O0004095,Third Kit 2024/25,Third Kit,1,80.24,2025-08-24 10:36:51
S000003,O0004096,Away Shirt 2024/25,Away Shirt,1,77.92,2025-08-24 22:09:35
S000388,O0004097,Kids 2024/25,Kids,1,55.47,2025-08-26 17:20:25
S001440,O0004098,Home Shirt 2024/25,Home Shirt,1,85.88,2025-08-26 00:50:38
S003475,O0004099,Home Shirt 2024/25,Home Shirt,1,74.17,2025-09-20 11:50:03
S000302,O0004100,Accessories 2024/25,Accessories,1,20.44,2025-08-22 04:03:10
S000011,O0004101,Accessories 2024/25,Accessories,1,19.81,2025-09-17 13:36:17
S003070,O0004102,Training Wear 2024/25,Training Wear,1,53.88,2025-09-09 18:45:06
S001944,O0004103,Kids 2024/25,Kids,1,55.88,2024-11-16 19:43:20
S000547,O0004104,Away Shirt 2024/25,Away Shirt,1,76.21,2025-09-07 07:50:41
S002838,O0004105,Kids 2024/25,Kids,1,54.77,2025-09-06 09:05:36
S003241,O0004106,Kids 2024/25,Kids,1,51.48,2025-09-18 08:18:42
S001735,O0004107,Retro 2024/25,Retro,1,63.08,2024-09-28 02:43:38
S000130,O0004108,Accessories 2024/25,Accessories,1,21.67,2025-09-19 06:00:42
S000118,O0004109,Kids 2024/25,Kids,1,50.9,2025-08-27 02:45:05
S002232,O0004110,Home Shirt 2024/25,Home Shirt,1,87.38,2025-09-01 07:02:55
S001625,O0004111,Away Shirt 2024/25,Away Shirt,2,187.41,2025-02-01 05:44:30
S004893,O0004112,Home Shirt 2024/25,Home Shirt,1,93.57,2025-08-12 09:56:36
S000234,O0004113,Third Kit 2024/25,Third Kit,1,77.49,2025-01-11 01:52:23
S000176,O0004114,Training Wear 2024/25,Training Wear,1,60.98,2025-02-20 18:58:36
S000820,O0004115,Home Shirt 2024/25,Home Shirt,1,79.27,2025-08-18 07:03:42
S001753,O0004116,Home Shirt 2024/25,Home Shirt,1,98.03,2025-03-27 14:02:52
S000896,O0004117,Home Shirt 2024/25,Home Shirt,1,83.71,2024-11-05 09:00:53
S001699,O0004118,Home Shirt 2024/25,Home Shirt,1,76.53,2025-09-07 06:05:45
S001712,O0004119,Kids 2024/25,Kids,1,49.58,2025-09-08 13:06:07
S004038,O0004120,Retro 2024/25,Retro,1,72.61,2025-07-29 21:55:50
S001622,O0004121,Home Shirt 2024/25,Home Shirt,2,190.5,2024-12-31 12:30:32
S002929,O0004122,Home Shirt 2024/25,Home Shirt,1,92.15,2025-03-15 22:54:40
S002308,O0004123,Kids 2024/25,Kids,1,53.35,2025-04-25 18:30:11
S000799,O0004124,Home Shirt 2024/25,Home Shirt,1,81.07,2025-02-15 15:24:46
S003291,O0004125,Retro 2024/25,Retro,1,68.61,2025-05-30 06:15:42
S001978,O0004126,Training Wear 2024/25,Training Wear,2,99.51,2025-08-25 20:46:25
S002814,O0004127,Away Shirt 2024/25,Away Shirt,2,161.72,2024-10-06 17:44:13
S004340,O0004128,Third Kit 2024/25,Third Kit,1,84.39,2025-08-23 17:48:28
S000100,O0004129,Away Shirt 2024/25,Away Shirt,1,85.3,2025-09-14 17:35:52
S000092,O0004130,Kids 2024/25,Kids,1,55.38,2024-09-30 23:35:57
S004153,O0004131,Away Shirt 2024/25,Away Shirt,1,91.67,2025-09-11 15:04:40
S001485,O0004132,Accessories 2024/25,Accessories,1,18.8,2025-09-09 20:55:15
S002700,O0004133,Kids 2024/25,Kids,1,46.93,2025-08-30 22:11:22
S000472,O0004134,Home Shirt 2024/25,Home Shirt,2,198.59,2024-11-08 02:40:52
S001026,O0004135,Accessories 2024/25,Accessories,1,21.64,2025-02-23 14:33:34
S000607,O0004136,Away Shirt 2024/25,Away Shirt,1,79.87,2025-08-21 18:04:16
S003435,O0004137,Kids 2024/25,Kids,1,53.05,2024-12-30 14:29:41
S002490,O0004138,Third Kit 2024/25,Third Kit,2,179.19,2025-09-18 15:21:00
S003052,O0004139,Home Shirt 2024/25,Home Shirt,3,297.35,2025-08-26 23:11:59
S002769,O0004140,Training Wear 2024/25,Training Wear,1,60.41,2025-09-03 05:07:28
S002735,O0004141,Home Shirt 2024/25,Home Shirt,1,91.75,2025-08-22 19:36:44
S000356,O0004142,Training Wear 2024/25,Training Wear,1,65.27,2025-09-11 09:02:34
S003477,O0004143,Home Shirt 2024/25,Home Shirt,1,80.19,2025-08-30 10:54:15
S001243,O0004144,Training Wear 2024/25,Training Wear,1,50.16,2025-08-31 16:16:33
S002845,O0004145,Away Shirt 2024/25,Away Shirt,1,77.88,2024-10-15 09:10:29
S003940,O0004146,Home Shirt 2024/25,Home Shirt,2,167.2,2025-08-26 06:10:24
S003855,O0004147,Home Shirt 2024/25,Home Shirt,1,83.51,2025-05-31 17:52:43
S000677,O0004148,Third Kit 2024/25,Third Kit,1,72.49,2025-08-29 15:17:42
S002497,O0004149,Away Shirt 2024/25,Away Shirt,1,83.46,2025-09-14 05:31:00
S002213,O0004150,Home Shirt 2024/25,Home Shirt,1,97.45,2025-09-19 06:17:33
S000427,O0004151,Away Shirt 2024/25,Away Shirt,2,152.02,2025-09-04 00:01:06
S004030,O0004152,Third Kit 2024/25,Third Kit,1,93.04,2025-08-31 12:07:50
S003437,O0004153,Retro 2024/25,Retro,3,219.26,2025-09-18 10:47:10
S004875,O0004154,Third Kit 2024/25,Third Kit,1,69.05,2025-08-21 00:44:00
S002411,O0004155,Home Shirt 2024/25,Home Shirt,1,72.54,2025-02-10 16:02:23
S000313,O0004156,Training Wear 2024/25,Training Wear,1,52.03,2025-01-15 02:23:18
S001949,O0004157,Home Shirt 2024/25,Home Shirt,1,94.94,2025-08-27 06:44:17
S003943,O0004158,Third Kit 2024/25,Third Kit,1,68.7,2025-09-08 11:52:49
S000657,O0004159,Third Kit 2024/25,Third Kit,1,74.46,2025-09-07 20:44:15
S003399,O0004160,Away Shirt 2024/25,Away Shirt,3,239.22,2025-08-31 03:54:30
S001448,O0004161,Retro 2024/25,Retro,1,79.53,2025-09-07 03:03:26
S000969,O0004162,Retro 2024/25,Retro,1,73.6,2025-04-04 15:08:42
S002028,O0004163,Away Shirt 2024/25,Away Shirt,1,90.86,2025-09-12 20:34:43
S002247,O0004164,Training Wear 2024/25,Training Wear,3,163.13,2025-09-01 21:45:55
S004109,O0004165,Kids 2024/25,Kids,1,62.48,2025-09-08 05:46:25
S001064,O0004166,Training Wear 2024/25,Training Wear,1,57.56,2025-05-14 09:29:48
S000741,O0004167,Accessories 2024/25,Accessories,1,22.47,2025-08-29 03:19:48
S000672,O0004168,Kids 2024/25,Kids,1,53.06,2025-08-27 02:02:06
S001999,O0004169,Kids 2024/25,Kids,1,57.24,2025-09-10 00:48:35
S004095,O0004170,Away Shirt 2024/25,Away Shirt,1,89.0,2025-08-22 23:01:15
S004902,O0004171,Third Kit 2024/25,Third Kit,1,84.43,2025-09-20 04:02:42
S001295,O0004172,Accessories 2024/25,Accessories,1,19.58,2024-11-27 14:57:15
S002064,O0004173,Training Wear 2024/25,Training Wear,1,68.6,2024-12-25 04:47:25
S004520,O0004174,Training Wear 2024/25,Training Wear,3,180.35,2024-12-12 20:35:40
S004846,O0004175,Retro 2024/25,Retro,1,80.64,2025-05-05 15:14:40
S001233,O0004176,Retro 2024/25,Retro,1,76.36,2025-01-03 05:59:00
S001270,O0004177,Kids 2024/25,Kids,3,140.63,2025-09-14 01:23:07
S000214,O0004178,Accessories 2024/25,Accessories,1,19.16,2024-09-21 03:41:05
S001041,O0004179,Away Shirt 2024/25,Away Shirt,1,92.9,2024-10-28 05:44:15
S002778,O0004180,Home Shirt 2024/25,Home Shirt,3,248.96,2025-08-27 03:17:37
S004514,O0004181,Home Shirt 2024/25,Home Shirt,1,98.8,2025-09-18 01:39:47
S000491,O0004182,Third Kit 2024/25,Third Kit,1,76.92,2025-09-05 07:54:02
S003830,O0004183,Training Wear 2024/25,Training Wear,1,53.97,2025-08-31 19:06:58
S004082,O0004184,Third Kit 2024/25,Third Kit,1,87.71,2025-09-16 02:39:47
S000513,O0004185,Training Wear 2024/25,Training Wear,1,50.25,2025-07-15 06:38:16
S001380,O0004186,Accessories 2024/25,Accessories,1,18.01,2025-08-29 04:28:39
S003186,O0004187,Home Shirt 2024/25,Home Shirt,1,78.41,2025-06-23 21:23:12
S003157,O0004188,Accessories 2024/25,Accessories,1,20.61,2025-05-18 06:34:08
S002858,O0004189,Accessories 2024/25,Accessories,1,18.89,2025-01-20 14:56:51
S000420,O0004190,Retro 2024/25,Retro,1,80.03,2024-09-26 19:48:36
S000453,O0004191,Third Kit 2024/25,Third Kit,1,78.04,2025-09-07 06:16:37
S000357,O0004192,Training Wear 2024/25,Training Wear,1,61.99,2024-12-16 08:44:31
S004019,O0004193,Third Kit 2024/25,Third Kit,1,87.52,2025-08-29 14:57:05
S001542,O0004194,Accessories 2024/25,Accessories,1,21.5,2025-09-03 21:00:11
S001201,O0004195,Training Wear 2024/25,Training Wear,1,58.82,2024-10-03 01:32:47
S002262,O0004196,Third Kit 2024/25,Third Kit,1,73.54,2025-01-10 19:45:18
S003070,O0004197,Retro 2024/25,Retro,1,77.27,2024-11-30 01:07:50
S003510,O0004198,Third Kit 2024/25,Third Kit,1,82.02,2025-08-29 21:50:43
S001123,O0004199,Home Shirt 2024/25,Home Shirt,2,171.23,2025-06-30 11:48:20
S004312,O0004200,Accessories 2024/25,Accessories,1,19.77,2025-05-07 21:16:07
S000855,O0004201,Third Kit 2024/25,Third Kit,1,83.04,2024-10-11 06:31:03
S001703,O0004202,Third Kit 2024/25,Third Kit,3,249.08,2025-08-19 03:46:03
S000602,O0004203,Away Shirt 2024/25,Away Shirt,2,157.76,2025-06-08 13:04:10
S003970,O0004204,Retro 2024/25,Retro,1,74.62,2025-03-09 10:28:32
S001525,O0004205,Accessories 2024/25,Accessories,1,21.72,2025-09-15 19:50:24
S001741,O0004206,Home Shirt 2024/25,Home Shirt,1,80.71,2025-09-06 22:26:43
S001255,O0004207,Home Shirt 2024/25,Home Shirt,1,74.79,2024-12-28 11:50:38
S002381,O0004208,Kids 2024/25,Kids,2,100.29,2025-01-12 04:23:36
S002391,O0004209,Home Shirt 2024/25,Home Shirt,1,93.46,2025-08-27 19:15:32
S002385,O0004210,Home Shirt 2024/25,Home Shirt,1,90.98,2025-09-09 02:01:47
S004703,O0004211,Third Kit 2024/25,Third Kit,1,71.25,2025-06-20 11:25:35
S004143,O0004212,Kids 2024/25,Kids,1,53.22,2025-09-19 22:56:07
S004848,O0004213,Accessories 2024/25,Accessories,1,21.88,2024-09-25 07:49:13
S004384,O0004214,Home Shirt 2024/25,Home Shirt,1,95.15,2025-08-29 15:11:29
S004384,O0004215,Accessories 2024/25,Accessories,1,20.63,2025-08-24 00:02:33
S001819,O0004216,Away Shirt 2024/25,Away Shirt,1,82.2,2025-09-16 19:45:36
S000991,O0004217,Away Shirt 2024/25,Away Shirt,1,92.52,2025-08-27 16:51:27
S003923,O0004218,Away Shirt 2024/25,Away Shirt,2,148.36,2025-08-12 01:41:06
S001888,O0004219,Accessories 2024/25,Accessories,1,18.91,2025-08-27 16:32:36
S001265,O0004220,Home Shirt 2024/25,Home Shirt,1,86.03,2025-02-08 12:41:08
S002998,O0004221,Training Wear 2024/25,Training Wear,1,55.74,2025-07-19 03:53:15
S004850,O0004222,Training Wear 2024/25,Training Wear,1,64.72,2025-09-10 13:21:51
S002935,O0004223,Kids 2024/25,Kids,1,62.25,2025-08-17 01:18:56
S000719,O0004224,Kids 2024/25,Kids,2,115.04,2025-09-03 08:40:26
S000259,O0004225,Third Kit 2024/25,Third Kit,1,88.25,2025-05-12 05:02:23
S003775,O0004226,Third Kit 2024/25,Third Kit,1,90.99,2024-12-18 03:55:40
S002475,O0004227,Away Shirt 2024/25,Away Shirt,1,72.25,2025-09-11 05:39:16
S001333,O0004228,Kids 2024/25,Kids,1,45.42,2025-05-30 04:12:00
S001656,O0004229,Kids 2024/25,Kids,1,51.25,2025-09-02 05:24:00
S003211,O0004230,Home Shirt 2024/25,Home Shirt,1,83.29,2025-08-29 22:02:43
S001496,O0004231,Training Wear 2024/25,Training Wear,1,64.88,2025-01-22 05:13:40
S003011,O0004232,Retro 2024/25,Retro,2,122.39,2025-01-11 01:16:28
S003318,O0004233,Training Wear 2024/25,Training Wear,1,52.42,2025-09-17 01:07:29
S001450,O0004234,Training Wear 2024/25,Training Wear,1,56.38,2025-07-30 17:53:11
S003546,O0004235,Training Wear 2024/25,Training Wear,2,118.36,2025-08-19 06:29:31
S003872,O0004236,Kids 2024/25,Kids,1,54.77,2025-06-04 13:50:48
S000551,O0004237,Away Shirt 2024/25,Away Shirt,2,168.26,2025-01-10 04:21:18
S001710,O0004238,Third Kit 2024/25,Third Kit,1,76.7,2025-09-18 09:21:06
S000310,O0004239,Third Kit 2024/25,Third Kit,1,87.27,2025-01-27 09:31:05
S003009,O0004240,Retro 2024/25,Retro,1,62.52,2025-08-04 05:44:51
S003977,O0004241,Home Shirt 2024/25,Home Shirt,1,90.98,2025-02-10 18:48:56
S001289,O0004242,Home Shirt 2024/25,Home Shirt,1,72.57,2025-01-13 19:16:30
S003676,O0004243,Retro 2024/25,Retro,1,67.66,2025-09-11 23:54:21
S004078,O0004244,Kids 2024/25,Kids,1,61.75,2025-05-06 20:52:56
S004079,O0004245,Home Shirt 2024/25,Home Shirt,3,296.63,2025-09-01 12:11:55
S001170,O0004246,Training Wear 2024/25,Training Wear,1,65.2,2024-10-27 18:49:17
S002861,O0004247,Third Kit 2024/25,Third Kit,1,85.94,2025-02-21 19:36:58
S000164,O0004248,Accessories 2024/25,Accessories,1,21.95,2024-10-15 10:02:44
S004799,O0004249,Third Kit 2024/25,Third Kit,1,83.4,2025-09-02 03:01:12
S002809,O0004250,Home Shirt 2024/25,Home Shirt,1,72.11,2025-07-06 07:48:03
S001907,O0004251,Training Wear 2024/25,Training Wear,1,62.71,2024-10-13 06:16:35
S004252,O0004252,Third Kit 2024/25,Third Kit,1,86.72,2024-12-26 21:59:17
S003088,O0004253,Accessories 2024/25,Accessories,1,24.39,2025-04-23 14:08:14
S004786,O0004254,Training Wear 2024/25,Training Wear,1,65.09,2025-08-28 00:00:26
S000078,O0004255,Training Wear 2024/25,Training Wear,1,53.68,2025-09-08 09:24:45
S002392,O0004256,Third Kit 2024/25,Third Kit,1,73.71,2025-03-17 15:14:51
S004369,O0004257,Retro 2024/25,Retro,1,59.67,2025-09-04 06:36:17
S001662,O0004258,Kids 2024/25,Kids,1,49.83,2024-12-08 00:33:28
S003363,O0004259,Training Wear 2024/25,Training Wear,1,49.51,2025-09-12 05:02:08
S002601,O0004260,Retro 2024/25,Retro,1,74.32,2025-09-19 19:15:24
S000545,O0004261,Retro 2024/25,Retro,1,64.79,2025-08-26 13:20:04
S002267,O0004262,Training Wear 2024/25,Training Wear,1,64.15,2025-09-15 11:25:35
S000849,O0004263,Training Wear 2024/25,Training Wear,1,62.56,2025-02-02 16:17:04
S003496,O0004264,Third Kit 2024/25,Third Kit,1,75.65,2024-11-18 04:14:59
S002722,O0004265,Away Shirt 2024/25,Away Shirt,1,76.14,2025-09-17 23:47:09
S004589,O0004266,Accessories 2024/25,Accessories,1,20.74,2025-05-20 08:58:17
S004597,O0004267,Accessories 2024/25,Accessories,1,18.39,2025-05-03 10:00:41
S001846,O0004268,Home Shirt 2024/25,Home Shirt,1,82.95,2025-09-10 14:58:54
S004003,O0004269,Retro 2024/25,Retro,1,63.48,2025-02-19 09:29:49
S003735,O0004270,Kids 2024/25,Kids,1,51.74,2025-09-13 11:26:19
S000709,O0004271,Home Shirt 2024/25,Home Shirt,1,79.02,2025-09-01 05:14:26
S003285,O0004272,Home Shirt 2024/25,Home Shirt,1,91.43,2025-05-07 06:33:21
S002382,O0004273,Home Shirt 2024/25,Home Shirt,1,85.81,2025-08-22 15:19:23
S003625,O0004274,Away Shirt 2024/25,Away Shirt,2,184.3,2024-10-19 17:09:17
S001017,O0004275,Retro 2024/25,Retro,1,59.81,2025-09-08 16:02:10
S001570,O0004276,Home Shirt 2024/25,Home Shirt,1,79.67,2025-06-08 01:18:35
S000534,O0004277,Third Kit 2024/25,Third Kit,1,89.04,2025-07-20 04:11:54
S001789,O0004278,Accessories 2024/25,Accessories,2,41.33,2025-09-17 22:59:40
S000021,O0004279,Third Kit 2024/25,Third Kit,1,75.04,2025-06-28 17:27:26
S002317,O0004280,Accessories 2024/25,Accessories,1,24.96,2025-09-03 08:29:50
S003138,O0004281,Training Wear 2024/25,Training Wear,2,99.83,2025-09-18 03:32:08
S004771,O0004282,Retro 2024/25,Retro,1,68.77,2024-12-05 05:19:45
S000555,O0004283,Kids 2024/25,Kids,1,51.76,2025-08-26 12:11:50
S003048,O0004284,Retro 2024/25,Retro,2,140.28,2025-09-14 20:22:53
S004747,O0004285,Retro 2024/25,Retro,1,59.01,2025-08-28 07:43:29
S000356,O0004286,Kids 2024/25,Kids,1,56.32,2024-09-24 19:59:40
S002122,O0004287,Retro 2024/25,Retro,1,66.29,2025-09-14 23:11:06
S002442,O0004288,Kids 2024/25,Kids,1,46.36,2025-09-08 09:55:37
S001072,O0004289,Away Shirt 2024/25,Away Shirt,1,79.46,2025-05-03 03:02:56
S001319,O0004290,Home Shirt 2024/25,Home Shirt,2,153.76,2025-04-02 22:53:38
S003837,O0004291,Home Shirt 2024/25,Home Shirt,2,177.66,2025-09-07 05:11:28
S004215,O0004292,Accessories 2024/25,Accessories,1,18.2,2025-09-19 15:54:43
S001655,O0004293,Training Wear 2024/25,Training Wear,1,55.62,2025-08-22 14:44:20
S003480,O0004294,Third Kit 2024/25,Third Kit,1,90.22,2025-09-09 14:09:24
S003076,O0004295,Accessories 2024/25,Accessories,1,24.2,2024-12-27 00:22:54
S004379,O0004296,Training Wear 2024/25,Training Wear,1,66.37,2025-01-18 21:08:22
S004715,O0004297,Training Wear 2024/25,Training Wear,1,54.9,2025-01-15 15:02:51
S000610,O0004298,Away Shirt 2024/25,Away Shirt,1,85.92,2025-05-04 12:36:57
S003931,O0004299,Accessories 2024/25,Accessories,1,20.12,2025-01-07 23:01:40
S004719,O0004300,Away Shirt 2024/25,Away Shirt,2,176.87,2025-09-17 00:13:24
S002185,O0004301,Away Shirt 2024/25,Away Shirt,1,81.23,2024-10-10 22:38:59
S000585,O0004302,Home Shirt 2024/25,Home Shirt,1,88.03,2025-04-22 11:34:21
S001259,O0004303,Accessories 2024/25,Accessories,1,20.96,2025-06-01 07:10:58
S000023,O0004304,Training Wear 2024/25,Training Wear,1,54.82,2024-12-18 12:56:58
S000499,O0004305,Training Wear 2024/25,Training Wear,3,153.1,2025-09-16 22:10:04
S000394,O0004306,Away Shirt 2024/25,Away Shirt,1,87.42,2025-05-01 21:51:29
S001235,O0004307,Away Shirt 2024/25,Away Shirt,1,99.84,2025-08-05 09:55:18
S004391,O0004308,Training Wear 2024/25,Training Wear,1,59.6,2025-09-03 15:27:04
S000820,O0004309,Accessories 2024/25,Accessories,1,24.97,2025-09-15 01:11:11
S000342,O0004310,Training Wear 2024/25,Training Wear,1,54.27,2025-08-24 23:45:14
S004957,O0004311,Training Wear 2024/25,Training Wear,1,65.56,2025-05-16 20:32:43
S003824,O0004312,Away Shirt 2024/25,Away Shirt,1,75.93,2024-09-25 05:31:54
S002938,O0004313,Retro 2024/25,Retro,1,61.13,2025-03-24 13:13:49
S000229,O0004314,Accessories 2024/25,Accessories,2,37.93,2025-09-16 21:19:43
S001394,O0004315,Training Wear 2024/25,Training Wear,1,58.15,2025-08-27 16:31:50
S000408,O0004316,Away Shirt 2024/25,Away Shirt,1,83.61,2025-08-28 03:40:05
S003403,O0004317,Away Shirt 2024/25,Away Shirt,1,90.21,2025-09-15 06:08:26
S004271,O0004318,Away Shirt 2024/25,Away Shirt,1,98.8,2025-09-19 13:27:56
S003540,O0004319,Retro 2024/25,Retro,2,155.48,2025-09-07 17:00:49
S002257,O0004320,Training Wear 2024/25,Training Wear,1,49.66,2025-09-08 02:30:34
S000919,O0004321,Kids 2024/25,Kids,1,61.04,2025-05-12 04:37:29
S002498,O0004322,Home Shirt 2024/25,Home Shirt,1,97.85,2025-08-29 14:03:03
S002975,O0004323,Home Shirt 2024/25,Home Shirt,1,82.09,2025-09-03 05:33:19
S003078,O0004324,Away Shirt 2024/25,Away Shirt,1,99.59,2025-09-13 16:40:13
S002400,O0004325,Home Shirt 2024/25,Home Shirt,1,83.67,2025-09-18 02:46:29
S002558,O0004326,Training Wear 2024/25,Training Wear,1,59.42,2025-09-12 03:55:16
S002237,O0004327,Training Wear 2024/25,Training Wear,1,55.4,2025-09-19 20:13:22
S002983,O0004328,Training Wear 2024/25,Training Wear,1,50.6,2025-05-13 02:15:42
S003811,O0004329,Third Kit 2024/25,Third Kit,1,89.09,2024-10-24 10:57:40
S003099,O0004330,Third Kit 2024/25,Third Kit,1,91.53,2025-09-20 08:24:10
S002338,O0004331,Third Kit 2024/25,Third Kit,1,67.65,2025-08-25 17:53:29
S003691,O0004332,Retro 2024/25,Retro,1,78.94,2025-09-19 16:52:44
S002190,O0004333,Third Kit 2024/25,Third Kit,1,83.27,2025-07-25 03:56:33
S003114,O0004334,Accessories 2024/25,Accessories,1,19.32,2025-08-23 04:14:44
S000375,O0004335,Training Wear 2024/25,Training Wear,1,61.77,2025-09-10 09:26:37
S001296,O0004336,Home Shirt 2024/25,Home Shirt,1,83.2,2025-07-05 09:09:56
S004432,O0004337,Accessories 2024/25,Accessories,1,24.02,2025-02-10 05:39:45
S004952,O0004338,Kids 2024/25,Kids,1,47.58,2025-09-19 05:43:00
S004405,O0004339,Third Kit 2024/25,Third Kit,1,92.67,2025-01-01 04:19:20
S000868,O0004340,Kids 2024/25,Kids,1,46.98,2025-04-16 03:19:05
S004447,O0004341,Accessories 2024/25,Accessories,1,24.03,2025-09-20 03:48:29
S000597,O0004342,Third Kit 2024/25,Third Kit,1,76.52,2025-09-16 21:02:19
S003375,O0004343,Retro 2024/25,Retro,1,71.85,2025-04-18 00:32:38
S003414,O0004344,Training Wear 2024/25,Training Wear,1,57.19,2025-01-05 23:59:38
S001140,O0004345,Accessories 2024/25,Accessories,1,24.42,2025-07-17 02:53:18
S004310,O0004346,Kids 2024/25,Kids,1,59.73,2025-09-17 23:12:26
S000572,O0004347,Kids 2024/25,Kids,3,166.3,2025-08-27 15:59:59
S004049,O0004348,Kids 2024/25,Kids,2,108.91,2025-08-28 14:11:06
S000509,O0004349,Away Shirt 2024/25,Away Shirt,1,76.57,2025-09-08 08:19:43
S003901,O0004350,Home Shirt 2024/25,Home Shirt,1,85.64,2025-09-09 19:08:33
S003541,O0004351,Accessories 2024/25,Accessories,1,18.13,2025-09-05 07:01:15
S003943,O0004352,Training Wear 2024/25,Training Wear,1,51.21,2025-06-10 07:07:25
S003398,O0004353,Kids 2024/25,Kids,1,61.42,2025-05-27 20:21:21
S000584,O0004354,Away Shirt 2024/25,Away Shirt,1,84.57,2025-08-26 14:51:54
S001718,O0004355,Third Kit 2024/25,Third Kit,1,67.83,2025-09-08 08:36:37
S001693,O0004356,Retro 2024/25,Retro,1,68.95,2025-08-29 03:04:31
S004729,O0004357,Away Shirt 2024/25,Away Shirt,1,74.99,2025-09-11 06:40:18
S001377,O0004358,Away Shirt 2024/25,Away Shirt,1,74.92,2025-09-11 04:28:57
S000779,O0004359,Home Shirt 2024/25,Home Shirt,3,239.31,2024-10-08 03:16:18
S002344,O0004360,Accessories 2024/25,Accessories,1,21.42,2025-08-24 18:58:09
S002809,O0004361,Retro 2024/25,Retro,1,71.28,2025-08-21 12:17:52
S003441,O0004362,Training Wear 2024/25,Training Wear,1,67.5,2024-11-20 03:39:35
S004682,O0004363,Third Kit 2024/25,Third Kit,1,75.2,2025-08-29 06:33:21
S001914,O0004364,Home Shirt 2024/25,Home Shirt,1,75.05,2025-09-07 10:17:50
S004102,O0004365,Third Kit 2024/25,Third Kit,1,70.37,2024-09-30 07:45:32
S003677,O0004366,Kids 2024/25,Kids,1,45.55,2025-06-16 13:37:32
S003265,O0004367,Accessories 2024/25,Accessories,2,38.9,2025-04-16 11:33:28
S001949,O0004368,Away Shirt 2024/25,Away Shirt,1,93.6,2025-02-27 15:43:44
S001581,O0004369,Home Shirt 2024/25,Home Shirt,1,90.89,2025-08-26 08:13:17
S003215,O0004370,Third Kit 2024/25,Third Kit,2,142.15,2024-11-17 08:52:57
S001171,O0004371,Training Wear 2024/25,Training Wear,1,66.41,2025-02-07 19:31:25
S001179,O0004372,Home Shirt 2024/25,Home Shirt,1,97.99,2025-03-09 05:19:25
S002642,O0004373,Kids 2024/25,Kids,1,61.78,2025-08-29 18:19:48
S001530,O0004374,Accessories 2024/25,Accessories,1,22.45,2025-09-14 19:41:26
S003540,O0004375,Retro 2024/25,Retro,1,63.15,2025-04-26 03:12:29
S001058,O0004376,Home Shirt 2024/25,Home Shirt,1,92.22,2024-11-24 05:59:07
S001426,O0004377,Third Kit 2024/25,Third Kit,3,244.0,2025-09-16 06:50:17
S003241,O0004378,Kids 2024/25,Kids,3,154.45,2025-01-23 07:17:23
S002611,O0004379,Home Shirt 2024/25,Home Shirt,1,99.24,2025-08-22 20:35:18
S002987,O0004380,Accessories 2024/25,Accessories,1,18.35,2025-03-06 18:05:24
S002210,O0004381,Retro 2024/25,Retro,1,71.0,2025-04-13 21:48:37
S004475,O0004382,Accessories 2024/25,Accessories,2,41.91,2025-04-03 22:01:51
S003596,O0004383,Away Shirt 2024/25,Away Shirt,1,99.05,2025-07-29 15:10:09
S001666,O0004384,Kids 2024/25,Kids,1,54.94,2025-09-11 12:16:54
S000111,O0004385,Retro 2024/25,Retro,1,77.3,2025-03-24 14:10:55
S002743,O0004386,Training Wear 2024/25,Training Wear,1,66.41,2024-12-30 13:46:40
S004570,O0004387,Accessories 2024/25,Accessories,1,22.9,2025-09-09 03:21:08
S001290,O0004388,Home Shirt 2024/25,Home Shirt,1,97.7,2025-08-31 13:20:07
S000147,O0004389,Training Wear 2024/25,Training Wear,1,51.05,2025-07-13 00:29:49
S000766,O0004390,Retro 2024/25,Retro,1,77.65,2025-09-18 12:58:05
S000601,O0004391,Third Kit 2024/25,Third Kit,1,86.2,2025-03-19 12:54:19
S000231,O0004392,Training Wear 2024/25,Training Wear,1,50.23,2025-09-09 21:21:45
S004258,O0004393,Kids 2024/25,Kids,1,56.98,2025-09-06 02:04:33
S003552,O0004394,Accessories 2024/25,Accessories,1,22.96,2025-08-07 11:37:55
S000754,O0004395,Home Shirt 2024/25,Home Shirt,1,74.05,2025-09-18 00:32:08
S004699,O0004396,Away Shirt 2024/25,Away Shirt,1,85.34,2025-09-13 02:09:18
S002191,O0004397,Third Kit 2024/25,Third Kit,1,69.27,2025-09-17 18:18:54
S002311,O0004398,Home Shirt 2024/25,Home Shirt,1,94.96,2024-11-13 08:00:25
S003408,O0004399,Accessories 2024/25,Accessories,1,18.73,2025-02-13 23:54:26
S004561,O0004400,Away Shirt 2024/25,Away Shirt,1,87.2,2024-09-27 12:33:23
S003232,O0004401,Third Kit 2024/25,Third Kit,2,181.16,2024-11-03 19:44:05
S002001,O0004402,Accessories 2024/25,Accessories,1,22.49,2024-12-05 09:48:56
S002440,O0004403,Away Shirt 2024/25,Away Shirt,1,93.15,2025-09-02 20:18:14
S000438,O0004404,Away Shirt 2024/25,Away Shirt,1,90.17,2025-09-01 04:03:17
S002183,O0004405,Training Wear 2024/25,Training Wear,1,52.26,2025-08-30 12:32:17
S002813,O0004406,Accessories 2024/25,Accessories,1,19.14,2025-08-21 18:45:06
S001556,O0004407,Accessories 2024/25,Accessories,1,21.42,2025-09-17 11:45:21
S001496,O0004408,Accessories 2024/25,Accessories,1,18.33,2025-04-21 11:06:59
S000680,O0004409,Home Shirt 2024/25,Home Shirt,1,78.95,2025-09-02 21:24:56
S001417,O0004410,Third Kit 2024/25,Third Kit,1,77.46,2025-09-12 00:43:08
S001513,O0004411,Training Wear 2024/25,Training Wear,1,51.09,2025-03-03 09:58:35
S000342,O0004412,Accessories 2024/25,Accessories,1,20.14,2025-08-29 16:37:55
S002191,O0004413,Home Shirt 2024/25,Home Shirt,1,83.28,2025-07-23 20:11:43
S004976,O0004414,Third Kit 2024/25,Third Kit,1,77.11,2025-03-04 18:29:05
S002697,O0004415,Home Shirt 2024/25,Home Shirt,3,295.56,2024-12-27 00:45:11
S002593,O0004416,Retro 2024/25,Retro,1,68.15,2024-10-03 17:49:31
S002517,O0004417,Training Wear 2024/25,Training Wear,1,55.42,2025-06-29 13:41:39
S004056,O0004418,Home Shirt 2024/25,Home Shirt,1,80.25,2025-07-07 04:44:59
S004771,O0004419,Training Wear 2024/25,Training Wear,1,64.04,2025-06-30 15:00:22
S004552,O0004420,Kids 2024/25,Kids,1,49.73,2025-09-12 06:43:12
S003348,O0004421,Kids 2024/25,Kids,1,50.7,2025-09-05 17:33:20
S000453,O0004422,Retro 2024/25,Retro,1,67.12,2025-01-14 13:00:06
S000230,O0004423,Retro 2024/25,Retro,1,76.75,2025-09-12 20:43:07
S001207,O0004424,Retro 2024/25,Retro,1,64.24,2025-04-07 18:34:11
S001467,O0004425,Kids 2024/25,Kids,1,62.0,2025-09-01 07:33:23
S003403,O0004426,Home Shirt 2024/25,Home Shirt,1,89.0,2025-08-28 07:22:02
S001903,O0004427,Away Shirt 2024/25,Away Shirt,1,85.87,2025-09-11 19:37:33
S000959,O0004428,Accessories 2024/25,Accessories,1,19.5,2024-11-17 06:25:42
S004319,O0004429,Third Kit 2024/25,Third Kit,1,81.66,2025-09-16 06:38:55
S000250,O0004430,Kids 2024/25,Kids,1,56.79,2025-09-15 08:28:33
S000472,O0004431,Third Kit 2024/25,Third Kit,1,77.69,2025-08-05 01:13:58
S002457,O0004432,Third Kit 2024/25,Third Kit,1,80.74,2025-01-20 00:09:35
S000412,O0004433,Away Shirt 2024/25,Away Shirt,1,73.34,2025-08-05 08:04:54
S003507,O0004434,Training Wear 2024/25,Training Wear,3,156.36,2025-04-22 06:16:36
S000214,O0004435,Away Shirt 2024/25,Away Shirt,1,73.15,2024-10-06 13:42:21
S002900,O0004436,Away Shirt 2024/25,Away Shirt,1,88.54,2025-08-22 13:32:33
S001757,O0004437,Third Kit 2024/25,Third Kit,1,84.08,2025-04-20 12:48:50
S000134,O0004438,Home Shirt 2024/25,Home Shirt,1,96.53,2025-08-27 06:09:00
S003940,O0004439,Third Kit 2024/25,Third Kit,1,72.99,2025-09-17 15:02:29
S002104,O0004440,Kids 2024/25,Kids,1,51.47,2025-09-11 15:37:22
S004360,O0004441,Training Wear 2024/25,Training Wear,2,113.48,2025-05-20 04:49:41
S002649,O0004442,Training Wear 2024/25,Training Wear,2,116.29,2025-04-06 02:00:45
S002512,O0004443,Away Shirt 2024/25,Away Shirt,2,162.81,2025-08-19 11:58:01
S004338,O0004444,Home Shirt 2024/25,Home Shirt,1,77.44,2024-12-07 20:42:02
S003882,O0004445,Retro 2024/25,Retro,3,218.91,2025-09-14 04:14:04
S000772,O0004446,Home Shirt 2024/25,Home Shirt,1,97.78,2025-09-07 15:45:49
S003082,O0004447,Training Wear 2024/25,Training Wear,1,65.93,2025-08-28 11:21:59
S001842,O0004448,Accessories 2024/25,Accessories,1,20.35,2025-09-05 12:29:45
S001746,O0004449,Away Shirt 2024/25,Away Shirt,1,89.3,2025-05-12 01:36:50
S004262,O0004450,Training Wear 2024/25,Training Wear,1,58.86,2025-03-19 19:43:19
S003042,O0004451,Third Kit 2024/25,Third Kit,1,84.14,2025-09-04 06:11:45
S000245,O0004452,Away Shirt 2024/25,Away Shirt,1,90.98,2025-07-25 10:43:15
S003534,O0004453,Home Shirt 2024/25,Home Shirt,1,89.57,2025-09-01 13:49:08
S000204,O0004454,Away Shirt 2024/25,Away Shirt,1,81.35,2025-09-02 20:54:19
S004713,O0004455,Kids 2024/25,Kids,3,187.14,2025-08-28 15:11:07
S001350,O0004456,Home Shirt 2024/25,Home Shirt,1,88.7,2025-03-30 10:37:55
S002171,O0004457,Accessories 2024/25,Accessories,1,19.79,2025-05-25 12:58:02
S002985,O0004458,Kids 2024/25,Kids,1,59.83,2025-09-14 14:08:52
S001335,O0004459,Kids 2024/25,Kids,1,57.69,2025-06-16 18:14:33
S000570,O0004460,Home Shirt 2024/25,Home Shirt,1,76.92,2025-02-28 21:07:08
S000072,O0004461,Third Kit 2024/25,Third Kit,1,88.56,2025-08-29 19:24:35
S004716,O0004462,Accessories 2024/25,Accessories,1,19.2,2025-09-18 03:21:05
S003717,O0004463,Home Shirt 2024/25,Home Shirt,2,167.74,2025-06-21 22:12:07
S000346,O0004464,Away Shirt 2024/25,Away Shirt,1,78.12,2025-05-30 05:50:11
S001928,O0004465,Home Shirt 2024/25,Home Shirt,1,88.89,2025-09-03 02:29:01
S004084,O0004466,Retro 2024/25,Retro,1,70.69,2025-09-04 05:39:41
S004495,O0004467,Accessories 2024/25,Accessories,2,48.77,2025-05-27 22:23:32
S003466,O0004468,Away Shirt 2024/25,Away Shirt,1,90.72,2025-09-08 14:09:57
S002302,O0004469,Kids 2024/25,Kids,1,48.02,2025-09-06 13:27:01
S004044,O0004470,Home Shirt 2024/25,Home Shirt,1,77.98,2025-09-14 09:10:53
S004250,O0004471,Training Wear 2024/25,Training Wear,2,119.88,2025-06-06 13:32:20
S000865,O0004472,Training Wear 2024/25,Training Wear,1,62.39,2024-12-01 02:34:20
S002714,O0004473,Accessories 2024/25,Accessories,1,24.83,2025-03-15 12:39:30
S001608,O0004474,Kids 2024/25,Kids,2,93.34,2024-12-22 18:51:38
S001493,O0004475,Away Shirt 2024/25,Away Shirt,1,75.07,2025-08-04 01:55:29
S004080,O0004476,Kids 2024/25,Kids,1,54.29,2025-09-17 05:53:06
S000749,O0004477,Retro 2024/25,Retro,1,70.4,2025-09-17 12:34:05
S003318,O0004478,Away Shirt 2024/25,Away Shirt,1,80.85,2025-06-30 01:37:23
S001815,O0004479,Retro 2024/25,Retro,2,157.16,2024-11-27 20:49:05
S003777,O0004480,Home Shirt 2024/25,Home Shirt,1,72.26,2025-07-03 22:58:52
S004636,O0004481,Home Shirt 2024/25,Home Shirt,1,83.55,2024-11-21 10:09:38
S001927,O0004482,Kids 2024/25,Kids,2,102.62,2025-05-22 03:19:58
S001541,O0004483,Third Kit 2024/25,Third Kit,1,82.29,2025-08-07 18:27:09
S000334,O0004484,Training Wear 2024/25,Training Wear,1,68.53,2025-09-11 17:32:53
S004521,O0004485,Kids 2024/25,Kids,1,55.89,2025-09-07 22:18:39
S003785,O0004486,Home Shirt 2024/25,Home Shirt,1,74.56,2025-08-29 09:27:58
S002245,O0004487,Third Kit 2024/25,Third Kit,1,90.17,2024-09-23 03:28:46
S003189,O0004488,Third Kit 2024/25,Third Kit,1,76.77,2025-01-06 06:36:53
S001306,O0004489,Retro 2024/25,Retro,1,64.09,2025-02-04 10:08:21
S004188,O0004490,Kids 2024/25,Kids,1,45.06,2025-01-30 20:03:12
S002061,O0004491,Training Wear 2024/25,Training Wear,1,63.12,2025-09-06 05:09:50
S004340,O0004492,Kids 2024/25,Kids,1,53.2,2025-08-29 13:39:11
S002018,O0004493,Retro 2024/25,Retro,1,60.68,2025-09-07 00:43:30
S000043,O0004494,Away Shirt 2024/25,Away Shirt,1,92.75,2025-04-23 15:16:22
S003239,O0004495,Kids 2024/25,Kids,2,101.75,2025-09-15 23:02:33
S004894,O0004496,Third Kit 2024/25,Third Kit,3,265.75,2025-01-29 13:20:39
S001604,O0004497,Third Kit 2024/25,Third Kit,1,79.28,2024-11-26 17:07:13
S001357,O0004498,Home Shirt 2024/25,Home Shirt,3,252.32,2025-09-05 15:07:17
S004054,O0004499,Accessories 2024/25,Accessories,1,22.3,2025-09-03 01:08:45
S002121,O0004500,Retro 2024/25,Retro,1,63.1,2025-08-25 03:44:51
S002224,O0004501,Accessories 2024/25,Accessories,1,21.97,2025-01-21 14:28:06
S003232,O0004502,Retro 2024/25,Retro,1,60.75,2025-08-26 03:30:27
S001323,O0004503,Kids 2024/25,Kids,1,55.2,2024-11-12 04:01:28
S002489,O0004504,Accessories 2024/25,Accessories,1,19.05,2025-03-09 11:31:31
S003730,O0004505,Training Wear 2024/25,Training Wear,1,50.98,2025-06-02 07:17:54
S003238,O0004506,Away Shirt 2024/25,Away Shirt,1,99.73,2024-12-17 18:38:36
S002275,O0004507,Away Shirt 2024/25,Away Shirt,1,75.42,2025-09-18 17:37:41
S004268,O0004508,Home Shirt 2024/25,Home Shirt,1,88.83,2025-09-18 23:06:52
S002616,O0004509,Away Shirt 2024/25,Away Shirt,1,90.06,2024-12-09 16:47:34
S000224,O0004510,Home Shirt 2024/25,Home Shirt,2,149.84,2025-09-09 09:31:19
S000965,O0004511,Training Wear 2024/25,Training Wear,1,60.09,2025-08-12 03:11:34
S000169,O0004512,Away Shirt 2024/25,Away Shirt,1,77.4,2024-11-24 03:25:50
S003632,O0004513,Home Shirt 2024/25,Home Shirt,1,96.96,2025-01-22 20:39:33
S000378,O0004514,Kids 2024/25,Kids,1,45.63,2025-04-28 04:27:03
S002044,O0004515,Accessories 2024/25,Accessories,2,46.33,2025-07-06 18:24:51
S002924,O0004516,Away Shirt 2024/25,Away Shirt,1,73.35,2025-02-26 08:39:45
S000556,O0004517,Training Wear 2024/25,Training Wear,1,65.94,2024-09-30 06:05:29
S000544,O0004518,Accessories 2024/25,Accessories,1,22.23,2025-03-29 22:01:37
S003054,O0004519,Home Shirt 2024/25,Home Shirt,2,186.81,2025-07-26 01:10:46
S000325,O0004520,Accessories 2024/25,Accessories,1,22.44,2025-09-05 16:24:46
S004771,O0004521,Accessories 2024/25,Accessories,1,18.83,2025-09-14 17:17:37
S002764,O0004522,Accessories 2024/25,Accessories,1,21.28,2025-09-17 19:45:25
S001526,O0004523,Third Kit 2024/25,Third Kit,2,186.78,2025-04-14 09:05:41
S000234,O0004524,Home Shirt 2024/25,Home Shirt,1,73.46,2025-05-30 18:34:22
S001703,O0004525,Third Kit 2024/25,Third Kit,1,93.24,2025-09-09 22:16:54
S004178,O0004526,Kids 2024/25,Kids,1,60.01,2025-03-18 15:20:06
S001525,O0004527,Home Shirt 2024/25,Home Shirt,1,80.03,2025-08-24 13:04:05
S002473,O0004528,Accessories 2024/25,Accessories,1,20.64,2025-07-29 21:07:50
S003272,O0004529,Retro 2024/25,Retro,1,61.27,2025-02-18 01:47:01
S004485,O0004530,Away Shirt 2024/25,Away Shirt,1,82.73,2025-01-07 22:42:09
S001930,O0004531,Third Kit 2024/25,Third Kit,1,70.59,2025-09-04 10:36:10
S003421,O0004532,Kids 2024/25,Kids,2,95.77,2025-09-15 18:41:08
S003366,O0004533,Kids 2024/25,Kids,3,181.92,2025-01-01 08:59:12
S000463,O0004534,Third Kit 2024/25,Third Kit,2,154.1,2024-12-17 05:10:08
S003496,O0004535,Kids 2024/25,Kids,1,46.32,2025-08-29 09:35:16
S001617,O0004536,Kids 2024/25,Kids,2,114.4,2025-08-30 05:20:05
S000603,O0004537,Retro 2024/25,Retro,1,74.55,2024-12-28 04:53:01
S001466,O0004538,Accessories 2024/25,Accessories,1,23.5,2025-02-14 05:50:09
S000820,O0004539,Third Kit 2024/25,Third Kit,1,82.77,2025-08-28 04:20:23
S001406,O0004540,Kids 2024/25,Kids,1,61.15,2025-08-23 14:11:28
S000089,O0004541,Retro 2024/25,Retro,2,152.87,2025-09-05 13:56:08
S004250,O0004542,Away Shirt 2024/25,Away Shirt,1,98.4,2025-06-11 02:21:40
S001645,O0004543,Retro 2024/25,Retro,1,70.47,2025-08-27 22:50:10
S000835,O0004544,Third Kit 2024/25,Third Kit,1,90.25,2024-11-03 00:53:32
S002127,O0004545,Home Shirt 2024/25,Home Shirt,1,76.44,2025-08-28 10:10:28
S000643,O0004546,Home Shirt 2024/25,Home Shirt,1,82.83,2025-09-04 06:41:13
S004401,O0004547,Accessories 2024/25,Accessories,1,19.84,2025-08-25 02:57:01
S003807,O0004548,Home Shirt 2024/25,Home Shirt,1,75.43,2025-04-02 12:18:11
S002299,O0004549,Training Wear 2024/25,Training Wear,1,68.23,2025-09-16 06:35:00
S001526,O0004550,Accessories 2024/25,Accessories,1,20.95,2025-08-23 12:56:28
S002450,O0004551,Training Wear 2024/25,Training Wear,1,57.72,2025-09-17 01:41:20
S002021,O0004552,Training Wear 2024/25,Training Wear,1,50.9,2025-08-29 05:08:30
S004424,O0004553,Home Shirt 2024/25,Home Shirt,1,74.43,2025-08-31 17:42:06
S001999,O0004554,Third Kit 2024/25,Third Kit,1,78.19,2025-01-04 07:47:03
S004387,O0004555,Kids 2024/25,Kids,1,52.33,2025-07-30 04:40:12
S002865,O0004556,Training Wear 2024/25,Training Wear,1,66.25,2025-01-11 18:36:41
S002902,O0004557,Kids 2024/25,Kids,1,59.04,2025-05-04 17:51:57
S001632,O0004558,Accessories 2024/25,Accessories,1,19.59,2025-09-07 23:06:22
S003462,O0004559,Training Wear 2024/25,Training Wear,1,61.69,2025-09-09 14:10:39
S000279,O0004560,Accessories 2024/25,Accessories,1,24.64,2025-07-24 21:56:24
S004511,O0004561,Retro 2024/25,Retro,3,218.86,2025-02-12 06:56:32
S000558,O0004562,Training Wear 2024/25,Training Wear,1,53.61,2025-02-13 23:23:34
S002940,O0004563,Kids 2024/25,Kids,1,51.34,2025-05-07 12:33:11
S001812,O0004564,Retro 2024/25,Retro,1,66.27,2025-06-10 16:35:20
S001388,O0004565,Training Wear 2024/25,Training Wear,1,54.79,2025-09-11 12:05:49
S001241,O0004566,Away Shirt 2024/25,Away Shirt,2,181.72,2025-02-25 13:16:18
S002887,O0004567,Retro 2024/25,Retro,1,75.26,2024-10-24 17:08:14
S001598,O0004568,Away Shirt 2024/25,Away Shirt,1,89.33,2025-08-28 20:11:58
S004780,O0004569,Kids 2024/25,Kids,1,54.2,2025-06-23 03:02:46
S003221,O0004570,Third Kit 2024/25,Third Kit,1,88.5,2025-01-11 00:55:59
S004323,O0004571,Training Wear 2024/25,Training Wear,1,49.92,2025-08-31 01:13:35
S000541,O0004572,Home Shirt 2024/25,Home Shirt,1,84.9,2024-11-21 11:19:13
S001414,O0004573,Kids 2024/25,Kids,1,49.33,2024-11-27 22:40:04
S003122,O0004574,Kids 2024/25,Kids,1,51.94,2025-09-03 13:19:01
S003266,O0004575,Accessories 2024/25,Accessories,1,22.8,2025-04-17 22:46:09
S002840,O0004576,Accessories 2024/25,Accessories,1,18.33,2025-09-03 19:47:23
S001898,O0004577,Training Wear 2024/25,Training Wear,1,63.96,2025-09-07 19:56:00
S002696,O0004578,Away Shirt 2024/25,Away Shirt,1,73.26,2025-02-06 21:55:44
S002926,O0004579,Away Shirt 2024/25,Away Shirt,2,194.55,2025-08-23 04:33:28
S002460,O0004580,Away Shirt 2024/25,Away Shirt,1,78.53,2025-09-14 11:53:39
S002219,O0004581,Away Shirt 2024/25,Away Shirt,1,78.79,2025-09-05 07:32:32
S000981,O0004582,Away Shirt 2024/25,Away Shirt,1,88.51,2025-09-08 07:50:59
S001304,O0004583,Third Kit 2024/25,Third Kit,1,78.32,2025-09-02 05:11:13
S000989,O0004584,Third Kit 2024/25,Third Kit,1,83.45,2025-03-12 13:17:34
S000340,O0004585,Training Wear 2024/25,Training Wear,1,62.71,2025-04-20 07:53:58
S002311,O0004586,Kids 2024/25,Kids,2,90.29,2024-10-30 18:16:30
S001511,O0004587,Third Kit 2024/25,Third Kit,1,67.93,2025-09-04 06:07:07
S001297,O0004588,Home Shirt 2024/25,Home Shirt,1,89.01,2025-08-29 10:39:46
S004644,O0004589,Kids 2024/25,Kids,2,95.59,2025-09-11 08:18:49
S000713,O0004590,Accessories 2024/25,Accessories,3,60.09,2024-11-05 15:46:22
S004385,O0004591,Kids 2024/25,Kids,1,55.87,2025-05-24 12:33:04
S004646,O0004592,Retro 2024/25,Retro,1,67.49,2025-08-23 13:58:17
S000791,O0004593,Retro 2024/25,Retro,1,81.05,2025-02-19 10:21:50
S003968,O0004594,Training Wear 2024/25,Training Wear,1,50.45,2024-10-31 16:56:52
S003582,O0004595,Accessories 2024/25,Accessories,1,22.21,2025-09-15 23:54:10
S004339,O0004596,Third Kit 2024/25,Third Kit,2,142.93,2025-09-11 07:31:29
S003526,O0004597,Kids 2024/25,Kids,1,57.95,2025-06-13 14:54:35
S004401,O0004598,Kids 2024/25,Kids,1,50.86,2024-11-05 16:21:22
S003041,O0004599,Home Shirt 2024/25,Home Shirt,1,99.24,2024-12-05 01:44:55
S002319,O0004600,Retro 2024/25,Retro,1,74.66,2025-09-03 12:11:47
S002172,O0004601,Kids 2024/25,Kids,1,45.69,2025-09-12 22:55:21
S001342,O0004602,Accessories 2024/25,Accessories,1,22.33,2024-09-29 22:21:26
S004038,O0004603,Training Wear 2024/25,Training Wear,1,56.13,2025-08-21 13:53:28
S003079,O0004604,Third Kit 2024/25,Third Kit,1,92.33,2025-09-03 20:49:57
S000236,O0004605,Home Shirt 2024/25,Home Shirt,1,77.11,2025-06-12 07:59:14
S001656,O0004606,Third Kit 2024/25,Third Kit,1,89.02,2025-09-14 02:45:08
S000720,O0004607,Home Shirt 2024/25,Home Shirt,3,286.25,2025-08-31 16:30:16
S000585,O0004608,Away Shirt 2024/25,Away Shirt,1,85.36,2025-05-13 23:30:13
S002831,O0004609,Home Shirt 2024/25,Home Shirt,1,86.73,2024-09-23 21:25:38
S000766,O0004610,Third Kit 2024/25,Third Kit,2,167.65,2025-09-13 21:36:12
S003173,O0004611,Home Shirt 2024/25,Home Shirt,1,97.64,2025-08-23 00:35:49
S002805,O0004612,Kids 2024/25,Kids,1,54.29,2025-09-09 14:09:41
S000976,O0004613,Home Shirt 2024/25,Home Shirt,2,192.71,2025-01-17 18:59:04
S003747,O0004614,Home Shirt 2024/25,Home Shirt,2,174.27,2025-08-31 12:33:11
S004197,O0004615,Home Shirt 2024/25,Home Shirt,1,91.17,2025-09-01 16:44:21
S001313,O0004616,Away Shirt 2024/25,Away Shirt,1,97.24,2025-09-04 13:45:26
S003258,O0004617,Accessories 2024/25,Accessories,1,19.47,2025-03-16 08:08:25
S002913,O0004618,Third Kit 2024/25,Third Kit,1,93.72,2025-03-22 11:57:01
S000292,O0004619,Retro 2024/25,Retro,1,77.03,2025-08-25 01:04:18
S004245,O0004620,Kids 2024/25,Kids,3,149.85,2025-04-18 11:17:06
S004831,O0004621,Training Wear 2024/25,Training Wear,1,67.91,2025-09-17 00:27:17
S003516,O0004622,Accessories 2024/25,Accessories,1,22.69,2025-09-18 19:52:34
S000681,O0004623,Training Wear 2024/25,Training Wear,1,49.53,2025-09-07 20:23:57
S004507,O0004624,Training Wear 2024/25,Training Wear,1,54.39,2025-09-08 08:08:19
S004543,O0004625,Retro 2024/25,Retro,1,77.94,2025-02-24 00:15:15
S004967,O0004626,Retro 2024/25,Retro,1,66.46,2025-09-18 06:41:37
S000641,O0004627,Accessories 2024/25,Accessories,1,19.96,2025-04-20 05:52:06
S003516,O0004628,Training Wear 2024/25,Training Wear,1,57.13,2025-08-30 12:28:38
S002396,O0004629,Accessories 2024/25,Accessories,1,19.74,2025-06-28 19:34:40
S003200,O0004630,Home Shirt 2024/25,Home Shirt,1,72.64,2025-04-12 06:37:53
S001358,O0004631,Accessories 2024/25,Accessories,1,23.48,2024-10-06 11:51:03
S003061,O0004632,Kids 2024/25,Kids,1,49.83,2025-09-19 23:36:23
S003138,O0004633,Kids 2024/25,Kids,1,56.06,2025-08-25 03:04:23
S001974,O0004634,Home Shirt 2024/25,Home Shirt,1,78.08,2025-08-25 06:54:29
S002011,O0004635,Accessories 2024/25,Accessories,1,22.21,2025-08-23 10:15:18
S001898,O0004636,Home Shirt 2024/25,Home Shirt,1,99.53,2025-09-06 19:25:00
S000768,O0004637,Kids 2024/25,Kids,1,60.98,2025-03-19 14:10:07
S002750,O0004638,Accessories 2024/25,Accessories,1,22.44,2024-12-30 18:37:39
S000102,O0004639,Kids 2024/25,Kids,1,57.7,2025-01-23 18:19:09
S004957,O0004640,Retro 2024/25,Retro,1,71.78,2025-08-02 07:56:41
S002415,O0004641,Third Kit 2024/25,Third Kit,2,147.14,2025-03-19 23:28:00
S004643,O0004642,Training Wear 2024/25,Training Wear,1,68.01,2025-06-20 17:47:59
S003454,O0004643,Home Shirt 2024/25,Home Shirt,1,93.98,2025-09-12 22:42:20
S004002,O0004644,Home Shirt 2024/25,Home Shirt,1,80.76,2024-12-15 17:39:12
S004344,O0004645,Home Shirt 2024/25,Home Shirt,1,80.22,2025-08-24 12:02:42
S000177,O0004646,Kids 2024/25,Kids,1,59.35,2025-07-05 12:23:42
S001090,O0004647,Training Wear 2024/25,Training Wear,1,54.53,2025-08-29 02:59:41
S004401,O0004648,Retro 2024/25,Retro,1,68.8,2025-04-28 17:09:08
S001182,O0004649,Kids 2024/25,Kids,1,50.78,2024-11-10 15:39:17
S000884,O0004650,Kids 2024/25,Kids,1,57.1,2025-07-30 21:56:31
S001472,O0004651,Kids 2024/25,Kids,1,61.24,2025-08-21 18:55:00
S003609,O0004652,Retro 2024/25,Retro,1,65.25,2025-03-16 02:35:21
S002062,O0004653,Accessories 2024/25,Accessories,1,23.53,2025-08-22 15:21:17
S002223,O0004654,Third Kit 2024/25,Third Kit,1,82.05,2025-09-10 16:08:31
S003740,O0004655,Third Kit 2024/25,Third Kit,1,85.37,2025-09-15 11:54:11
S004688,O0004656,Kids 2024/25,Kids,1,49.44,2025-08-07 16:59:27
S003818,O0004657,Accessories 2024/25,Accessories,1,19.69,2025-09-03 07:15:07
S000809,O0004658,Third Kit 2024/25,Third Kit,1,90.82,2025-09-08 10:19:06
S002300,O0004659,Retro 2024/25,Retro,1,73.75,2025-09-17 02:18:45
S003167,O0004660,Accessories 2024/25,Accessories,1,22.62,2024-11-17 10:01:43
S004913,O0004661,Away Shirt 2024/25,Away Shirt,2,166.69,2025-03-26 11:31:54
S002821,O0004662,Accessories 2024/25,Accessories,1,24.66,2024-10-11 05:28:19
S001652,O0004663,Retro 2024/25,Retro,1,76.96,2024-11-09 12:28:18
S003643,O0004664,Accessories 2024/25,Accessories,1,20.86,2025-05-11 07:37:11
S002927,O0004665,Accessories 2024/25,Accessories,1,21.31,2025-08-26 02:45:27
S003900,O0004666,Away Shirt 2024/25,Away Shirt,1,96.14,2025-08-26 13:18:49
S002405,O0004667,Retro 2024/25,Retro,1,69.76,2025-06-06 17:17:09
S001486,O0004668,Home Shirt 2024/25,Home Shirt,1,92.98,2025-03-17 09:49:02
S003457,O0004669,Third Kit 2024/25,Third Kit,1,77.96,2025-09-06 20:40:10
S004943,O0004670,Retro 2024/25,Retro,1,63.2,2024-11-15 08:05:40
S003586,O0004671,Retro 2024/25,Retro,1,74.52,2025-09-17 08:30:50
S004213,O0004672,Accessories 2024/25,Accessories,1,23.33,2025-03-11 03:06:08
S003794,O0004673,Kids 2024/25,Kids,1,57.29,2025-01-06 07:38:43
S001181,O0004674,Away Shirt 2024/25,Away Shirt,1,84.09,2025-03-06 17:21:13
S001908,O0004675,Accessories 2024/25,Accessories,1,18.36,2025-06-03 08:13:18
S001687,O0004676,Kids 2024/25,Kids,1,51.14,2025-08-31 12:43:01
S004368,O0004677,Home Shirt 2024/25,Home Shirt,3,261.84,2025-09-06 19:55:48
S001604,O0004678,Retro 2024/25,Retro,2,135.41,2025-09-03 02:41:24
S000135,O0004679,Third Kit 2024/25,Third Kit,1,71.91,2025-09-10 01:55:12
S002731,O0004680,Third Kit 2024/25,Third Kit,1,80.06,2025-01-10 23:31:47
S000289,O0004681,Accessories 2024/25,Accessories,1,22.77,2025-03-20 23:53:44
S004343,O0004682,Training Wear 2024/25,Training Wear,1,65.41,2025-09-02 18:19:22
S002944,O0004683,Home Shirt 2024/25,Home Shirt,2,145.15,2025-09-07 12:03:12
S000250,O0004684,Home Shirt 2024/25,Home Shirt,1,94.52,2025-06-27 21:39:32
S000771,O0004685,Retro 2024/25,Retro,1,68.76,2025-08-31 20:24:57
S000335,O0004686,Kids 2024/25,Kids,1,55.25,2025-09-03 19:27:05
S002899,O0004687,Kids 2024/25,Kids,1,59.5,2025-08-30 00:07:09
S001566,O0004688,Retro 2024/25,Retro,1,62.42,2025-09-09 02:52:58
S002526,O0004689,Home Shirt 2024/25,Home Shirt,2,167.83,2025-09-11 13:09:15
S004415,O0004690,Kids 2024/25,Kids,1,47.36,2025-07-23 20:31:37
S001220,O0004691,Training Wear 2024/25,Training Wear,1,63.03,2024-10-09 20:48:54
S002610,O0004692,Kids 2024/25,Kids,1,61.21,2025-09-01 14:11:54
S003051,O0004693,Retro 2024/25,Retro,1,65.9,2025-07-01 02:49:58
S002519,O0004694,Home Shirt 2024/25,Home Shirt,1,74.61,2025-09-15 09:26:49
S004555,O0004695,Kids 2024/25,Kids,1,58.48,2025-09-20 00:16:48
S004711,O0004696,Kids 2024/25,Kids,3,145.93,2025-09-20 01:25:59
S000584,O0004697,Home Shirt 2024/25,Home Shirt,2,173.22,2025-09-05 21:49:24
S002535,O0004698,Retro 2024/25,Retro,1,70.52,2025-08-25 14:51:59
S004486,O0004699,Kids 2024/25,Kids,1,60.92,2025-01-22 02:48:37
S000304,O0004700,Third Kit 2024/25,Third Kit,1,90.08,2025-09-14 10:03:43
S000658,O0004701,Home Shirt 2024/25,Home Shirt,1,96.48,2025-04-29 09:10:50
S000946,O0004702,Home Shirt 2024/25,Home Shirt,1,79.83,2025-05-19 07:13:05
S002664,O0004703,Training Wear 2024/25,Training Wear,1,60.83,2024-11-29 04:13:26
S002098,O0004704,Training Wear 2024/25,Training Wear,1,67.13,2025-09-19 07:37:58
S002482,O0004705,Retro 2024/25,Retro,1,66.88,2025-05-02 00:00:59
S000541,O0004706,Third Kit 2024/25,Third Kit,1,74.41,2025-04-04 10:37:06
S002896,O0004707,Away Shirt 2024/25,Away Shirt,1,75.64,2025-07-22 00:07:32
S003333,O0004708,Training Wear 2024/25,Training Wear,1,65.88,2025-09-05 07:00:12
S003785,O0004709,Away Shirt 2024/25,Away Shirt,1,80.07,2024-09-27 23:33:47
S003464,O0004710,Home Shirt 2024/25,Home Shirt,1,98.35,2025-09-05 14:05:47
S002416,O0004711,Kids 2024/25,Kids,1,46.18,2025-04-19 14:06:22
S002655,O0004712,Retro 2024/25,Retro,1,78.89,2025-09-16 01:09:40
S003624,O0004713,Third Kit 2024/25,Third Kit,1,80.04,2025-09-05 08:53:44
S003917,O0004714,Third Kit 2024/25,Third Kit,1,90.37,2025-05-25 17:48:20
S000212,O0004715,Kids 2024/25,Kids,2,103.85,2025-08-25 08:25:55
S004986,O0004716,Third Kit 2024/25,Third Kit,1,81.39,2024-10-23 06:58:47
S003290,O0004717,Away Shirt 2024/25,Away Shirt,1,76.09,2025-09-06 14:34:05
S000062,O0004718,Training Wear 2024/25,Training Wear,1,51.55,2025-09-07 00:23:07
S002283,O0004719,Retro 2024/25,Retro,1,67.21,2025-09-11 06:03:24
S003013,O0004720,Away Shirt 2024/25,Away Shirt,1,75.44,2025-08-27 20:19:52
S002967,O0004721,Accessories 2024/25,Accessories,1,23.87,2024-09-27 22:35:27
S001783,O0004722,Away Shirt 2024/25,Away Shirt,1,92.27,2025-08-28 00:59:03
S004201,O0004723,Retro 2024/25,Retro,1,74.33,2024-12-26 00:18:50
S001336,O0004724,Kids 2024/25,Kids,1,51.04,2024-11-24 01:50:20
S003522,O0004725,Third Kit 2024/25,Third Kit,2,138.23,2025-08-26 04:26:20
S003253,O0004726,Retro 2024/25,Retro,1,65.01,2025-09-16 03:59:24
S004200,O0004727,Third Kit 2024/25,Third Kit,2,141.69,2024-09-29 05:10:56
S001030,O0004728,Retro 2024/25,Retro,1,71.73,2025-09-17 13:57:16
S001008,O0004729,Kids 2024/25,Kids,1,62.21,2024-12-14 18:47:54
S004304,O0004730,Retro 2024/25,Retro,1,59.19,2025-04-29 23:45:26
S001917,O0004731,Away Shirt 2024/25,Away Shirt,1,82.18,2025-03-28 09:46:08
S003363,O0004732,Home Shirt 2024/25,Home Shirt,3,281.06,2025-08-18 06:27:07
S001983,O0004733,Training Wear 2024/25,Training Wear,1,49.59,2024-12-28 07:52:18
S002639,O0004734,Retro 2024/25,Retro,1,74.66,2025-09-17 04:06:42
S000157,O0004735,Away Shirt 2024/25,Away Shirt,1,96.29,2025-08-23 20:13:44
S003400,O0004736,Away Shirt 2024/25,Away Shirt,1,78.33,2025-05-03 13:46:52
S001094,O0004737,Kids 2024/25,Kids,1,47.42,2025-09-08 16:12:36
S001306,O0004738,Home Shirt 2024/25,Home Shirt,1,95.06,2025-08-29 22:57:23
S000111,O0004739,Kids 2024/25,Kids,1,51.52,2025-08-01 16:08:25
S004184,O0004740,Kids 2024/25,Kids,1,61.27,2025-09-10 18:42:11
S003887,O0004741,Home Shirt 2024/25,Home Shirt,1,85.43,2025-09-05 02:52:54
S002614,O0004742,Third Kit 2024/25,Third Kit,1,87.9,2025-05-23 09:14:21
S000329,O0004743,Home Shirt 2024/25,Home Shirt,1,83.16,2025-01-13 01:32:49
S004527,O0004744,Kids 2024/25,Kids,1,48.26,2024-11-11 14:20:12
S002100,O0004745,Retro 2024/25,Retro,1,72.81,2025-09-17 18:55:30
S004920,O0004746,Home Shirt 2024/25,Home Shirt,1,88.46,2024-12-27 01:24:38
S003631,O0004747,Training Wear 2024/25,Training Wear,1,53.67,2024-12-22 23:59:43
S001520,O0004748,Retro 2024/25,Retro,1,66.91,2024-12-11 20:42:37
S004592,O0004749,Third Kit 2024/25,Third Kit,3,257.92,2025-09-02 12:21:17
S002684,O0004750,Kids 2024/25,Kids,1,50.92,2025-09-19 11:49:13
S003931,O0004751,Retro 2024/25,Retro,1,79.37,2025-01-31 07:49:08
S000481,O0004752,Retro 2024/25,Retro,1,75.96,2025-08-21 13:20:09
S003185,O0004753,Away Shirt 2024/25,Away Shirt,1,75.65,2025-09-16 09:57:39
S001780,O0004754,Home Shirt 2024/25,Home Shirt,2,170.71,2025-02-13 16:20:51
S001342,O0004755,Kids 2024/25,Kids,1,49.94,2024-10-26 20:59:01
S004069,O0004756,Home Shirt 2024/25,Home Shirt,1,97.89,2025-01-25 07:22:23
S000090,O0004757,Home Shirt 2024/25,Home Shirt,1,74.96,2025-03-07 10:05:00
S003476,O0004758,Kids 2024/25,Kids,1,59.79,2025-09-15 05:22:47
S003154,O0004759,Third Kit 2024/25,Third Kit,1,83.94,2025-08-30 22:12:07
S004969,O0004760,Retro 2024/25,Retro,1,70.17,2024-10-31 07:57:33
S004530,O0004761,Training Wear 2024/25,Training Wear,1,67.61,2025-09-19 21:11:59
S002159,O0004762,Kids 2024/25,Kids,1,52.24,2024-11-28 05:01:40
S004713,O0004763,Accessories 2024/25,Accessories,1,22.47,2025-09-07 04:31:37
S001560,O0004764,Retro 2024/25,Retro,1,64.64,2024-12-03 17:53:25
S000939,O0004765,Kids 2024/25,Kids,2,91.75,2025-09-12 06:25:04
S002975,O0004766,Accessories 2024/25,Accessories,1,20.47,2025-09-11 17:48:31
S003950,O0004767,Kids 2024/25,Kids,1,57.19,2025-09-05 01:16:48
S004327,O0004768,Training Wear 2024/25,Training Wear,1,67.47,2025-08-29 21:21:24
S002273,O0004769,Home Shirt 2024/25,Home Shirt,1,82.11,2025-05-01 07:12:17
S003576,O0004770,Retro 2024/25,Retro,1,64.0,2025-09-19 10:10:49
S001743,O0004771,Retro 2024/25,Retro,1,78.81,2025-08-25 10:58:17
S004308,O0004772,Home Shirt 2024/25,Home Shirt,1,99.17,2024-12-21 06:00:44
S003053,O0004773,Third Kit 2024/25,Third Kit,1,74.68,2025-04-16 20:05:35
S003432,O0004774,Retro 2024/25,Retro,2,161.45,2025-09-10 08:05:55
S001750,O0004775,Away Shirt 2024/25,Away Shirt,1,96.42,2025-04-01 23:34:03
S001475,O0004776,Away Shirt 2024/25,Away Shirt,1,87.73,2024-09-27 11:15:29
S001857,O0004777,Training Wear 2024/25,Training Wear,1,52.38,2025-08-23 15:53:55
S004797,O0004778,Training Wear 2024/25,Training Wear,3,165.61,2025-06-13 03:52:09
S004870,O0004779,Home Shirt 2024/25,Home Shirt,1,81.65,2025-09-18 21:42:28
S003196,O0004780,Home Shirt 2024/25,Home Shirt,1,93.1,2025-09-04 18:59:02
S000025,O0004781,Kids 2024/25,Kids,1,53.62,2025-08-31 03:55:30
S003788,O0004782,Kids 2024/25,Kids,1,54.96,2025-08-21 15:52:13
S002601,O0004783,Third Kit 2024/25,Third Kit,2,157.47,2025-02-16 06:54:57
S004389,O0004784,Accessories 2024/25,Accessories,1,21.07,2025-09-02 08:59:01
S001638,O0004785,Away Shirt 2024/25,Away Shirt,1,78.04,2025-09-07 01:16:46
S000193,O0004786,Retro 2024/25,Retro,1,70.83,2025-08-22 16:39:24
S001722,O0004787,Training Wear 2024/25,Training Wear,1,65.43,2025-09-18 22:22:35
S003884,O0004788,Home Shirt 2024/25,Home Shirt,1,72.54,2025-08-23 14:04:26
S004488,O0004789,Home Shirt 2024/25,Home Shirt,1,78.57,2025-08-29 20:05:44
S003984,O0004790,Away Shirt 2024/25,Away Shirt,1,77.43,2025-08-29 13:17:53
S004352,O0004791,Third Kit 2024/25,Third Kit,2,160.88,2025-02-20 07:51:48
S000584,O0004792,Kids 2024/25,Kids,1,61.7,2024-12-27 18:32:57
S004625,O0004793,Retro 2024/25,Retro,1,77.46,2025-08-24 19:16:30
S003912,O0004794,Retro 2024/25,Retro,1,70.89,2025-02-15 10:48:11
S003748,O0004795,Away Shirt 2024/25,Away Shirt,1,99.17,2024-09-30 17:08:43
S002483,O0004796,Kids 2024/25,Kids,1,49.85,2024-10-02 02:18:19
S000091,O0004797,Retro 2024/25,Retro,1,58.6,2025-07-14 11:13:30
S003650,O0004798,Retro 2024/25,Retro,1,65.08,2025-09-02 23:43:26
S003777,O0004799,Home Shirt 2024/25,Home Shirt,1,97.03,2025-04-12 17:37:59
S000279,O0004800,Training Wear 2024/25,Training Wear,1,56.02,2025-08-25 23:22:22
S001750,O0004801,Away Shirt 2024/25,Away Shirt,1,81.71,2025-09-11 21:05:58
S004808,O0004802,Retro 2024/25,Retro,1,75.19,2025-09-06 16:06:23
S000215,O0004803,Home Shirt 2024/25,Home Shirt,1,93.1,2024-10-06 10:25:33
S000680,O0004804,Away Shirt 2024/25,Away Shirt,1,73.14,2025-08-30 11:36:53
S000168,O0004805,Home Shirt 2024/25,Home Shirt,1,80.36,2025-09-18 01:31:18
S004273,O0004806,Retro 2024/25,Retro,1,78.77,2025-09-09 12:50:40
S002763,O0004807,Kids 2024/25,Kids,1,56.9,2025-08-28 16:15:08
S003856,O0004808,Retro 2024/25,Retro,1,68.37,2025-04-01 14:11:52
S000796,O0004809,Third Kit 2024/25,Third Kit,1,87.1,2025-09-05 18:07:45
S001776,O0004810,Kids 2024/25,Kids,1,49.89,2025-03-25 10:06:24
S004713,O0004811,Away Shirt 2024/25,Away Shirt,1,86.1,2024-10-16 21:57:31
S001049,O0004812,Away Shirt 2024/25,Away Shirt,1,79.11,2025-09-07 00:32:57
S003292,O0004813,Kids 2024/25,Kids,1,49.41,2025-09-11 14:34:54
S004911,O0004814,Third Kit 2024/25,Third Kit,1,84.35,2024-11-02 10:03:24
S004650,O0004815,Home Shirt 2024/25,Home Shirt,1,93.57,2024-12-22 12:29:00
S001209,O0004816,Training Wear 2024/25,Training Wear,1,54.0,2025-02-02 23:32:20
S000008,O0004817,Kids 2024/25,Kids,1,57.01,2025-08-22 05:58:34
S000516,O0004818,Accessories 2024/25,Accessories,1,22.95,2025-06-20 14:38:50
S004532,O0004819,Training Wear 2024/25,Training Wear,2,102.98,2025-06-27 04:20:32
S000978,O0004820,Kids 2024/25,Kids,1,61.08,2024-12-24 02:33:39
S004783,O0004821,Third Kit 2024/25,Third Kit,1,90.21,2025-09-12 13:29:57
S001071,O0004822,Accessories 2024/25,Accessories,1,18.88,2024-12-02 04:46:39
S003688,O0004823,Third Kit 2024/25,Third Kit,1,74.29,2024-12-27 02:13:04
S002086,O0004824,Away Shirt 2024/25,Away Shirt,1,76.44,2025-06-20 07:25:19
S001769,O0004825,Retro 2024/25,Retro,1,64.19,2025-08-28 12:49:46
S004315,O0004826,Third Kit 2024/25,Third Kit,2,182.28,2024-10-12 03:53:58
S000937,O0004827,Home Shirt 2024/25,Home Shirt,1,89.9,2025-04-07 04:07:50
S001810,O0004828,Home Shirt 2024/25,Home Shirt,3,294.07,2025-04-17 16:53:18
S000804,O0004829,Away Shirt 2024/25,Away Shirt,3,219.22,2025-09-13 05:51:51
S004336,O0004830,Training Wear 2024/25,Training Wear,1,66.91,2025-09-15 10:44:07
S000511,O0004831,Away Shirt 2024/25,Away Shirt,1,87.96,2025-09-12 06:57:29
S002761,O0004832,Accessories 2024/25,Accessories,3,74.21,2025-05-31 05:17:30
S000053,O0004833,Away Shirt 2024/25,Away Shirt,1,92.05,2025-02-07 03:13:41
S004693,O0004834,Accessories 2024/25,Accessories,1,22.92,2024-10-19 05:02:40
S003508,O0004835,Home Shirt 2024/25,Home Shirt,1,86.13,2024-11-23 10:24:58
S004965,O0004836,Retro 2024/25,Retro,1,74.0,2025-01-02 10:42:06
S001509,O0004837,Training Wear 2024/25,Training Wear,1,64.59,2025-09-16 02:05:15
S003700,O0004838,Home Shirt 2024/25,Home Shirt,1,99.84,2024-11-09 21:57:56
S001194,O0004839,Accessories 2024/25,Accessories,1,23.27,2025-04-02 00:25:57
S003224,O0004840,Training Wear 2024/25,Training Wear,1,61.04,2025-09-10 22:39:59
S003324,O0004841,Retro 2024/25,Retro,1,61.63,2025-05-20 00:30:28
S000745,O0004842,Away Shirt 2024/25,Away Shirt,1,85.87,2025-09-18 18:28:37
S001822,O0004843,Kids 2024/25,Kids,1,53.43,2025-08-12 03:03:17
S003681,O0004844,Training Wear 2024/25,Training Wear,1,59.32,2025-09-09 00:23:39
S000364,O0004845,Third Kit 2024/25,Third Kit,1,87.56,2025-09-19 09:09:12
S001801,O0004846,Away Shirt 2024/25,Away Shirt,1,83.6,2025-06-26 07:34:37
S002386,O0004847,Kids 2024/25,Kids,1,60.11,2024-11-02 19:20:22
S001877,O0004848,Training Wear 2024/25,Training Wear,1,56.29,2025-01-09 15:57:19
S002565,O0004849,Kids 2024/25,Kids,1,52.15,2025-06-22 21:24:14
S001039,O0004850,Training Wear 2024/25,Training Wear,1,61.53,2025-01-04 02:34:14
S000762,O0004851,Kids 2024/25,Kids,1,54.96,2025-01-10 02:51:45
S003663,O0004852,Home Shirt 2024/25,Home Shirt,1,88.85,2025-02-04 03:22:26
S003342,O0004853,Training Wear 2024/25,Training Wear,1,55.78,2025-01-10 15:52:41
S001840,O0004854,Training Wear 2024/25,Training Wear,1,55.81,2025-08-26 22:23:19
S003496,O0004855,Home Shirt 2024/25,Home Shirt,1,72.06,2024-10-25 12:49:12
S000348,O0004856,Third Kit 2024/25,Third Kit,1,77.98,2025-08-27 20:32:32
S003908,O0004857,Retro 2024/25,Retro,1,63.15,2025-04-14 19:29:46
S001599,O0004858,Kids 2024/25,Kids,1,50.14,2025-06-25 00:22:12
S000154,O0004859,Accessories 2024/25,Accessories,1,22.33,2024-12-05 01:53:46
S001593,O0004860,Third Kit 2024/25,Third Kit,1,85.91,2025-09-11 00:37:27
S004518,O0004861,Retro 2024/25,Retro,2,138.14,2024-11-15 15:22:47
S004959,O0004862,Training Wear 2024/25,Training Wear,1,50.17,2025-08-24 11:22:17
S003200,O0004863,Training Wear 2024/25,Training Wear,1,58.17,2025-08-26 07:01:57
S002916,O0004864,Home Shirt 2024/25,Home Shirt,1,85.89,2025-02-26 01:43:43
S003717,O0004865,Kids 2024/25,Kids,1,54.54,2024-09-28 18:51:26
S001916,O0004866,Retro 2024/25,Retro,1,74.5,2024-10-03 09:10:37
S001507,O0004867,Third Kit 2024/25,Third Kit,1,72.99,2025-09-16 06:57:17
S002929,O0004868,Retro 2024/25,Retro,1,74.9,2025-08-29 02:20:23
S004421,O0004869,Retro 2024/25,Retro,1,75.89,2025-08-21 13:58:49
S002984,O0004870,Accessories 2024/25,Accessories,3,67.19,2025-09-13 05:06:44
S002415,O0004871,Third Kit 2024/25,Third Kit,1,72.41,2025-01-23 06:49:02
S003610,O0004872,Accessories 2024/25,Accessories,2,48.26,2025-08-27 07:18:24
S002385,O0004873,Away Shirt 2024/25,Away Shirt,1,73.46,2025-09-05 01:02:35
S002048,O0004874,Third Kit 2024/25,Third Kit,1,68.93,2025-09-17 12:00:45
S004809,O0004875,Retro 2024/25,Retro,2,121.31,2025-09-17 00:54:29
S002688,O0004876,Home Shirt 2024/25,Home Shirt,2,190.97,2025-07-03 01:54:38
S000109,O0004877,Kids 2024/25,Kids,1,45.88,2025-09-17 14:44:17
S004600,O0004878,Accessories 2024/25,Accessories,3,69.56,2025-08-24 17:40:50
S000676,O0004879,Home Shirt 2024/25,Home Shirt,1,81.22,2025-07-09 15:21:52
S004727,O0004880,Away Shirt 2024/25,Away Shirt,1,92.76,2025-09-02 22:19:32
S001343,O0004881,Retro 2024/25,Retro,1,59.05,2025-02-01 18:13:26
S000258,O0004882,Away Shirt 2024/25,Away Shirt,1,76.72,2025-02-13 01:08:54
S002543,O0004883,Training Wear 2024/25,Training Wear,2,110.35,2025-09-09 11:46:30
S003413,O0004884,Retro 2024/25,Retro,2,138.54,2025-09-17 03:55:27
S004836,O0004885,Third Kit 2024/25,Third Kit,1,82.06,2025-02-09 21:22:30
S004921,O0004886,Kids 2024/25,Kids,2,106.92,2024-10-21 14:58:39
S000317,O0004887,Training Wear 2024/25,Training Wear,1,66.46,2025-05-07 00:25:25
S004595,O0004888,Accessories 2024/25,Accessories,1,20.07,2025-02-08 07:04:24
S000835,O0004889,Away Shirt 2024/25,Away Shirt,1,85.74,2025-09-04 16:53:12
S002685,O0004890,Away Shirt 2024/25,Away Shirt,1,77.28,2025-09-05 07:57:44
S003146,O0004891,Training Wear 2024/25,Training Wear,1,57.31,2024-11-08 05:59:31
S000938,O0004892,Retro 2024/25,Retro,1,74.67,2025-01-20 17:50:28
S002032,O0004893,Home Shirt 2024/25,Home Shirt,1,97.9,2025-09-05 12:16:30
S000508,O0004894,Retro 2024/25,Retro,2,141.68,2024-11-14 11:01:52
S001291,O0004895,Third Kit 2024/25,Third Kit,1,82.55,2025-08-24 17:09:32
S002743,O0004896,Training Wear 2024/25,Training Wear,1,54.71,2025-09-04 07:12:16
S003920,O0004897,Accessories 2024/25,Accessories,1,21.92,2024-11-11 02:16:35
S002908,O0004898,Away Shirt 2024/25,Away Shirt,1,99.72,2024-10-14 12:12:01
S002276,O0004899,Accessories 2024/25,Accessories,3,56.44,2025-05-24 10:35:08
S002923,O0004900,Third Kit 2024/25,Third Kit,1,84.21,2025-07-10 19:56:02
S002542,O0004901,Accessories 2024/25,Accessories,1,18.67,2025-08-23 03:27:26
S003446,O0004902,Training Wear 2024/25,Training Wear,1,54.87,2025-09-06 11:57:26
S001418,O0004903,Away Shirt 2024/25,Away Shirt,2,178.99,2025-09-08 23:54:52
S003296,O0004904,Retro 2024/25,Retro,1,61.16,2025-07-28 13:13:57
S003659,O0004905,Away Shirt 2024/25,Away Shirt,1,83.87,2025-09-13 17:57:38
S004528,O0004906,Kids 2024/25,Kids,1,52.0,2025-08-24 08:18:31
S003471,O0004907,Third Kit 2024/25,Third Kit,1,80.32,2024-11-06 14:43:59
S001916,O0004908,Kids 2024/25,Kids,1,49.51,2025-03-30 11:21:59
S004945,O0004909,Kids 2024/25,Kids,1,53.58,2025-09-19 20:33:56
S003361,O0004910,Home Shirt 2024/25,Home Shirt,1,77.26,2025-09-05 10:11:17
S001464,O0004911,Training Wear 2024/25,Training Wear,1,68.41,2024-09-30 00:04:53
S000598,O0004912,Training Wear 2024/25,Training Wear,1,50.95,2025-08-27 16:51:52
S004763,O0004913,Away Shirt 2024/25,Away Shirt,1,74.13,2025-07-15 03:03:20
S003585,O0004914,Kids 2024/25,Kids,1,51.97,2025-03-14 18:25:55
S004984,O0004915,Kids 2024/25,Kids,1,49.25,2025-09-19 18:49:54
S002297,O0004916,Third Kit 2024/25,Third Kit,1,84.59,2025-05-28 23:06:41
S002480,O0004917,Away Shirt 2024/25,Away Shirt,1,82.14,2025-08-26 15:39:52
S002134,O0004918,Away Shirt 2024/25,Away Shirt,1,99.13,2024-12-31 04:32:00
S000892,O0004919,Kids 2024/25,Kids,1,47.35,2025-05-16 17:16:54
S000260,O0004920,Training Wear 2024/25,Training Wear,1,60.66,2025-09-08 15:33:27
S003807,O0004921,Accessories 2024/25,Accessories,1,20.35,2025-08-11 13:35:11
S003507,O0004922,Accessories 2024/25,Accessories,1,18.11,2025-08-22 23:08:15
S000447,O0004923,Home Shirt 2024/25,Home Shirt,1,91.28,2025-09-16 05:32:49
S004886,O0004924,Home Shirt 2024/25,Home Shirt,1,85.62,2024-11-20 08:30:13
S000094,O0004925,Home Shirt 2024/25,Home Shirt,1,93.31,2025-07-05 23:37:32
S004741,O0004926,Accessories 2024/25,Accessories,1,21.39,2025-06-28 14:31:01
S003039,O0004927,Kids 2024/25,Kids,1,52.81,2025-03-01 06:44:36
S001731,O0004928,Kids 2024/25,Kids,1,62.49,2025-08-27 04:37:17
S003740,O0004929,Home Shirt 2024/25,Home Shirt,1,81.15,2025-09-13 10:57:24
S003377,O0004930,Third Kit 2024/25,Third Kit,3,241.62,2025-05-15 16:58:41
S004569,O0004931,Home Shirt 2024/25,Home Shirt,1,76.91,2024-10-14 18:26:48
S003389,O0004932,Accessories 2024/25,Accessories,1,24.76,2025-06-18 04:50:00
S004815,O0004933,Home Shirt 2024/25,Home Shirt,2,189.76,2025-07-05 13:22:42
S001037,O0004934,Third Kit 2024/25,Third Kit,2,140.65,2025-09-10 11:22:03
S002907,O0004935,Home Shirt 2024/25,Home Shirt,1,77.07,2025-08-17 00:02:46
S001068,O0004936,Away Shirt 2024/25,Away Shirt,1,89.45,2024-12-27 21:16:20
S001584,O0004937,Third Kit 2024/25,Third Kit,1,85.8,2025-01-11 13:25:40
S002722,O0004938,Retro 2024/25,Retro,1,62.81,2025-07-17 12:58:02
S001891,O0004939,Training Wear 2024/25,Training Wear,1,55.01,2025-06-11 14:58:26
S000764,O0004940,Kids 2024/25,Kids,1,51.21,2025-08-22 15:18:40
S003187,O0004941,Third Kit 2024/25,Third Kit,1,80.9,2025-04-03 05:25:35
S000774,O0004942,Accessories 2024/25,Accessories,1,19.84,2025-07-14 15:58:23
S002510,O0004943,Third Kit 2024/25,Third Kit,1,71.12,2025-09-08 13:48:07
S004377,O0004944,Retro 2024/25,Retro,1,74.02,2025-08-24 09:34:03
S004955,O0004945,Third Kit 2024/25,Third Kit,1,74.53,2024-11-24 16:20:54
S004710,O0004946,Away Shirt 2024/25,Away Shirt,2,188.75,2025-09-17 07:36:44
S003175,O0004947,Retro 2024/25,Retro,1,78.59,2025-07-18 16:02:31
S001409,O0004948,Away Shirt 2024/25,Away Shirt,1,74.14,2025-08-02 03:42:02
S002069,O0004949,Accessories 2024/25,Accessories,1,24.6,2025-09-11 12:15:40
S000283,O0004950,Third Kit 2024/25,Third Kit,1,90.63,2025-08-22 20:43:20
S001599,O0004951,Retro 2024/25,Retro,1,64.51,2024-11-14 09:14:16
S002958,O0004952,Kids 2024/25,Kids,1,60.8,2025-09-18 13:06:25
S004851,O0004953,Third Kit 2024/25,Third Kit,1,75.02,2025-08-21 14:10:48
S004274,O0004954,Home Shirt 2024/25,Home Shirt,1,88.52,2025-09-17 11:51:59
S004758,O0004955,Accessories 2024/25,Accessories,1,20.45,2025-08-25 23:17:35
S002976,O0004956,Retro 2024/25,Retro,2,132.48,2025-09-14 16:52:53
S004038,O0004957,Home Shirt 2024/25,Home Shirt,1,93.21,2025-04-05 12:08:02
S004151,O0004958,Home Shirt 2024/25,Home Shirt,1,74.17,2025-01-29 23:23:04
S000158,O0004959,Home Shirt 2024/25,Home Shirt,1,92.85,2025-08-28 05:18:53
S002364,O0004960,Accessories 2024/25,Accessories,1,21.38,2025-09-09 02:10:38
S001850,O0004961,Retro 2024/25,Retro,1,76.24,2025-09-10 01:28:28
S000603,O0004962,Home Shirt 2024/25,Home Shirt,1,72.46,2025-07-06 11:12:27
S004665,O0004963,Retro 2024/25,Retro,2,136.39,2025-08-31 16:19:12
S004853,O0004964,Home Shirt 2024/25,Home Shirt,1,82.4,2025-09-03 22:54:20
S002967,O0004965,Accessories 2024/25,Accessories,1,18.32,2025-06-26 12:46:39
S001710,O0004966,Retro 2024/25,Retro,1,73.66,2025-05-04 11:18:32
S001567,O0004967,Away Shirt 2024/25,Away Shirt,1,88.15,2025-03-07 07:25:43
S003879,O0004968,Home Shirt 2024/25,Home Shirt,2,157.73,2025-09-02 01:21:28
S000077,O0004969,Home Shirt 2024/25,Home Shirt,1,84.53,2025-04-10 19:16:24
S002536,O0004970,Kids 2024/25,Kids,2,111.36,2025-09-01 00:47:29
S003560,O0004971,Home Shirt 2024/25,Home Shirt,1,91.11,2025-09-09 01:58:58
S000198,O0004972,Third Kit 2024/25,Third Kit,1,82.44,2025-07-24 02:00:52
S000151,O0004973,Kids 2024/25,Kids,1,58.12,2025-04-27 09:00:07
S004630,O0004974,Accessories 2024/25,Accessories,1,20.84,2024-09-22 08:43:45
S003552,O0004975,Away Shirt 2024/25,Away Shirt,1,88.58,2025-09-17 08:04:43
S002529,O0004976,Training Wear 2024/25,Training Wear,1,49.78,2025-05-08 09:52:27
S004899,O0004977,Third Kit 2024/25,Third Kit,1,71.61,2025-08-26 07:51:27
S003176,O0004978,Kids 2024/25,Kids,1,45.24,2025-03-21 07:33:36
S002434,O0004979,Training Wear 2024/25,Training Wear,1,59.29,2025-03-21 16:35:00
S001992,O0004980,Training Wear 2024/25,Training Wear,1,53.05,2025-02-21 10:25:51
S004675,O0004981,Retro 2024/25,Retro,1,70.41,2025-08-27 09:26:38
S004540,O0004982,Training Wear 2024/25,Training Wear,1,50.41,2025-09-05 09:58:29
S003988,O0004983,Away Shirt 2024/25,Away Shirt,1,76.97,2024-10-22 23:12:41
S003428,O0004984,Retro 2024/25,Retro,2,132.45,2025-09-06 00:46:38
S001267,O0004985,Third Kit 2024/25,Third Kit,2,171.54,2025-09-03 06:37:07
S003965,O0004986,Training Wear 2024/25,Training Wear,1,59.93,2025-07-05 14:28:00
S000514,O0004987,Retro 2024/25,Retro,1,59.8,2025-09-10 16:49:37
S001477,O0004988,Home Shirt 2024/25,Home Shirt,1,88.88,2025-01-19 14:05:20
S002787,O0004989,Third Kit 2024/25,Third Kit,1,72.88,2024-12-28 09:38:37
S004776,O0004990,Accessories 2024/25,Accessories,1,24.75,2025-05-19 02:38:02
S002629,O0004991,Third Kit 2024/25,Third Kit,1,82.98,2025-08-29 12:34:27
S003975,O0004992,Accessories 2024/25,Accessories,1,23.23,2025-09-17 13:11:39
S001621,O0004993,Kids 2024/25,Kids,1,47.77,2025-08-23 05:17:44
S003767,O0004994,Away Shirt 2024/25,Away Shirt,1,80.08,2025-02-01 08:06:03
S001624,O0004995,Away Shirt 2024/25,Away Shirt,1,74.64,2025-08-30 10:21:36
S002316,O0004996,Away Shirt 2024/25,Away Shirt,1,73.9,2025-08-21 20:40:13
S001667,O0004997,Retro 2024/25,Retro,1,79.0,2025-08-27 03:02:47
S003052,O0004998,Accessories 2024/25,Accessories,1,21.02,2025-09-11 05:54:31
S003874,O0004999,Kids 2024/25,Kids,2,110.74,2025-09-01 00:25:34
S004950,O0005000,Third Kit 2024/25,Third Kit,1,73.01,2025-09-06 22:42:12
S000884,O0005001,Away Shirt 2024/25,Away Shirt,1,75.04,2025-09-16 19:30:47
S001459,O0005002,Away Shirt 2024/25,Away Shirt,1,86.54,2024-11-10 21:37:42
S000413,O0005003,Kids 2024/25,Kids,1,59.77,2025-07-31 22:31:11
S003809,O0005004,Kids 2024/25,Kids,1,50.5,2025-02-04 01:52:50
S002255,O0005005,Accessories 2024/25,Accessories,1,18.95,2025-07-22 08:49:18
S003878,O0005006,Kids 2024/25,Kids,1,48.58,2025-09-16 04:07:40
S002912,O0005007,Retro 2024/25,Retro,2,156.87,2025-09-11 16:54:41
S000502,O0005008,Retro 2024/25,Retro,1,67.3,2025-08-31 00:05:17
S002670,O0005009,Third Kit 2024/25,Third Kit,1,85.15,2025-09-19 16:02:48
S004117,O0005010,Home Shirt 2024/25,Home Shirt,3,292.81,2025-09-15 11:26:45
S000899,O0005011,Retro 2024/25,Retro,1,77.77,2025-08-28 02:39:51
S003782,O0005012,Kids 2024/25,Kids,2,98.1,2025-08-26 14:07:35
S002463,O0005013,Retro 2024/25,Retro,3,231.81,2025-08-30 21:51:38
S002866,O0005014,Kids 2024/25,Kids,1,50.17,2025-06-10 16:54:28
S004256,O0005015,Kids 2024/25,Kids,1,57.63,2025-02-11 18:32:02
S003909,O0005016,Accessories 2024/25,Accessories,1,18.98,2024-12-27 17:32:58
S004331,O0005017,Third Kit 2024/25,Third Kit,1,86.27,2025-09-10 05:31:12
S000243,O0005018,Home Shirt 2024/25,Home Shirt,1,92.57,2025-08-30 23:07:01
S003556,O0005019,Away Shirt 2024/25,Away Shirt,1,98.07,2025-09-18 00:46:00
S002707,O0005020,Third Kit 2024/25,Third Kit,2,176.51,2025-09-13 03:39:55
S000658,O0005021,Home Shirt 2024/25,Home Shirt,2,199.84,2025-09-18 22:23:33
S004979,O0005022,Third Kit 2024/25,Third Kit,1,87.18,2025-09-02 22:48:55
S004262,O0005023,Accessories 2024/25,Accessories,1,20.06,2025-08-30 11:34:18
S004846,O0005024,Kids 2024/25,Kids,1,56.64,2024-10-13 14:25:13
S004912,O0005025,Home Shirt 2024/25,Home Shirt,1,90.98,2025-09-04 21:16:02
S003791,O0005026,Kids 2024/25,Kids,1,57.8,2024-10-02 13:38:54
S004699,O0005027,Accessories 2024/25,Accessories,1,21.66,2025-08-23 07:03:09
S002980,O0005028,Kids 2024/25,Kids,1,52.88,2025-05-15 13:54:38
S000663,O0005029,Kids 2024/25,Kids,1,53.72,2025-08-27 20:54:27
S000672,O0005030,Third Kit 2024/25,Third Kit,1,72.86,2025-09-03 19:04:56
S004817,O0005031,Third Kit 2024/25,Third Kit,1,88.76,2025-08-24 20:11:12
S000576,O0005032,Away Shirt 2024/25,Away Shirt,1,80.43,2025-07-09 20:01:23
S000643,O0005033,Accessories 2024/25,Accessories,1,21.77,2025-03-27 19:05:14
S001090,O0005034,Retro 2024/25,Retro,1,59.46,2024-12-23 12:12:48
S003489,O0005035,Retro 2024/25,Retro,1,58.9,2025-03-23 07:58:50
S004665,O0005036,Third Kit 2024/25,Third Kit,1,90.34,2025-08-26 15:56:04
S001794,O0005037,Third Kit 2024/25,Third Kit,1,72.54,2025-08-30 19:54:08
S000539,O0005038,Home Shirt 2024/25,Home Shirt,1,79.86,2024-10-01 13:13:52
S000244,O0005039,Accessories 2024/25,Accessories,3,68.41,2025-09-08 20:38:41
S001878,O0005040,Kids 2024/25,Kids,1,47.72,2024-10-01 16:09:06
S004017,O0005041,Training Wear 2024/25,Training Wear,1,52.03,2025-05-27 01:31:09
S002859,O0005042,Kids 2024/25,Kids,1,47.53,2024-12-12 20:51:55
S001530,O0005043,Kids 2024/25,Kids,1,54.56,2024-10-29 09:07:12
S004305,O0005044,Training Wear 2024/25,Training Wear,1,59.9,2025-01-11 08:13:48
S004882,O0005045,Accessories 2024/25,Accessories,1,21.59,2024-09-23 15:57:07
S000346,O0005046,Accessories 2024/25,Accessories,1,23.84,2025-08-28 17:21:00
S004826,O0005047,Accessories 2024/25,Accessories,1,21.64,2025-06-10 08:01:03
S000259,O0005048,Training Wear 2024/25,Training Wear,1,61.05,2025-09-09 03:25:42
S004569,O0005049,Home Shirt 2024/25,Home Shirt,1,99.94,2024-10-28 01:08:20
S001929,O0005050,Away Shirt 2024/25,Away Shirt,1,98.51,2024-10-13 07:38:19
S003516,O0005051,Training Wear 2024/25,Training Wear,1,55.79,2025-08-25 11:33:57
S003158,O0005052,Away Shirt 2024/25,Away Shirt,1,90.17,2025-09-17 10:31:33
S004593,O0005053,Accessories 2024/25,Accessories,1,19.37,2025-09-02 21:40:52
S003610,O0005054,Away Shirt 2024/25,Away Shirt,1,86.51,2025-09-15 04:14:51
S004150,O0005055,Training Wear 2024/25,Training Wear,2,99.83,2024-12-20 23:55:30
S002663,O0005056,Retro 2024/25,Retro,1,71.4,2025-08-22 12:45:50
S003139,O0005057,Third Kit 2024/25,Third Kit,1,83.31,2025-09-07 04:32:02
S001467,O0005058,Third Kit 2024/25,Third Kit,1,68.26,2025-09-04 09:13:36
S000762,O0005059,Accessories 2024/25,Accessories,1,19.5,2025-08-25 06:50:10
S004024,O0005060,Accessories 2024/25,Accessories,1,24.73,2025-09-16 20:11:03
S003719,O0005061,Accessories 2024/25,Accessories,2,45.69,2025-03-23 00:51:37
S001625,O0005062,Home Shirt 2024/25,Home Shirt,1,86.76,2025-09-04 15:29:09
S001243,O0005063,Third Kit 2024/25,Third Kit,1,70.33,2025-09-16 03:02:25
S002279,O0005064,Training Wear 2024/25,Training Wear,1,65.31,2024-11-19 09:44:32
S001943,O0005065,Away Shirt 2024/25,Away Shirt,2,160.47,2025-08-17 12:24:05
S003939,O0005066,Home Shirt 2024/25,Home Shirt,1,82.42,2025-02-07 22:39:42
S001231,O0005067,Accessories 2024/25,Accessories,1,24.43,2025-09-05 07:37:34
S002395,O0005068,Accessories 2024/25,Accessories,1,20.59,2025-01-01 15:09:13
S000690,O0005069,Retro 2024/25,Retro,1,62.01,2025-09-12 12:53:52
S000497,O0005070,Retro 2024/25,Retro,1,70.78,2025-09-01 05:45:07
S001386,O0005071,Training Wear 2024/25,Training Wear,1,54.13,2024-12-23 22:34:36
S000675,O0005072,Kids 2024/25,Kids,1,45.39,2025-09-11 19:09:03
S000297,O0005073,Accessories 2024/25,Accessories,1,19.44,2025-09-16 13:18:23
S001393,O0005074,Training Wear 2024/25,Training Wear,1,52.7,2025-09-18 19:31:47
S002827,O0005075,Third Kit 2024/25,Third Kit,2,140.72,2025-08-23 08:07:25
S000827,O0005076,Home Shirt 2024/25,Home Shirt,1,85.74,2025-08-19 15:26:24
S000704,O0005077,Kids 2024/25,Kids,1,57.04,2025-03-31 06:48:53
S003875,O0005078,Home Shirt 2024/25,Home Shirt,3,241.93,2025-09-17 20:19:29
S000652,O0005079,Retro 2024/25,Retro,1,64.81,2025-07-11 19:04:54
S003069,O0005080,Accessories 2024/25,Accessories,2,47.07,2025-08-25 03:20:14
S001741,O0005081,Home Shirt 2024/25,Home Shirt,1,87.53,2025-09-03 20:52:36
S001081,O0005082,Training Wear 2024/25,Training Wear,1,51.07,2025-08-24 11:25:56
S003250,O0005083,Training Wear 2024/25,Training Wear,3,162.82,2025-05-16 22:18:18
S001132,O0005084,Retro 2024/25,Retro,3,222.21,2025-09-15 01:28:29
S001341,O0005085,Home Shirt 2024/25,Home Shirt,3,281.89,2025-09-09 23:02:12
S002156,O0005086,Training Wear 2024/25,Training Wear,1,55.84,2025-09-15 08:05:52
S001764,O0005087,Training Wear 2024/25,Training Wear,1,58.95,2025-03-18 23:25:18
S000180,O0005088,Training Wear 2024/25,Training Wear,1,61.25,2025-06-05 03:10:42
S003815,O0005089,Accessories 2024/25,Accessories,1,19.38,2025-01-05 13:52:15
S001310,O0005090,Away Shirt 2024/25,Away Shirt,1,93.0,2025-07-08 01:22:12
S004317,O0005091,Home Shirt 2024/25,Home Shirt,2,159.62,2025-09-10 11:22:47
S003962,O0005092,Accessories 2024/25,Accessories,1,19.36,2025-02-22 22:59:57
S003225,O0005093,Away Shirt 2024/25,Away Shirt,1,92.34,2024-11-14 08:34:26
S002005,O0005094,Accessories 2024/25,Accessories,1,23.46,2025-04-14 11:03:46
S000132,O0005095,Third Kit 2024/25,Third Kit,1,82.35,2025-08-31 17:06:56
S001487,O0005096,Accessories 2024/25,Accessories,1,19.69,2025-08-22 04:12:42
S004330,O0005097,Retro 2024/25,Retro,1,60.55,2025-09-03 22:35:22
S001528,O0005098,Third Kit 2024/25,Third Kit,1,79.77,2025-03-29 14:28:14
S003345,O0005099,Retro 2024/25,Retro,1,64.73,2024-10-26 15:36:57
S000958,O0005100,Third Kit 2024/25,Third Kit,1,82.85,2025-06-24 10:32:25
S000865,O0005101,Third Kit 2024/25,Third Kit,2,144.07,2025-03-02 05:31:45
S001065,O0005102,Retro 2024/25,Retro,1,76.26,2025-09-13 08:11:10
S000342,O0005103,Third Kit 2024/25,Third Kit,1,84.25,2025-04-18 17:57:50
S002109,O0005104,Accessories 2024/25,Accessories,1,20.18,2025-08-26 23:13:17
S002402,O0005105,Third Kit 2024/25,Third Kit,1,89.38,2025-08-31 08:47:16
S000903,O0005106,Kids 2024/25,Kids,2,94.66,2025-09-15 18:46:04
S000808,O0005107,Away Shirt 2024/25,Away Shirt,1,88.12,2025-08-21 19:50:11
S002062,O0005108,Kids 2024/25,Kids,1,50.96,2025-04-27 09:23:57
S000715,O0005109,Kids 2024/25,Kids,1,50.2,2024-11-07 22:50:31
S004411,O0005110,Retro 2024/25,Retro,3,242.28,2025-09-15 20:21:55
S004233,O0005111,Retro 2024/25,Retro,3,196.33,2025-09-04 23:25:28
S002341,O0005112,Third Kit 2024/25,Third Kit,1,91.6,2025-09-09 07:45:45
S003954,O0005113,Retro 2024/25,Retro,1,63.11,2024-11-14 19:07:12
S000238,O0005114,Kids 2024/25,Kids,1,55.03,2025-06-14 15:22:23
S002146,O0005115,Third Kit 2024/25,Third Kit,1,86.12,2025-08-27 08:58:59
S002277,O0005116,Away Shirt 2024/25,Away Shirt,1,95.24,2025-03-17 03:23:34
S003298,O0005117,Home Shirt 2024/25,Home Shirt,1,99.01,2024-09-25 05:01:25
S002018,O0005118,Kids 2024/25,Kids,1,48.16,2025-02-24 08:08:38
S003428,O0005119,Accessories 2024/25,Accessories,1,24.64,2024-10-26 07:59:27
S000255,O0005120,Accessories 2024/25,Accessories,1,19.28,2024-12-24 10:18:03
S004374,O0005121,Accessories 2024/25,Accessories,1,21.27,2025-08-28 17:27:28
S000448,O0005122,Away Shirt 2024/25,Away Shirt,1,93.15,2025-08-30 21:03:52
S002702,O0005123,Away Shirt 2024/25,Away Shirt,1,96.64,2025-05-26 06:45:37
S001885,O0005124,Third Kit 2024/25,Third Kit,1,81.76,2025-08-23 22:29:21
S000462,O0005125,Retro 2024/25,Retro,1,70.55,2025-01-01 02:16:44
S002541,O0005126,Home Shirt 2024/25,Home Shirt,1,90.48,2025-09-02 06:21:59
S002292,O0005127,Training Wear 2024/25,Training Wear,1,51.41,2025-04-05 20:09:56
S002333,O0005128,Training Wear 2024/25,Training Wear,1,54.65,2025-09-14 12:24:48
S001984,O0005129,Retro 2024/25,Retro,1,58.82,2024-12-10 03:11:02
S004845,O0005130,Home Shirt 2024/25,Home Shirt,1,82.22,2025-09-03 05:10:38
S002181,O0005131,Accessories 2024/25,Accessories,1,20.61,2025-09-14 02:14:08
S000619,O0005132,Away Shirt 2024/25,Away Shirt,1,75.88,2025-09-19 06:39:01
S003880,O0005133,Away Shirt 2024/25,Away Shirt,3,226.12,2025-08-23 00:38:18
S004820,O0005134,Accessories 2024/25,Accessories,1,20.37,2025-05-24 17:21:09
S001111,O0005135,Kids 2024/25,Kids,1,60.97,2025-08-29 07:27:06
S004054,O0005136,Away Shirt 2024/25,Away Shirt,2,151.75,2025-06-09 10:55:34
S003894,O0005137,Kids 2024/25,Kids,1,57.3,2025-01-25 23:37:22
S002090,O0005138,Away Shirt 2024/25,Away Shirt,3,273.8,2025-09-03 14:56:20
S001973,O0005139,Kids 2024/25,Kids,1,60.78,2025-08-21 19:23:49
S004485,O0005140,Third Kit 2024/25,Third Kit,1,91.75,2025-01-25 15:20:41
S004007,O0005141,Training Wear 2024/25,Training Wear,1,52.65,2025-08-25 22:50:37
S003952,O0005142,Home Shirt 2024/25,Home Shirt,1,79.69,2025-05-29 17:34:03
S004957,O0005143,Third Kit 2024/25,Third Kit,1,93.48,2025-05-31 11:20:42
S000584,O0005144,Away Shirt 2024/25,Away Shirt,1,82.53,2024-12-01 22:45:57
S003519,O0005145,Accessories 2024/25,Accessories,1,19.09,2025-02-22 13:22:22
S003303,O0005146,Training Wear 2024/25,Training Wear,1,57.97,2025-06-27 11:13:14
S003070,O0005147,Third Kit 2024/25,Third Kit,1,72.69,2025-01-04 15:14:22
S004096,O0005148,Away Shirt 2024/25,Away Shirt,1,97.74,2024-12-09 07:36:23
S001725,O0005149,Home Shirt 2024/25,Home Shirt,1,76.93,2025-08-23 02:22:43
S001766,O0005150,Kids 2024/25,Kids,1,46.2,2025-01-27 11:13:56
S002987,O0005151,Retro 2024/25,Retro,1,59.7,2025-09-20 05:33:43
S003231,O0005152,Home Shirt 2024/25,Home Shirt,2,194.99,2025-05-24 14:54:44
S001370,O0005153,Training Wear 2024/25,Training Wear,1,60.73,2025-09-07 18:59:46
S003362,O0005154,Training Wear 2024/25,Training Wear,1,58.69,2024-12-25 14:56:13
S002210,O0005155,Accessories 2024/25,Accessories,1,20.9,2025-09-08 17:37:37
S002908,O0005156,Away Shirt 2024/25,Away Shirt,2,156.35,2025-06-27 16:23:45
S003063,O0005157,Away Shirt 2024/25,Away Shirt,1,93.7,2025-09-06 13:43:42
S001818,O0005158,Training Wear 2024/25,Training Wear,1,50.16,2025-03-09 21:49:06
S000802,O0005159,Retro 2024/25,Retro,1,77.02,2025-09-16 15:14:18
S004384,O0005160,Kids 2024/25,Kids,3,185.32,2025-03-13 09:42:21
S002915,O0005161,Training Wear 2024/25,Training Wear,1,58.33,2024-09-24 02:55:00
S001146,O0005162,Away Shirt 2024/25,Away Shirt,1,77.21,2024-12-13 09:06:49
S000503,O0005163,Home Shirt 2024/25,Home Shirt,1,78.79,2025-08-09 13:31:21
S002429,O0005164,Home Shirt 2024/25,Home Shirt,1,83.08,2025-08-26 08:02:20
S000962,O0005165,Away Shirt 2024/25,Away Shirt,1,76.36,2024-12-12 09:43:16
S000079,O0005166,Accessories 2024/25,Accessories,1,23.42,2025-01-29 01:11:57
S001852,O0005167,Away Shirt 2024/25,Away Shirt,3,267.98,2025-07-09 14:38:11
S001105,O0005168,Away Shirt 2024/25,Away Shirt,1,89.16,2025-08-24 20:06:57
S003934,O0005169,Third Kit 2024/25,Third Kit,3,252.56,2025-08-26 14:07:06
S004764,O0005170,Third Kit 2024/25,Third Kit,1,75.08,2025-03-01 10:40:47
S001784,O0005171,Accessories 2024/25,Accessories,2,38.52,2024-11-23 23:58:18
S000073,O0005172,Retro 2024/25,Retro,1,59.48,2024-12-28 08:49:16
S004241,O0005173,Training Wear 2024/25,Training Wear,2,124.49,2025-08-09 09:19:58
S001208,O0005174,Home Shirt 2024/25,Home Shirt,1,99.97,2025-09-17 07:54:19
S004813,O0005175,Kids 2024/25,Kids,1,46.45,2025-04-20 09:39:33
S001004,O0005176,Away Shirt 2024/25,Away Shirt,1,73.21,2025-09-10 12:44:55
S001153,O0005177,Accessories 2024/25,Accessories,1,18.9,2025-07-10 13:07:53
S002901,O0005178,Kids 2024/25,Kids,1,60.89,2025-09-02 21:38:12
S001606,O0005179,Accessories 2024/25,Accessories,2,38.3,2025-05-17 10:34:41
S001335,O0005180,Accessories 2024/25,Accessories,1,23.24,2025-02-12 08:14:14
S001849,O0005181,Accessories 2024/25,Accessories,3,66.92,2025-05-20 19:02:38
S003437,O0005182,Kids 2024/25,Kids,1,52.64,2024-12-11 06:51:21
S004372,O0005183,Kids 2024/25,Kids,1,45.26,2025-09-05 02:43:45
S004424,O0005184,Retro 2024/25,Retro,1,81.21,2025-06-05 10:16:24
S001855,O0005185,Accessories 2024/25,Accessories,2,42.66,2025-06-03 12:02:40
S004645,O0005186,Third Kit 2024/25,Third Kit,3,219.89,2025-09-11 12:31:32
S004102,O0005187,Kids 2024/25,Kids,3,149.3,2025-08-24 06:52:52
S004472,O0005188,Training Wear 2024/25,Training Wear,2,105.45,2025-09-08 07:58:04
S003356,O0005189,Home Shirt 2024/25,Home Shirt,1,73.55,2025-08-24 15:12:37
S004538,O0005190,Retro 2024/25,Retro,1,77.89,2025-09-01 19:23:49
S001873,O0005191,Training Wear 2024/25,Training Wear,1,65.76,2025-09-18 13:03:10
S002850,O0005192,Kids 2024/25,Kids,2,99.26,2024-10-23 09:46:24
S000336,O0005193,Third Kit 2024/25,Third Kit,1,82.96,2024-12-14 17:45:29
S000047,O0005194,Kids 2024/25,Kids,2,92.42,2024-12-18 10:57:45
S001726,O0005195,Kids 2024/25,Kids,1,59.66,2025-01-01 22:20:34
S001427,O0005196,Training Wear 2024/25,Training Wear,1,63.65,2025-02-24 15:22:48
S001660,O0005197,Away Shirt 2024/25,Away Shirt,1,86.23,2025-09-09 14:00:00
S002012,O0005198,Kids 2024/25,Kids,1,48.92,2025-08-24 03:10:38
S000066,O0005199,Kids 2024/25,Kids,1,52.38,2025-04-20 08:19:41
S000617,O0005200,Away Shirt 2024/25,Away Shirt,1,84.16,2025-09-06 21:31:16
S001713,O0005201,Kids 2024/25,Kids,1,54.36,2025-09-13 06:59:45
S000517,O0005202,Away Shirt 2024/25,Away Shirt,1,72.29,2024-11-25 17:05:28
S004533,O0005203,Home Shirt 2024/25,Home Shirt,2,176.18,2025-09-13 13:51:49
S000113,O0005204,Away Shirt 2024/25,Away Shirt,1,74.39,2025-09-03 22:35:48
S000160,O0005205,Third Kit 2024/25,Third Kit,1,92.17,2025-04-30 14:30:15
S003764,O0005206,Training Wear 2024/25,Training Wear,1,49.8,2025-08-25 01:37:16
S001095,O0005207,Home Shirt 2024/25,Home Shirt,1,83.71,2025-09-07 03:55:18
S000555,O0005208,Kids 2024/25,Kids,1,56.9,2025-08-22 19:43:09
S003251,O0005209,Accessories 2024/25,Accessories,1,18.47,2025-02-12 13:24:53
S004292,O0005210,Home Shirt 2024/25,Home Shirt,1,76.54,2024-12-26 14:41:20
S004333,O0005211,Third Kit 2024/25,Third Kit,2,144.18,2025-08-25 09:02:03
S004600,O0005212,Accessories 2024/25,Accessories,1,20.78,2025-07-15 22:46:14
S003061,O0005213,Retro 2024/25,Retro,1,69.29,2025-05-31 21:22:13
S003108,O0005214,Home Shirt 2024/25,Home Shirt,1,76.82,2025-08-23 06:25:47
S000566,O0005215,Away Shirt 2024/25,Away Shirt,1,89.59,2024-09-22 20:35:17
S003399,O0005216,Away Shirt 2024/25,Away Shirt,2,199.92,2025-05-13 06:10:31
S002460,O0005217,Away Shirt 2024/25,Away Shirt,2,156.95,2025-08-05 14:42:34
S000147,O0005218,Accessories 2024/25,Accessories,1,23.93,2025-07-06 18:34:21
S002860,O0005219,Accessories 2024/25,Accessories,1,23.27,2025-09-03 15:01:41
S004077,O0005220,Kids 2024/25,Kids,1,62.08,2025-07-31 13:05:19
S003993,O0005221,Kids 2024/25,Kids,3,157.6,2025-03-17 16:09:45
S004120,O0005222,Training Wear 2024/25,Training Wear,1,51.46,2025-09-17 19:50:18
S002737,O0005223,Retro 2024/25,Retro,3,200.78,2025-09-05 13:35:42
S001890,O0005224,Retro 2024/25,Retro,1,63.56,2025-06-04 19:51:06
S001583,O0005225,Third Kit 2024/25,Third Kit,1,79.99,2025-07-07 07:41:10
S003643,O0005226,Training Wear 2024/25,Training Wear,1,56.58,2025-05-20 10:27:08
S004101,O0005227,Away Shirt 2024/25,Away Shirt,1,73.86,2025-08-11 00:26:54
S003356,O0005228,Training Wear 2024/25,Training Wear,1,58.12,2025-08-23 11:28:09
S000505,O0005229,Retro 2024/25,Retro,1,78.32,2025-03-29 03:24:03
S004833,O0005230,Accessories 2024/25,Accessories,1,23.27,2025-04-04 12:05:43
S000233,O0005231,Third Kit 2024/25,Third Kit,1,92.34,2024-11-23 01:16:32
S004658,O0005232,Third Kit 2024/25,Third Kit,1,81.0,2025-09-09 15:40:02
S001884,O0005233,Away Shirt 2024/25,Away Shirt,1,98.68,2025-08-25 19:27:21
S002856,O0005234,Away Shirt 2024/25,Away Shirt,1,81.71,2025-09-01 14:20:43
S002437,O0005235,Away Shirt 2024/25,Away Shirt,1,95.76,2024-12-10 12:55:50
S002278,O0005236,Kids 2024/25,Kids,1,54.78,2025-07-08 15:46:33
S004179,O0005237,Retro 2024/25,Retro,1,60.5,2025-08-14 03:08:04
S004483,O0005238,Away Shirt 2024/25,Away Shirt,1,75.42,2025-09-04 10:53:52
S004149,O0005239,Home Shirt 2024/25,Home Shirt,1,93.01,2025-01-16 18:03:41
S001404,O0005240,Accessories 2024/25,Accessories,2,46.02,2025-01-14 13:05:13
S000760,O0005241,Home Shirt 2024/25,Home Shirt,1,92.82,2025-08-25 19:41:46
S001452,O0005242,Accessories 2024/25,Accessories,1,21.97,2024-10-07 21:04:58
S001330,O0005243,Retro 2024/25,Retro,1,74.3,2025-04-05 15:27:10
S003394,O0005244,Away Shirt 2024/25,Away Shirt,1,80.7,2025-08-31 17:11:15
S000084,O0005245,Accessories 2024/25,Accessories,1,20.68,2025-08-23 12:26:08
S002797,O0005246,Away Shirt 2024/25,Away Shirt,1,79.12,2025-09-03 10:13:08
S001517,O0005247,Accessories 2024/25,Accessories,1,24.58,2025-08-10 13:26:24
S004072,O0005248,Training Wear 2024/25,Training Wear,1,55.6,2025-08-03 02:41:50
S000502,O0005249,Away Shirt 2024/25,Away Shirt,1,90.26,2025-08-28 14:26:25
S002706,O0005250,Training Wear 2024/25,Training Wear,1,56.39,2025-04-06 12:19:16
S001668,O0005251,Retro 2024/25,Retro,1,73.04,2025-08-23 16:29:08
S004479,O0005252,Retro 2024/25,Retro,1,72.9,2025-07-10 11:55:38
S004039,O0005253,Training Wear 2024/25,Training Wear,2,122.82,2025-02-20 05:18:26
S000128,O0005254,Accessories 2024/25,Accessories,1,23.12,2025-08-23 22:05:19
S004748,O0005255,Home Shirt 2024/25,Home Shirt,1,95.42,2025-09-15 05:58:30
S000161,O0005256,Home Shirt 2024/25,Home Shirt,1,76.45,2025-09-08 02:14:20
S000363,O0005257,Third Kit 2024/25,Third Kit,1,90.45,2025-09-17 05:50:27
S000568,O0005258,Away Shirt 2024/25,Away Shirt,2,192.61,2025-07-07 00:40:22
S001030,O0005259,Training Wear 2024/25,Training Wear,1,55.47,2025-05-17 07:29:24
S002630,O0005260,Home Shirt 2024/25,Home Shirt,1,77.31,2025-09-06 07:34:22
S000519,O0005261,Home Shirt 2024/25,Home Shirt,1,78.91,2025-06-26 15:52:50
S003256,O0005262,Third Kit 2024/25,Third Kit,1,84.97,2025-04-26 09:44:40
S003363,O0005263,Kids 2024/25,Kids,1,56.55,2025-09-14 08:44:59
S002245,O0005264,Kids 2024/25,Kids,2,95.1,2025-09-02 03:42:33
S002110,O0005265,Accessories 2024/25,Accessories,1,23.48,2025-09-03 12:41:35
S001531,O0005266,Third Kit 2024/25,Third Kit,1,69.24,2024-10-14 10:09:04
S002164,O0005267,Kids 2024/25,Kids,1,52.96,2025-08-27 15:38:28
S000532,O0005268,Home Shirt 2024/25,Home Shirt,2,165.2,2025-09-01 00:08:29
S003201,O0005269,Home Shirt 2024/25,Home Shirt,3,249.39,2025-01-24 12:03:27
S004211,O0005270,Training Wear 2024/25,Training Wear,1,52.38,2024-10-27 00:57:30
S003546,O0005271,Retro 2024/25,Retro,1,69.59,2025-09-06 09:18:27
S003923,O0005272,Third Kit 2024/25,Third Kit,1,86.45,2025-01-05 16:53:11
S000804,O0005273,Home Shirt 2024/25,Home Shirt,1,73.32,2025-08-31 15:15:05
S001175,O0005274,Third Kit 2024/25,Third Kit,1,85.93,2025-09-02 23:39:58
S003650,O0005275,Third Kit 2024/25,Third Kit,1,71.28,2024-10-26 07:32:59
S002210,O0005276,Retro 2024/25,Retro,1,67.64,2025-09-08 01:22:26
S001972,O0005277,Training Wear 2024/25,Training Wear,1,52.22,2024-12-28 21:02:59
S003189,O0005278,Away Shirt 2024/25,Away Shirt,1,73.03,2025-01-14 19:50:57
S004927,O0005279,Kids 2024/25,Kids,1,61.13,2025-01-09 19:00:55
S004320,O0005280,Retro 2024/25,Retro,1,79.72,2025-08-26 14:07:32
S004214,O0005281,Home Shirt 2024/25,Home Shirt,1,75.83,2024-09-21 23:23:57
S004974,O0005282,Accessories 2024/25,Accessories,1,21.33,2025-09-18 21:37:55
S002423,O0005283,Away Shirt 2024/25,Away Shirt,1,76.18,2024-12-20 15:25:43
S001750,O0005284,Kids 2024/25,Kids,2,101.34,2025-09-03 18:21:08
S003946,O0005285,Retro 2024/25,Retro,3,219.41,2025-09-18 09:20:06
S002936,O0005286,Kids 2024/25,Kids,1,48.85,2025-08-26 17:24:49
S003593,O0005287,Home Shirt 2024/25,Home Shirt,1,75.1,2025-08-28 10:02:52
S001792,O0005288,Retro 2024/25,Retro,1,75.7,2024-10-16 19:22:29
S000993,O0005289,Third Kit 2024/25,Third Kit,1,93.35,2025-09-14 21:22:33
S002062,O0005290,Third Kit 2024/25,Third Kit,1,90.46,2025-09-16 08:25:12
S000191,O0005291,Training Wear 2024/25,Training Wear,3,164.91,2025-09-16 23:38:26
S001497,O0005292,Accessories 2024/25,Accessories,3,73.51,2024-12-09 22:04:06
S003681,O0005293,Retro 2024/25,Retro,2,153.41,2025-02-19 02:59:41
S001353,O0005294,Home Shirt 2024/25,Home Shirt,1,81.79,2025-08-22 23:40:23
S000236,O0005295,Training Wear 2024/25,Training Wear,1,68.15,2024-10-01 11:51:00
S003019,O0005296,Home Shirt 2024/25,Home Shirt,1,94.08,2025-08-23 20:04:31
S004353,O0005297,Training Wear 2024/25,Training Wear,1,54.38,2025-09-03 15:35:42
S001434,O0005298,Kids 2024/25,Kids,1,48.82,2025-09-04 17:27:53
S000899,O0005299,Training Wear 2024/25,Training Wear,1,50.07,2025-08-28 06:48:46
S000022,O0005300,Retro 2024/25,Retro,1,71.22,2025-08-29 21:23:49
S000511,O0005301,Away Shirt 2024/25,Away Shirt,1,96.54,2025-01-16 20:37:09
S004914,O0005302,Accessories 2024/25,Accessories,1,19.95,2025-09-08 06:06:37
S004314,O0005303,Kids 2024/25,Kids,1,48.99,2025-08-28 08:15:46
S001872,O0005304,Training Wear 2024/25,Training Wear,1,66.53,2025-09-13 10:31:28
S001735,O0005305,Kids 2024/25,Kids,1,49.17,2024-10-21 15:33:58
S001424,O0005306,Accessories 2024/25,Accessories,1,19.03,2025-08-21 18:49:48
S000588,O0005307,Accessories 2024/25,Accessories,1,18.06,2025-09-01 09:05:19
S004607,O0005308,Retro 2024/25,Retro,1,76.18,2025-09-20 07:01:59
S001120,O0005309,Away Shirt 2024/25,Away Shirt,1,90.92,2025-09-12 15:36:12
S002849,O0005310,Kids 2024/25,Kids,1,50.2,2025-05-05 18:30:02
S004733,O0005311,Training Wear 2024/25,Training Wear,2,112.16,2025-04-06 00:15:52
S004679,O0005312,Third Kit 2024/25,Third Kit,1,93.31,2025-08-24 02:54:59
S003169,O0005313,Third Kit 2024/25,Third Kit,2,176.22,2025-08-25 08:16:49
S003095,O0005314,Home Shirt 2024/25,Home Shirt,1,93.68,2025-09-15 12:57:25
S001956,O0005315,Training Wear 2024/25,Training Wear,1,67.73,2025-08-11 03:20:17
S001817,O0005316,Kids 2024/25,Kids,3,182.46,2025-05-17 05:25:04
S001323,O0005317,Training Wear 2024/25,Training Wear,1,53.36,2025-02-24 16:43:47
S002077,O0005318,Away Shirt 2024/25,Away Shirt,1,81.29,2025-09-09 02:40:13
S004993,O0005319,Retro 2024/25,Retro,1,78.16,2025-05-29 07:09:49
S000465,O0005320,Away Shirt 2024/25,Away Shirt,1,78.7,2025-09-09 01:05:23
S003038,O0005321,Retro 2024/25,Retro,1,73.53,2025-09-13 06:38:25
S001143,O0005322,Home Shirt 2024/25,Home Shirt,1,97.6,2025-01-26 04:17:57
S004546,O0005323,Third Kit 2024/25,Third Kit,1,83.56,2025-09-10 01:18:47
S002542,O0005324,Kids 2024/25,Kids,1,48.72,2025-09-03 03:58:00
S002309,O0005325,Kids 2024/25,Kids,2,95.94,2025-09-04 10:59:34
S004282,O0005326,Kids 2024/25,Kids,1,60.82,2025-06-28 10:45:16
S004456,O0005327,Away Shirt 2024/25,Away Shirt,1,72.77,2025-02-18 19:21:53
S001182,O0005328,Third Kit 2024/25,Third Kit,1,82.8,2025-09-06 21:24:10
S003947,O0005329,Third Kit 2024/25,Third Kit,1,79.57,2025-09-13 17:30:32
S002459,O0005330,Retro 2024/25,Retro,1,70.24,2025-09-08 00:45:53
S003893,O0005331,Away Shirt 2024/25,Away Shirt,1,98.47,2025-08-27 23:21:01
S003729,O0005332,Home Shirt 2024/25,Home Shirt,1,75.09,2025-06-15 09:37:52
S000566,O0005333,Kids 2024/25,Kids,1,61.87,2025-03-07 03:55:40
S003182,O0005334,Accessories 2024/25,Accessories,1,21.34,2025-09-14 04:41:22
S003291,O0005335,Training Wear 2024/25,Training Wear,1,68.53,2025-08-29 16:20:41
S002077,O0005336,Home Shirt 2024/25,Home Shirt,1,96.22,2025-05-05 20:21:55
S000026,O0005337,Away Shirt 2024/25,Away Shirt,1,80.02,2024-11-05 05:48:01
S004286,O0005338,Retro 2024/25,Retro,1,76.56,2025-09-09 13:01:48
S002383,O0005339,Training Wear 2024/25,Training Wear,1,54.27,2025-09-14 02:50:24
S003394,O0005340,Kids 2024/25,Kids,1,57.87,2025-09-10 11:22:29
S000064,O0005341,Retro 2024/25,Retro,1,73.07,2025-01-21 14:48:11
S002227,O0005342,Training Wear 2024/25,Training Wear,1,60.07,2025-06-12 22:53:02
S002074,O0005343,Away Shirt 2024/25,Away Shirt,1,88.99,2024-10-03 16:08:11
S003156,O0005344,Kids 2024/25,Kids,2,109.17,2024-12-18 12:04:18
S003014,O0005345,Accessories 2024/25,Accessories,1,21.86,2025-08-10 09:23:53
S000561,O0005346,Away Shirt 2024/25,Away Shirt,1,77.8,2025-05-17 05:52:44
S001027,O0005347,Away Shirt 2024/25,Away Shirt,1,89.11,2025-08-13 21:55:11
S001028,O0005348,Third Kit 2024/25,Third Kit,1,83.96,2025-05-20 05:16:56
S003573,O0005349,Third Kit 2024/25,Third Kit,1,78.51,2025-06-25 12:57:16
S002570,O0005350,Accessories 2024/25,Accessories,2,41.49,2025-08-28 18:52:32
S001194,O0005351,Away Shirt 2024/25,Away Shirt,2,148.67,2025-01-05 00:07:20
S000652,O0005352,Retro 2024/25,Retro,1,61.01,2025-08-31 22:29:23
S001369,O0005353,Away Shirt 2024/25,Away Shirt,1,83.14,2024-11-30 15:43:51
S001573,O0005354,Home Shirt 2024/25,Home Shirt,1,81.56,2025-06-25 05:49:06
S004714,O0005355,Retro 2024/25,Retro,2,137.22,2025-09-03 07:03:53
S003414,O0005356,Training Wear 2024/25,Training Wear,1,50.31,2025-05-05 12:09:01
S000668,O0005357,Training Wear 2024/25,Training Wear,1,56.24,2025-09-17 10:31:47
S000921,O0005358,Third Kit 2024/25,Third Kit,1,82.16,2024-12-30 03:36:47
S000738,O0005359,Third Kit 2024/25,Third Kit,1,89.4,2025-07-30 16:04:57
S003633,O0005360,Training Wear 2024/25,Training Wear,1,57.52,2025-08-08 06:06:41
S002580,O0005361,Third Kit 2024/25,Third Kit,1,87.25,2025-05-23 21:56:51
S001786,O0005362,Kids 2024/25,Kids,1,54.26,2024-09-23 15:57:13
S003851,O0005363,Third Kit 2024/25,Third Kit,1,72.98,2024-11-05 17:11:18
S000653,O0005364,Training Wear 2024/25,Training Wear,2,104.44,2025-07-07 03:53:12
S000519,O0005365,Retro 2024/25,Retro,1,63.19,2025-07-20 20:27:07
S003496,O0005366,Training Wear 2024/25,Training Wear,2,126.73,2025-06-18 17:39:32
S002026,O0005367,Retro 2024/25,Retro,1,72.33,2024-11-29 09:26:15
S004762,O0005368,Training Wear 2024/25,Training Wear,1,57.52,2025-07-31 00:19:02
S002356,O0005369,Retro 2024/25,Retro,1,71.1,2024-10-10 03:25:09
S001936,O0005370,Kids 2024/25,Kids,1,59.8,2025-09-04 13:17:16
S001526,O0005371,Home Shirt 2024/25,Home Shirt,1,87.19,2024-11-19 10:01:13
S003196,O0005372,Third Kit 2024/25,Third Kit,1,67.53,2025-09-13 12:36:15
S004756,O0005373,Accessories 2024/25,Accessories,1,19.0,2025-04-03 06:50:41
S002736,O0005374,Kids 2024/25,Kids,1,54.02,2025-09-14 01:38:09
S004125,O0005375,Home Shirt 2024/25,Home Shirt,3,282.65,2025-02-10 01:37:44
S003159,O0005376,Retro 2024/25,Retro,1,69.31,2025-08-29 23:41:28
S004009,O0005377,Retro 2024/25,Retro,1,67.87,2025-09-03 13:03:28
S004178,O0005378,Home Shirt 2024/25,Home Shirt,1,95.48,2025-09-15 23:51:04
S001282,O0005379,Away Shirt 2024/25,Away Shirt,1,76.2,2025-05-18 17:40:32
S001566,O0005380,Away Shirt 2024/25,Away Shirt,2,167.02,2025-09-17 01:52:38
S004234,O0005381,Accessories 2024/25,Accessories,1,20.79,2025-08-28 18:31:06
S003363,O0005382,Third Kit 2024/25,Third Kit,1,79.72,2024-12-13 15:25:15
S003732,O0005383,Third Kit 2024/25,Third Kit,1,69.23,2024-11-24 16:20:54
S001795,O0005384,Away Shirt 2024/25,Away Shirt,1,94.66,2025-09-10 10:39:04
S000236,O0005385,Training Wear 2024/25,Training Wear,1,58.0,2025-07-18 10:36:58
S001598,O0005386,Away Shirt 2024/25,Away Shirt,1,90.11,2025-08-30 13:47:31
S000563,O0005387,Kids 2024/25,Kids,1,52.43,2024-10-27 04:27:04
S001369,O0005388,Kids 2024/25,Kids,1,51.3,2025-01-25 09:33:37
S002365,O0005389,Training Wear 2024/25,Training Wear,1,58.64,2024-11-16 00:00:22
S004968,O0005390,Kids 2024/25,Kids,1,45.44,2025-07-20 23:38:36
S000021,O0005391,Retro 2024/25,Retro,1,78.39,2025-09-14 15:27:13
S000884,O0005392,Away Shirt 2024/25,Away Shirt,1,92.98,2025-09-11 23:11:42
S001864,O0005393,Third Kit 2024/25,Third Kit,1,75.42,2025-08-13 11:58:42
S002778,O0005394,Home Shirt 2024/25,Home Shirt,2,178.0,2024-10-12 01:22:30
S002315,O0005395,Training Wear 2024/25,Training Wear,1,68.65,2025-09-12 00:58:10
S002399,O0005396,Away Shirt 2024/25,Away Shirt,1,97.2,2025-09-03 20:00:24
S004392,O0005397,Home Shirt 2024/25,Home Shirt,1,82.72,2025-03-20 00:59:10
S000247,O0005398,Accessories 2024/25,Accessories,2,49.48,2024-11-28 21:33:52
S002144,O0005399,Accessories 2024/25,Accessories,1,18.64,2025-08-29 20:45:30
S000649,O0005400,Third Kit 2024/25,Third Kit,1,88.67,2025-09-17 07:24:59
S004551,O0005401,Third Kit 2024/25,Third Kit,1,74.97,2025-08-28 14:56:54
S002747,O0005402,Retro 2024/25,Retro,1,65.77,2025-09-20 05:53:00
S003305,O0005403,Kids 2024/25,Kids,1,53.87,2025-09-02 15:01:05
S001034,O0005404,Accessories 2024/25,Accessories,1,24.76,2025-01-23 16:50:17
S004445,O0005405,Retro 2024/25,Retro,1,62.01,2025-04-09 11:35:49
S000645,O0005406,Accessories 2024/25,Accessories,1,23.04,2025-09-05 05:28:14
S003379,O0005407,Retro 2024/25,Retro,2,135.91,2025-01-23 06:32:40
S001160,O0005408,Away Shirt 2024/25,Away Shirt,1,85.13,2024-11-20 06:14:44
S003408,O0005409,Third Kit 2024/25,Third Kit,1,73.37,2025-04-11 06:53:33
S003880,O0005410,Home Shirt 2024/25,Home Shirt,1,86.31,2025-06-22 15:43:07
S004616,O0005411,Training Wear 2024/25,Training Wear,2,118.14,2025-08-30 20:50:25
S000602,O0005412,Accessories 2024/25,Accessories,1,19.33,2025-06-16 12:03:49
S000703,O0005413,Kids 2024/25,Kids,1,55.0,2025-09-08 09:07:32
S004517,O0005414,Away Shirt 2024/25,Away Shirt,1,94.49,2025-09-01 09:28:51
S001643,O0005415,Third Kit 2024/25,Third Kit,1,68.22,2025-03-12 06:43:07
S002398,O0005416,Home Shirt 2024/25,Home Shirt,1,81.56,2025-06-16 03:16:21
S002028,O0005417,Third Kit 2024/25,Third Kit,1,76.79,2025-09-19 17:55:43
S002744,O0005418,Kids 2024/25,Kids,1,60.36,2025-08-31 12:34:24
S001163,O0005419,Away Shirt 2024/25,Away Shirt,1,85.7,2025-06-09 23:27:32
S002372,O0005420,Retro 2024/25,Retro,1,80.16,2025-08-29 02:52:44
S001329,O0005421,Training Wear 2024/25,Training Wear,2,113.82,2025-08-28 23:03:23
S000342,O0005422,Retro 2024/25,Retro,1,66.59,2025-08-22 19:16:03
S004371,O0005423,Training Wear 2024/25,Training Wear,1,56.71,2025-08-25 11:55:38
S004723,O0005424,Training Wear 2024/25,Training Wear,1,53.39,2024-10-03 20:48:06
S000675,O0005425,Home Shirt 2024/25,Home Shirt,1,78.65,2025-01-07 07:13:00
S004940,O0005426,Accessories 2024/25,Accessories,1,20.46,2025-03-26 00:38:02
S004578,O0005427,Kids 2024/25,Kids,1,61.91,2024-10-19 19:20:42
S004107,O0005428,Training Wear 2024/25,Training Wear,1,51.47,2025-04-04 04:00:30
S004192,O0005429,Away Shirt 2024/25,Away Shirt,1,91.8,2025-05-07 19:03:42
S003062,O0005430,Retro 2024/25,Retro,1,60.08,2025-04-10 12:05:12
S001821,O0005431,Kids 2024/25,Kids,1,51.71,2025-08-27 04:07:16
S003368,O0005432,Third Kit 2024/25,Third Kit,1,83.56,2025-08-31 16:37:31
S002200,O0005433,Away Shirt 2024/25,Away Shirt,1,96.83,2025-08-21 14:17:43
S002671,O0005434,Third Kit 2024/25,Third Kit,1,78.87,2025-05-16 03:30:37
S001143,O0005435,Home Shirt 2024/25,Home Shirt,1,94.17,2025-04-18 01:32:55
S004127,O0005436,Kids 2024/25,Kids,1,61.22,2025-08-01 17:01:55
S000671,O0005437,Home Shirt 2024/25,Home Shirt,2,171.71,2025-09-03 13:20:16
S003068,O0005438,Away Shirt 2024/25,Away Shirt,2,193.41,2025-09-07 17:24:32
S000172,O0005439,Third Kit 2024/25,Third Kit,1,82.46,2025-09-07 18:32:04
S003576,O0005440,Third Kit 2024/25,Third Kit,1,85.7,2025-03-31 09:40:38
S004306,O0005441,Training Wear 2024/25,Training Wear,1,67.36,2025-09-06 17:43:15
S003125,O0005442,Training Wear 2024/25,Training Wear,1,55.11,2025-08-29 02:16:44
S002278,O0005443,Accessories 2024/25,Accessories,1,23.31,2025-09-18 13:13:32
S002713,O0005444,Away Shirt 2024/25,Away Shirt,1,87.62,2025-08-29 04:15:10
S004171,O0005445,Training Wear 2024/25,Training Wear,1,59.53,2025-09-07 16:04:14
S002046,O0005446,Home Shirt 2024/25,Home Shirt,2,145.39,2024-09-22 13:36:56
S000387,O0005447,Training Wear 2024/25,Training Wear,1,51.11,2025-01-03 07:24:50
S002258,O0005448,Third Kit 2024/25,Third Kit,1,85.88,2025-09-11 01:28:01
S001618,O0005449,Accessories 2024/25,Accessories,1,19.52,2025-09-16 12:21:00
S000945,O0005450,Training Wear 2024/25,Training Wear,1,65.91,2025-09-15 15:56:10
S001813,O0005451,Accessories 2024/25,Accessories,1,19.91,2025-08-13 16:15:51
S000298,O0005452,Away Shirt 2024/25,Away Shirt,1,74.57,2025-03-03 08:51:26
S004535,O0005453,Training Wear 2024/25,Training Wear,1,65.44,2025-01-09 23:37:07
S004239,O0005454,Training Wear 2024/25,Training Wear,1,56.09,2025-09-16 05:51:08
S004040,O0005455,Accessories 2024/25,Accessories,1,23.77,2025-09-01 21:15:18
S002853,O0005456,Kids 2024/25,Kids,1,55.23,2025-09-06 15:08:29
S001265,O0005457,Retro 2024/25,Retro,1,75.3,2024-10-19 05:21:57
S003055,O0005458,Home Shirt 2024/25,Home Shirt,3,271.23,2024-10-07 10:30:05
S002682,O0005459,Third Kit 2024/25,Third Kit,1,78.3,2024-12-06 19:13:53
S004724,O0005460,Kids 2024/25,Kids,1,53.11,2025-04-16 21:44:58
S004914,O0005461,Kids 2024/25,Kids,2,95.59,2025-09-05 20:19:20
S001251,O0005462,Training Wear 2024/25,Training Wear,1,62.82,2025-08-21 19:25:52
S000760,O0005463,Accessories 2024/25,Accessories,1,20.44,2025-09-06 01:21:50
S003964,O0005464,Home Shirt 2024/25,Home Shirt,1,92.53,2025-09-12 07:05:52
S003759,O0005465,Away Shirt 2024/25,Away Shirt,1,83.55,2025-09-10 07:30:24
S001618,O0005466,Retro 2024/25,Retro,1,70.98,2025-03-05 00:57:34
S000776,O0005467,Accessories 2024/25,Accessories,1,23.97,2024-10-24 08:48:08
S001601,O0005468,Third Kit 2024/25,Third Kit,1,93.58,2025-06-21 01:06:40
S003449,O0005469,Away Shirt 2024/25,Away Shirt,1,77.55,2025-09-05 08:25:50
S004242,O0005470,Accessories 2024/25,Accessories,1,24.05,2025-08-29 00:46:14
S003153,O0005471,Third Kit 2024/25,Third Kit,1,71.62,2024-11-19 00:42:41
S002544,O0005472,Kids 2024/25,Kids,2,90.81,2025-09-09 20:14:37
S000665,O0005473,Retro 2024/25,Retro,1,76.02,2025-09-11 04:41:12
S004136,O0005474,Training Wear 2024/25,Training Wear,1,53.01,2025-09-04 10:47:28
S004622,O0005475,Third Kit 2024/25,Third Kit,1,69.67,2025-08-22 04:41:29
S003636,O0005476,Kids 2024/25,Kids,1,54.16,2025-05-14 17:49:22
S000185,O0005477,Third Kit 2024/25,Third Kit,1,75.47,2024-12-31 05:44:02
S004976,O0005478,Home Shirt 2024/25,Home Shirt,2,199.56,2025-09-01 23:10:41
S003024,O0005479,Third Kit 2024/25,Third Kit,1,77.37,2025-06-05 23:52:56
S000395,O0005480,Kids 2024/25,Kids,1,61.64,2025-08-27 03:35:51
S004994,O0005481,Retro 2024/25,Retro,1,67.53,2025-07-26 09:04:53
S001221,O0005482,Training Wear 2024/25,Training Wear,1,57.41,2025-01-19 12:10:25
S000056,O0005483,Away Shirt 2024/25,Away Shirt,1,92.81,2024-11-09 11:05:48
S001152,O0005484,Training Wear 2024/25,Training Wear,1,52.09,2025-09-02 20:35:29
S004499,O0005485,Kids 2024/25,Kids,2,104.15,2025-09-01 04:03:19
S002785,O0005486,Home Shirt 2024/25,Home Shirt,1,75.12,2025-01-19 03:22:43
S002125,O0005487,Kids 2024/25,Kids,1,61.27,2025-09-14 03:50:23
S000097,O0005488,Home Shirt 2024/25,Home Shirt,1,81.88,2025-09-11 11:50:06
S004460,O0005489,Accessories 2024/25,Accessories,1,20.14,2025-09-11 07:42:53
S004385,O0005490,Accessories 2024/25,Accessories,1,21.17,2024-11-30 09:03:18
S003810,O0005491,Kids 2024/25,Kids,1,53.75,2025-08-28 05:18:10
S001018,O0005492,Training Wear 2024/25,Training Wear,1,52.72,2024-12-04 04:42:02
S004155,O0005493,Away Shirt 2024/25,Away Shirt,1,97.55,2024-11-09 05:45:51
S001269,O0005494,Training Wear 2024/25,Training Wear,1,56.96,2025-03-15 22:40:00
S000045,O0005495,Retro 2024/25,Retro,2,141.45,2025-09-09 01:21:04
S003654,O0005496,Kids 2024/25,Kids,3,178.4,2025-09-04 13:42:18
S000499,O0005497,Training Wear 2024/25,Training Wear,1,68.3,2024-10-09 18:22:07
S001061,O0005498,Accessories 2024/25,Accessories,1,20.16,2025-01-20 02:20:10
S001725,O0005499,Third Kit 2024/25,Third Kit,2,138.51,2024-11-23 06:40:37
S001558,O0005500,Accessories 2024/25,Accessories,1,18.28,2025-09-06 00:24:09
S000093,O0005501,Third Kit 2024/25,Third Kit,3,252.15,2025-09-04 15:19:55
S004053,O0005502,Home Shirt 2024/25,Home Shirt,1,94.45,2024-10-13 06:08:59
S004270,O0005503,Kids 2024/25,Kids,2,101.9,2025-04-03 15:02:58
S002360,O0005504,Retro 2024/25,Retro,1,58.66,2025-08-02 18:39:08
S004298,O0005505,Retro 2024/25,Retro,1,71.03,2025-09-03 01:35:34
S002924,O0005506,Home Shirt 2024/25,Home Shirt,1,92.21,2025-01-20 04:32:39
S001259,O0005507,Accessories 2024/25,Accessories,1,18.15,2025-06-18 02:36:12
S000135,O0005508,Third Kit 2024/25,Third Kit,1,67.67,2025-01-04 09:10:26
S003747,O0005509,Home Shirt 2024/25,Home Shirt,2,161.57,2025-07-06 03:27:41
S001557,O0005510,Training Wear 2024/25,Training Wear,1,68.06,2025-04-19 01:49:30
S004257,O0005511,Third Kit 2024/25,Third Kit,1,85.14,2024-09-20 23:46:09
S004631,O0005512,Training Wear 2024/25,Training Wear,2,111.71,2025-09-17 00:33:08
S004365,O0005513,Third Kit 2024/25,Third Kit,1,90.01,2025-09-05 01:24:16
S004389,O0005514,Away Shirt 2024/25,Away Shirt,2,188.33,2025-08-27 10:59:32
S004552,O0005515,Training Wear 2024/25,Training Wear,1,59.03,2025-09-06 11:51:37
S001221,O0005516,Training Wear 2024/25,Training Wear,1,54.35,2025-05-10 11:18:08
S003443,O0005517,Kids 2024/25,Kids,1,45.15,2025-08-21 17:37:50
S001487,O0005518,Training Wear 2024/25,Training Wear,1,67.48,2025-09-08 00:04:38
S001120,O0005519,Accessories 2024/25,Accessories,1,24.96,2025-07-20 06:41:15
S001203,O0005520,Training Wear 2024/25,Training Wear,1,56.17,2025-08-01 19:49:25
S003361,O0005521,Third Kit 2024/25,Third Kit,1,86.71,2025-09-09 14:36:50
S004919,O0005522,Home Shirt 2024/25,Home Shirt,1,82.72,2025-08-22 03:51:14
S004723,O0005523,Away Shirt 2024/25,Away Shirt,1,88.72,2024-11-28 19:36:05
S000058,O0005524,Away Shirt 2024/25,Away Shirt,1,80.84,2025-01-06 04:27:25
S004367,O0005525,Away Shirt 2024/25,Away Shirt,1,78.53,2025-03-04 04:05:02
S000897,O0005526,Accessories 2024/25,Accessories,1,20.35,2024-10-27 23:36:57
S004306,O0005527,Third Kit 2024/25,Third Kit,1,90.41,2025-09-09 00:36:41
S002316,O0005528,Accessories 2024/25,Accessories,1,21.05,2025-09-10 18:35:59
S002195,O0005529,Third Kit 2024/25,Third Kit,2,138.13,2025-08-24 18:50:48
S004900,O0005530,Home Shirt 2024/25,Home Shirt,3,278.55,2025-09-18 02:13:38
S004060,O0005531,Kids 2024/25,Kids,1,46.39,2025-01-13 15:28:37
S004030,O0005532,Third Kit 2024/25,Third Kit,1,72.41,2025-01-20 15:35:59
S004745,O0005533,Retro 2024/25,Retro,1,66.99,2025-08-30 21:33:47
S000598,O0005534,Third Kit 2024/25,Third Kit,1,84.09,2025-09-10 04:08:44
S001963,O0005535,Away Shirt 2024/25,Away Shirt,1,82.49,2025-09-05 18:48:05
S004049,O0005536,Retro 2024/25,Retro,1,74.95,2024-11-30 18:27:09
S000243,O0005537,Kids 2024/25,Kids,1,48.19,2025-09-04 20:03:57
S003369,O0005538,Away Shirt 2024/25,Away Shirt,3,251.25,2025-07-23 18:53:13
S000131,O0005539,Home Shirt 2024/25,Home Shirt,1,77.1,2025-07-08 00:13:41
S004645,O0005540,Accessories 2024/25,Accessories,1,22.87,2024-10-17 08:54:24
S000232,O0005541,Training Wear 2024/25,Training Wear,3,199.11,2025-09-05 19:50:00
S003193,O0005542,Accessories 2024/25,Accessories,1,21.48,2025-09-06 03:48:00
S001618,O0005543,Home Shirt 2024/25,Home Shirt,3,231.63,2025-06-17 15:35:40
S001097,O0005544,Retro 2024/25,Retro,1,63.63,2025-09-02 12:57:09
S003128,O0005545,Retro 2024/25,Retro,1,73.91,2025-08-30 18:57:28
S004952,O0005546,Home Shirt 2024/25,Home Shirt,1,78.77,2025-08-29 21:59:18
S000116,O0005547,Kids 2024/25,Kids,1,50.68,2025-09-16 17:16:21
S004839,O0005548,Retro 2024/25,Retro,1,66.68,2025-09-20 05:48:11
S003464,O0005549,Third Kit 2024/25,Third Kit,1,81.95,2024-12-13 13:09:14
S004022,O0005550,Kids 2024/25,Kids,1,46.73,2025-01-29 03:33:37
S003302,O0005551,Training Wear 2024/25,Training Wear,1,62.53,2025-02-01 17:40:45
S001046,O0005552,Home Shirt 2024/25,Home Shirt,1,83.59,2025-08-05 16:48:30
S003947,O0005553,Accessories 2024/25,Accessories,1,21.62,2025-09-19 20:14:09
S002094,O0005554,Retro 2024/25,Retro,1,70.03,2024-09-28 23:28:08
S000545,O0005555,Accessories 2024/25,Accessories,1,20.68,2025-09-16 12:39:01
S001553,O0005556,Third Kit 2024/25,Third Kit,1,79.9,2025-09-12 08:23:51
S000437,O0005557,Home Shirt 2024/25,Home Shirt,1,78.86,2025-05-26 02:15:17
S004557,O0005558,Kids 2024/25,Kids,1,46.91,2024-11-22 06:04:21
S002674,O0005559,Third Kit 2024/25,Third Kit,1,80.32,2025-01-16 06:41:14
S000475,O0005560,Away Shirt 2024/25,Away Shirt,1,85.45,2025-06-16 09:52:51
S002677,O0005561,Away Shirt 2024/25,Away Shirt,2,161.42,2025-02-26 06:44:42
S000484,O0005562,Training Wear 2024/25,Training Wear,1,60.04,2025-09-11 19:46:44
S001085,O0005563,Accessories 2024/25,Accessories,1,24.71,2025-09-05 01:04:52
S001290,O0005564,Home Shirt 2024/25,Home Shirt,1,80.02,2024-10-23 01:40:53
S002207,O0005565,Home Shirt 2024/25,Home Shirt,3,235.41,2025-08-28 07:47:18
S002459,O0005566,Accessories 2024/25,Accessories,1,21.61,2025-01-03 14:00:52
S003507,O0005567,Accessories 2024/25,Accessories,3,61.06,2025-05-14 03:53:27
S001161,O0005568,Kids 2024/25,Kids,1,59.85,2025-09-05 18:28:21
S001030,O0005569,Away Shirt 2024/25,Away Shirt,1,96.49,2025-02-18 05:43:33
S002180,O0005570,Home Shirt 2024/25,Home Shirt,1,84.14,2025-08-27 16:28:31
S001020,O0005571,Third Kit 2024/25,Third Kit,3,244.8,2025-09-06 13:19:12
S003905,O0005572,Home Shirt 2024/25,Home Shirt,1,86.22,2025-08-25 08:29:38
S001442,O0005573,Accessories 2024/25,Accessories,1,19.42,2025-08-23 19:25:18
S002618,O0005574,Home Shirt 2024/25,Home Shirt,1,74.36,2025-05-09 16:04:31
S003098,O0005575,Retro 2024/25,Retro,1,68.37,2025-09-19 14:31:48
S003177,O0005576,Retro 2024/25,Retro,1,68.75,2024-11-01 22:09:47
S004385,O0005577,Home Shirt 2024/25,Home Shirt,1,76.98,2024-11-17 18:38:05
S002269,O0005578,Training Wear 2024/25,Training Wear,1,52.87,2025-08-18 15:45:14
S004960,O0005579,Away Shirt 2024/25,Away Shirt,1,88.21,2024-11-09 19:56:06
S002464,O0005580,Training Wear 2024/25,Training Wear,1,64.82,2025-08-24 19:24:44
S003623,O0005581,Accessories 2024/25,Accessories,1,20.51,2025-09-17 17:14:13
S003325,O0005582,Accessories 2024/25,Accessories,2,46.13,2024-10-09 13:01:54
S004577,O0005583,Third Kit 2024/25,Third Kit,1,69.66,2025-09-12 07:33:21
S004356,O0005584,Training Wear 2024/25,Training Wear,3,162.76,2024-10-08 14:13:43
S004521,O0005585,Retro 2024/25,Retro,1,73.44,2025-03-21 00:41:51
S001909,O0005586,Away Shirt 2024/25,Away Shirt,2,159.54,2025-09-14 05:12:36
S001016,O0005587,Away Shirt 2024/25,Away Shirt,1,84.01,2025-09-17 09:23:48
S000827,O0005588,Away Shirt 2024/25,Away Shirt,3,278.06,2025-08-28 13:44:10
S001564,O0005589,Retro 2024/25,Retro,1,79.82,2025-09-09 02:29:56
S001647,O0005590,Accessories 2024/25,Accessories,2,42.21,2025-05-21 02:42:18
S003540,O0005591,Training Wear 2024/25,Training Wear,1,57.04,2025-09-16 10:34:13
S002844,O0005592,Home Shirt 2024/25,Home Shirt,1,86.45,2025-09-15 09:39:57
S004523,O0005593,Third Kit 2024/25,Third Kit,1,71.78,2025-09-18 15:35:00
S000244,O0005594,Training Wear 2024/25,Training Wear,3,152.19,2025-07-30 08:13:55
S003042,O0005595,Away Shirt 2024/25,Away Shirt,1,77.62,2025-09-07 17:12:36
S002968,O0005596,Kids 2024/25,Kids,1,54.71,2025-03-05 03:05:02
S001894,O0005597,Retro 2024/25,Retro,1,66.87,2025-08-17 10:17:51
S002963,O0005598,Accessories 2024/25,Accessories,1,24.79,2024-12-28 09:42:34
S003041,O0005599,Kids 2024/25,Kids,1,56.91,2025-01-30 12:20:51
S000944,O0005600,Retro 2024/25,Retro,1,76.07,2025-04-22 09:42:57
S003812,O0005601,Kids 2024/25,Kids,1,49.26,2025-08-30 01:13:18
S004571,O0005602,Kids 2024/25,Kids,1,55.86,2025-08-22 06:17:09
S001849,O0005603,Third Kit 2024/25,Third Kit,1,70.65,2025-02-25 05:49:33
S001494,O0005604,Kids 2024/25,Kids,1,49.69,2025-09-18 17:31:28
S000980,O0005605,Third Kit 2024/25,Third Kit,3,243.35,2025-09-20 11:42:28
S003927,O0005606,Accessories 2024/25,Accessories,1,21.92,2025-08-23 01:15:43
S001474,O0005607,Third Kit 2024/25,Third Kit,1,82.11,2025-03-21 21:13:36
S001155,O0005608,Away Shirt 2024/25,Away Shirt,1,93.84,2024-11-03 01:06:59
S004122,O0005609,Accessories 2024/25,Accessories,1,20.4,2025-08-26 21:15:56
S003161,O0005610,Kids 2024/25,Kids,1,60.19,2024-12-23 23:03:08
S000522,O0005611,Kids 2024/25,Kids,1,45.01,2025-08-27 07:59:30
S000297,O0005612,Third Kit 2024/25,Third Kit,1,82.92,2025-09-18 02:15:11
S004891,O0005613,Retro 2024/25,Retro,1,70.03,2025-08-26 11:19:26
S000565,O0005614,Kids 2024/25,Kids,1,61.68,2025-04-12 21:36:19
S004726,O0005615,Third Kit 2024/25,Third Kit,1,71.68,2024-10-14 00:48:14
S002380,O0005616,Home Shirt 2024/25,Home Shirt,1,93.22,2025-08-23 11:04:12
S001483,O0005617,Retro 2024/25,Retro,1,69.28,2025-09-04 16:19:44
S002884,O0005618,Accessories 2024/25,Accessories,1,19.71,2025-09-17 01:55:21
S004928,O0005619,Home Shirt 2024/25,Home Shirt,1,92.09,2024-10-02 22:12:41
S000027,O0005620,Away Shirt 2024/25,Away Shirt,1,73.47,2025-08-30 05:04:01
S002564,O0005621,Third Kit 2024/25,Third Kit,1,75.84,2025-09-13 17:29:41
S001462,O0005622,Home Shirt 2024/25,Home Shirt,1,86.73,2025-06-22 06:23:41
S001338,O0005623,Third Kit 2024/25,Third Kit,1,78.8,2025-09-01 13:02:12
S001258,O0005624,Retro 2024/25,Retro,1,76.87,2025-09-04 06:12:59
S002356,O0005625,Kids 2024/25,Kids,1,45.95,2024-12-10 04:28:28
S002336,O0005626,Retro 2024/25,Retro,1,60.81,2024-11-10 16:51:41
S001518,O0005627,Kids 2024/25,Kids,1,61.36,2025-07-07 04:03:49
S002691,O0005628,Home Shirt 2024/25,Home Shirt,1,85.67,2025-02-05 07:07:54
S000192,O0005629,Training Wear 2024/25,Training Wear,1,65.65,2025-09-07 10:59:52
S001702,O0005630,Training Wear 2024/25,Training Wear,1,64.76,2025-09-17 23:42:17
S001661,O0005631,Accessories 2024/25,Accessories,1,21.57,2025-08-21 21:19:27
S003702,O0005632,Retro 2024/25,Retro,2,136.74,2025-08-21 23:58:40
S000481,O0005633,Training Wear 2024/25,Training Wear,1,67.06,2025-08-23 02:33:31
S004752,O0005634,Kids 2024/25,Kids,1,60.38,2025-07-12 03:02:12
S004419,O0005635,Training Wear 2024/25,Training Wear,1,59.52,2024-09-26 07:26:40
S000246,O0005636,Away Shirt 2024/25,Away Shirt,1,87.77,2025-09-02 18:32:18
S001516,O0005637,Third Kit 2024/25,Third Kit,2,184.71,2025-09-05 13:01:39
S002662,O0005638,Home Shirt 2024/25,Home Shirt,2,161.59,2025-09-06 05:46:27
S004135,O0005639,Accessories 2024/25,Accessories,2,45.75,2025-06-10 07:38:56
S001483,O0005640,Accessories 2024/25,Accessories,1,19.41,2024-11-21 03:43:20
S004849,O0005641,Third Kit 2024/25,Third Kit,1,90.64,2025-01-07 17:14:53
S003968,O0005642,Training Wear 2024/25,Training Wear,1,56.21,2025-09-09 04:09:34
S001144,O0005643,Accessories 2024/25,Accessories,1,24.03,2025-05-24 07:21:28
S000685,O0005644,Retro 2024/25,Retro,1,70.0,2024-09-23 23:18:28
S004436,O0005645,Retro 2024/25,Retro,1,63.56,2025-08-24 04:23:22
S001270,O0005646,Accessories 2024/25,Accessories,2,45.04,2025-08-03 21:53:45
S002690,O0005647,Training Wear 2024/25,Training Wear,2,130.07,2025-09-04 16:57:37
S001885,O0005648,Kids 2024/25,Kids,1,51.96,2025-06-05 03:00:06
S002426,O0005649,Training Wear 2024/25,Training Wear,1,64.96,2025-08-24 16:30:37
S001446,O0005650,Third Kit 2024/25,Third Kit,1,83.71,2025-09-06 22:41:27
S001944,O0005651,Home Shirt 2024/25,Home Shirt,3,298.55,2025-08-28 19:14:30
S001632,O0005652,Accessories 2024/25,Accessories,1,23.95,2025-09-03 06:05:30
S003193,O0005653,Kids 2024/25,Kids,1,54.68,2025-09-19 10:28:59
S002684,O0005654,Accessories 2024/25,Accessories,3,68.18,2025-08-27 10:26:29
S003291,O0005655,Home Shirt 2024/25,Home Shirt,1,80.35,2025-06-11 13:33:34
S001019,O0005656,Accessories 2024/25,Accessories,2,48.36,2025-08-28 16:25:39
S004376,O0005657,Home Shirt 2024/25,Home Shirt,1,78.31,2025-06-02 16:34:58
S000508,O0005658,Training Wear 2024/25,Training Wear,1,61.35,2025-08-28 07:58:37
S001061,O0005659,Training Wear 2024/25,Training Wear,2,121.51,2025-01-14 13:53:40
S000135,O0005660,Away Shirt 2024/25,Away Shirt,3,277.43,2025-08-26 03:10:28
S003084,O0005661,Retro 2024/25,Retro,1,65.8,2024-10-24 10:20:33
S004350,O0005662,Training Wear 2024/25,Training Wear,1,51.17,2025-08-23 07:43:02
S004851,O0005663,Kids 2024/25,Kids,1,53.54,2025-09-18 13:59:13
S004919,O0005664,Third Kit 2024/25,Third Kit,1,86.34,2025-01-22 02:23:29
S003050,O0005665,Kids 2024/25,Kids,1,55.72,2025-07-30 05:15:31
S001763,O0005666,Third Kit 2024/25,Third Kit,1,68.12,2025-08-25 02:41:02
S001636,O0005667,Training Wear 2024/25,Training Wear,1,59.64,2025-08-24 18:09:33
S004295,O0005668,Away Shirt 2024/25,Away Shirt,1,94.05,2025-03-15 19:19:54
S001045,O0005669,Home Shirt 2024/25,Home Shirt,1,98.22,2024-12-06 04:41:39
S004454,O0005670,Accessories 2024/25,Accessories,2,38.07,2025-09-05 03:13:08
S003177,O0005671,Training Wear 2024/25,Training Wear,1,65.44,2025-09-06 09:46:58
S000282,O0005672,Accessories 2024/25,Accessories,1,20.95,2025-09-10 15:31:37
S003256,O0005673,Retro 2024/25,Retro,1,71.95,2025-09-12 05:29:03
S001466,O0005674,Retro 2024/25,Retro,2,119.96,2025-08-15 08:10:55
S002440,O0005675,Retro 2024/25,Retro,1,81.19,2024-11-12 09:38:46
S004952,O0005676,Training Wear 2024/25,Training Wear,1,60.91,2025-04-03 02:35:01
S000442,O0005677,Training Wear 2024/25,Training Wear,1,49.5,2025-09-18 06:47:45
S002753,O0005678,Away Shirt 2024/25,Away Shirt,1,75.09,2025-08-27 22:25:18
S001216,O0005679,Third Kit 2024/25,Third Kit,1,75.92,2025-01-30 16:03:33
S002857,O0005680,Third Kit 2024/25,Third Kit,1,83.7,2025-02-13 03:40:14
S001546,O0005681,Kids 2024/25,Kids,1,57.44,2024-12-26 16:41:14
S002431,O0005682,Home Shirt 2024/25,Home Shirt,1,99.38,2025-09-11 22:03:06
S001335,O0005683,Retro 2024/25,Retro,1,62.58,2025-09-12 17:56:11
S003195,O0005684,Kids 2024/25,Kids,1,61.89,2024-10-19 08:29:48
S003361,O0005685,Accessories 2024/25,Accessories,1,24.36,2025-05-28 22:13:40
S001231,O0005686,Home Shirt 2024/25,Home Shirt,1,80.77,2025-08-06 11:04:26
S003826,O0005687,Training Wear 2024/25,Training Wear,1,66.41,2025-02-15 16:29:52
S002758,O0005688,Retro 2024/25,Retro,2,146.55,2025-02-03 05:47:45
S000423,O0005689,Accessories 2024/25,Accessories,2,44.55,2025-09-14 21:17:25
S004347,O0005690,Third Kit 2024/25,Third Kit,1,84.57,2025-09-12 17:50:54
S002584,O0005691,Training Wear 2024/25,Training Wear,1,58.93,2025-06-10 11:57:14
S000226,O0005692,Accessories 2024/25,Accessories,1,23.42,2025-08-29 09:52:37
S004898,O0005693,Home Shirt 2024/25,Home Shirt,1,91.14,2025-02-10 01:49:28
S003402,O0005694,Third Kit 2024/25,Third Kit,1,70.44,2025-05-05 17:19:08
S004472,O0005695,Kids 2024/25,Kids,1,60.34,2025-02-24 03:24:24
S004491,O0005696,Training Wear 2024/25,Training Wear,1,53.67,2025-01-06 07:55:06
S003488,O0005697,Accessories 2024/25,Accessories,1,18.21,2025-09-17 23:13:15
S002828,O0005698,Away Shirt 2024/25,Away Shirt,1,84.51,2025-06-16 09:19:08
S001714,O0005699,Accessories 2024/25,Accessories,1,22.96,2024-10-12 02:31:08
S000208,O0005700,Third Kit 2024/25,Third Kit,1,93.31,2025-04-12 16:47:55
S002651,O0005701,Training Wear 2024/25,Training Wear,1,56.11,2025-08-23 09:05:26
S003406,O0005702,Kids 2024/25,Kids,1,50.14,2024-12-10 21:38:10
S003165,O0005703,Training Wear 2024/25,Training Wear,2,116.32,2025-09-18 11:38:39
S003444,O0005704,Training Wear 2024/25,Training Wear,2,115.77,2025-01-08 08:11:54
S003111,O0005705,Away Shirt 2024/25,Away Shirt,1,94.91,2025-09-10 10:34:45
S003590,O0005706,Accessories 2024/25,Accessories,1,18.04,2025-05-31 12:42:18
S001563,O0005707,Training Wear 2024/25,Training Wear,1,67.36,2024-12-22 17:14:23
S000286,O0005708,Retro 2024/25,Retro,1,74.65,2025-01-25 07:54:22
S003789,O0005709,Kids 2024/25,Kids,1,56.01,2025-08-27 21:08:26
S002206,O0005710,Kids 2024/25,Kids,1,61.83,2025-08-23 19:32:45
S004301,O0005711,Third Kit 2024/25,Third Kit,1,90.12,2025-09-05 08:43:27
S001133,O0005712,Training Wear 2024/25,Training Wear,1,51.82,2025-03-01 09:55:51
S001919,O0005713,Training Wear 2024/25,Training Wear,1,58.37,2025-06-14 15:19:05
S001935,O0005714,Training Wear 2024/25,Training Wear,1,62.73,2024-12-01 22:23:39
S004269,O0005715,Kids 2024/25,Kids,1,50.78,2025-08-22 19:29:38
S003125,O0005716,Away Shirt 2024/25,Away Shirt,1,98.17,2025-02-21 03:37:29
S001584,O0005717,Third Kit 2024/25,Third Kit,2,150.73,2025-09-10 23:33:06
S001912,O0005718,Accessories 2024/25,Accessories,3,59.02,2025-06-27 13:14:27
S003076,O0005719,Accessories 2024/25,Accessories,1,18.79,2025-08-27 16:38:01
S002069,O0005720,Training Wear 2024/25,Training Wear,1,51.78,2025-09-06 09:59:34
S001182,O0005721,Home Shirt 2024/25,Home Shirt,1,99.95,2025-08-21 13:40:15
S004889,O0005722,Home Shirt 2024/25,Home Shirt,1,79.61,2025-08-30 13:46:52
S000380,O0005723,Training Wear 2024/25,Training Wear,1,57.97,2025-08-13 02:17:56
S000437,O0005724,Third Kit 2024/25,Third Kit,2,182.2,2024-11-21 02:58:57
S004990,O0005725,Third Kit 2024/25,Third Kit,1,74.3,2025-09-19 12:55:56
S002608,O0005726,Retro 2024/25,Retro,1,67.69,2024-12-16 08:15:50
S002596,O0005727,Third Kit 2024/25,Third Kit,1,77.43,2025-08-17 23:47:22
S000846,O0005728,Retro 2024/25,Retro,1,59.28,2025-09-18 10:40:14
S003439,O0005729,Accessories 2024/25,Accessories,2,39.84,2025-09-01 02:50:14
S002489,O0005730,Away Shirt 2024/25,Away Shirt,1,75.06,2025-09-04 23:11:56
S004060,O0005731,Retro 2024/25,Retro,1,63.19,2025-09-10 10:22:17
S000203,O0005732,Training Wear 2024/25,Training Wear,1,55.37,2024-10-05 20:05:05
S001758,O0005733,Retro 2024/25,Retro,1,61.72,2025-08-27 15:57:44
S004274,O0005734,Away Shirt 2024/25,Away Shirt,1,80.24,2025-09-05 01:08:53
S000388,O0005735,Retro 2024/25,Retro,1,78.9,2025-08-27 01:16:03
S000088,O0005736,Away Shirt 2024/25,Away Shirt,1,85.14,2024-09-27 06:36:31
S002690,O0005737,Accessories 2024/25,Accessories,3,66.76,2025-02-15 15:04:15
S003965,O0005738,Training Wear 2024/25,Training Wear,1,57.41,2025-08-29 22:25:04
S000546,O0005739,Kids 2024/25,Kids,1,47.4,2025-08-22 20:44:41
S001764,O0005740,Retro 2024/25,Retro,2,157.66,2025-09-10 23:41:51
S003749,O0005741,Training Wear 2024/25,Training Wear,1,50.23,2025-04-18 13:10:46
S002621,O0005742,Home Shirt 2024/25,Home Shirt,1,83.27,2025-09-15 03:30:27
S002201,O0005743,Home Shirt 2024/25,Home Shirt,1,75.01,2025-09-05 15:35:34
S000843,O0005744,Third Kit 2024/25,Third Kit,1,90.84,2025-09-07 11:37:28
S002607,O0005745,Training Wear 2024/25,Training Wear,1,51.99,2025-09-18 23:08:58
S001810,O0005746,Kids 2024/25,Kids,1,60.08,2025-08-23 04:01:56
S000561,O0005747,Retro 2024/25,Retro,1,59.92,2025-09-09 19:36:18
S003363,O0005748,Retro 2024/25,Retro,1,77.23,2025-09-14 22:55:58
S000510,O0005749,Kids 2024/25,Kids,1,53.99,2025-08-22 22:53:56
S000712,O0005750,Home Shirt 2024/25,Home Shirt,2,197.08,2025-09-16 03:17:17
S002260,O0005751,Home Shirt 2024/25,Home Shirt,1,90.04,2025-09-12 00:57:27
S000721,O0005752,Third Kit 2024/25,Third Kit,2,155.32,2025-09-15 14:22:58
S001803,O0005753,Retro 2024/25,Retro,1,64.12,2025-09-07 22:56:55
S002750,O0005754,Kids 2024/25,Kids,1,47.32,2025-09-10 22:00:06
S001912,O0005755,Kids 2024/25,Kids,1,54.42,2025-06-20 02:05:25
S000466,O0005756,Home Shirt 2024/25,Home Shirt,1,86.46,2025-06-29 18:53:39
S001253,O0005757,Third Kit 2024/25,Third Kit,1,90.18,2025-08-24 15:10:44
S002305,O0005758,Kids 2024/25,Kids,1,47.54,2025-08-21 19:22:12
S001311,O0005759,Accessories 2024/25,Accessories,1,22.87,2024-11-27 06:33:01
S000708,O0005760,Home Shirt 2024/25,Home Shirt,1,93.9,2025-04-14 02:54:58
S004342,O0005761,Third Kit 2024/25,Third Kit,1,91.79,2025-08-26 08:52:17
S000198,O0005762,Third Kit 2024/25,Third Kit,1,69.73,2025-02-14 10:29:04
S003417,O0005763,Away Shirt 2024/25,Away Shirt,1,97.56,2025-09-01 13:56:52
S002773,O0005764,Training Wear 2024/25,Training Wear,1,65.83,2025-09-14 07:15:02
S004773,O0005765,Kids 2024/25,Kids,1,47.17,2025-08-26 15:18:24
S004254,O0005766,Away Shirt 2024/25,Away Shirt,1,75.26,2025-08-09 17:10:51
S002420,O0005767,Training Wear 2024/25,Training Wear,1,64.77,2025-09-11 23:48:43
S003069,O0005768,Training Wear 2024/25,Training Wear,1,52.02,2025-08-26 02:36:27
S004628,O0005769,Accessories 2024/25,Accessories,1,18.97,2025-08-22 18:42:20
S003538,O0005770,Third Kit 2024/25,Third Kit,1,84.19,2025-05-24 23:38:11
S003670,O0005771,Retro 2024/25,Retro,1,68.57,2025-06-07 16:13:44
S004384,O0005772,Away Shirt 2024/25,Away Shirt,1,80.83,2025-01-07 22:05:38
S002726,O0005773,Away Shirt 2024/25,Away Shirt,2,196.06,2025-01-22 03:38:25
S002441,O0005774,Third Kit 2024/25,Third Kit,1,86.35,2024-10-20 20:10:40
S002590,O0005775,Retro 2024/25,Retro,1,76.97,2025-01-26 15:47:55
S001488,O0005776,Accessories 2024/25,Accessories,1,18.45,2025-02-15 02:05:01
S004456,O0005777,Accessories 2024/25,Accessories,1,24.47,2025-09-18 02:45:06
S000949,O0005778,Accessories 2024/25,Accessories,1,22.83,2025-08-26 13:57:27
S004392,O0005779,Kids 2024/25,Kids,1,58.97,2025-09-16 02:53:53
S003682,O0005780,Accessories 2024/25,Accessories,1,20.54,2025-07-13 21:48:02
S001215,O0005781,Away Shirt 2024/25,Away Shirt,1,73.96,2024-10-10 04:42:25
S004614,O0005782,Home Shirt 2024/25,Home Shirt,1,96.25,2025-02-15 19:23:54
S003004,O0005783,Retro 2024/25,Retro,1,63.32,2025-07-16 18:18:14
S002491,O0005784,Away Shirt 2024/25,Away Shirt,1,98.16,2025-02-13 06:55:05
S001373,O0005785,Home Shirt 2024/25,Home Shirt,1,82.68,2025-09-16 10:47:24
S000037,O0005786,Home Shirt 2024/25,Home Shirt,1,97.58,2024-09-29 06:13:48
S004781,O0005787,Kids 2024/25,Kids,1,47.54,2025-04-28 09:42:13
S000758,O0005788,Accessories 2024/25,Accessories,1,20.66,2025-08-26 03:45:01
S002794,O0005789,Accessories 2024/25,Accessories,2,43.85,2025-09-10 15:05:39
S004117,O0005790,Retro 2024/25,Retro,1,63.02,2025-08-29 17:55:19
S004034,O0005791,Third Kit 2024/25,Third Kit,1,68.42,2025-08-14 12:15:42
S001377,O0005792,Kids 2024/25,Kids,3,167.1,2024-11-22 08:12:51
S003328,O0005793,Accessories 2024/25,Accessories,2,36.29,2025-08-23 00:32:28
S004903,O0005794,Retro 2024/25,Retro,1,60.8,2025-09-14 17:33:29
S004509,O0005795,Retro 2024/25,Retro,1,68.99,2024-12-31 10:08:16
S003716,O0005796,Third Kit 2024/25,Third Kit,1,89.8,2025-09-18 21:33:48
S003805,O0005797,Training Wear 2024/25,Training Wear,2,133.07,2025-08-25 16:56:50
S004607,O0005798,Accessories 2024/25,Accessories,1,19.02,2025-08-24 12:46:06
S002064,O0005799,Kids 2024/25,Kids,1,55.93,2025-07-31 12:24:59
S003078,O0005800,Home Shirt 2024/25,Home Shirt,1,72.08,2025-07-19 07:53:22
S000916,O0005801,Accessories 2024/25,Accessories,1,24.41,2025-02-25 02:34:19
S001404,O0005802,Third Kit 2024/25,Third Kit,3,203.44,2025-09-06 14:34:17
S004776,O0005803,Home Shirt 2024/25,Home Shirt,1,99.12,2024-10-24 21:27:00
S003649,O0005804,Accessories 2024/25,Accessories,1,23.21,2025-09-11 13:30:09
S002116,O0005805,Training Wear 2024/25,Training Wear,2,136.66,2025-09-01 07:06:42
S003993,O0005806,Home Shirt 2024/25,Home Shirt,1,87.4,2025-09-15 09:49:57
S003262,O0005807,Accessories 2024/25,Accessories,1,21.19,2024-10-23 21:53:44
S001132,O0005808,Retro 2024/25,Retro,1,78.81,2025-08-30 21:32:34
S004134,O0005809,Home Shirt 2024/25,Home Shirt,1,99.92,2025-08-26 03:04:04
S001901,O0005810,Training Wear 2024/25,Training Wear,1,52.97,2024-10-08 05:11:55
S001145,O0005811,Third Kit 2024/25,Third Kit,1,73.34,2025-09-17 05:38:31
S002164,O0005812,Accessories 2024/25,Accessories,3,59.45,2025-09-09 14:06:52
S002155,O0005813,Kids 2024/25,Kids,1,56.22,2025-09-13 06:32:40
S003088,O0005814,Away Shirt 2024/25,Away Shirt,1,84.53,2025-04-02 04:34:58
S001270,O0005815,Retro 2024/25,Retro,1,65.58,2025-02-01 22:14:50
S000369,O0005816,Home Shirt 2024/25,Home Shirt,1,93.49,2025-06-09 01:05:27
S000992,O0005817,Accessories 2024/25,Accessories,1,24.79,2024-11-15 13:25:26
S003023,O0005818,Home Shirt 2024/25,Home Shirt,1,98.59,2025-04-24 22:21:29
S003138,O0005819,Home Shirt 2024/25,Home Shirt,1,89.2,2025-03-19 04:40:56
S002383,O0005820,Away Shirt 2024/25,Away Shirt,1,95.32,2024-11-10 05:26:48
S000188,O0005821,Home Shirt 2024/25,Home Shirt,1,99.82,2025-09-04 04:39:27
S004986,O0005822,Kids 2024/25,Kids,1,51.19,2024-12-07 20:38:33
S001599,O0005823,Third Kit 2024/25,Third Kit,2,139.33,2025-07-01 15:43:33
S000826,O0005824,Training Wear 2024/25,Training Wear,1,50.9,2025-08-30 13:35:01
S003871,O0005825,Accessories 2024/25,Accessories,1,18.05,2025-09-11 21:59:28
S001902,O0005826,Third Kit 2024/25,Third Kit,1,82.08,2025-08-27 16:42:34
S001598,O0005827,Home Shirt 2024/25,Home Shirt,1,98.55,2024-12-23 20:53:42
S004570,O0005828,Accessories 2024/25,Accessories,1,24.43,2025-07-29 13:02:48
S002283,O0005829,Third Kit 2024/25,Third Kit,2,161.04,2025-08-26 14:52:20
S001858,O0005830,Training Wear 2024/25,Training Wear,1,64.58,2025-04-25 16:54:25
S002898,O0005831,Training Wear 2024/25,Training Wear,1,50.75,2025-07-20 12:04:54
S000760,O0005832,Third Kit 2024/25,Third Kit,3,276.86,2025-03-06 15:38:28
S001332,O0005833,Retro 2024/25,Retro,3,203.28,2025-05-14 05:25:11
S003580,O0005834,Home Shirt 2024/25,Home Shirt,2,184.16,2025-08-24 19:41:18
S001193,O0005835,Third Kit 2024/25,Third Kit,1,80.5,2025-09-09 08:54:57
S002181,O0005836,Away Shirt 2024/25,Away Shirt,1,81.37,2025-09-06 09:37:09
S003897,O0005837,Third Kit 2024/25,Third Kit,1,86.36,2025-03-01 20:30:26
S002101,O0005838,Accessories 2024/25,Accessories,1,19.71,2025-06-23 15:31:28
S003874,O0005839,Away Shirt 2024/25,Away Shirt,1,86.82,2024-12-19 09:35:57
S003475,O0005840,Away Shirt 2024/25,Away Shirt,1,82.4,2024-12-29 21:33:30
S002808,O0005841,Kids 2024/25,Kids,1,48.81,2025-01-20 07:42:46
S000015,O0005842,Home Shirt 2024/25,Home Shirt,1,77.89,2024-11-17 13:47:48
S003587,O0005843,Accessories 2024/25,Accessories,3,59.96,2025-06-04 21:38:53
S004762,O0005844,Away Shirt 2024/25,Away Shirt,1,86.57,2025-08-25 09:44:06
S000421,O0005845,Third Kit 2024/25,Third Kit,1,69.88,2025-05-23 15:36:27
S004738,O0005846,Retro 2024/25,Retro,1,63.19,2025-09-08 17:04:03
S000992,O0005847,Away Shirt 2024/25,Away Shirt,1,90.41,2025-08-28 10:30:42
S003108,O0005848,Kids 2024/25,Kids,1,62.43,2025-03-13 13:47:08
S000038,O0005849,Home Shirt 2024/25,Home Shirt,1,97.5,2025-09-08 07:08:10
S001157,O0005850,Third Kit 2024/25,Third Kit,1,85.76,2025-05-17 08:12:32
S002877,O0005851,Third Kit 2024/25,Third Kit,1,69.2,2025-09-18 03:12:05
S000832,O0005852,Third Kit 2024/25,Third Kit,1,87.43,2025-08-29 05:47:16
S002882,O0005853,Kids 2024/25,Kids,1,57.75,2025-09-08 05:26:24
S001901,O0005854,Kids 2024/25,Kids,1,49.66,2025-02-25 04:35:05
S003932,O0005855,Training Wear 2024/25,Training Wear,1,62.47,2024-10-10 23:58:54
S002497,O0005856,Training Wear 2024/25,Training Wear,3,189.27,2024-10-25 05:15:16
S000263,O0005857,Retro 2024/25,Retro,1,68.31,2025-09-03 05:53:05
S003463,O0005858,Third Kit 2024/25,Third Kit,3,243.88,2025-09-10 17:44:59
S001442,O0005859,Home Shirt 2024/25,Home Shirt,1,93.17,2025-06-28 02:43:07
S004313,O0005860,Third Kit 2024/25,Third Kit,1,85.35,2025-07-30 18:19:12
S001750,O0005861,Third Kit 2024/25,Third Kit,1,88.37,2025-08-23 17:01:43
S004076,O0005862,Accessories 2024/25,Accessories,1,18.58,2025-01-08 23:03:50
S002377,O0005863,Home Shirt 2024/25,Home Shirt,1,93.53,2025-09-11 05:09:21
S003993,O0005864,Third Kit 2024/25,Third Kit,1,90.29,2025-09-19 10:35:38
S000436,O0005865,Home Shirt 2024/25,Home Shirt,1,95.65,2025-09-06 07:14:11
S004543,O0005866,Kids 2024/25,Kids,2,112.71,2025-05-20 05:13:29
S004843,O0005867,Retro 2024/25,Retro,1,68.55,2025-02-20 02:12:27
S003634,O0005868,Third Kit 2024/25,Third Kit,2,163.78,2025-09-02 14:05:35
S002069,O0005869,Third Kit 2024/25,Third Kit,3,214.08,2025-08-29 03:28:40
S004255,O0005870,Kids 2024/25,Kids,1,50.92,2025-09-10 22:52:27
S000842,O0005871,Kids 2024/25,Kids,1,57.87,2025-09-13 13:01:14
S002987,O0005872,Training Wear 2024/25,Training Wear,1,50.42,2025-04-20 04:46:51
S003464,O0005873,Away Shirt 2024/25,Away Shirt,1,77.61,2025-09-02 14:29:40
S001083,O0005874,Training Wear 2024/25,Training Wear,1,65.75,2025-09-07 15:37:56
S000172,O0005875,Third Kit 2024/25,Third Kit,1,81.47,2025-09-01 11:01:14
S002562,O0005876,Training Wear 2024/25,Training Wear,1,67.97,2025-09-17 08:36:34
S001709,O0005877,Accessories 2024/25,Accessories,1,24.47,2025-08-11 03:13:47
S001705,O0005878,Away Shirt 2024/25,Away Shirt,1,77.4,2025-06-27 15:37:04
S001784,O0005879,Retro 2024/25,Retro,2,143.1,2025-09-06 21:23:45
S004604,O0005880,Home Shirt 2024/25,Home Shirt,1,85.8,2025-09-17 18:01:40
S000771,O0005881,Home Shirt 2024/25,Home Shirt,1,87.77,2025-09-01 09:24:50
S001964,O0005882,Training Wear 2024/25,Training Wear,1,68.75,2025-09-02 09:24:16
S004659,O0005883,Third Kit 2024/25,Third Kit,1,81.85,2025-09-06 03:35:26
S003255,O0005884,Retro 2024/25,Retro,1,62.91,2025-08-29 19:54:37
S004481,O0005885,Third Kit 2024/25,Third Kit,1,79.1,2025-08-22 08:44:46
S002242,O0005886,Retro 2024/25,Retro,1,78.14,2025-08-26 15:04:51
S002150,O0005887,Away Shirt 2024/25,Away Shirt,1,95.42,2025-07-27 10:24:06
S003132,O0005888,Away Shirt 2024/25,Away Shirt,1,97.14,2025-09-01 11:54:11
S000785,O0005889,Retro 2024/25,Retro,1,78.45,2025-09-10 01:41:45
S002251,O0005890,Training Wear 2024/25,Training Wear,1,56.33,2025-06-19 23:09:21
S003768,O0005891,Home Shirt 2024/25,Home Shirt,1,84.55,2025-09-07 06:13:37
S001484,O0005892,Retro 2024/25,Retro,1,60.82,2025-08-29 02:35:31
S003107,O0005893,Third Kit 2024/25,Third Kit,1,92.83,2025-09-17 17:15:41
S003492,O0005894,Training Wear 2024/25,Training Wear,1,67.71,2025-09-14 11:19:11
S000493,O0005895,Training Wear 2024/25,Training Wear,1,68.2,2025-09-16 20:14:32
S003500,O0005896,Third Kit 2024/25,Third Kit,1,80.85,2025-08-29 17:18:51
S001691,O0005897,Home Shirt 2024/25,Home Shirt,1,74.05,2025-04-28 06:30:53
S002177,O0005898,Training Wear 2024/25,Training Wear,1,59.07,2025-09-03 19:55:14
S002238,O0005899,Kids 2024/25,Kids,1,58.03,2025-09-17 18:39:01
S003092,O0005900,Home Shirt 2024/25,Home Shirt,2,153.75,2025-08-28 03:07:54
S004879,O0005901,Away Shirt 2024/25,Away Shirt,1,97.9,2025-07-06 09:06:22
S002221,O0005902,Kids 2024/25,Kids,1,47.01,2025-08-24 01:45:22
S004965,O0005903,Retro 2024/25,Retro,1,67.88,2024-10-09 23:16:38
S004235,O0005904,Accessories 2024/25,Accessories,1,23.29,2025-08-22 17:09:56
S001691,O0005905,Retro 2024/25,Retro,1,75.01,2024-10-24 22:41:02
S004279,O0005906,Retro 2024/25,Retro,1,80.74,2024-12-05 18:41:04
S000169,O0005907,Accessories 2024/25,Accessories,2,39.13,2025-05-25 08:36:44
S004390,O0005908,Third Kit 2024/25,Third Kit,1,68.39,2025-01-09 08:22:11
S000088,O0005909,Training Wear 2024/25,Training Wear,1,56.74,2024-10-24 22:58:43
S004749,O0005910,Accessories 2024/25,Accessories,1,18.74,2025-08-03 14:44:35
S004304,O0005911,Away Shirt 2024/25,Away Shirt,1,94.13,2025-03-15 00:38:16
S002365,O0005912,Accessories 2024/25,Accessories,3,72.07,2025-02-15 17:50:20
S001167,O0005913,Kids 2024/25,Kids,1,60.44,2025-08-28 23:00:05
S004112,O0005914,Kids 2024/25,Kids,1,46.12,2025-01-02 20:36:21
S004107,O0005915,Third Kit 2024/25,Third Kit,1,82.29,2025-08-29 04:28:26
S001347,O0005916,Third Kit 2024/25,Third Kit,1,70.58,2024-12-02 07:21:52
S000989,O0005917,Home Shirt 2024/25,Home Shirt,1,80.63,2025-09-01 08:41:54
S001901,O0005918,Away Shirt 2024/25,Away Shirt,1,86.37,2025-08-23 07:32:19
S003808,O0005919,Training Wear 2024/25,Training Wear,1,66.78,2025-07-03 04:41:31
S003164,O0005920,Kids 2024/25,Kids,1,57.11,2024-09-22 03:59:10
S000548,O0005921,Kids 2024/25,Kids,1,54.7,2025-09-04 10:46:10
S001615,O0005922,Retro 2024/25,Retro,1,62.49,2025-08-22 12:17:00
S000623,O0005923,Accessories 2024/25,Accessories,1,18.48,2025-08-23 00:11:42
S002420,O0005924,Away Shirt 2024/25,Away Shirt,1,91.4,2025-09-06 10:16:24
S004244,O0005925,Home Shirt 2024/25,Home Shirt,1,99.26,2024-12-20 15:01:12
S002266,O0005926,Home Shirt 2024/25,Home Shirt,1,80.65,2025-08-27 12:41:02
S004667,O0005927,Away Shirt 2024/25,Away Shirt,2,147.72,2025-08-10 20:37:26
S002737,O0005928,Home Shirt 2024/25,Home Shirt,1,81.57,2025-06-04 15:02:55
S002046,O0005929,Kids 2024/25,Kids,1,45.64,2025-04-17 15:24:00
S003114,O0005930,Accessories 2024/25,Accessories,1,18.21,2025-08-28 09:11:43
S002297,O0005931,Accessories 2024/25,Accessories,2,41.79,2025-08-27 00:38:38
S002344,O0005932,Home Shirt 2024/25,Home Shirt,1,92.19,2024-11-09 12:49:55
S003856,O0005933,Kids 2024/25,Kids,1,60.6,2025-09-14 06:27:55
S002315,O0005934,Accessories 2024/25,Accessories,1,23.42,2025-08-31 00:46:17
S000271,O0005935,Third Kit 2024/25,Third Kit,1,67.75,2025-06-08 13:08:21
S003570,O0005936,Kids 2024/25,Kids,1,60.08,2025-04-12 21:36:15
S004225,O0005937,Training Wear 2024/25,Training Wear,1,67.47,2025-09-04 15:38:09
S004393,O0005938,Training Wear 2024/25,Training Wear,1,67.38,2025-02-10 14:01:53
S003467,O0005939,Third Kit 2024/25,Third Kit,1,68.41,2025-09-05 06:25:22
S002878,O0005940,Kids 2024/25,Kids,1,56.74,2025-08-06 22:28:02
S002535,O0005941,Retro 2024/25,Retro,1,67.66,2024-10-02 10:59:59
S000523,O0005942,Kids 2024/25,Kids,1,60.28,2025-08-29 01:23:19
S004611,O0005943,Accessories 2024/25,Accessories,3,67.98,2025-09-20 08:08:43
S001160,O0005944,Away Shirt 2024/25,Away Shirt,1,88.02,2025-08-28 20:30:28
S001873,O0005945,Third Kit 2024/25,Third Kit,1,93.49,2024-12-30 10:34:59
S004264,O0005946,Third Kit 2024/25,Third Kit,1,90.34,2025-08-24 00:23:47
S001836,O0005947,Third Kit 2024/25,Third Kit,1,79.71,2024-10-01 01:54:32
S000724,O0005948,Training Wear 2024/25,Training Wear,1,54.56,2025-08-26 01:03:11
S004912,O0005949,Away Shirt 2024/25,Away Shirt,1,86.59,2025-09-06 22:14:30
S003771,O0005950,Kids 2024/25,Kids,1,57.71,2025-09-19 20:32:44
S003661,O0005951,Home Shirt 2024/25,Home Shirt,1,89.71,2025-05-09 04:16:04
S000904,O0005952,Away Shirt 2024/25,Away Shirt,1,83.32,2024-11-20 13:22:23
S001346,O0005953,Away Shirt 2024/25,Away Shirt,1,75.64,2025-06-23 03:56:39
S002758,O0005954,Accessories 2024/25,Accessories,2,36.07,2025-08-24 09:41:03
S004086,O0005955,Away Shirt 2024/25,Away Shirt,1,95.88,2025-05-10 16:45:15
S001640,O0005956,Kids 2024/25,Kids,1,45.25,2025-08-23 21:29:42
S004452,O0005957,Retro 2024/25,Retro,1,60.46,2024-10-28 11:34:05
S003738,O0005958,Training Wear 2024/25,Training Wear,1,60.58,2025-09-09 22:10:36
S001560,O0005959,Away Shirt 2024/25,Away Shirt,1,97.15,2025-09-05 00:35:26
S004959,O0005960,Accessories 2024/25,Accessories,1,20.07,2025-09-20 11:12:43
S002346,O0005961,Away Shirt 2024/25,Away Shirt,1,93.58,2024-10-17 11:15:59
S001133,O0005962,Home Shirt 2024/25,Home Shirt,1,97.3,2025-03-05 07:39:24
S001393,O0005963,Kids 2024/25,Kids,1,46.57,2025-06-30 00:26:37
S001539,O0005964,Training Wear 2024/25,Training Wear,1,67.24,2025-05-23 21:32:32
S001007,O0005965,Training Wear 2024/25,Training Wear,2,115.85,2025-09-18 01:51:46
S002908,O0005966,Home Shirt 2024/25,Home Shirt,1,89.65,2025-02-02 00:21:51
S000277,O0005967,Away Shirt 2024/25,Away Shirt,1,90.93,2024-10-19 20:59:44
S004910,O0005968,Training Wear 2024/25,Training Wear,1,62.42,2024-09-27 13:08:52
S003273,O0005969,Home Shirt 2024/25,Home Shirt,1,91.7,2025-05-29 13:18:24
S003373,O0005970,Kids 2024/25,Kids,1,58.55,2025-08-28 08:38:21
S001367,O0005971,Third Kit 2024/25,Third Kit,2,178.44,2025-07-26 09:22:10
S004647,O0005972,Third Kit 2024/25,Third Kit,1,69.53,2024-11-25 22:14:16
S003343,O0005973,Training Wear 2024/25,Training Wear,1,64.67,2025-09-06 17:56:34
S003587,O0005974,Third Kit 2024/25,Third Kit,1,90.52,2025-05-24 01:09:52
S001259,O0005975,Away Shirt 2024/25,Away Shirt,1,81.42,2024-11-21 00:27:39
S004445,O0005976,Accessories 2024/25,Accessories,1,19.68,2024-10-26 19:54:38
S003278,O0005977,Kids 2024/25,Kids,1,59.52,2024-11-16 18:17:23
S004185,O0005978,Training Wear 2024/25,Training Wear,1,55.61,2025-06-20 14:32:10
S004235,O0005979,Kids 2024/25,Kids,1,59.32,2024-10-31 06:14:33
S001514,O0005980,Retro 2024/25,Retro,1,63.95,2025-09-15 12:28:09
S001306,O0005981,Retro 2024/25,Retro,1,62.04,2025-08-31 15:06:55
S001149,O0005982,Home Shirt 2024/25,Home Shirt,3,238.35,2025-08-30 17:45:13
S004318,O0005983,Accessories 2024/25,Accessories,1,18.46,2025-08-31 22:45:03
S000845,O0005984,Accessories 2024/25,Accessories,1,20.06,2025-06-17 12:51:19
S000234,O0005985,Retro 2024/25,Retro,1,81.06,2025-08-31 08:44:31
S003359,O0005986,Third Kit 2024/25,Third Kit,1,75.77,2025-09-05 22:01:56
S000905,O0005987,Accessories 2024/25,Accessories,1,19.15,2025-09-20 05:14:09
S001802,O0005988,Retro 2024/25,Retro,1,78.3,2025-09-08 01:54:22
S001309,O0005989,Accessories 2024/25,Accessories,1,20.0,2025-01-27 20:06:08
S003986,O0005990,Retro 2024/25,Retro,1,71.14,2025-05-08 00:00:49
S004258,O0005991,Third Kit 2024/25,Third Kit,1,90.86,2025-07-11 14:34:08
S004864,O0005992,Retro 2024/25,Retro,1,68.3,2025-09-03 13:23:20
S002209,O0005993,Home Shirt 2024/25,Home Shirt,1,72.03,2025-08-27 15:45:46
S001351,O0005994,Kids 2024/25,Kids,1,57.88,2025-09-01 14:11:22
S001355,O0005995,Home Shirt 2024/25,Home Shirt,1,95.23,2025-09-03 18:50:30
S001690,O0005996,Third Kit 2024/25,Third Kit,1,88.09,2025-06-19 07:37:00
S004060,O0005997,Home Shirt 2024/25,Home Shirt,1,79.64,2024-11-06 23:18:57
S000477,O0005998,Accessories 2024/25,Accessories,1,22.3,2025-09-07 15:32:48
S000166,O0005999,Third Kit 2024/25,Third Kit,3,228.0,2025-09-09 19:49:49
S004266,O0006000,Away Shirt 2024/25,Away Shirt,1,91.23,2025-02-06 03:05:09
S000959,O0006001,Kids 2024/25,Kids,1,57.26,2024-12-26 23:11:42
S000101,O0006002,Accessories 2024/25,Accessories,1,21.49,2025-09-17 08:13:56
S004716,O0006003,Home Shirt 2024/25,Home Shirt,2,187.96,2025-09-20 06:39:41
S000358,O0006004,Away Shirt 2024/25,Away Shirt,1,97.06,2025-05-18 11:48:02
S003510,O0006005,Third Kit 2024/25,Third Kit,1,82.44,2025-09-03 14:45:36
S002028,O0006006,Away Shirt 2024/25,Away Shirt,1,84.46,2024-12-20 22:54:10
S003270,O0006007,Third Kit 2024/25,Third Kit,1,93.33,2024-12-28 11:37:33
S004030,O0006008,Away Shirt 2024/25,Away Shirt,1,76.65,2024-10-01 04:43:21
S004660,O0006009,Third Kit 2024/25,Third Kit,1,73.81,2025-09-04 18:59:07
S002851,O0006010,Accessories 2024/25,Accessories,1,22.29,2025-09-10 19:18:28
S001057,O0006011,Away Shirt 2024/25,Away Shirt,1,90.21,2025-08-29 13:35:14
S001726,O0006012,Retro 2024/25,Retro,2,154.05,2024-09-24 04:40:08
S004874,O0006013,Kids 2024/25,Kids,1,48.89,2025-04-01 03:08:53
S002625,O0006014,Retro 2024/25,Retro,1,72.03,2025-08-27 11:21:13
S002474,O0006015,Accessories 2024/25,Accessories,1,21.64,2025-07-31 23:12:26
S004506,O0006016,Training Wear 2024/25,Training Wear,3,188.58,2025-01-01 12:56:41
S000999,O0006017,Home Shirt 2024/25,Home Shirt,1,72.22,2025-02-13 02:41:32
S001252,O0006018,Third Kit 2024/25,Third Kit,1,70.5,2025-02-26 15:19:07
S001358,O0006019,Third Kit 2024/25,Third Kit,1,69.4,2025-07-26 14:16:00
S000898,O0006020,Third Kit 2024/25,Third Kit,1,72.71,2025-08-26 11:07:34
S001713,O0006021,Training Wear 2024/25,Training Wear,1,63.67,2025-09-14 17:51:56
S000561,O0006022,Third Kit 2024/25,Third Kit,1,79.04,2025-03-23 16:36:05
S004239,O0006023,Third Kit 2024/25,Third Kit,1,70.85,2024-10-30 20:03:54
S002639,O0006024,Accessories 2024/25,Accessories,1,23.48,2025-08-23 18:33:38
S000224,O0006025,Kids 2024/25,Kids,1,45.98,2025-03-31 08:28:37
S001072,O0006026,Home Shirt 2024/25,Home Shirt,1,91.02,2025-09-06 08:55:03
S001351,O0006027,Accessories 2024/25,Accessories,1,19.99,2025-09-18 17:43:41
S000330,O0006028,Third Kit 2024/25,Third Kit,1,74.08,2025-09-03 18:16:16
S003800,O0006029,Retro 2024/25,Retro,1,69.88,2025-06-22 04:27:49
S004697,O0006030,Home Shirt 2024/25,Home Shirt,1,77.77,2025-09-12 19:25:01
S003512,O0006031,Third Kit 2024/25,Third Kit,1,88.65,2025-01-25 07:36:30
S001150,O0006032,Home Shirt 2024/25,Home Shirt,1,97.35,2025-05-25 03:11:29
S001961,O0006033,Accessories 2024/25,Accessories,1,20.41,2024-11-21 17:04:31
S001564,O0006034,Accessories 2024/25,Accessories,1,24.08,2025-09-01 05:43:51
S004192,O0006035,Home Shirt 2024/25,Home Shirt,1,93.4,2025-07-11 02:23:26
S004719,O0006036,Accessories 2024/25,Accessories,3,68.18,2025-08-31 18:58:55
S002518,O0006037,Home Shirt 2024/25,Home Shirt,1,83.45,2025-09-02 09:46:44
S003958,O0006038,Retro 2024/25,Retro,1,62.65,2025-01-21 09:47:58
S001960,O0006039,Third Kit 2024/25,Third Kit,1,86.74,2025-08-29 16:53:02
S001206,O0006040,Kids 2024/25,Kids,2,99.53,2025-09-07 13:34:46
S001010,O0006041,Kids 2024/25,Kids,2,109.07,2025-09-13 06:18:53
S000124,O0006042,Retro 2024/25,Retro,1,66.72,2025-06-25 12:11:09
S003974,O0006043,Retro 2024/25,Retro,1,63.76,2024-11-19 13:04:21
S004219,O0006044,Home Shirt 2024/25,Home Shirt,1,97.07,2025-05-29 16:29:48
S003460,O0006045,Kids 2024/25,Kids,1,53.29,2025-08-31 05:02:35
S001973,O0006046,Retro 2024/25,Retro,1,73.11,2025-09-07 22:36:28
S001769,O0006047,Away Shirt 2024/25,Away Shirt,2,184.52,2025-08-23 09:50:29
S002016,O0006048,Home Shirt 2024/25,Home Shirt,1,88.79,2025-06-16 17:30:11
S004278,O0006049,Home Shirt 2024/25,Home Shirt,1,81.62,2025-08-31 05:26:04
S000986,O0006050,Kids 2024/25,Kids,1,57.08,2024-10-11 13:03:55
S000009,O0006051,Away Shirt 2024/25,Away Shirt,1,92.67,2025-09-09 20:37:10
S004384,O0006052,Accessories 2024/25,Accessories,1,23.53,2025-04-20 00:48:05
S004164,O0006053,Third Kit 2024/25,Third Kit,1,91.52,2025-08-25 10:13:49
S001635,O0006054,Kids 2024/25,Kids,1,61.79,2025-03-27 04:32:04
S004417,O0006055,Third Kit 2024/25,Third Kit,1,86.28,2025-09-05 21:58:44
S002260,O0006056,Kids 2024/25,Kids,1,51.28,2025-09-17 19:36:05
S002518,O0006057,Third Kit 2024/25,Third Kit,1,84.95,2025-04-04 14:46:44
S001922,O0006058,Away Shirt 2024/25,Away Shirt,2,170.19,2025-09-11 01:13:17
S002735,O0006059,Accessories 2024/25,Accessories,1,22.02,2025-09-03 14:47:32
S000270,O0006060,Retro 2024/25,Retro,1,64.71,2025-06-24 07:55:39
S004716,O0006061,Retro 2024/25,Retro,2,148.87,2025-03-31 23:46:01
S001952,O0006062,Third Kit 2024/25,Third Kit,1,85.06,2025-08-22 16:19:13
S001962,O0006063,Kids 2024/25,Kids,1,54.35,2024-10-22 20:16:44
S001473,O0006064,Training Wear 2024/25,Training Wear,1,50.6,2024-11-22 09:55:48
S004161,O0006065,Retro 2024/25,Retro,1,67.7,2025-01-19 13:46:13
S001438,O0006066,Home Shirt 2024/25,Home Shirt,1,98.83,2025-05-09 06:54:50
S000123,O0006067,Training Wear 2024/25,Training Wear,1,54.75,2025-04-26 13:09:05
S000165,O0006068,Third Kit 2024/25,Third Kit,3,241.02,2025-08-21 14:57:56
S004893,O0006069,Away Shirt 2024/25,Away Shirt,1,93.49,2025-02-01 23:43:38
S002157,O0006070,Third Kit 2024/25,Third Kit,1,84.29,2025-09-15 23:01:38
S002881,O0006071,Kids 2024/25,Kids,1,47.49,2025-09-15 23:30:38
S000667,O0006072,Training Wear 2024/25,Training Wear,1,53.5,2025-01-08 13:07:12
S004209,O0006073,Home Shirt 2024/25,Home Shirt,2,185.24,2025-08-24 11:49:46
S001652,O0006074,Home Shirt 2024/25,Home Shirt,3,247.23,2025-09-02 16:15:29
S001011,O0006075,Home Shirt 2024/25,Home Shirt,1,78.94,2025-08-23 14:04:46
S002258,O0006076,Kids 2024/25,Kids,1,56.97,2025-05-30 04:39:22
S001795,O0006077,Home Shirt 2024/25,Home Shirt,1,86.18,2025-09-07 18:37:06
S000192,O0006078,Home Shirt 2024/25,Home Shirt,1,80.91,2025-05-27 21:40:43
S004061,O0006079,Accessories 2024/25,Accessories,1,21.57,2025-09-16 09:57:17
S002491,O0006080,Training Wear 2024/25,Training Wear,3,183.01,2025-09-16 09:15:40
S004370,O0006081,Third Kit 2024/25,Third Kit,1,88.98,2025-03-17 01:12:11
S004594,O0006082,Away Shirt 2024/25,Away Shirt,1,94.57,2025-09-08 16:50:07
S000430,O0006083,Training Wear 2024/25,Training Wear,1,49.76,2025-09-09 18:48:53
S004074,O0006084,Home Shirt 2024/25,Home Shirt,1,73.5,2025-03-12 03:22:06
S004738,O0006085,Home Shirt 2024/25,Home Shirt,1,91.24,2025-08-26 06:40:05
S001639,O0006086,Third Kit 2024/25,Third Kit,1,87.82,2025-09-10 14:52:20
S002617,O0006087,Accessories 2024/25,Accessories,1,21.94,2025-09-15 05:04:00
S000643,O0006088,Training Wear 2024/25,Training Wear,1,68.37,2025-08-31 18:25:43
S003814,O0006089,Third Kit 2024/25,Third Kit,1,90.8,2025-09-18 21:23:06
S002188,O0006090,Away Shirt 2024/25,Away Shirt,1,93.93,2025-09-08 11:00:16
S001288,O0006091,Training Wear 2024/25,Training Wear,1,54.57,2025-08-31 15:58:30
S002217,O0006092,Kids 2024/25,Kids,1,59.23,2025-04-29 19:11:48
S003150,O0006093,Home Shirt 2024/25,Home Shirt,2,153.27,2025-09-19 15:31:04
S003921,O0006094,Away Shirt 2024/25,Away Shirt,1,76.7,2025-05-19 21:27:40
S002291,O0006095,Away Shirt 2024/25,Away Shirt,1,97.06,2025-09-19 09:03:38
S003008,O0006096,Accessories 2024/25,Accessories,1,19.21,2025-09-17 20:11:18
S000070,O0006097,Home Shirt 2024/25,Home Shirt,1,72.86,2025-09-18 18:26:08
S000755,O0006098,Retro 2024/25,Retro,1,70.86,2025-07-14 12:06:23
S002176,O0006099,Kids 2024/25,Kids,1,46.36,2025-06-23 00:36:11
S000310,O0006100,Third Kit 2024/25,Third Kit,1,93.31,2024-12-04 10:11:22
S003770,O0006101,Kids 2024/25,Kids,1,60.33,2025-09-16 12:40:58
S003641,O0006102,Retro 2024/25,Retro,1,74.28,2025-03-13 00:52:16
S001819,O0006103,Home Shirt 2024/25,Home Shirt,1,82.39,2024-11-30 19:26:23
S000260,O0006104,Home Shirt 2024/25,Home Shirt,1,78.87,2025-09-01 15:49:56
S001281,O0006105,Retro 2024/25,Retro,1,69.13,2024-11-20 05:35:37
S002232,O0006106,Training Wear 2024/25,Training Wear,1,56.02,2025-06-19 06:16:08
S001953,O0006107,Accessories 2024/25,Accessories,2,41.08,2025-09-13 02:01:52
S001943,O0006108,Accessories 2024/25,Accessories,1,22.43,2024-11-19 08:52:59
S000866,O0006109,Away Shirt 2024/25,Away Shirt,1,86.02,2025-01-27 06:28:03
S003411,O0006110,Home Shirt 2024/25,Home Shirt,1,80.1,2025-09-08 02:56:09
S004191,O0006111,Retro 2024/25,Retro,1,65.33,2025-09-09 04:35:07
S004819,O0006112,Training Wear 2024/25,Training Wear,1,62.83,2025-04-28 20:03:48
S000677,O0006113,Accessories 2024/25,Accessories,1,23.13,2025-08-21 21:13:36
S000694,O0006114,Retro 2024/25,Retro,1,59.65,2025-02-09 22:06:03
S003938,O0006115,Away Shirt 2024/25,Away Shirt,2,172.61,2025-09-03 18:44:13
S000362,O0006116,Away Shirt 2024/25,Away Shirt,1,98.72,2024-11-06 00:35:07
S001484,O0006117,Accessories 2024/25,Accessories,1,18.83,2025-08-24 06:43:07
S001321,O0006118,Home Shirt 2024/25,Home Shirt,1,83.05,2025-08-25 01:07:11
S001697,O0006119,Kids 2024/25,Kids,1,62.09,2025-08-22 01:32:11
S004310,O0006120,Accessories 2024/25,Accessories,2,39.58,2025-08-30 12:56:37
S002972,O0006121,Away Shirt 2024/25,Away Shirt,1,91.5,2025-09-20 04:43:56
S002689,O0006122,Away Shirt 2024/25,Away Shirt,1,89.12,2025-09-19 03:30:32
S002590,O0006123,Accessories 2024/25,Accessories,1,24.31,2025-09-12 16:26:34
S001376,O0006124,Retro 2024/25,Retro,1,73.2,2025-08-24 15:34:54
S001137,O0006125,Accessories 2024/25,Accessories,2,36.73,2025-09-19 01:14:06
S003695,O0006126,Away Shirt 2024/25,Away Shirt,3,238.27,2025-09-16 05:22:42
S004401,O0006127,Home Shirt 2024/25,Home Shirt,1,81.93,2025-09-18 12:13:16
S002103,O0006128,Retro 2024/25,Retro,1,64.21,2025-09-16 23:14:15
S004727,O0006129,Home Shirt 2024/25,Home Shirt,1,96.83,2025-09-05 09:04:24
S000160,O0006130,Kids 2024/25,Kids,1,58.29,2024-11-22 23:18:59
S001045,O0006131,Away Shirt 2024/25,Away Shirt,3,230.3,2024-10-03 19:11:53
S004698,O0006132,Third Kit 2024/25,Third Kit,2,170.42,2024-10-07 20:02:01
S000164,O0006133,Away Shirt 2024/25,Away Shirt,1,81.64,2025-09-02 06:56:12
S002700,O0006134,Accessories 2024/25,Accessories,1,21.37,2025-08-21 23:27:24
S003593,O0006135,Training Wear 2024/25,Training Wear,1,68.67,2025-09-16 12:20:44
S001693,O0006136,Third Kit 2024/25,Third Kit,1,68.97,2025-08-28 05:29:30
S000844,O0006137,Away Shirt 2024/25,Away Shirt,2,154.1,2025-02-12 14:37:33
S000378,O0006138,Third Kit 2024/25,Third Kit,1,72.08,2025-01-10 13:12:25
S004012,O0006139,Home Shirt 2024/25,Home Shirt,1,81.17,2025-07-22 00:19:11
S003750,O0006140,Third Kit 2024/25,Third Kit,3,222.76,2024-10-23 20:36:58
S002266,O0006141,Home Shirt 2024/25,Home Shirt,2,149.26,2025-09-19 04:17:23
S003173,O0006142,Third Kit 2024/25,Third Kit,1,75.95,2025-04-02 03:56:46
S003213,O0006143,Training Wear 2024/25,Training Wear,1,62.33,2025-09-10 09:49:55
S001072,O0006144,Home Shirt 2024/25,Home Shirt,1,73.86,2025-03-06 04:41:16
S003514,O0006145,Training Wear 2024/25,Training Wear,1,52.32,2025-09-01 03:06:17
S002916,O0006146,Training Wear 2024/25,Training Wear,1,61.28,2025-09-19 07:33:04
S000650,O0006147,Home Shirt 2024/25,Home Shirt,1,88.97,2025-09-11 10:22:34
S004807,O0006148,Kids 2024/25,Kids,1,49.5,2024-11-09 20:03:34
S004549,O0006149,Retro 2024/25,Retro,1,80.16,2025-08-23 18:36:00
S000675,O0006150,Training Wear 2024/25,Training Wear,1,55.73,2025-04-16 19:49:54
S003017,O0006151,Kids 2024/25,Kids,1,54.51,2025-03-23 18:32:29
S001658,O0006152,Away Shirt 2024/25,Away Shirt,1,88.77,2025-01-31 04:41:04
S003574,O0006153,Accessories 2024/25,Accessories,1,23.57,2025-08-31 03:39:18
S001375,O0006154,Away Shirt 2024/25,Away Shirt,1,81.52,2025-09-19 03:52:20
S000838,O0006155,Away Shirt 2024/25,Away Shirt,1,75.95,2025-08-01 00:22:30
S001303,O0006156,Kids 2024/25,Kids,1,56.82,2025-03-27 02:37:14
S004464,O0006157,Third Kit 2024/25,Third Kit,1,71.79,2025-05-18 10:22:24
S003316,O0006158,Retro 2024/25,Retro,1,65.66,2025-09-03 15:09:58
S001761,O0006159,Accessories 2024/25,Accessories,1,22.75,2025-06-20 02:49:03
S002464,O0006160,Training Wear 2024/25,Training Wear,1,51.84,2024-10-10 15:31:59
S004865,O0006161,Accessories 2024/25,Accessories,1,21.39,2025-09-02 03:40:59
S001762,O0006162,Accessories 2024/25,Accessories,1,18.8,2024-10-06 03:59:42
S003837,O0006163,Away Shirt 2024/25,Away Shirt,1,72.03,2025-07-27 05:47:49
S004209,O0006164,Retro 2024/25,Retro,1,62.63,2025-05-17 19:33:57
S002851,O0006165,Home Shirt 2024/25,Home Shirt,1,96.0,2025-07-27 18:04:30
S002830,O0006166,Away Shirt 2024/25,Away Shirt,1,82.13,2025-01-21 01:01:16
S001188,O0006167,Retro 2024/25,Retro,1,70.68,2024-11-23 07:26:20
S004767,O0006168,Home Shirt 2024/25,Home Shirt,1,90.07,2025-04-01 02:35:43
S001024,O0006169,Training Wear 2024/25,Training Wear,1,67.02,2025-04-20 15:38:15
S002046,O0006170,Accessories 2024/25,Accessories,2,40.37,2025-04-01 12:58:04
S001325,O0006171,Third Kit 2024/25,Third Kit,1,73.23,2025-09-16 10:08:56
S000203,O0006172,Retro 2024/25,Retro,3,239.32,2024-11-24 21:55:16
S000686,O0006173,Accessories 2024/25,Accessories,1,22.8,2025-09-09 04:41:52
S001057,O0006174,Retro 2024/25,Retro,2,134.33,2025-08-22 01:56:59
S001100,O0006175,Retro 2024/25,Retro,1,62.69,2025-06-27 03:12:15
S002069,O0006176,Kids 2024/25,Kids,1,55.16,2025-08-24 15:25:12
S001138,O0006177,Accessories 2024/25,Accessories,1,22.62,2025-09-16 19:06:30
S000364,O0006178,Away Shirt 2024/25,Away Shirt,1,77.67,2025-05-18 15:21:12
S000125,O0006179,Training Wear 2024/25,Training Wear,1,53.32,2025-09-13 22:27:14
S004549,O0006180,Third Kit 2024/25,Third Kit,1,78.2,2024-09-29 17:12:06
S004171,O0006181,Accessories 2024/25,Accessories,1,23.09,2025-09-07 10:23:33
S002181,O0006182,Accessories 2024/25,Accessories,2,41.48,2025-09-07 14:36:20
S003121,O0006183,Training Wear 2024/25,Training Wear,1,55.55,2024-12-05 11:28:58
S000294,O0006184,Home Shirt 2024/25,Home Shirt,1,73.49,2025-01-16 04:16:55
S000290,O0006185,Kids 2024/25,Kids,1,47.62,2025-08-28 18:58:18
S001338,O0006186,Training Wear 2024/25,Training Wear,1,62.08,2024-11-25 06:49:01
S000789,O0006187,Third Kit 2024/25,Third Kit,1,68.29,2025-09-07 20:31:26
S003077,O0006188,Accessories 2024/25,Accessories,1,20.69,2025-01-23 00:32:39
S001037,O0006189,Away Shirt 2024/25,Away Shirt,1,83.88,2025-03-05 09:50:40
S001214,O0006190,Training Wear 2024/25,Training Wear,1,65.51,2024-11-25 03:38:26
S004878,O0006191,Away Shirt 2024/25,Away Shirt,1,77.16,2025-09-15 01:25:12
S000579,O0006192,Accessories 2024/25,Accessories,1,22.53,2025-09-03 18:40:58
S000182,O0006193,Kids 2024/25,Kids,1,60.88,2025-09-17 01:07:34
S000963,O0006194,Retro 2024/25,Retro,1,60.04,2024-11-02 10:50:56
S003410,O0006195,Training Wear 2024/25,Training Wear,1,61.06,2025-09-05 02:18:18
S000839,O0006196,Kids 2024/25,Kids,1,53.48,2025-09-08 14:59:50
S004873,O0006197,Kids 2024/25,Kids,2,119.87,2025-09-10 10:36:03
S004229,O0006198,Retro 2024/25,Retro,2,138.94,2025-09-01 11:06:54
S000021,O0006199,Retro 2024/25,Retro,1,71.49,2025-07-04 15:28:16
S002185,O0006200,Training Wear 2024/25,Training Wear,1,53.42,2025-02-19 07:50:32
S002597,O0006201,Home Shirt 2024/25,Home Shirt,1,90.18,2025-09-02 00:57:46
S003686,O0006202,Training Wear 2024/25,Training Wear,2,108.69,2024-11-16 15:58:40
S004165,O0006203,Away Shirt 2024/25,Away Shirt,1,76.84,2024-09-22 14:59:26
S004861,O0006204,Training Wear 2024/25,Training Wear,1,68.23,2025-09-18 16:02:10
S003682,O0006205,Home Shirt 2024/25,Home Shirt,1,80.25,2024-11-24 17:29:04
S004994,O0006206,Retro 2024/25,Retro,1,71.68,2025-07-29 05:25:23
S003327,O0006207,Third Kit 2024/25,Third Kit,1,85.22,2024-10-04 13:11:54
S000608,O0006208,Kids 2024/25,Kids,1,61.26,2025-03-15 19:43:06
S000279,O0006209,Third Kit 2024/25,Third Kit,1,93.44,2025-09-01 20:00:14
S000118,O0006210,Training Wear 2024/25,Training Wear,1,61.08,2025-03-15 08:13:06
S004770,O0006211,Training Wear 2024/25,Training Wear,1,49.56,2025-02-10 11:32:43
S004589,O0006212,Home Shirt 2024/25,Home Shirt,1,81.12,2025-08-15 20:36:04
S003348,O0006213,Training Wear 2024/25,Training Wear,3,197.32,2025-09-10 05:57:04
S003529,O0006214,Retro 2024/25,Retro,1,67.65,2025-09-13 11:51:34
S004183,O0006215,Kids 2024/25,Kids,1,51.37,2025-01-13 06:13:55
S000580,O0006216,Retro 2024/25,Retro,1,73.28,2025-09-18 18:02:44
S002569,O0006217,Training Wear 2024/25,Training Wear,1,61.21,2025-07-24 14:06:19
S003480,O0006218,Accessories 2024/25,Accessories,1,19.32,2025-01-27 08:39:09
S002747,O0006219,Training Wear 2024/25,Training Wear,1,51.5,2025-03-17 08:46:47
S002140,O0006220,Third Kit 2024/25,Third Kit,2,165.81,2024-09-27 12:16:14
S000879,O0006221,Home Shirt 2024/25,Home Shirt,1,75.41,2025-09-16 22:56:19
S002601,O0006222,Kids 2024/25,Kids,1,52.61,2025-09-13 00:05:50
S002840,O0006223,Kids 2024/25,Kids,3,181.15,2025-09-04 00:40:28
S003028,O0006224,Accessories 2024/25,Accessories,1,22.82,2025-04-06 22:54:26
S001138,O0006225,Third Kit 2024/25,Third Kit,1,77.27,2025-09-01 08:37:32
S004155,O0006226,Third Kit 2024/25,Third Kit,1,76.53,2025-09-09 02:23:18
S004086,O0006227,Third Kit 2024/25,Third Kit,1,68.37,2025-03-23 01:43:33
S003953,O0006228,Away Shirt 2024/25,Away Shirt,1,74.73,2024-12-29 15:49:28
S003255,O0006229,Third Kit 2024/25,Third Kit,1,92.51,2025-04-26 14:00:08
S000871,O0006230,Accessories 2024/25,Accessories,1,21.54,2025-09-12 16:00:59
S003297,O0006231,Away Shirt 2024/25,Away Shirt,1,98.89,2025-06-20 12:40:35
S000353,O0006232,Home Shirt 2024/25,Home Shirt,2,155.77,2025-09-06 03:08:46
S001759,O0006233,Accessories 2024/25,Accessories,1,21.63,2024-10-10 23:23:56
S001868,O0006234,Away Shirt 2024/25,Away Shirt,1,89.44,2025-03-08 13:19:16
S000385,O0006235,Away Shirt 2024/25,Away Shirt,1,81.16,2025-01-09 00:15:57
S004650,O0006236,Training Wear 2024/25,Training Wear,1,59.02,2025-02-02 19:42:33
S001601,O0006237,Home Shirt 2024/25,Home Shirt,3,274.65,2025-09-04 12:13:12
S003167,O0006238,Accessories 2024/25,Accessories,1,19.74,2025-09-02 05:01:55
S002317,O0006239,Accessories 2024/25,Accessories,1,24.56,2025-01-07 12:57:46
S001049,O0006240,Accessories 2024/25,Accessories,1,18.89,2025-01-28 10:01:13
S001076,O0006241,Kids 2024/25,Kids,1,56.03,2024-09-21 16:36:42
S003614,O0006242,Training Wear 2024/25,Training Wear,2,118.1,2025-09-03 06:11:03
S001881,O0006243,Kids 2024/25,Kids,1,55.09,2025-09-17 20:04:13
S002649,O0006244,Away Shirt 2024/25,Away Shirt,1,79.84,2025-06-13 02:43:08
S000164,O0006245,Away Shirt 2024/25,Away Shirt,1,74.61,2025-03-25 04:03:02
S001083,O0006246,Third Kit 2024/25,Third Kit,1,90.07,2025-08-23 08:12:33
S000955,O0006247,Away Shirt 2024/25,Away Shirt,1,94.77,2025-09-20 05:55:20
S004564,O0006248,Training Wear 2024/25,Training Wear,1,58.76,2025-04-25 08:32:43
S002462,O0006249,Kids 2024/25,Kids,1,45.64,2025-09-13 22:04:05
S002671,O0006250,Home Shirt 2024/25,Home Shirt,1,83.46,2025-01-16 19:02:27
S003028,O0006251,Kids 2024/25,Kids,1,47.34,2025-06-20 06:46:42
S000240,O0006252,Third Kit 2024/25,Third Kit,1,77.07,2025-08-22 12:59:24
S000967,O0006253,Home Shirt 2024/25,Home Shirt,1,83.56,2025-04-30 14:30:31
S000382,O0006254,Kids 2024/25,Kids,1,50.81,2025-08-31 20:25:01
S001660,O0006255,Training Wear 2024/25,Training Wear,1,50.93,2025-08-21 23:44:28
S003698,O0006256,Kids 2024/25,Kids,1,61.88,2025-09-12 09:47:51
S001141,O0006257,Accessories 2024/25,Accessories,1,22.2,2025-09-13 17:45:24
S000164,O0006258,Third Kit 2024/25,Third Kit,3,221.23,2025-02-14 12:43:36
S001097,O0006259,Kids 2024/25,Kids,1,57.97,2025-09-07 15:00:14
S004972,O0006260,Retro 2024/25,Retro,1,65.83,2025-09-04 12:35:13
S004427,O0006261,Kids 2024/25,Kids,1,47.64,2025-08-30 23:03:35
S000514,O0006262,Away Shirt 2024/25,Away Shirt,1,76.5,2025-08-30 16:02:57
S001097,O0006263,Training Wear 2024/25,Training Wear,2,129.99,2025-09-02 09:12:15
S000083,O0006264,Away Shirt 2024/25,Away Shirt,1,87.08,2025-08-26 04:17:49
S000628,O0006265,Away Shirt 2024/25,Away Shirt,1,88.16,2025-08-24 01:26:26
S001675,O0006266,Home Shirt 2024/25,Home Shirt,1,74.89,2025-09-13 21:43:34
S003306,O0006267,Kids 2024/25,Kids,2,92.82,2024-09-26 03:16:28
S001888,O0006268,Retro 2024/25,Retro,2,148.88,2025-09-11 02:10:15
S002342,O0006269,Home Shirt 2024/25,Home Shirt,1,75.04,2024-09-30 08:37:53
S003650,O0006270,Kids 2024/25,Kids,1,55.8,2025-06-10 11:45:45
S001362,O0006271,Kids 2024/25,Kids,1,55.82,2025-08-27 20:42:13
S000199,O0006272,Training Wear 2024/25,Training Wear,1,50.17,2025-02-08 06:56:03
S002563,O0006273,Training Wear 2024/25,Training Wear,2,123.56,2025-09-08 05:48:39
S001231,O0006274,Third Kit 2024/25,Third Kit,1,68.9,2025-06-17 11:52:45
S000283,O0006275,Away Shirt 2024/25,Away Shirt,3,277.05,2025-08-27 16:47:03
S001727,O0006276,Training Wear 2024/25,Training Wear,1,55.91,2025-08-23 11:08:04
S003411,O0006277,Training Wear 2024/25,Training Wear,1,59.89,2025-08-26 01:57:23
S003870,O0006278,Kids 2024/25,Kids,1,47.28,2025-08-25 16:40:23
S002116,O0006279,Accessories 2024/25,Accessories,1,23.99,2024-11-09 01:54:00
S004170,O0006280,Home Shirt 2024/25,Home Shirt,1,90.56,2025-09-07 12:30:49
S001940,O0006281,Retro 2024/25,Retro,1,80.0,2025-09-11 02:48:06
S000018,O0006282,Accessories 2024/25,Accessories,1,23.9,2025-08-26 11:03:33
S003063,O0006283,Home Shirt 2024/25,Home Shirt,2,156.8,2025-06-08 19:49:54
S000080,O0006284,Training Wear 2024/25,Training Wear,1,51.17,2025-02-09 06:26:35
S000808,O0006285,Away Shirt 2024/25,Away Shirt,1,79.74,2025-08-26 15:53:06
S002788,O0006286,Kids 2024/25,Kids,1,54.43,2025-08-29 10:23:35
S004376,O0006287,Retro 2024/25,Retro,1,67.53,2025-09-16 05:23:10
S000248,O0006288,Away Shirt 2024/25,Away Shirt,1,74.21,2025-09-20 06:41:02
S002110,O0006289,Home Shirt 2024/25,Home Shirt,1,91.61,2025-08-28 07:28:29
S000402,O0006290,Home Shirt 2024/25,Home Shirt,1,92.79,2025-05-23 23:29:10
S003980,O0006291,Home Shirt 2024/25,Home Shirt,1,85.7,2025-09-12 09:28:22
S003389,O0006292,Training Wear 2024/25,Training Wear,1,67.09,2025-09-17 08:45:44
S003535,O0006293,Retro 2024/25,Retro,1,62.56,2025-09-03 07:00:00
S004362,O0006294,Training Wear 2024/25,Training Wear,1,66.56,2025-06-30 00:20:38
S001263,O0006295,Kids 2024/25,Kids,1,48.94,2025-08-25 06:51:54
S000225,O0006296,Third Kit 2024/25,Third Kit,1,71.08,2025-08-31 15:44:59
S003712,O0006297,Training Wear 2024/25,Training Wear,1,60.31,2025-08-21 20:05:05
S001260,O0006298,Third Kit 2024/25,Third Kit,1,81.77,2024-12-10 04:57:06
S004919,O0006299,Third Kit 2024/25,Third Kit,1,89.27,2025-05-23 23:27:28
S003758,O0006300,Away Shirt 2024/25,Away Shirt,2,188.67,2025-09-08 12:35:28
S002422,O0006301,Kids 2024/25,Kids,1,48.67,2025-09-13 16:47:28
S004580,O0006302,Home Shirt 2024/25,Home Shirt,1,75.07,2024-12-11 00:52:22
S004708,O0006303,Away Shirt 2024/25,Away Shirt,2,182.35,2025-03-02 17:24:36
S004838,O0006304,Accessories 2024/25,Accessories,2,45.82,2025-08-26 09:23:18
S003864,O0006305,Kids 2024/25,Kids,1,56.44,2025-09-17 10:57:38
S001322,O0006306,Away Shirt 2024/25,Away Shirt,1,91.06,2024-11-09 08:41:41
S001833,O0006307,Training Wear 2024/25,Training Wear,1,60.47,2024-11-24 20:58:21
S003290,O0006308,Training Wear 2024/25,Training Wear,1,54.44,2024-10-18 16:56:03
S001606,O0006309,Kids 2024/25,Kids,1,58.06,2025-08-23 00:41:38
S002860,O0006310,Away Shirt 2024/25,Away Shirt,1,74.13,2025-09-03 19:24:24
S003101,O0006311,Retro 2024/25,Retro,1,65.02,2025-06-27 06:00:04
S001959,O0006312,Training Wear 2024/25,Training Wear,1,62.82,2025-08-25 21:40:06
S002316,O0006313,Retro 2024/25,Retro,1,59.72,2024-12-14 01:57:07
S002892,O0006314,Home Shirt 2024/25,Home Shirt,2,146.08,2025-07-01 05:56:15
S002849,O0006315,Home Shirt 2024/25,Home Shirt,1,91.68,2025-07-16 22:40:14
S000675,O0006316,Away Shirt 2024/25,Away Shirt,1,96.16,2025-08-24 21:42:11
S003080,O0006317,Training Wear 2024/25,Training Wear,1,52.06,2025-09-05 01:20:57
S004676,O0006318,Training Wear 2024/25,Training Wear,1,59.63,2025-03-09 02:57:11
S003097,O0006319,Accessories 2024/25,Accessories,3,74.84,2025-07-08 03:31:27
S004986,O0006320,Training Wear 2024/25,Training Wear,2,124.17,2024-11-21 18:12:00
S000626,O0006321,Training Wear 2024/25,Training Wear,2,121.7,2025-02-14 04:30:55
S004177,O0006322,Training Wear 2024/25,Training Wear,1,51.02,2025-04-18 19:45:44
S001988,O0006323,Retro 2024/25,Retro,1,66.84,2024-10-26 23:55:45
S000191,O0006324,Away Shirt 2024/25,Away Shirt,1,91.98,2024-09-22 17:05:09
S001488,O0006325,Accessories 2024/25,Accessories,2,42.92,2025-05-04 21:15:09
S004074,O0006326,Accessories 2024/25,Accessories,1,21.33,2025-04-29 17:29:21
S000426,O0006327,Third Kit 2024/25,Third Kit,1,83.36,2025-09-02 15:29:44
S000611,O0006328,Away Shirt 2024/25,Away Shirt,1,88.38,2025-08-29 10:23:24
S000370,O0006329,Home Shirt 2024/25,Home Shirt,1,74.32,2024-10-30 15:48:12
S002330,O0006330,Accessories 2024/25,Accessories,1,19.72,2025-06-25 01:11:46
S000008,O0006331,Third Kit 2024/25,Third Kit,1,77.79,2025-08-31 07:26:50
S000561,O0006332,Retro 2024/25,Retro,1,69.78,2025-05-25 03:00:45
S001008,O0006333,Retro 2024/25,Retro,1,60.89,2025-09-11 03:58:49
S002491,O0006334,Home Shirt 2024/25,Home Shirt,1,99.4,2025-02-01 19:26:41
S001520,O0006335,Third Kit 2024/25,Third Kit,1,76.61,2025-04-12 20:40:16
S003403,O0006336,Training Wear 2024/25,Training Wear,1,55.71,2025-04-28 09:19:01
S003638,O0006337,Home Shirt 2024/25,Home Shirt,1,77.89,2025-08-26 15:22:23
S000519,O0006338,Accessories 2024/25,Accessories,1,24.55,2025-09-03 21:26:13
S001430,O0006339,Training Wear 2024/25,Training Wear,1,55.45,2024-11-13 20:14:51
S000699,O0006340,Third Kit 2024/25,Third Kit,2,180.37,2025-09-10 01:56:50
S004149,O0006341,Third Kit 2024/25,Third Kit,3,240.54,2025-02-13 21:01:24
S002493,O0006342,Training Wear 2024/25,Training Wear,3,153.37,2025-09-19 03:46:27
S004800,O0006343,Home Shirt 2024/25,Home Shirt,1,87.83,2025-02-09 06:41:57
S000094,O0006344,Kids 2024/25,Kids,1,57.74,2025-08-29 16:30:07
S002360,O0006345,Kids 2024/25,Kids,1,57.67,2025-09-01 18:03:03
S001030,O0006346,Third Kit 2024/25,Third Kit,1,83.94,2024-12-04 19:40:20
S002782,O0006347,Retro 2024/25,Retro,1,73.47,2025-09-18 10:56:11
S000843,O0006348,Third Kit 2024/25,Third Kit,1,86.36,2025-02-24 04:16:28
S002053,O0006349,Home Shirt 2024/25,Home Shirt,1,86.45,2025-09-19 16:05:20
S003123,O0006350,Away Shirt 2024/25,Away Shirt,1,95.5,2025-04-19 21:55:16
S001907,O0006351,Home Shirt 2024/25,Home Shirt,1,97.92,2025-08-31 09:54:30
S004772,O0006352,Retro 2024/25,Retro,3,239.95,2025-07-09 12:43:58
S002639,O0006353,Retro 2024/25,Retro,1,73.91,2025-05-25 10:19:36
S003585,O0006354,Third Kit 2024/25,Third Kit,1,73.8,2025-09-02 05:39:44
S002384,O0006355,Kids 2024/25,Kids,1,61.61,2025-08-26 04:14:07
S000291,O0006356,Training Wear 2024/25,Training Wear,3,164.28,2025-09-06 22:32:13
S003282,O0006357,Retro 2024/25,Retro,1,77.91,2024-12-11 01:40:58
S002847,O0006358,Accessories 2024/25,Accessories,1,20.44,2025-07-03 17:28:34
S004630,O0006359,Training Wear 2024/25,Training Wear,1,64.57,2025-07-05 23:03:43
S001487,O0006360,Third Kit 2024/25,Third Kit,2,185.39,2025-05-24 09:05:12
S003828,O0006361,Third Kit 2024/25,Third Kit,2,172.96,2025-09-03 18:26:13
S000026,O0006362,Training Wear 2024/25,Training Wear,1,55.68,2025-08-20 06:21:31
S003072,O0006363,Third Kit 2024/25,Third Kit,1,93.59,2025-09-14 21:41:52
S002342,O0006364,Away Shirt 2024/25,Away Shirt,1,97.47,2024-10-09 05:44:33
S004429,O0006365,Third Kit 2024/25,Third Kit,2,152.26,2025-07-23 10:21:11
S000950,O0006366,Away Shirt 2024/25,Away Shirt,1,94.01,2025-08-23 03:21:07
S000694,O0006367,Home Shirt 2024/25,Home Shirt,1,79.73,2024-09-28 14:54:44
S001311,O0006368,Accessories 2024/25,Accessories,1,22.75,2025-08-26 13:01:39
S004880,O0006369,Kids 2024/25,Kids,1,50.99,2024-11-25 08:02:26
S004004,O0006370,Training Wear 2024/25,Training Wear,1,52.27,2025-09-03 14:17:16
S001022,O0006371,Accessories 2024/25,Accessories,1,19.86,2025-08-23 11:57:29
S001003,O0006372,Away Shirt 2024/25,Away Shirt,1,80.57,2025-08-28 16:38:00
S002886,O0006373,Accessories 2024/25,Accessories,1,24.3,2025-08-03 20:41:38
S003822,O0006374,Away Shirt 2024/25,Away Shirt,1,80.24,2025-06-11 09:45:53
S000810,O0006375,Accessories 2024/25,Accessories,1,18.41,2025-07-04 04:01:01
S003798,O0006376,Third Kit 2024/25,Third Kit,1,93.0,2025-08-29 22:42:52
S004595,O0006377,Third Kit 2024/25,Third Kit,2,159.63,2025-04-15 06:00:55
S000204,O0006378,Home Shirt 2024/25,Home Shirt,1,77.29,2025-08-25 14:27:38
S000100,O0006379,Retro 2024/25,Retro,1,78.07,2025-08-27 04:47:51
S000322,O0006380,Accessories 2024/25,Accessories,1,22.57,2025-02-07 12:14:34
S003681,O0006381,Home Shirt 2024/25,Home Shirt,1,99.59,2025-02-04 14:40:32
S000488,O0006382,Accessories 2024/25,Accessories,1,22.53,2024-11-27 17:35:31
S002388,O0006383,Retro 2024/25,Retro,2,140.12,2025-09-14 07:05:21
S004994,O0006384,Retro 2024/25,Retro,1,60.68,2024-11-28 05:18:31
S003587,O0006385,Retro 2024/25,Retro,1,77.95,2025-08-30 06:31:55
S003895,O0006386,Away Shirt 2024/25,Away Shirt,1,84.68,2025-08-23 13:55:33
S003526,O0006387,Accessories 2024/25,Accessories,1,24.45,2025-09-03 15:41:07
S000397,O0006388,Retro 2024/25,Retro,1,75.19,2025-08-29 18:03:32
S004939,O0006389,Away Shirt 2024/25,Away Shirt,1,73.13,2025-09-14 06:38:34
S002308,O0006390,Retro 2024/25,Retro,2,119.88,2024-10-31 14:17:59
S004739,O0006391,Home Shirt 2024/25,Home Shirt,1,75.18,2025-07-13 09:52:41
S004783,O0006392,Training Wear 2024/25,Training Wear,1,59.36,2025-09-17 12:56:16
S001890,O0006393,Away Shirt 2024/25,Away Shirt,1,82.38,2025-04-21 21:07:13
S002324,O0006394,Retro 2024/25,Retro,1,63.31,2025-09-01 04:14:51
S002851,O0006395,Home Shirt 2024/25,Home Shirt,2,160.44,2025-01-08 06:21:31
S004452,O0006396,Accessories 2024/25,Accessories,1,20.22,2025-09-17 10:13:33
S004026,O0006397,Away Shirt 2024/25,Away Shirt,1,78.22,2025-07-28 04:50:17
S003872,O0006398,Accessories 2024/25,Accessories,1,21.88,2025-09-05 17:31:00
S003845,O0006399,Third Kit 2024/25,Third Kit,1,76.13,2025-09-18 11:09:36
S000120,O0006400,Home Shirt 2024/25,Home Shirt,1,94.14,2025-08-22 19:36:41
S001560,O0006401,Third Kit 2024/25,Third Kit,1,72.8,2025-09-19 00:08:15
S002537,O0006402,Accessories 2024/25,Accessories,1,21.86,2025-08-29 23:10:39
S003178,O0006403,Accessories 2024/25,Accessories,3,55.44,2025-02-22 21:57:20
S002146,O0006404,Third Kit 2024/25,Third Kit,1,88.8,2025-04-26 21:46:35
S004467,O0006405,Home Shirt 2024/25,Home Shirt,1,94.05,2025-04-07 00:52:57
S002808,O0006406,Accessories 2024/25,Accessories,1,18.8,2025-08-25 18:02:04
S000325,O0006407,Away Shirt 2024/25,Away Shirt,3,260.32,2025-09-17 15:56:13
S001747,O0006408,Kids 2024/25,Kids,1,45.53,2024-10-20 19:30:44
S001592,O0006409,Retro 2024/25,Retro,1,80.8,2025-04-04 20:23:37
S004542,O0006410,Away Shirt 2024/25,Away Shirt,1,91.22,2025-09-02 20:48:42
S004145,O0006411,Training Wear 2024/25,Training Wear,1,59.18,2025-03-30 00:01:06
S004806,O0006412,Kids 2024/25,Kids,1,53.31,2025-07-27 03:53:36
S002253,O0006413,Retro 2024/25,Retro,1,62.74,2025-08-29 14:14:53
S000279,O0006414,Kids 2024/25,Kids,1,60.64,2025-05-02 08:37:25
S003777,O0006415,Kids 2024/25,Kids,1,46.66,2025-08-25 01:27:25
S001923,O0006416,Accessories 2024/25,Accessories,1,22.2,2025-08-21 21:47:07
S002260,O0006417,Training Wear 2024/25,Training Wear,3,150.55,2025-09-04 16:08:54
S002223,O0006418,Home Shirt 2024/25,Home Shirt,1,93.12,2025-08-27 10:05:34
S003921,O0006419,Accessories 2024/25,Accessories,1,21.51,2025-09-09 14:43:23
S001174,O0006420,Third Kit 2024/25,Third Kit,1,84.22,2025-02-27 05:11:27
S002459,O0006421,Training Wear 2024/25,Training Wear,1,67.37,2025-09-19 15:08:16
S003531,O0006422,Home Shirt 2024/25,Home Shirt,1,99.61,2025-09-04 17:27:32
S002759,O0006423,Retro 2024/25,Retro,1,67.73,2025-04-18 11:09:40
S000857,O0006424,Training Wear 2024/25,Training Wear,1,62.78,2025-05-07 15:34:07
S004971,O0006425,Home Shirt 2024/25,Home Shirt,2,175.18,2025-07-11 12:18:48
S002993,O0006426,Kids 2024/25,Kids,1,60.3,2025-01-04 11:30:30
S003479,O0006427,Accessories 2024/25,Accessories,3,60.98,2025-09-03 10:11:33
S004658,O0006428,Third Kit 2024/25,Third Kit,1,91.66,2024-11-30 21:38:00
S004608,O0006429,Third Kit 2024/25,Third Kit,1,88.94,2025-09-09 04:59:46
S003663,O0006430,Home Shirt 2024/25,Home Shirt,2,182.59,2024-11-24 20:13:56
S000107,O0006431,Away Shirt 2024/25,Away Shirt,1,95.49,2025-08-30 18:23:46
S000117,O0006432,Third Kit 2024/25,Third Kit,2,142.95,2025-05-18 19:07:18
S001628,O0006433,Home Shirt 2024/25,Home Shirt,1,87.11,2024-11-09 22:41:36
S004293,O0006434,Home Shirt 2024/25,Home Shirt,1,83.47,2024-11-23 03:01:10
S003194,O0006435,Third Kit 2024/25,Third Kit,1,86.41,2025-09-02 12:21:16
S000917,O0006436,Accessories 2024/25,Accessories,1,23.77,2025-09-13 02:16:45
S002038,O0006437,Accessories 2024/25,Accessories,1,19.05,2025-07-31 12:26:27
S000794,O0006438,Home Shirt 2024/25,Home Shirt,1,78.33,2025-09-16 00:19:48
S001851,O0006439,Kids 2024/25,Kids,1,46.9,2025-09-02 00:08:46
S000896,O0006440,Accessories 2024/25,Accessories,3,59.67,2024-09-23 02:13:49
S003506,O0006441,Home Shirt 2024/25,Home Shirt,1,98.5,2024-12-13 16:40:03
S002244,O0006442,Kids 2024/25,Kids,1,47.89,2025-07-20 14:40:25
S001110,O0006443,Retro 2024/25,Retro,1,79.57,2025-08-22 11:17:23
S004611,O0006444,Kids 2024/25,Kids,1,55.47,2025-05-23 15:30:08
S002320,O0006445,Home Shirt 2024/25,Home Shirt,1,83.34,2024-10-01 03:28:04
S004241,O0006446,Away Shirt 2024/25,Away Shirt,1,97.42,2025-09-01 05:50:36
S002134,O0006447,Kids 2024/25,Kids,1,47.5,2025-08-25 07:03:29
S004350,O0006448,Training Wear 2024/25,Training Wear,1,51.72,2025-01-20 00:06:30
S004736,O0006449,Training Wear 2024/25,Training Wear,1,63.2,2024-11-08 12:05:57
S004612,O0006450,Home Shirt 2024/25,Home Shirt,1,93.99,2025-06-15 07:45:16
S002542,O0006451,Third Kit 2024/25,Third Kit,1,84.15,2025-03-22 08:12:17
S003859,O0006452,Away Shirt 2024/25,Away Shirt,1,94.16,2025-05-12 06:00:02
S001412,O0006453,Kids 2024/25,Kids,1,50.91,2025-09-07 12:24:28
S003025,O0006454,Accessories 2024/25,Accessories,1,23.05,2025-09-02 19:04:31
S002309,O0006455,Accessories 2024/25,Accessories,1,21.73,2025-05-18 08:22:04
S004659,O0006456,Third Kit 2024/25,Third Kit,1,73.35,2024-12-27 16:29:00
S004145,O0006457,Third Kit 2024/25,Third Kit,2,177.06,2025-09-04 14:47:15
S003901,O0006458,Retro 2024/25,Retro,1,69.69,2025-01-16 10:52:58
S001579,O0006459,Away Shirt 2024/25,Away Shirt,1,87.88,2025-04-23 20:07:28
S002165,O0006460,Away Shirt 2024/25,Away Shirt,1,99.36,2024-11-02 06:09:25
S004734,O0006461,Home Shirt 2024/25,Home Shirt,1,73.39,2025-09-08 09:46:07
S004025,O0006462,Away Shirt 2024/25,Away Shirt,1,84.88,2025-02-03 16:04:08
S001207,O0006463,Accessories 2024/25,Accessories,3,72.13,2025-07-31 00:41:21
S000068,O0006464,Third Kit 2024/25,Third Kit,1,78.55,2024-11-07 23:21:23
S002567,O0006465,Kids 2024/25,Kids,1,56.24,2025-05-08 00:25:15
S003381,O0006466,Home Shirt 2024/25,Home Shirt,1,86.37,2025-04-03 02:52:06
S004311,O0006467,Accessories 2024/25,Accessories,1,19.01,2025-09-08 20:38:48
S004943,O0006468,Retro 2024/25,Retro,1,65.66,2025-04-20 11:15:52
S002490,O0006469,Training Wear 2024/25,Training Wear,2,100.28,2024-11-03 00:42:25
S003465,O0006470,Retro 2024/25,Retro,1,76.03,2024-11-02 13:48:58
S002852,O0006471,Third Kit 2024/25,Third Kit,1,87.45,2025-09-17 17:42:59
S002042,O0006472,Retro 2024/25,Retro,1,59.97,2025-08-24 16:02:21
S004109,O0006473,Accessories 2024/25,Accessories,1,24.96,2025-03-15 12:41:49
S003201,O0006474,Retro 2024/25,Retro,1,76.12,2025-09-12 21:36:09
S000802,O0006475,Accessories 2024/25,Accessories,1,24.63,2025-08-03 02:44:07
S001743,O0006476,Training Wear 2024/25,Training Wear,1,53.01,2025-08-22 10:08:09
S004709,O0006477,Third Kit 2024/25,Third Kit,3,218.83,2025-09-17 12:55:26
S001399,O0006478,Third Kit 2024/25,Third Kit,2,177.63,2025-08-28 23:49:22
S002754,O0006479,Home Shirt 2024/25,Home Shirt,1,92.75,2025-08-28 11:41:27
S002752,O0006480,Training Wear 2024/25,Training Wear,3,160.13,2024-11-22 02:11:43
S003302,O0006481,Away Shirt 2024/25,Away Shirt,1,82.9,2025-02-12 19:04:37
S003157,O0006482,Training Wear 2024/25,Training Wear,1,57.43,2025-05-26 08:20:20
S001264,O0006483,Third Kit 2024/25,Third Kit,1,84.32,2024-11-17 14:06:41
S004539,O0006484,Third Kit 2024/25,Third Kit,1,89.29,2025-01-13 05:35:55
S002009,O0006485,Away Shirt 2024/25,Away Shirt,1,99.2,2025-03-29 08:41:29
S003924,O0006486,Away Shirt 2024/25,Away Shirt,2,159.16,2025-04-14 14:22:07
S000360,O0006487,Retro 2024/25,Retro,1,63.42,2025-09-10 06:45:46
S000315,O0006488,Away Shirt 2024/25,Away Shirt,1,79.3,2025-08-23 14:02:44
S002823,O0006489,Retro 2024/25,Retro,1,76.49,2025-09-09 00:49:17
S002740,O0006490,Kids 2024/25,Kids,2,113.71,2024-12-28 09:04:22
S003765,O0006491,Accessories 2024/25,Accessories,3,62.47,2025-08-30 02:35:04
S000128,O0006492,Accessories 2024/25,Accessories,1,18.2,2025-09-13 15:07:11
S004863,O0006493,Third Kit 2024/25,Third Kit,1,74.63,2025-07-18 17:08:04
S001839,O0006494,Away Shirt 2024/25,Away Shirt,1,92.14,2024-10-21 20:15:10
S002473,O0006495,Away Shirt 2024/25,Away Shirt,1,92.46,2025-03-13 02:35:22
S003277,O0006496,Accessories 2024/25,Accessories,1,19.77,2025-09-02 01:35:59
S003668,O0006497,Accessories 2024/25,Accessories,1,19.29,2025-08-31 05:20:37
S000324,O0006498,Away Shirt 2024/25,Away Shirt,1,80.71,2025-09-09 22:58:29
S004400,O0006499,Home Shirt 2024/25,Home Shirt,2,191.48,2025-01-15 17:32:38
S001974,O0006500,Training Wear 2024/25,Training Wear,1,50.94,2025-03-20 19:30:10
S004770,O0006501,Away Shirt 2024/25,Away Shirt,1,86.62,2025-09-18 16:58:21
S001757,O0006502,Kids 2024/25,Kids,1,62.44,2025-04-04 05:31:18
S000265,O0006503,Away Shirt 2024/25,Away Shirt,1,81.8,2024-12-13 10:15:11
S000093,O0006504,Away Shirt 2024/25,Away Shirt,1,87.76,2025-04-25 12:19:06
S002801,O0006505,Accessories 2024/25,Accessories,1,21.79,2025-09-01 10:30:28
S000126,O0006506,Away Shirt 2024/25,Away Shirt,3,288.89,2025-09-03 05:21:55
S002272,O0006507,Accessories 2024/25,Accessories,1,22.77,2025-07-20 23:35:54
S004703,O0006508,Away Shirt 2024/25,Away Shirt,1,92.5,2025-07-01 05:57:55
S000366,O0006509,Retro 2024/25,Retro,1,71.48,2025-07-11 21:42:31
S001296,O0006510,Home Shirt 2024/25,Home Shirt,1,73.22,2025-09-19 09:19:30
S002565,O0006511,Kids 2024/25,Kids,1,45.11,2025-09-06 10:46:02
S001912,O0006512,Training Wear 2024/25,Training Wear,3,178.9,2025-08-10 19:35:48
S001814,O0006513,Third Kit 2024/25,Third Kit,1,90.36,2025-08-22 21:01:01
S000469,O0006514,Third Kit 2024/25,Third Kit,1,82.66,2025-09-04 04:37:39
S002585,O0006515,Kids 2024/25,Kids,3,140.08,2025-08-19 20:13:35
S002876,O0006516,Accessories 2024/25,Accessories,2,42.3,2025-09-14 00:45:46
S004524,O0006517,Kids 2024/25,Kids,1,60.15,2025-09-03 02:01:58
S002904,O0006518,Retro 2024/25,Retro,1,72.04,2024-10-12 00:18:32
S002609,O0006519,Accessories 2024/25,Accessories,1,18.8,2025-02-21 04:27:16
S001240,O0006520,Training Wear 2024/25,Training Wear,1,66.64,2025-09-01 22:32:20
S002981,O0006521,Accessories 2024/25,Accessories,1,22.66,2025-09-11 08:57:02
S001443,O0006522,Third Kit 2024/25,Third Kit,2,136.14,2025-08-29 22:52:43
S000557,O0006523,Third Kit 2024/25,Third Kit,1,88.32,2025-01-01 17:17:56
S002115,O0006524,Home Shirt 2024/25,Home Shirt,3,265.2,2025-05-19 02:08:24
S003691,O0006525,Third Kit 2024/25,Third Kit,2,152.66,2025-09-01 06:47:47
S004544,O0006526,Third Kit 2024/25,Third Kit,1,68.33,2024-10-17 01:01:05
S001097,O0006527,Away Shirt 2024/25,Away Shirt,2,173.86,2025-09-05 10:18:50
S004952,O0006528,Away Shirt 2024/25,Away Shirt,1,73.05,2025-09-04 23:45:46
S003591,O0006529,Home Shirt 2024/25,Home Shirt,1,96.58,2025-04-25 21:06:40
S000529,O0006530,Accessories 2024/25,Accessories,1,21.73,2024-12-31 14:06:57
S001584,O0006531,Accessories 2024/25,Accessories,1,23.2,2025-09-20 02:56:54
S000738,O0006532,Third Kit 2024/25,Third Kit,1,72.35,2025-01-30 02:37:52
S001030,O0006533,Away Shirt 2024/25,Away Shirt,1,87.97,2024-12-17 22:08:12
S004650,O0006534,Training Wear 2024/25,Training Wear,1,64.02,2025-09-19 16:03:37
S003374,O0006535,Home Shirt 2024/25,Home Shirt,1,94.38,2024-10-11 19:15:28
S002513,O0006536,Retro 2024/25,Retro,1,73.26,2025-09-05 03:20:25
S000640,O0006537,Third Kit 2024/25,Third Kit,1,87.53,2025-08-31 08:15:10
S004347,O0006538,Third Kit 2024/25,Third Kit,1,91.21,2025-09-01 22:19:07
S002623,O0006539,Retro 2024/25,Retro,1,73.3,2024-11-02 23:45:44
S000130,O0006540,Home Shirt 2024/25,Home Shirt,1,95.37,2025-08-25 17:18:20
S000129,O0006541,Third Kit 2024/25,Third Kit,1,81.29,2025-09-02 21:49:07
S004201,O0006542,Kids 2024/25,Kids,2,122.34,2025-08-21 17:44:47
S001125,O0006543,Kids 2024/25,Kids,1,59.5,2024-12-03 21:27:48
S000622,O0006544,Accessories 2024/25,Accessories,1,18.49,2025-09-17 11:38:50
S000464,O0006545,Training Wear 2024/25,Training Wear,1,66.22,2025-05-20 20:37:44
S001656,O0006546,Retro 2024/25,Retro,2,143.08,2025-09-14 00:34:53
S002038,O0006547,Third Kit 2024/25,Third Kit,2,153.27,2025-09-15 14:33:34
S000701,O0006548,Kids 2024/25,Kids,3,136.81,2025-09-17 12:57:47
S000935,O0006549,Third Kit 2024/25,Third Kit,1,83.9,2025-02-21 00:08:25
S003942,O0006550,Kids 2024/25,Kids,1,45.25,2025-08-29 10:30:12
S002368,O0006551,Away Shirt 2024/25,Away Shirt,3,244.46,2025-09-17 18:06:06
S003928,O0006552,Kids 2024/25,Kids,2,111.17,2025-01-09 15:19:22
S004543,O0006553,Third Kit 2024/25,Third Kit,1,86.79,2025-08-01 11:14:57
S001630,O0006554,Home Shirt 2024/25,Home Shirt,1,95.01,2025-09-16 06:41:17
S000975,O0006555,Third Kit 2024/25,Third Kit,1,90.47,2025-09-18 01:27:17
S000660,O0006556,Away Shirt 2024/25,Away Shirt,1,77.99,2025-09-19 14:34:45
S000922,O0006557,Accessories 2024/25,Accessories,1,19.21,2025-08-29 09:30:20
S004631,O0006558,Retro 2024/25,Retro,1,75.52,2025-03-13 14:16:22
S001283,O0006559,Home Shirt 2024/25,Home Shirt,2,166.81,2025-08-30 23:34:43
S004297,O0006560,Away Shirt 2024/25,Away Shirt,1,72.95,2024-12-15 20:33:16
S004883,O0006561,Away Shirt 2024/25,Away Shirt,1,82.92,2024-10-24 15:38:12
S001956,O0006562,Away Shirt 2024/25,Away Shirt,1,81.43,2025-08-07 08:04:05
S003370,O0006563,Retro 2024/25,Retro,1,64.62,2024-10-25 06:13:51
S002264,O0006564,Kids 2024/25,Kids,2,120.68,2025-09-03 02:50:08
S000087,O0006565,Accessories 2024/25,Accessories,3,70.63,2025-07-11 07:20:58
S000954,O0006566,Kids 2024/25,Kids,1,55.96,2024-10-24 14:51:31
S002921,O0006567,Retro 2024/25,Retro,3,177.75,2024-10-26 18:01:41
S000518,O0006568,Training Wear 2024/25,Training Wear,1,52.72,2025-09-20 10:36:22
S004765,O0006569,Retro 2024/25,Retro,1,65.8,2025-09-13 11:58:40
S004998,O0006570,Home Shirt 2024/25,Home Shirt,1,77.84,2025-02-28 00:32:29
S003864,O0006571,Retro 2024/25,Retro,1,74.04,2025-08-26 15:49:29
S004111,O0006572,Retro 2024/25,Retro,1,71.7,2025-04-12 00:41:05
S000036,O0006573,Home Shirt 2024/25,Home Shirt,1,78.9,2024-12-29 05:21:23
S002855,O0006574,Accessories 2024/25,Accessories,1,22.09,2025-02-11 13:45:51
S003188,O0006575,Accessories 2024/25,Accessories,1,24.0,2025-06-17 04:47:40
S004166,O0006576,Retro 2024/25,Retro,1,58.82,2025-08-29 20:51:51
S000469,O0006577,Training Wear 2024/25,Training Wear,1,54.31,2025-01-13 18:36:28
S004528,O0006578,Retro 2024/25,Retro,2,129.66,2025-09-05 11:23:10
S001058,O0006579,Accessories 2024/25,Accessories,1,21.91,2024-12-28 17:55:38
S000301,O0006580,Retro 2024/25,Retro,1,68.44,2025-06-20 19:31:15
S002941,O0006581,Home Shirt 2024/25,Home Shirt,1,90.77,2025-09-02 21:22:35
S004463,O0006582,Kids 2024/25,Kids,1,53.69,2025-04-01 01:16:04
S003484,O0006583,Away Shirt 2024/25,Away Shirt,1,87.98,2025-03-11 21:37:40
S002389,O0006584,Home Shirt 2024/25,Home Shirt,1,81.35,2025-08-20 05:13:17
S002680,O0006585,Retro 2024/25,Retro,2,160.14,2025-09-02 00:07:22
S000950,O0006586,Away Shirt 2024/25,Away Shirt,1,87.05,2025-05-13 06:20:05
S004182,O0006587,Retro 2024/25,Retro,1,63.34,2025-08-22 19:50:36
S003297,O0006588,Away Shirt 2024/25,Away Shirt,1,85.15,2025-05-24 07:12:11
S003515,O0006589,Home Shirt 2024/25,Home Shirt,1,77.0,2025-09-04 05:06:20
S002065,O0006590,Home Shirt 2024/25,Home Shirt,1,92.46,2024-10-19 08:21:34
S002956,O0006591,Kids 2024/25,Kids,1,59.11,2025-08-22 11:09:40
S004918,O0006592,Third Kit 2024/25,Third Kit,1,69.11,2024-11-18 18:21:11
S000092,O0006593,Retro 2024/25,Retro,1,59.31,2025-06-25 09:20:54
S002629,O0006594,Accessories 2024/25,Accessories,1,21.85,2024-11-28 06:48:01
S001976,O0006595,Accessories 2024/25,Accessories,1,22.93,2024-11-19 04:30:03
S003161,O0006596,Third Kit 2024/25,Third Kit,1,69.32,2024-10-20 21:47:25
S004505,O0006597,Kids 2024/25,Kids,3,186.91,2024-10-10 02:00:43
S004653,O0006598,Accessories 2024/25,Accessories,1,21.77,2025-05-24 04:56:26
S003061,O0006599,Retro 2024/25,Retro,1,60.69,2025-05-23 07:16:57
S000926,O0006600,Away Shirt 2024/25,Away Shirt,1,86.02,2025-07-14 11:45:07
S001344,O0006601,Training Wear 2024/25,Training Wear,1,53.24,2025-09-08 00:28:36
S001029,O0006602,Accessories 2024/25,Accessories,1,23.02,2024-09-23 09:15:21
S002575,O0006603,Training Wear 2024/25,Training Wear,2,122.59,2025-09-11 07:11:43
S003728,O0006604,Home Shirt 2024/25,Home Shirt,1,88.19,2025-09-01 00:02:31
S003000,O0006605,Home Shirt 2024/25,Home Shirt,1,90.45,2025-09-06 03:33:49
S002231,O0006606,Third Kit 2024/25,Third Kit,1,87.51,2025-08-10 18:17:51
S000561,O0006607,Training Wear 2024/25,Training Wear,1,55.87,2025-09-11 01:45:25
S000290,O0006608,Training Wear 2024/25,Training Wear,1,67.3,2025-08-25 10:16:50
S002764,O0006609,Retro 2024/25,Retro,1,70.05,2025-07-09 00:04:02
S002343,O0006610,Training Wear 2024/25,Training Wear,1,63.63,2025-06-22 15:16:35
S004042,O0006611,Kids 2024/25,Kids,2,112.18,2024-10-31 18:23:10
S003317,O0006612,Training Wear 2024/25,Training Wear,1,50.87,2025-09-07 00:00:49
S004992,O0006613,Retro 2024/25,Retro,1,60.58,2025-05-01 18:01:19
S002607,O0006614,Retro 2024/25,Retro,1,68.91,2025-08-22 04:39:10
S000394,O0006615,Away Shirt 2024/25,Away Shirt,1,94.23,2025-09-01 03:09:51
S001170,O0006616,Away Shirt 2024/25,Away Shirt,1,73.09,2025-01-21 13:43:01
S002145,O0006617,Kids 2024/25,Kids,1,45.39,2025-06-18 22:45:57
S004940,O0006618,Away Shirt 2024/25,Away Shirt,1,72.58,2025-09-06 10:34:04
S002851,O0006619,Third Kit 2024/25,Third Kit,1,77.74,2025-09-09 05:00:54
S001114,O0006620,Training Wear 2024/25,Training Wear,1,67.62,2025-08-27 15:44:13
S000850,O0006621,Retro 2024/25,Retro,2,154.12,2025-02-27 16:46:49
S001351,O0006622,Away Shirt 2024/25,Away Shirt,1,77.63,2025-09-20 09:27:00
S003765,O0006623,Home Shirt 2024/25,Home Shirt,1,81.38,2025-02-23 15:47:01
S002991,O0006624,Training Wear 2024/25,Training Wear,1,58.43,2024-11-26 23:37:38
S003566,O0006625,Away Shirt 2024/25,Away Shirt,2,181.08,2025-04-29 12:42:31
S004738,O0006626,Home Shirt 2024/25,Home Shirt,1,98.16,2025-08-25 22:42:05
S000176,O0006627,Training Wear 2024/25,Training Wear,1,50.0,2024-11-26 12:21:02
S000643,O0006628,Kids 2024/25,Kids,1,61.27,2025-08-23 06:04:29
S001242,O0006629,Kids 2024/25,Kids,3,162.06,2025-08-31 16:05:16
S002313,O0006630,Away Shirt 2024/25,Away Shirt,1,85.44,2025-08-29 01:04:33
S004976,O0006631,Away Shirt 2024/25,Away Shirt,1,96.83,2025-05-07 02:51:09
S004091,O0006632,Training Wear 2024/25,Training Wear,1,68.43,2025-05-06 22:52:03
S003801,O0006633,Home Shirt 2024/25,Home Shirt,1,87.38,2025-09-07 16:31:38
S003497,O0006634,Home Shirt 2024/25,Home Shirt,1,75.09,2025-05-22 16:23:19
S004261,O0006635,Away Shirt 2024/25,Away Shirt,1,98.11,2025-03-31 04:25:19
S002060,O0006636,Kids 2024/25,Kids,1,45.85,2024-12-01 18:19:53
S001025,O0006637,Retro 2024/25,Retro,1,78.46,2025-09-09 09:29:37
S000442,O0006638,Away Shirt 2024/25,Away Shirt,1,93.35,2025-09-15 23:00:13
S004472,O0006639,Away Shirt 2024/25,Away Shirt,1,73.99,2025-09-12 20:47:09
S002353,O0006640,Away Shirt 2024/25,Away Shirt,2,154.24,2024-11-27 17:11:41
S003170,O0006641,Training Wear 2024/25,Training Wear,1,51.62,2025-06-30 19:41:43
S001886,O0006642,Retro 2024/25,Retro,1,63.7,2025-09-01 19:17:20
S003053,O0006643,Away Shirt 2024/25,Away Shirt,3,248.31,2025-09-04 10:06:35
S001819,O0006644,Accessories 2024/25,Accessories,1,20.7,2024-10-16 02:52:37
S003339,O0006645,Accessories 2024/25,Accessories,1,23.44,2025-04-13 12:34:53
S000878,O0006646,Retro 2024/25,Retro,1,75.36,2024-11-25 23:51:49
S003577,O0006647,Away Shirt 2024/25,Away Shirt,1,75.1,2025-03-10 23:43:17
S000248,O0006648,Home Shirt 2024/25,Home Shirt,1,73.66,2025-09-16 19:15:54
S001550,O0006649,Training Wear 2024/25,Training Wear,1,65.56,2025-01-24 05:53:09
S001017,O0006650,Third Kit 2024/25,Third Kit,1,84.4,2025-08-23 11:36:33
S000846,O0006651,Third Kit 2024/25,Third Kit,1,93.54,2025-08-22 13:06:17
S000195,O0006652,Retro 2024/25,Retro,1,65.41,2025-09-10 13:09:04
S003266,O0006653,Accessories 2024/25,Accessories,1,24.81,2024-12-27 17:03:41
S002289,O0006654,Training Wear 2024/25,Training Wear,1,52.91,2025-01-29 05:36:22
S000370,O0006655,Third Kit 2024/25,Third Kit,1,72.6,2025-08-28 10:58:38
S002493,O0006656,Accessories 2024/25,Accessories,1,20.47,2025-09-09 18:56:56
S002297,O0006657,Kids 2024/25,Kids,2,112.62,2025-03-05 12:54:25
S002631,O0006658,Accessories 2024/25,Accessories,1,19.84,2025-08-26 13:48:13
S002425,O0006659,Third Kit 2024/25,Third Kit,1,87.88,2025-04-20 01:39:01
S003739,O0006660,Retro 2024/25,Retro,1,72.3,2025-03-04 21:09:30
S004813,O0006661,Accessories 2024/25,Accessories,1,24.61,2025-08-24 09:20:38
S004160,O0006662,Away Shirt 2024/25,Away Shirt,1,94.53,2025-08-22 04:25:15
S004539,O0006663,Training Wear 2024/25,Training Wear,1,63.62,2025-08-26 16:28:59
S002082,O0006664,Training Wear 2024/25,Training Wear,2,107.4,2024-10-26 16:39:21
S004326,O0006665,Away Shirt 2024/25,Away Shirt,1,93.52,2025-09-03 14:52:56
S002093,O0006666,Accessories 2024/25,Accessories,1,18.3,2025-08-31 16:07:05
S001488,O0006667,Accessories 2024/25,Accessories,2,46.71,2025-08-30 12:33:25
S003620,O0006668,Home Shirt 2024/25,Home Shirt,1,83.86,2025-09-01 14:44:57
S000902,O0006669,Away Shirt 2024/25,Away Shirt,1,80.9,2025-08-26 10:56:35
S003624,O0006670,Training Wear 2024/25,Training Wear,2,116.5,2024-12-29 10:09:53
S003313,O0006671,Training Wear 2024/25,Training Wear,2,114.25,2025-09-02 00:14:51
S004200,O0006672,Training Wear 2024/25,Training Wear,2,122.08,2025-09-06 02:13:05
S001046,O0006673,Retro 2024/25,Retro,3,183.58,2025-09-11 20:25:26
S002857,O0006674,Retro 2024/25,Retro,1,65.35,2024-11-06 04:18:28
S004859,O0006675,Accessories 2024/25,Accessories,2,38.8,2025-03-05 14:53:11
S003447,O0006676,Kids 2024/25,Kids,1,55.28,2025-01-19 07:20:31
S000591,O0006677,Training Wear 2024/25,Training Wear,3,195.47,2025-09-14 01:04:55
S000610,O0006678,Accessories 2024/25,Accessories,1,18.05,2024-09-27 01:46:29
S003451,O0006679,Home Shirt 2024/25,Home Shirt,2,167.18,2025-09-12 12:18:11
S003770,O0006680,Kids 2024/25,Kids,1,55.0,2024-10-29 15:23:22
S001189,O0006681,Third Kit 2024/25,Third Kit,1,86.23,2025-09-11 04:33:07
S001222,O0006682,Away Shirt 2024/25,Away Shirt,1,98.66,2025-05-12 03:43:27
S003431,O0006683,Retro 2024/25,Retro,1,64.64,2025-07-15 21:40:43
S001945,O0006684,Retro 2024/25,Retro,1,75.01,2025-09-03 00:21:36
S004393,O0006685,Home Shirt 2024/25,Home Shirt,1,84.2,2025-08-27 01:27:37
S003011,O0006686,Retro 2024/25,Retro,1,72.55,2025-09-11 21:51:37
S002785,O0006687,Home Shirt 2024/25,Home Shirt,1,83.65,2025-02-13 08:45:12
S002473,O0006688,Third Kit 2024/25,Third Kit,1,84.98,2025-01-12 19:02:20
S000369,O0006689,Away Shirt 2024/25,Away Shirt,1,97.09,2024-11-23 04:54:50
S002822,O0006690,Home Shirt 2024/25,Home Shirt,1,76.71,2025-07-25 13:58:26
S002671,O0006691,Retro 2024/25,Retro,1,62.23,2025-09-20 09:28:30
S004581,O0006692,Third Kit 2024/25,Third Kit,1,74.03,2025-07-15 08:13:22
S000839,O0006693,Away Shirt 2024/25,Away Shirt,1,93.46,2025-09-08 02:22:10
S000294,O0006694,Away Shirt 2024/25,Away Shirt,1,80.02,2025-05-12 23:14:45
S002095,O0006695,Away Shirt 2024/25,Away Shirt,1,78.35,2025-08-26 05:17:29
S002254,O0006696,Third Kit 2024/25,Third Kit,1,82.78,2025-02-24 08:14:44
S003370,O0006697,Accessories 2024/25,Accessories,1,19.01,2024-09-23 04:45:38
S001193,O0006698,Training Wear 2024/25,Training Wear,2,125.64,2025-09-03 12:37:37
S000265,O0006699,Third Kit 2024/25,Third Kit,2,140.12,2025-09-10 06:21:26
S004650,O0006700,Retro 2024/25,Retro,2,158.0,2025-04-30 05:06:54
S000439,O0006701,Kids 2024/25,Kids,3,172.37,2025-09-16 23:08:14
S004386,O0006702,Retro 2024/25,Retro,1,75.21,2025-09-07 07:36:40
S004248,O0006703,Away Shirt 2024/25,Away Shirt,1,83.07,2025-08-09 05:36:12
S004472,O0006704,Training Wear 2024/25,Training Wear,1,58.13,2025-09-19 10:43:00
S002835,O0006705,Away Shirt 2024/25,Away Shirt,1,75.89,2025-04-19 07:47:52
S003570,O0006706,Retro 2024/25,Retro,1,66.88,2025-08-24 21:22:10
S001291,O0006707,Accessories 2024/25,Accessories,1,23.38,2025-05-28 03:40:23
S001169,O0006708,Retro 2024/25,Retro,1,58.75,2025-08-22 00:06:44
S002081,O0006709,Away Shirt 2024/25,Away Shirt,1,75.75,2025-09-09 13:59:06
S000461,O0006710,Accessories 2024/25,Accessories,1,23.81,2025-09-01 11:48:14
S004617,O0006711,Accessories 2024/25,Accessories,1,19.87,2025-04-03 06:18:59
S004952,O0006712,Away Shirt 2024/25,Away Shirt,1,84.56,2025-09-07 14:27:00
S003256,O0006713,Training Wear 2024/25,Training Wear,1,53.11,2025-06-18 05:47:04
S003246,O0006714,Kids 2024/25,Kids,1,60.56,2024-10-02 11:55:36
S001544,O0006715,Training Wear 2024/25,Training Wear,2,131.75,2025-09-04 18:15:25
S003488,O0006716,Training Wear 2024/25,Training Wear,1,62.1,2024-10-31 09:59:57
S000600,O0006717,Training Wear 2024/25,Training Wear,2,104.0,2024-10-16 10:14:01
S000904,O0006718,Retro 2024/25,Retro,1,66.61,2025-08-23 22:43:49
S003651,O0006719,Home Shirt 2024/25,Home Shirt,1,93.59,2025-09-10 11:45:50
S002646,O0006720,Retro 2024/25,Retro,1,73.65,2025-09-12 19:12:21
S000686,O0006721,Kids 2024/25,Kids,2,120.97,2025-08-31 00:23:17
S000364,O0006722,Third Kit 2024/25,Third Kit,1,89.1,2024-09-30 14:27:47
S000277,O0006723,Retro 2024/25,Retro,1,72.36,2025-09-04 00:31:03
S001039,O0006724,Accessories 2024/25,Accessories,1,19.29,2025-09-03 15:24:43
S002106,O0006725,Kids 2024/25,Kids,1,54.63,2024-10-21 15:05:25
S004357,O0006726,Third Kit 2024/25,Third Kit,1,69.75,2025-05-10 17:24:52
S004002,O0006727,Kids 2024/25,Kids,1,61.73,2025-08-24 23:41:19
S002148,O0006728,Away Shirt 2024/25,Away Shirt,1,95.87,2025-09-16 18:40:12
S001662,O0006729,Third Kit 2024/25,Third Kit,2,166.61,2025-09-09 21:10:35
S000358,O0006730,Away Shirt 2024/25,Away Shirt,1,77.55,2025-05-03 02:55:05
S000416,O0006731,Third Kit 2024/25,Third Kit,1,80.53,2025-09-02 14:25:45
S004822,O0006732,Away Shirt 2024/25,Away Shirt,1,76.12,2025-09-05 17:42:04
S004088,O0006733,Accessories 2024/25,Accessories,1,18.51,2025-04-25 22:15:40
S003232,O0006734,Training Wear 2024/25,Training Wear,1,57.93,2025-08-28 21:29:58
S004088,O0006735,Kids 2024/25,Kids,3,165.54,2025-04-17 09:51:41
S004977,O0006736,Accessories 2024/25,Accessories,1,20.48,2025-09-03 00:11:42
S004462,O0006737,Third Kit 2024/25,Third Kit,1,90.07,2025-08-26 02:14:41
S000078,O0006738,Away Shirt 2024/25,Away Shirt,1,77.13,2024-10-12 09:14:20
S003387,O0006739,Away Shirt 2024/25,Away Shirt,1,89.99,2025-05-04 09:54:16
S002354,O0006740,Kids 2024/25,Kids,1,60.5,2025-08-28 17:03:55
S001406,O0006741,Kids 2024/25,Kids,1,56.97,2025-09-05 05:28:23
S003559,O0006742,Home Shirt 2024/25,Home Shirt,1,78.99,2025-05-14 14:06:52
S004795,O0006743,Kids 2024/25,Kids,1,60.8,2025-08-27 08:40:27
S002467,O0006744,Retro 2024/25,Retro,1,74.67,2025-05-23 00:57:34
S001798,O0006745,Training Wear 2024/25,Training Wear,1,50.23,2025-04-19 20:49:06
S000172,O0006746,Training Wear 2024/25,Training Wear,2,108.58,2025-09-17 11:04:42
S001975,O0006747,Home Shirt 2024/25,Home Shirt,1,81.27,2025-09-06 11:41:07
S001824,O0006748,Retro 2024/25,Retro,1,79.05,2025-09-09 04:47:42
S001381,O0006749,Retro 2024/25,Retro,1,71.47,2025-01-09 03:43:49
S003177,O0006750,Accessories 2024/25,Accessories,1,24.65,2025-01-15 18:39:59
S004739,O0006751,Third Kit 2024/25,Third Kit,1,93.6,2025-08-28 00:26:02
S002496,O0006752,Third Kit 2024/25,Third Kit,1,80.35,2024-12-17 01:30:01
S001693,O0006753,Home Shirt 2024/25,Home Shirt,1,94.88,2025-09-17 17:50:50
S001126,O0006754,Away Shirt 2024/25,Away Shirt,1,93.77,2025-05-23 15:11:36
S002779,O0006755,Home Shirt 2024/25,Home Shirt,1,89.28,2025-09-18 13:50:46
S002219,O0006756,Training Wear 2024/25,Training Wear,1,60.44,2025-08-29 07:33:30
S000728,O0006757,Retro 2024/25,Retro,1,79.63,2025-08-29 13:28:10
S000347,O0006758,Third Kit 2024/25,Third Kit,1,73.96,2025-09-19 22:07:37
S002246,O0006759,Kids 2024/25,Kids,1,61.42,2025-09-18 17:21:20
S001746,O0006760,Home Shirt 2024/25,Home Shirt,1,80.48,2024-11-06 07:55:57
S001808,O0006761,Accessories 2024/25,Accessories,1,23.15,2025-08-23 17:55:14
S003813,O0006762,Away Shirt 2024/25,Away Shirt,1,82.08,2024-11-28 19:57:38
S004711,O0006763,Retro 2024/25,Retro,1,71.88,2025-09-13 15:29:03
S004635,O0006764,Kids 2024/25,Kids,1,54.06,2025-09-14 00:40:12
S000273,O0006765,Retro 2024/25,Retro,1,62.15,2025-08-24 18:46:48
S002234,O0006766,Away Shirt 2024/25,Away Shirt,1,95.93,2024-11-12 23:55:34
S001781,O0006767,Away Shirt 2024/25,Away Shirt,1,96.69,2025-08-25 01:26:18
S003820,O0006768,Accessories 2024/25,Accessories,1,23.99,2025-04-20 18:28:49
S003252,O0006769,Kids 2024/25,Kids,1,55.67,2025-01-30 15:57:46
S004599,O0006770,Home Shirt 2024/25,Home Shirt,1,81.84,2025-08-31 18:22:47
S001024,O0006771,Kids 2024/25,Kids,1,61.33,2025-06-22 22:05:22
S000879,O0006772,Kids 2024/25,Kids,1,50.54,2025-08-24 03:26:28
S002891,O0006773,Accessories 2024/25,Accessories,1,18.76,2025-01-22 14:39:33
S001820,O0006774,Kids 2024/25,Kids,1,61.74,2024-11-21 14:46:22
S000892,O0006775,Away Shirt 2024/25,Away Shirt,2,164.34,2025-08-29 23:15:03
S001958,O0006776,Accessories 2024/25,Accessories,2,47.68,2025-09-13 10:05:57
S004342,O0006777,Away Shirt 2024/25,Away Shirt,1,90.93,2025-06-06 19:15:47
S001195,O0006778,Retro 2024/25,Retro,1,58.78,2025-08-24 12:11:39
S002872,O0006779,Home Shirt 2024/25,Home Shirt,1,74.84,2025-08-22 11:04:16
S004380,O0006780,Kids 2024/25,Kids,2,99.93,2025-02-01 20:55:45
S000630,O0006781,Kids 2024/25,Kids,1,47.62,2025-09-01 22:47:45
S000977,O0006782,Training Wear 2024/25,Training Wear,2,121.19,2025-08-21 15:23:21
S000636,O0006783,Away Shirt 2024/25,Away Shirt,1,91.28,2025-08-23 09:26:06
S001799,O0006784,Retro 2024/25,Retro,1,71.0,2025-05-31 08:26:11
S003613,O0006785,Third Kit 2024/25,Third Kit,1,68.2,2025-07-05 19:21:33
S004806,O0006786,Away Shirt 2024/25,Away Shirt,1,87.13,2025-09-06 19:25:20
S004531,O0006787,Retro 2024/25,Retro,1,62.36,2025-01-08 03:17:59
S001396,O0006788,Home Shirt 2024/25,Home Shirt,1,88.06,2025-09-15 23:06:23
S000064,O0006789,Training Wear 2024/25,Training Wear,1,63.74,2024-12-12 05:27:11
S002961,O0006790,Third Kit 2024/25,Third Kit,1,76.81,2025-07-24 08:37:51
S004457,O0006791,Accessories 2024/25,Accessories,1,21.56,2025-06-04 20:30:38
S002423,O0006792,Home Shirt 2024/25,Home Shirt,3,298.88,2025-06-14 11:37:52
S001623,O0006793,Accessories 2024/25,Accessories,1,21.0,2025-09-19 11:53:52
S004310,O0006794,Training Wear 2024/25,Training Wear,2,115.3,2025-09-02 06:34:56
S003396,O0006795,Retro 2024/25,Retro,1,66.23,2024-12-15 15:08:59
S004801,O0006796,Away Shirt 2024/25,Away Shirt,1,91.21,2025-08-27 04:01:48
S003447,O0006797,Accessories 2024/25,Accessories,1,23.26,2025-09-13 13:15:30
S004457,O0006798,Away Shirt 2024/25,Away Shirt,1,83.91,2025-09-08 13:51:00
S003361,O0006799,Away Shirt 2024/25,Away Shirt,1,79.44,2025-01-22 12:07:21
S003741,O0006800,Accessories 2024/25,Accessories,2,38.79,2025-02-04 23:45:01
S000704,O0006801,Training Wear 2024/25,Training Wear,1,55.99,2025-08-17 06:02:09
S002551,O0006802,Home Shirt 2024/25,Home Shirt,3,219.67,2025-03-15 04:10:53
S001941,O0006803,Retro 2024/25,Retro,3,179.89,2025-04-25 18:51:14
S000555,O0006804,Retro 2024/25,Retro,1,78.2,2025-07-21 07:20:25
S002920,O0006805,Third Kit 2024/25,Third Kit,3,226.03,2025-06-18 04:08:11
S003273,O0006806,Home Shirt 2024/25,Home Shirt,1,79.02,2025-08-29 08:09:05
S001765,O0006807,Third Kit 2024/25,Third Kit,1,68.82,2025-09-08 21:09:58
S001674,O0006808,Home Shirt 2024/25,Home Shirt,1,80.32,2024-10-31 14:01:25
S003059,O0006809,Training Wear 2024/25,Training Wear,1,52.12,2025-09-02 02:27:00
S004579,O0006810,Kids 2024/25,Kids,1,55.91,2025-08-30 23:31:11
S004921,O0006811,Retro 2024/25,Retro,2,158.13,2025-09-10 10:47:59
S001118,O0006812,Home Shirt 2024/25,Home Shirt,1,99.06,2025-09-09 18:01:29
S003278,O0006813,Training Wear 2024/25,Training Wear,1,51.91,2025-09-02 06:04:07
S000995,O0006814,Away Shirt 2024/25,Away Shirt,1,87.52,2025-06-14 18:01:49
S003207,O0006815,Training Wear 2024/25,Training Wear,2,136.15,2024-11-21 13:52:00
S003663,O0006816,Third Kit 2024/25,Third Kit,1,83.02,2025-06-16 09:40:43
S001820,O0006817,Retro 2024/25,Retro,1,72.15,2025-03-26 09:33:18
S000760,O0006818,Training Wear 2024/25,Training Wear,1,50.25,2025-09-13 05:32:40
S000486,O0006819,Accessories 2024/25,Accessories,1,20.52,2024-12-25 04:57:31
S004378,O0006820,Kids 2024/25,Kids,1,60.04,2025-09-20 02:05:17
S002405,O0006821,Away Shirt 2024/25,Away Shirt,1,93.99,2025-09-11 18:47:13
S002672,O0006822,Kids 2024/25,Kids,3,179.26,2025-08-25 20:32:43
S002415,O0006823,Home Shirt 2024/25,Home Shirt,1,76.62,2025-05-27 04:43:25
S001538,O0006824,Accessories 2024/25,Accessories,1,23.71,2025-09-12 07:23:59
S004202,O0006825,Away Shirt 2024/25,Away Shirt,2,174.27,2025-09-10 16:19:43
S003030,O0006826,Kids 2024/25,Kids,2,90.42,2025-09-17 02:31:28
S004917,O0006827,Training Wear 2024/25,Training Wear,1,61.24,2025-08-30 18:41:43
S000338,O0006828,Kids 2024/25,Kids,1,50.65,2025-09-07 01:46:22
S001198,O0006829,Kids 2024/25,Kids,1,60.54,2024-09-26 12:40:32
S000465,O0006830,Training Wear 2024/25,Training Wear,1,53.06,2024-10-15 09:47:18
S001725,O0006831,Training Wear 2024/25,Training Wear,1,58.83,2025-09-13 15:27:57
S002704,O0006832,Away Shirt 2024/25,Away Shirt,1,79.23,2025-01-01 17:34:27
S001486,O0006833,Retro 2024/25,Retro,1,81.11,2025-09-17 18:11:00
S002754,O0006834,Third Kit 2024/25,Third Kit,2,163.14,2025-06-22 09:07:45
S002692,O0006835,Away Shirt 2024/25,Away Shirt,1,87.74,2025-08-28 06:30:10
S000023,O0006836,Training Wear 2024/25,Training Wear,1,59.93,2025-04-06 19:09:26
S003715,O0006837,Away Shirt 2024/25,Away Shirt,1,92.28,2025-04-25 06:03:47
S003246,O0006838,Accessories 2024/25,Accessories,1,21.68,2024-10-25 10:40:50
S002037,O0006839,Away Shirt 2024/25,Away Shirt,1,74.12,2025-08-27 18:36:40
S001417,O0006840,Away Shirt 2024/25,Away Shirt,1,76.52,2025-01-12 11:32:35
S000356,O0006841,Training Wear 2024/25,Training Wear,1,63.21,2025-01-21 18:15:52
S001021,O0006842,Home Shirt 2024/25,Home Shirt,1,73.91,2025-02-09 09:47:50
S003992,O0006843,Away Shirt 2024/25,Away Shirt,1,82.46,2025-09-10 20:32:26
S001340,O0006844,Home Shirt 2024/25,Home Shirt,2,196.72,2025-09-16 13:43:45
S000027,O0006845,Home Shirt 2024/25,Home Shirt,1,97.11,2025-09-13 17:11:26
S004965,O0006846,Accessories 2024/25,Accessories,1,20.16,2025-08-24 00:40:37
S003027,O0006847,Third Kit 2024/25,Third Kit,1,88.54,2025-08-28 08:03:49
S000056,O0006848,Home Shirt 2024/25,Home Shirt,1,78.15,2024-12-26 20:31:05
S000946,O0006849,Third Kit 2024/25,Third Kit,1,89.43,2025-01-27 19:13:20
S002150,O0006850,Retro 2024/25,Retro,1,64.81,2025-08-30 04:38:27
S000339,O0006851,Training Wear 2024/25,Training Wear,1,61.75,2025-09-18 20:35:04
S003094,O0006852,Training Wear 2024/25,Training Wear,2,104.97,2025-09-03 21:53:48
S003610,O0006853,Training Wear 2024/25,Training Wear,1,61.2,2025-06-06 03:19:29
S003943,O0006854,Kids 2024/25,Kids,2,105.09,2025-09-09 12:44:17
S004992,O0006855,Training Wear 2024/25,Training Wear,1,61.18,2025-09-02 08:38:50
S004224,O0006856,Training Wear 2024/25,Training Wear,1,64.19,2025-08-24 17:02:43
S004125,O0006857,Kids 2024/25,Kids,1,58.48,2025-09-05 03:20:23
S003346,O0006858,Kids 2024/25,Kids,1,49.49,2025-01-04 10:32:04
S004355,O0006859,Away Shirt 2024/25,Away Shirt,1,99.06,2025-09-19 05:42:53
S002283,O0006860,Third Kit 2024/25,Third Kit,1,77.79,2025-09-11 20:13:35
S004294,O0006861,Away Shirt 2024/25,Away Shirt,1,84.93,2025-09-06 06:35:56
S003894,O0006862,Training Wear 2024/25,Training Wear,1,50.81,2025-08-27 17:58:50
S004389,O0006863,Accessories 2024/25,Accessories,1,24.43,2024-10-16 23:41:40
S003797,O0006864,Third Kit 2024/25,Third Kit,1,73.01,2025-08-27 09:17:20
S004111,O0006865,Retro 2024/25,Retro,1,61.54,2025-09-07 20:29:28
S002505,O0006866,Training Wear 2024/25,Training Wear,1,63.22,2025-04-06 16:22:58
S001690,O0006867,Training Wear 2024/25,Training Wear,1,64.42,2025-02-16 11:20:29
S004589,O0006868,Home Shirt 2024/25,Home Shirt,1,88.59,2025-08-29 04:13:10
S002601,O0006869,Training Wear 2024/25,Training Wear,1,68.57,2025-08-01 00:29:35
S004759,O0006870,Training Wear 2024/25,Training Wear,1,55.55,2024-10-11 00:09:11
S000575,O0006871,Training Wear 2024/25,Training Wear,1,59.82,2025-08-23 06:36:24
S000008,O0006872,Accessories 2024/25,Accessories,3,73.75,2025-05-27 05:45:33
S001103,O0006873,Accessories 2024/25,Accessories,1,22.72,2025-08-27 17:14:37
S004111,O0006874,Home Shirt 2024/25,Home Shirt,1,95.6,2024-12-01 14:53:01
S002276,O0006875,Retro 2024/25,Retro,1,61.07,2025-01-26 07:59:35
S002652,O0006876,Training Wear 2024/25,Training Wear,1,68.48,2025-09-12 18:42:54
S002813,O0006877,Accessories 2024/25,Accessories,1,22.18,2025-09-18 23:40:55
S001790,O0006878,Home Shirt 2024/25,Home Shirt,1,93.04,2025-09-11 20:54:36
S002047,O0006879,Kids 2024/25,Kids,1,50.29,2025-09-15 01:10:05
S001793,O0006880,Training Wear 2024/25,Training Wear,1,64.27,2025-09-11 16:08:24
S004462,O0006881,Kids 2024/25,Kids,1,48.93,2025-09-11 12:57:23
S004732,O0006882,Away Shirt 2024/25,Away Shirt,1,79.64,2025-05-22 09:41:51
S003918,O0006883,Training Wear 2024/25,Training Wear,1,61.24,2025-04-04 10:31:55
S004558,O0006884,Kids 2024/25,Kids,1,52.15,2025-09-20 09:32:31
S000648,O0006885,Away Shirt 2024/25,Away Shirt,1,77.67,2025-09-04 01:35:07
S000292,O0006886,Accessories 2024/25,Accessories,3,65.07,2025-06-23 04:25:15
S004019,O0006887,Third Kit 2024/25,Third Kit,1,83.57,2024-09-20 12:11:25
S002604,O0006888,Kids 2024/25,Kids,1,45.53,2025-06-03 08:02:20
S000470,O0006889,Home Shirt 2024/25,Home Shirt,1,86.7,2025-09-03 09:24:25
S003867,O0006890,Home Shirt 2024/25,Home Shirt,1,72.45,2025-09-03 01:25:36
S003717,O0006891,Training Wear 2024/25,Training Wear,1,55.43,2025-08-24 21:36:27
S003342,O0006892,Training Wear 2024/25,Training Wear,1,58.15,2025-09-01 15:44:26
S003980,O0006893,Home Shirt 2024/25,Home Shirt,1,79.5,2024-12-08 11:57:39
S003925,O0006894,Kids 2024/25,Kids,1,60.19,2025-04-18 01:48:15
S003060,O0006895,Kids 2024/25,Kids,1,45.2,2025-01-05 14:13:09
S004953,O0006896,Training Wear 2024/25,Training Wear,2,109.16,2025-09-19 10:44:37
S002336,O0006897,Kids 2024/25,Kids,1,54.59,2025-09-19 21:09:44
S002456,O0006898,Kids 2024/25,Kids,1,54.32,2025-09-15 13:04:44
S003396,O0006899,Accessories 2024/25,Accessories,1,22.37,2025-06-08 19:59:29
S002492,O0006900,Accessories 2024/25,Accessories,1,18.85,2025-09-19 05:13:13
S003208,O0006901,Retro 2024/25,Retro,1,69.31,2025-06-19 14:47:16
S000543,O0006902,Third Kit 2024/25,Third Kit,1,69.65,2025-05-24 22:35:53
S000910,O0006903,Kids 2024/25,Kids,1,49.9,2025-08-21 02:00:53
S002666,O0006904,Away Shirt 2024/25,Away Shirt,1,89.58,2025-09-11 21:40:58
S002970,O0006905,Away Shirt 2024/25,Away Shirt,1,86.85,2025-05-12 20:21:11
S001367,O0006906,Training Wear 2024/25,Training Wear,1,52.6,2025-04-19 03:34:47
S002217,O0006907,Home Shirt 2024/25,Home Shirt,1,92.49,2024-10-09 16:50:27
S002334,O0006908,Away Shirt 2024/25,Away Shirt,1,84.31,2024-09-25 09:32:25
S000425,O0006909,Accessories 2024/25,Accessories,1,18.68,2024-10-24 05:24:30
S004165,O0006910,Third Kit 2024/25,Third Kit,1,71.63,2024-12-15 11:56:26
S003079,O0006911,Kids 2024/25,Kids,1,47.62,2025-09-03 13:25:21
S000207,O0006912,Third Kit 2024/25,Third Kit,1,70.91,2025-08-25 04:50:38
S001757,O0006913,Kids 2024/25,Kids,1,46.54,2025-07-05 19:16:22
S003905,O0006914,Kids 2024/25,Kids,1,49.46,2025-06-30 07:42:30
S003697,O0006915,Kids 2024/25,Kids,2,105.87,2025-08-26 11:27:42
S004666,O0006916,Kids 2024/25,Kids,1,52.05,2024-11-20 19:57:49
S002022,O0006917,Kids 2024/25,Kids,1,61.37,2025-09-05 22:21:30
S002942,O0006918,Accessories 2024/25,Accessories,1,21.94,2024-12-31 06:42:08
S003342,O0006919,Training Wear 2024/25,Training Wear,1,57.79,2025-08-11 09:24:15
S003696,O0006920,Kids 2024/25,Kids,1,45.42,2024-11-03 10:37:00
S000617,O0006921,Away Shirt 2024/25,Away Shirt,1,99.12,2025-06-17 21:31:47
S004443,O0006922,Third Kit 2024/25,Third Kit,1,88.99,2025-09-11 05:40:50
S003654,O0006923,Kids 2024/25,Kids,2,94.81,2025-09-13 15:25:01
S002875,O0006924,Accessories 2024/25,Accessories,1,23.46,2025-08-28 01:10:49
S002250,O0006925,Retro 2024/25,Retro,1,80.81,2025-09-17 06:02:31
S002002,O0006926,Accessories 2024/25,Accessories,1,24.78,2024-09-24 05:20:35
S002975,O0006927,Third Kit 2024/25,Third Kit,1,72.47,2025-03-30 07:33:03
S004296,O0006928,Accessories 2024/25,Accessories,2,43.87,2025-04-23 12:32:39
S004513,O0006929,Away Shirt 2024/25,Away Shirt,1,88.48,2025-09-03 05:25:11
S002797,O0006930,Retro 2024/25,Retro,1,71.93,2025-05-27 14:59:43
S003327,O0006931,Accessories 2024/25,Accessories,2,45.82,2024-11-16 19:18:31
S001627,O0006932,Third Kit 2024/25,Third Kit,1,79.29,2025-09-09 11:34:38
S002639,O0006933,Third Kit 2024/25,Third Kit,1,91.01,2025-04-24 18:21:21
S002599,O0006934,Kids 2024/25,Kids,1,52.79,2025-09-14 16:41:53
S004616,O0006935,Accessories 2024/25,Accessories,2,36.6,2025-05-07 01:45:49
S002682,O0006936,Kids 2024/25,Kids,1,48.96,2025-09-18 03:56:54
S000212,O0006937,Retro 2024/25,Retro,1,75.75,2025-03-16 10:19:40
S001537,O0006938,Retro 2024/25,Retro,1,72.66,2024-10-03 03:36:09
S002924,O0006939,Accessories 2024/25,Accessories,2,49.46,2025-09-19 04:53:09
S000528,O0006940,Retro 2024/25,Retro,1,65.03,2025-08-22 12:12:02
S002843,O0006941,Third Kit 2024/25,Third Kit,2,176.52,2025-01-30 03:17:00
S003434,O0006942,Accessories 2024/25,Accessories,2,41.45,2025-09-16 11:52:52
S003471,O0006943,Kids 2024/25,Kids,1,49.82,2025-05-09 22:03:25
S001790,O0006944,Retro 2024/25,Retro,1,70.66,2025-08-31 13:48:47
S003075,O0006945,Retro 2024/25,Retro,1,75.63,2025-09-02 16:43:05
S003913,O0006946,Kids 2024/25,Kids,1,55.51,2024-11-30 18:22:08
S000718,O0006947,Retro 2024/25,Retro,1,71.33,2025-02-03 09:17:37
S002712,O0006948,Kids 2024/25,Kids,1,58.08,2025-01-13 18:28:36
S001497,O0006949,Away Shirt 2024/25,Away Shirt,1,98.5,2025-01-08 09:24:25
S004846,O0006950,Accessories 2024/25,Accessories,2,47.29,2024-11-14 02:07:47
S002572,O0006951,Retro 2024/25,Retro,1,65.64,2025-09-08 21:17:11
S002236,O0006952,Retro 2024/25,Retro,1,71.73,2024-10-20 14:38:30
S004256,O0006953,Home Shirt 2024/25,Home Shirt,2,145.11,2025-07-09 14:09:14
S000614,O0006954,Home Shirt 2024/25,Home Shirt,1,89.15,2025-06-01 11:33:31
S004009,O0006955,Third Kit 2024/25,Third Kit,1,70.93,2024-10-25 01:32:38
S002416,O0006956,Accessories 2024/25,Accessories,1,24.82,2025-09-09 08:57:07
S003728,O0006957,Third Kit 2024/25,Third Kit,1,85.65,2025-01-06 18:52:26
S000105,O0006958,Home Shirt 2024/25,Home Shirt,1,80.99,2025-05-28 00:24:25
S002360,O0006959,Kids 2024/25,Kids,1,54.04,2024-10-19 23:48:34
S000968,O0006960,Home Shirt 2024/25,Home Shirt,1,72.46,2025-09-03 14:17:09
S003840,O0006961,Home Shirt 2024/25,Home Shirt,1,77.82,2025-04-02 08:48:05
S001011,O0006962,Home Shirt 2024/25,Home Shirt,1,95.92,2025-08-23 12:53:39
S002399,O0006963,Accessories 2024/25,Accessories,1,22.94,2025-09-04 06:56:34
S001445,O0006964,Away Shirt 2024/25,Away Shirt,1,85.02,2025-01-29 21:45:40
S001868,O0006965,Third Kit 2024/25,Third Kit,3,243.62,2025-08-30 22:53:25
S002457,O0006966,Kids 2024/25,Kids,1,46.57,2025-08-29 04:23:15
S004536,O0006967,Accessories 2024/25,Accessories,1,19.69,2024-11-18 07:50:30
S000392,O0006968,Retro 2024/25,Retro,2,161.33,2024-10-03 05:31:38
S004731,O0006969,Away Shirt 2024/25,Away Shirt,1,96.49,2025-04-07 12:09:56
S002579,O0006970,Third Kit 2024/25,Third Kit,1,70.98,2025-08-24 04:34:24
S000006,O0006971,Away Shirt 2024/25,Away Shirt,1,78.32,2025-01-09 13:35:06
S003224,O0006972,Training Wear 2024/25,Training Wear,1,62.71,2025-05-08 15:46:53
S000011,O0006973,Retro 2024/25,Retro,1,70.64,2025-08-29 06:32:49
S002982,O0006974,Training Wear 2024/25,Training Wear,2,129.48,2025-09-08 22:57:52
S004366,O0006975,Accessories 2024/25,Accessories,2,49.4,2025-09-18 07:09:29
S002997,O0006976,Training Wear 2024/25,Training Wear,1,51.76,2024-10-29 14:56:38
S004370,O0006977,Accessories 2024/25,Accessories,1,21.03,2025-08-09 17:25:59
S000606,O0006978,Away Shirt 2024/25,Away Shirt,1,80.1,2025-07-16 17:22:27
S004842,O0006979,Accessories 2024/25,Accessories,1,18.13,2025-09-18 07:39:56
S003564,O0006980,Away Shirt 2024/25,Away Shirt,1,86.97,2025-05-01 07:09:20
S001827,O0006981,Home Shirt 2024/25,Home Shirt,1,86.88,2025-09-05 23:46:20
S000946,O0006982,Kids 2024/25,Kids,1,55.79,2024-11-18 18:46:40
S002652,O0006983,Third Kit 2024/25,Third Kit,1,70.36,2025-06-20 19:44:55
S003563,O0006984,Home Shirt 2024/25,Home Shirt,1,96.99,2025-09-11 18:27:57
S004587,O0006985,Third Kit 2024/25,Third Kit,2,137.12,2025-07-24 02:31:20
S001920,O0006986,Training Wear 2024/25,Training Wear,1,63.37,2025-09-02 01:50:59
S000373,O0006987,Accessories 2024/25,Accessories,1,20.36,2025-06-15 03:28:25
S004673,O0006988,Away Shirt 2024/25,Away Shirt,1,74.74,2025-08-15 15:48:26
S000902,O0006989,Third Kit 2024/25,Third Kit,3,219.43,2025-08-29 17:43:10
S003497,O0006990,Home Shirt 2024/25,Home Shirt,1,97.06,2025-09-07 20:13:15
S004792,O0006991,Third Kit 2024/25,Third Kit,1,87.82,2025-09-11 05:30:06
S001226,O0006992,Training Wear 2024/25,Training Wear,1,58.29,2025-08-29 05:26:13
S001638,O0006993,Home Shirt 2024/25,Home Shirt,1,80.12,2025-08-13 13:57:53
S004844,O0006994,Accessories 2024/25,Accessories,1,22.35,2025-09-03 06:37:17
S003200,O0006995,Retro 2024/25,Retro,1,79.95,2025-08-30 01:59:42
S001151,O0006996,Training Wear 2024/25,Training Wear,1,52.4,2025-09-08 15:27:19
S003477,O0006997,Accessories 2024/25,Accessories,1,22.17,2025-08-24 03:05:07
S004436,O0006998,Training Wear 2024/25,Training Wear,1,50.01,2024-09-29 22:51:21
S000434,O0006999,Retro 2024/25,Retro,3,216.44,2025-08-17 22:44:07
S001818,O0007000,Retro 2024/25,Retro,1,58.79,2025-09-02 07:05:29
S003859,O0007001,Accessories 2024/25,Accessories,1,18.08,2025-09-12 22:35:05
S002399,O0007002,Third Kit 2024/25,Third Kit,1,79.29,2024-12-18 00:02:10
S004786,O0007003,Away Shirt 2024/25,Away Shirt,1,92.03,2025-08-23 02:39:53
S001920,O0007004,Away Shirt 2024/25,Away Shirt,2,171.09,2025-06-08 04:43:23
S004124,O0007005,Kids 2024/25,Kids,1,55.61,2025-02-16 04:32:07
S001598,O0007006,Accessories 2024/25,Accessories,3,71.61,2024-11-29 11:59:17
S002077,O0007007,Retro 2024/25,Retro,1,77.94,2024-12-16 12:04:06
S001379,O0007008,Third Kit 2024/25,Third Kit,1,77.53,2025-09-16 11:31:19
S003127,O0007009,Kids 2024/25,Kids,1,55.99,2025-04-05 22:21:43
S001127,O0007010,Training Wear 2024/25,Training Wear,1,63.43,2025-09-17 09:22:21
S001652,O0007011,Kids 2024/25,Kids,1,48.83,2025-09-14 23:09:42
S002060,O0007012,Retro 2024/25,Retro,2,160.48,2025-04-23 13:59:07
S000305,O0007013,Home Shirt 2024/25,Home Shirt,1,95.7,2025-09-19 15:38:30
S002368,O0007014,Accessories 2024/25,Accessories,1,24.97,2025-09-09 19:06:31
S003143,O0007015,Accessories 2024/25,Accessories,1,21.95,2024-09-30 02:34:23
S001387,O0007016,Retro 2024/25,Retro,1,79.46,2025-02-08 01:42:31
S003050,O0007017,Accessories 2024/25,Accessories,1,24.51,2025-04-06 10:42:39
S004833,O0007018,Retro 2024/25,Retro,1,78.25,2024-09-29 08:44:48
S001974,O0007019,Third Kit 2024/25,Third Kit,1,70.64,2025-08-28 05:45:36
S001969,O0007020,Kids 2024/25,Kids,1,55.5,2025-06-17 23:31:24
S001665,O0007021,Accessories 2024/25,Accessories,1,21.58,2025-04-10 11:08:43
S002098,O0007022,Accessories 2024/25,Accessories,1,23.01,2025-09-04 17:50:55
S000788,O0007023,Away Shirt 2024/25,Away Shirt,1,88.64,2025-05-24 18:42:57
S002361,O0007024,Kids 2024/25,Kids,1,57.08,2025-06-27 02:21:01
S004140,O0007025,Accessories 2024/25,Accessories,1,22.48,2024-10-03 08:01:59
S000769,O0007026,Away Shirt 2024/25,Away Shirt,2,151.01,2025-09-13 18:40:42
S000409,O0007027,Away Shirt 2024/25,Away Shirt,2,166.02,2025-08-23 06:39:42
S000632,O0007028,Retro 2024/25,Retro,2,159.78,2025-08-31 16:34:28
S000221,O0007029,Accessories 2024/25,Accessories,1,20.09,2024-12-11 22:00:29
S004855,O0007030,Training Wear 2024/25,Training Wear,1,64.16,2025-09-03 22:11:17
S003957,O0007031,Home Shirt 2024/25,Home Shirt,1,90.56,2025-08-25 01:54:50
S000351,O0007032,Training Wear 2024/25,Training Wear,1,58.91,2024-10-28 20:49:02
S000456,O0007033,Kids 2024/25,Kids,1,60.87,2025-07-20 21:29:07
S004176,O0007034,Training Wear 2024/25,Training Wear,3,153.22,2025-03-22 10:31:32
S002924,O0007035,Away Shirt 2024/25,Away Shirt,1,84.66,2025-09-11 06:48:33
S000844,O0007036,Home Shirt 2024/25,Home Shirt,1,77.89,2025-04-21 03:08:44
S003167,O0007037,Home Shirt 2024/25,Home Shirt,1,83.55,2025-06-10 03:53:41
S002487,O0007038,Retro 2024/25,Retro,2,140.22,2024-12-31 21:57:09
S000844,O0007039,Home Shirt 2024/25,Home Shirt,1,95.48,2025-08-30 03:28:35
S000594,O0007040,Training Wear 2024/25,Training Wear,1,53.95,2024-11-01 01:36:07
S003175,O0007041,Away Shirt 2024/25,Away Shirt,1,86.41,2025-09-02 17:05:00
S003801,O0007042,Training Wear 2024/25,Training Wear,1,58.34,2025-08-30 07:18:28
S004091,O0007043,Third Kit 2024/25,Third Kit,1,83.71,2024-11-28 03:45:46
S001464,O0007044,Away Shirt 2024/25,Away Shirt,1,87.97,2025-09-10 07:46:26
S004902,O0007045,Third Kit 2024/25,Third Kit,1,81.17,2025-08-24 03:28:40
S000658,O0007046,Third Kit 2024/25,Third Kit,2,173.21,2024-11-03 13:53:32
S003461,O0007047,Retro 2024/25,Retro,1,74.4,2025-09-05 15:39:19
S004183,O0007048,Third Kit 2024/25,Third Kit,1,80.23,2025-09-06 11:53:47
S002118,O0007049,Accessories 2024/25,Accessories,1,20.42,2025-09-13 21:06:00
S000313,O0007050,Accessories 2024/25,Accessories,1,24.32,2025-08-28 03:21:34
S001128,O0007051,Away Shirt 2024/25,Away Shirt,1,92.95,2025-09-14 18:58:10
S000567,O0007052,Training Wear 2024/25,Training Wear,1,59.12,2025-08-25 00:30:21
S001202,O0007053,Accessories 2024/25,Accessories,1,20.37,2025-09-02 12:52:20
S003252,O0007054,Kids 2024/25,Kids,1,58.48,2025-08-20 03:09:03
S003387,O0007055,Retro 2024/25,Retro,1,63.25,2025-08-29 06:20:13
S001471,O0007056,Accessories 2024/25,Accessories,1,20.95,2025-01-18 00:27:41
S003948,O0007057,Third Kit 2024/25,Third Kit,2,172.28,2025-08-22 12:31:01
S001816,O0007058,Training Wear 2024/25,Training Wear,1,68.53,2025-09-13 10:08:40
S003519,O0007059,Home Shirt 2024/25,Home Shirt,1,77.33,2025-01-22 19:00:28
S000320,O0007060,Training Wear 2024/25,Training Wear,1,59.36,2025-02-08 07:46:15
S004496,O0007061,Kids 2024/25,Kids,1,49.37,2025-09-14 06:40:48
S002675,O0007062,Accessories 2024/25,Accessories,1,18.67,2025-05-06 17:03:01
S000068,O0007063,Accessories 2024/25,Accessories,3,59.72,2025-08-25 22:07:26
S004552,O0007064,Retro 2024/25,Retro,1,61.45,2025-04-24 13:22:02
S000584,O0007065,Accessories 2024/25,Accessories,1,19.61,2025-08-31 20:07:48
S003720,O0007066,Home Shirt 2024/25,Home Shirt,1,90.6,2025-09-03 17:56:41
S003750,O0007067,Retro 2024/25,Retro,2,157.27,2025-03-28 18:59:18
S003583,O0007068,Third Kit 2024/25,Third Kit,1,75.38,2025-04-22 19:54:02
S003962,O0007069,Away Shirt 2024/25,Away Shirt,1,86.98,2025-03-01 08:27:06
S004989,O0007070,Accessories 2024/25,Accessories,1,19.38,2025-09-09 14:14:15
S002494,O0007071,Away Shirt 2024/25,Away Shirt,1,89.29,2025-08-23 14:17:32
S000637,O0007072,Accessories 2024/25,Accessories,1,24.74,2025-07-14 00:02:08
S001557,O0007073,Kids 2024/25,Kids,1,61.81,2025-09-19 19:01:25
S001042,O0007074,Home Shirt 2024/25,Home Shirt,1,83.12,2025-09-19 02:39:24
S002886,O0007075,Accessories 2024/25,Accessories,1,19.6,2025-08-26 21:20:51
S000315,O0007076,Home Shirt 2024/25,Home Shirt,1,99.99,2025-09-19 21:59:49
S001602,O0007077,Retro 2024/25,Retro,1,68.12,2025-09-02 05:55:49
S000816,O0007078,Away Shirt 2024/25,Away Shirt,1,82.8,2025-08-15 02:33:03
S002711,O0007079,Retro 2024/25,Retro,2,156.23,2024-11-26 14:08:05
S004614,O0007080,Accessories 2024/25,Accessories,1,19.08,2025-07-27 15:03:01
S004262,O0007081,Away Shirt 2024/25,Away Shirt,1,95.79,2025-08-29 15:15:44
S002702,O0007082,Away Shirt 2024/25,Away Shirt,1,77.59,2025-09-04 02:28:15
S000808,O0007083,Retro 2024/25,Retro,2,133.63,2025-09-03 01:41:19
S003484,O0007084,Third Kit 2024/25,Third Kit,1,69.71,2024-12-06 01:02:37
S001297,O0007085,Third Kit 2024/25,Third Kit,1,75.54,2025-07-24 03:20:42
S004285,O0007086,Kids 2024/25,Kids,1,51.69,2025-09-02 05:42:17
S004146,O0007087,Retro 2024/25,Retro,1,61.83,2025-09-09 23:31:39
S002353,O0007088,Training Wear 2024/25,Training Wear,1,51.0,2025-03-05 01:21:57
S002442,O0007089,Training Wear 2024/25,Training Wear,1,60.92,2025-08-22 15:54:20
S002732,O0007090,Training Wear 2024/25,Training Wear,1,55.07,2025-07-17 19:21:22
S004388,O0007091,Away Shirt 2024/25,Away Shirt,1,77.54,2025-08-15 12:23:14
S000136,O0007092,Training Wear 2024/25,Training Wear,1,58.88,2025-01-29 04:24:08
S003832,O0007093,Away Shirt 2024/25,Away Shirt,1,75.63,2024-11-09 18:18:44
S003791,O0007094,Training Wear 2024/25,Training Wear,1,54.65,2025-08-02 14:07:30
S004060,O0007095,Away Shirt 2024/25,Away Shirt,1,88.85,2025-08-24 11:57:33
S000001,O0007096,Retro 2024/25,Retro,3,229.59,2025-06-25 18:25:24
S001510,O0007097,Training Wear 2024/25,Training Wear,1,52.09,2025-05-21 07:42:09
S003137,O0007098,Third Kit 2024/25,Third Kit,1,86.26,2025-09-17 02:38:52
S002263,O0007099,Kids 2024/25,Kids,1,50.13,2025-08-05 12:40:18
S004780,O0007100,Kids 2024/25,Kids,1,59.62,2025-09-04 13:23:26
S000304,O0007101,Third Kit 2024/25,Third Kit,1,85.33,2025-08-21 18:02:37
S000784,O0007102,Away Shirt 2024/25,Away Shirt,2,173.93,2025-05-27 00:52:08
S000779,O0007103,Kids 2024/25,Kids,1,52.46,2025-08-31 01:04:23
S002789,O0007104,Kids 2024/25,Kids,1,58.59,2025-08-01 14:32:16
S000935,O0007105,Kids 2024/25,Kids,1,58.86,2025-08-25 04:32:53
S003963,O0007106,Training Wear 2024/25,Training Wear,1,53.28,2025-01-25 02:07:15
S004644,O0007107,Training Wear 2024/25,Training Wear,2,119.48,2024-09-27 14:09:28
S001592,O0007108,Retro 2024/25,Retro,2,152.29,2025-01-03 02:13:41
S002230,O0007109,Training Wear 2024/25,Training Wear,1,51.54,2025-08-29 10:20:28
S004415,O0007110,Away Shirt 2024/25,Away Shirt,1,74.87,2025-08-15 03:38:11
S003579,O0007111,Retro 2024/25,Retro,1,76.39,2025-04-26 16:16:01
S000125,O0007112,Home Shirt 2024/25,Home Shirt,1,92.78,2025-07-02 09:34:08
S003583,O0007113,Home Shirt 2024/25,Home Shirt,2,186.26,2025-08-27 08:33:37
S002507,O0007114,Home Shirt 2024/25,Home Shirt,1,80.1,2025-09-18 07:35:05
S004842,O0007115,Training Wear 2024/25,Training Wear,1,57.62,2025-05-13 04:27:20
S001310,O0007116,Accessories 2024/25,Accessories,1,19.68,2025-09-09 09:30:47
S001040,O0007117,Kids 2024/25,Kids,1,52.81,2025-08-10 19:09:48
S001181,O0007118,Training Wear 2024/25,Training Wear,1,55.6,2025-04-14 19:55:01
S001435,O0007119,Training Wear 2024/25,Training Wear,1,57.11,2025-09-03 04:39:56
S003051,O0007120,Kids 2024/25,Kids,2,121.27,2025-01-31 19:19:43
S004885,O0007121,Training Wear 2024/25,Training Wear,1,54.02,2025-09-09 01:12:06
S003269,O0007122,Training Wear 2024/25,Training Wear,1,60.23,2025-08-29 01:27:51
S002471,O0007123,Third Kit 2024/25,Third Kit,1,93.63,2024-10-08 02:48:18
S000953,O0007124,Accessories 2024/25,Accessories,2,42.93,2025-08-02 14:50:59
S000128,O0007125,Home Shirt 2024/25,Home Shirt,3,234.78,2025-09-07 12:36:21
S003992,O0007126,Retro 2024/25,Retro,1,65.14,2024-12-04 05:52:10
S003403,O0007127,Accessories 2024/25,Accessories,1,19.93,2025-01-02 02:10:53
S003190,O0007128,Kids 2024/25,Kids,1,58.45,2024-10-13 08:45:31
S001095,O0007129,Third Kit 2024/25,Third Kit,2,161.99,2024-10-12 21:04:10
S004740,O0007130,Home Shirt 2024/25,Home Shirt,1,90.47,2025-08-22 11:24:56
S003730,O0007131,Kids 2024/25,Kids,1,58.04,2025-08-25 04:31:58
S004663,O0007132,Training Wear 2024/25,Training Wear,1,64.83,2024-10-31 11:52:48
S000178,O0007133,Retro 2024/25,Retro,1,74.77,2025-09-03 11:19:47
S004112,O0007134,Accessories 2024/25,Accessories,1,24.11,2025-02-16 03:09:38
S000962,O0007135,Third Kit 2024/25,Third Kit,2,157.68,2025-09-15 09:12:41
S001810,O0007136,Training Wear 2024/25,Training Wear,1,63.98,2025-08-31 19:21:16
S001942,O0007137,Third Kit 2024/25,Third Kit,1,77.11,2025-08-31 07:59:34
S001536,O0007138,Retro 2024/25,Retro,1,80.01,2025-07-16 05:06:16
S001767,O0007139,Training Wear 2024/25,Training Wear,1,60.61,2025-02-25 01:02:12
S002595,O0007140,Away Shirt 2024/25,Away Shirt,1,92.61,2025-02-11 22:45:48
S002948,O0007141,Away Shirt 2024/25,Away Shirt,1,75.58,2025-06-24 19:15:51
S000373,O0007142,Kids 2024/25,Kids,1,49.62,2025-08-29 12:42:29
S004697,O0007143,Away Shirt 2024/25,Away Shirt,1,84.39,2025-09-10 15:25:36
S004962,O0007144,Third Kit 2024/25,Third Kit,1,68.84,2025-08-25 08:40:53
S003112,O0007145,Home Shirt 2024/25,Home Shirt,1,93.3,2025-05-12 14:18:16
S001380,O0007146,Kids 2024/25,Kids,1,47.07,2024-12-12 19:10:04
S003913,O0007147,Third Kit 2024/25,Third Kit,1,73.19,2024-11-19 07:38:38
S003167,O0007148,Away Shirt 2024/25,Away Shirt,1,97.13,2025-02-15 17:20:07
S000185,O0007149,Accessories 2024/25,Accessories,1,23.84,2025-02-01 18:33:05
S000731,O0007150,Third Kit 2024/25,Third Kit,1,81.17,2025-06-26 07:01:48
S003741,O0007151,Kids 2024/25,Kids,1,56.49,2025-01-14 02:31:37
S001782,O0007152,Retro 2024/25,Retro,1,72.33,2025-08-27 03:40:14
S000724,O0007153,Retro 2024/25,Retro,1,69.85,2025-09-03 22:03:33
S001436,O0007154,Retro 2024/25,Retro,1,68.15,2025-09-03 05:41:11
S003587,O0007155,Training Wear 2024/25,Training Wear,2,117.14,2025-07-15 19:34:27
S001980,O0007156,Training Wear 2024/25,Training Wear,1,61.73,2025-08-30 21:53:13
S001450,O0007157,Training Wear 2024/25,Training Wear,1,51.49,2025-04-09 19:27:13
S003238,O0007158,Kids 2024/25,Kids,1,45.93,2025-08-25 23:48:19
S002858,O0007159,Retro 2024/25,Retro,1,76.43,2025-09-14 00:26:58
S000230,O0007160,Kids 2024/25,Kids,1,50.71,2025-08-29 13:06:28
S003464,O0007161,Away Shirt 2024/25,Away Shirt,2,153.75,2025-07-13 21:57:05
S004652,O0007162,Away Shirt 2024/25,Away Shirt,1,96.3,2025-09-04 14:58:03
S004364,O0007163,Home Shirt 2024/25,Home Shirt,3,269.93,2025-08-16 00:35:17
S003334,O0007164,Third Kit 2024/25,Third Kit,1,91.94,2025-09-14 21:48:34
S003925,O0007165,Accessories 2024/25,Accessories,2,45.18,2025-08-04 21:25:22
S000686,O0007166,Retro 2024/25,Retro,1,78.32,2024-12-11 20:05:04
S001158,O0007167,Home Shirt 2024/25,Home Shirt,1,76.74,2025-06-01 05:26:41
S000948,O0007168,Third Kit 2024/25,Third Kit,1,83.89,2025-09-07 17:01:49
S001127,O0007169,Home Shirt 2024/25,Home Shirt,1,85.33,2025-09-08 02:54:57
S001634,O0007170,Kids 2024/25,Kids,1,52.32,2025-09-01 20:41:46
S002024,O0007171,Third Kit 2024/25,Third Kit,1,72.54,2025-08-25 02:47:35
S001855,O0007172,Home Shirt 2024/25,Home Shirt,1,87.68,2025-04-22 18:34:26
S004049,O0007173,Kids 2024/25,Kids,2,93.54,2025-01-06 10:39:44
S004024,O0007174,Training Wear 2024/25,Training Wear,1,58.68,2025-07-10 18:32:52
S000656,O0007175,Accessories 2024/25,Accessories,1,21.99,2025-04-10 11:27:36
S003154,O0007176,Home Shirt 2024/25,Home Shirt,1,78.28,2025-09-04 05:42:33
S003288,O0007177,Training Wear 2024/25,Training Wear,1,52.26,2025-09-04 01:28:54
S003333,O0007178,Home Shirt 2024/25,Home Shirt,1,99.04,2024-12-19 15:15:16
S001732,O0007179,Training Wear 2024/25,Training Wear,1,62.99,2025-09-05 19:39:41
S002093,O0007180,Accessories 2024/25,Accessories,1,22.49,2025-08-22 14:51:37
S000984,O0007181,Home Shirt 2024/25,Home Shirt,2,175.74,2025-08-01 02:31:47
S003832,O0007182,Away Shirt 2024/25,Away Shirt,1,88.63,2025-01-16 12:55:00
S003867,O0007183,Away Shirt 2024/25,Away Shirt,3,267.39,2025-01-08 10:22:56
S004443,O0007184,Accessories 2024/25,Accessories,1,23.96,2025-09-20 03:37:24
S000240,O0007185,Training Wear 2024/25,Training Wear,1,54.24,2025-09-08 13:11:24
S001085,O0007186,Home Shirt 2024/25,Home Shirt,1,72.62,2025-08-22 09:19:52
S003328,O0007187,Kids 2024/25,Kids,2,105.3,2025-02-04 23:18:33
S000671,O0007188,Away Shirt 2024/25,Away Shirt,2,152.81,2025-08-05 05:07:53
S000431,O0007189,Home Shirt 2024/25,Home Shirt,1,80.28,2025-08-22 22:32:33
S002596,O0007190,Accessories 2024/25,Accessories,1,23.5,2025-07-11 13:33:04
S004581,O0007191,Third Kit 2024/25,Third Kit,1,82.52,2025-09-10 20:39:28
S004495,O0007192,Kids 2024/25,Kids,1,52.66,2025-01-09 12:08:53
S001595,O0007193,Away Shirt 2024/25,Away Shirt,1,95.36,2025-09-04 13:58:22
S002647,O0007194,Training Wear 2024/25,Training Wear,1,66.75,2024-11-18 13:23:20
S000572,O0007195,Accessories 2024/25,Accessories,1,24.3,2025-04-07 02:32:44
S000463,O0007196,Kids 2024/25,Kids,1,53.36,2025-09-05 03:07:37
S002620,O0007197,Accessories 2024/25,Accessories,1,18.46,2025-08-29 16:43:50
S000250,O0007198,Training Wear 2024/25,Training Wear,1,56.44,2025-06-21 06:48:23
S004140,O0007199,Kids 2024/25,Kids,1,45.52,2025-09-12 16:32:28
S004045,O0007200,Training Wear 2024/25,Training Wear,1,65.08,2025-05-09 20:25:12
S000005,O0007201,Home Shirt 2024/25,Home Shirt,1,78.44,2025-08-23 00:38:58
S002891,O0007202,Kids 2024/25,Kids,1,48.31,2025-09-15 11:34:05
S003194,O0007203,Retro 2024/25,Retro,1,72.07,2025-04-22 20:44:30
S004976,O0007204,Accessories 2024/25,Accessories,1,24.04,2025-09-16 00:17:15
S001113,O0007205,Away Shirt 2024/25,Away Shirt,1,81.31,2025-08-22 05:23:11
S000795,O0007206,Accessories 2024/25,Accessories,2,48.42,2025-09-04 12:32:26
S003284,O0007207,Kids 2024/25,Kids,3,155.98,2025-03-23 22:05:04
S001165,O0007208,Retro 2024/25,Retro,1,68.56,2025-08-24 02:23:51
S000758,O0007209,Away Shirt 2024/25,Away Shirt,1,95.37,2025-09-06 00:17:32
S003467,O0007210,Training Wear 2024/25,Training Wear,1,65.44,2025-05-04 19:02:59
S003541,O0007211,Away Shirt 2024/25,Away Shirt,1,90.75,2025-09-02 13:59:51
S002996,O0007212,Home Shirt 2024/25,Home Shirt,1,93.61,2025-09-04 10:51:28
S000778,O0007213,Training Wear 2024/25,Training Wear,1,61.17,2024-10-08 07:02:10
S004733,O0007214,Away Shirt 2024/25,Away Shirt,1,79.3,2025-09-08 03:25:43
S002435,O0007215,Accessories 2024/25,Accessories,1,21.76,2025-09-20 09:24:35
S002755,O0007216,Third Kit 2024/25,Third Kit,1,81.91,2025-09-11 21:53:26
S004660,O0007217,Retro 2024/25,Retro,1,72.19,2025-08-21 12:01:12
S001127,O0007218,Third Kit 2024/25,Third Kit,1,90.55,2025-09-01 12:50:38
S000582,O0007219,Home Shirt 2024/25,Home Shirt,1,99.06,2025-03-01 08:24:49
S002380,O0007220,Third Kit 2024/25,Third Kit,1,75.65,2025-08-09 17:00:31
S004863,O0007221,Retro 2024/25,Retro,1,81.17,2025-08-28 04:22:48
S004264,O0007222,Training Wear 2024/25,Training Wear,1,52.44,2025-09-05 09:46:06
S001983,O0007223,Training Wear 2024/25,Training Wear,2,116.84,2025-02-15 22:59:13
S002789,O0007224,Accessories 2024/25,Accessories,1,18.27,2024-12-06 12:06:39
S000791,O0007225,Retro 2024/25,Retro,2,139.7,2025-09-14 09:53:28
S000827,O0007226,Kids 2024/25,Kids,2,112.26,2025-09-07 01:23:43
S001329,O0007227,Training Wear 2024/25,Training Wear,1,61.85,2025-05-27 16:33:09
S002764,O0007228,Training Wear 2024/25,Training Wear,1,51.63,2025-09-19 12:22:26
S000555,O0007229,Accessories 2024/25,Accessories,1,19.97,2025-04-15 12:31:43
S003906,O0007230,Home Shirt 2024/25,Home Shirt,3,289.71,2025-02-28 03:08:03
S003640,O0007231,Kids 2024/25,Kids,1,60.24,2025-09-15 10:00:20
S004650,O0007232,Retro 2024/25,Retro,1,73.6,2025-09-15 00:16:53
S003167,O0007233,Retro 2024/25,Retro,1,68.93,2025-09-09 12:08:55
S004492,O0007234,Home Shirt 2024/25,Home Shirt,1,99.09,2025-04-21 19:25:16
S003708,O0007235,Third Kit 2024/25,Third Kit,1,75.52,2025-09-03 23:59:19
S001101,O0007236,Away Shirt 2024/25,Away Shirt,1,86.64,2025-08-23 07:40:19
S001205,O0007237,Retro 2024/25,Retro,1,71.91,2025-02-10 14:00:03
S003003,O0007238,Training Wear 2024/25,Training Wear,1,58.27,2025-08-22 13:50:19
S002275,O0007239,Away Shirt 2024/25,Away Shirt,1,73.99,2024-12-14 17:19:45
S001929,O0007240,Retro 2024/25,Retro,1,73.38,2025-09-04 14:45:17
S000669,O0007241,Home Shirt 2024/25,Home Shirt,1,86.69,2025-02-13 23:36:20
S000316,O0007242,Accessories 2024/25,Accessories,1,20.65,2025-09-12 22:24:45
S001379,O0007243,Away Shirt 2024/25,Away Shirt,1,77.57,2024-11-04 00:39:28
S003320,O0007244,Home Shirt 2024/25,Home Shirt,1,86.0,2025-09-02 23:30:46
S002969,O0007245,Kids 2024/25,Kids,1,58.32,2025-08-01 11:52:54
S004930,O0007246,Accessories 2024/25,Accessories,1,20.29,2025-06-02 08:06:47
S002870,O0007247,Kids 2024/25,Kids,1,53.68,2025-09-19 06:43:40
S002101,O0007248,Accessories 2024/25,Accessories,1,24.14,2025-08-23 23:57:24
S002093,O0007249,Accessories 2024/25,Accessories,3,60.69,2025-08-07 21:19:21
S000764,O0007250,Kids 2024/25,Kids,1,58.81,2024-11-26 09:34:33
S000449,O0007251,Training Wear 2024/25,Training Wear,1,59.68,2025-08-25 19:20:56
S002305,O0007252,Retro 2024/25,Retro,1,77.22,2024-11-02 02:30:44
S001837,O0007253,Training Wear 2024/25,Training Wear,3,195.49,2025-08-27 19:53:59
S001999,O0007254,Home Shirt 2024/25,Home Shirt,1,91.45,2025-08-23 18:40:59
S003752,O0007255,Retro 2024/25,Retro,1,75.91,2025-05-23 12:14:28
S003790,O0007256,Kids 2024/25,Kids,3,172.38,2025-09-19 08:36:08
S001866,O0007257,Home Shirt 2024/25,Home Shirt,1,85.82,2025-09-08 07:58:13
S002857,O0007258,Home Shirt 2024/25,Home Shirt,1,81.92,2025-01-24 17:06:36
S002355,O0007259,Away Shirt 2024/25,Away Shirt,1,76.58,2024-11-22 02:37:04
S004885,O0007260,Third Kit 2024/25,Third Kit,1,85.62,2025-09-15 05:19:53
S003357,O0007261,Home Shirt 2024/25,Home Shirt,1,99.24,2025-01-28 18:38:32
S002142,O0007262,Training Wear 2024/25,Training Wear,1,63.4,2025-09-09 08:24:52
S001911,O0007263,Away Shirt 2024/25,Away Shirt,1,89.6,2025-09-11 07:39:49
S003602,O0007264,Training Wear 2024/25,Training Wear,1,54.09,2025-08-23 18:08:49
S004805,O0007265,Home Shirt 2024/25,Home Shirt,1,74.57,2025-09-04 08:58:10
S002285,O0007266,Away Shirt 2024/25,Away Shirt,1,95.02,2025-02-16 00:15:00
S002409,O0007267,Accessories 2024/25,Accessories,1,22.64,2025-09-15 21:00:11
S001141,O0007268,Accessories 2024/25,Accessories,1,19.0,2025-03-31 05:56:26
S000207,O0007269,Away Shirt 2024/25,Away Shirt,1,93.3,2025-09-19 01:47:43
S000867,O0007270,Home Shirt 2024/25,Home Shirt,1,95.91,2025-01-02 11:23:39
S003583,O0007271,Retro 2024/25,Retro,1,66.18,2025-08-21 18:47:21
S000050,O0007272,Away Shirt 2024/25,Away Shirt,1,92.78,2024-11-03 12:25:59
S000630,O0007273,Kids 2024/25,Kids,1,54.87,2025-09-20 00:44:31
S002071,O0007274,Accessories 2024/25,Accessories,1,24.17,2025-09-17 03:20:25
S001932,O0007275,Away Shirt 2024/25,Away Shirt,1,95.28,2025-03-02 16:49:47
S004994,O0007276,Retro 2024/25,Retro,1,72.81,2025-05-30 16:25:19
S000732,O0007277,Retro 2024/25,Retro,3,179.39,2025-08-26 20:18:33
S002806,O0007278,Home Shirt 2024/25,Home Shirt,1,82.57,2025-04-23 02:29:56
S003166,O0007279,Accessories 2024/25,Accessories,1,22.63,2025-01-20 01:25:37
S000193,O0007280,Third Kit 2024/25,Third Kit,1,78.9,2025-09-08 18:48:46
S001198,O0007281,Retro 2024/25,Retro,1,73.77,2025-09-18 02:46:15
S004903,O0007282,Kids 2024/25,Kids,2,90.62,2025-09-05 05:58:33
S001302,O0007283,Retro 2024/25,Retro,1,67.74,2025-05-25 02:59:55
S003699,O0007284,Third Kit 2024/25,Third Kit,1,90.4,2025-08-23 03:36:43
S004522,O0007285,Training Wear 2024/25,Training Wear,2,101.84,2025-09-06 08:53:43
S003233,O0007286,Third Kit 2024/25,Third Kit,1,84.99,2025-05-06 20:53:20
S000534,O0007287,Third Kit 2024/25,Third Kit,1,90.73,2025-09-06 19:58:47
S001065,O0007288,Third Kit 2024/25,Third Kit,2,153.42,2025-01-10 05:53:57
S003011,O0007289,Accessories 2024/25,Accessories,1,18.91,2025-01-22 22:43:04
S001561,O0007290,Away Shirt 2024/25,Away Shirt,1,96.62,2024-09-26 23:54:16
S000023,O0007291,Accessories 2024/25,Accessories,1,24.66,2024-10-08 10:21:35
S001299,O0007292,Away Shirt 2024/25,Away Shirt,1,85.8,2024-12-01 22:15:19
S003689,O0007293,Retro 2024/25,Retro,1,73.43,2025-08-24 10:57:08
S000104,O0007294,Kids 2024/25,Kids,1,55.93,2025-08-27 07:05:55
S001913,O0007295,Accessories 2024/25,Accessories,1,18.93,2025-09-10 13:06:12
S002211,O0007296,Training Wear 2024/25,Training Wear,1,63.52,2025-09-02 09:08:20
S001173,O0007297,Away Shirt 2024/25,Away Shirt,1,73.76,2025-01-10 20:27:44
S000803,O0007298,Kids 2024/25,Kids,2,113.86,2025-02-26 04:37:07
S004541,O0007299,Home Shirt 2024/25,Home Shirt,1,98.9,2025-01-13 11:33:04
S001793,O0007300,Away Shirt 2024/25,Away Shirt,1,76.57,2025-09-17 08:44:02
S004198,O0007301,Third Kit 2024/25,Third Kit,1,70.34,2024-12-30 09:01:03
S003540,O0007302,Away Shirt 2024/25,Away Shirt,3,261.79,2025-08-25 23:36:18
S003828,O0007303,Kids 2024/25,Kids,1,49.98,2025-01-27 19:23:10
S004889,O0007304,Accessories 2024/25,Accessories,1,19.39,2025-08-04 05:29:01
S003276,O0007305,Retro 2024/25,Retro,2,155.13,2025-08-27 01:08:45
S001920,O0007306,Home Shirt 2024/25,Home Shirt,2,154.11,2025-08-22 09:03:54
S000734,O0007307,Training Wear 2024/25,Training Wear,1,59.61,2025-08-23 12:59:14
S004997,O0007308,Away Shirt 2024/25,Away Shirt,2,168.82,2025-06-29 03:28:40
S001110,O0007309,Retro 2024/25,Retro,1,64.0,2025-09-14 17:55:14
S002636,O0007310,Kids 2024/25,Kids,3,155.53,2025-09-03 01:43:29
S003449,O0007311,Third Kit 2024/25,Third Kit,2,160.02,2025-08-21 12:23:33
S004971,O0007312,Retro 2024/25,Retro,1,58.77,2024-10-26 06:32:04
S003783,O0007313,Away Shirt 2024/25,Away Shirt,1,73.78,2025-02-07 12:40:38
S000807,O0007314,Kids 2024/25,Kids,1,58.77,2025-09-17 00:26:16
S000564,O0007315,Home Shirt 2024/25,Home Shirt,1,98.78,2024-11-30 21:00:14
S001335,O0007316,Third Kit 2024/25,Third Kit,1,74.72,2025-08-08 12:09:38
S000984,O0007317,Training Wear 2024/25,Training Wear,1,58.66,2025-09-12 11:19:20
S000953,O0007318,Accessories 2024/25,Accessories,1,23.71,2025-07-01 10:09:44
S000980,O0007319,Kids 2024/25,Kids,2,90.41,2025-08-24 10:11:18
S003320,O0007320,Accessories 2024/25,Accessories,1,20.2,2025-08-15 07:49:42
S003869,O0007321,Training Wear 2024/25,Training Wear,1,60.76,2025-07-12 05:12:51
S003111,O0007322,Retro 2024/25,Retro,1,74.62,2025-08-28 00:31:29
S002341,O0007323,Home Shirt 2024/25,Home Shirt,2,199.16,2024-10-11 09:14:02
S004727,O0007324,Training Wear 2024/25,Training Wear,3,199.95,2025-09-19 10:28:15
S002048,O0007325,Third Kit 2024/25,Third Kit,1,88.24,2024-12-15 08:42:24
S000260,O0007326,Training Wear 2024/25,Training Wear,1,67.48,2025-08-22 21:44:04
S003527,O0007327,Retro 2024/25,Retro,1,67.3,2025-09-17 05:59:31
S001586,O0007328,Accessories 2024/25,Accessories,2,40.9,2024-11-19 18:41:13
S000849,O0007329,Training Wear 2024/25,Training Wear,1,65.78,2025-09-10 14:39:04
S004585,O0007330,Home Shirt 2024/25,Home Shirt,1,76.06,2024-12-13 11:24:09
S002899,O0007331,Training Wear 2024/25,Training Wear,1,51.17,2025-02-03 23:01:56
S000998,O0007332,Away Shirt 2024/25,Away Shirt,3,234.65,2025-01-27 15:11:28
S003623,O0007333,Third Kit 2024/25,Third Kit,3,220.89,2025-04-19 05:46:23
S001136,O0007334,Retro 2024/25,Retro,1,66.43,2025-09-18 09:43:23
S004226,O0007335,Away Shirt 2024/25,Away Shirt,1,90.25,2025-04-04 17:50:41
S000571,O0007336,Home Shirt 2024/25,Home Shirt,1,98.2,2025-09-18 13:26:26
S003033,O0007337,Training Wear 2024/25,Training Wear,1,61.24,2025-08-09 02:25:18
S001100,O0007338,Accessories 2024/25,Accessories,1,24.42,2025-09-16 19:54:18
S001190,O0007339,Training Wear 2024/25,Training Wear,1,58.83,2025-08-21 19:05:07
S002112,O0007340,Away Shirt 2024/25,Away Shirt,1,88.06,2025-09-12 23:17:28
S003219,O0007341,Retro 2024/25,Retro,1,79.15,2024-10-09 11:34:05
S000148,O0007342,Kids 2024/25,Kids,1,50.73,2025-09-14 14:05:56
S002299,O0007343,Third Kit 2024/25,Third Kit,1,88.89,2025-09-03 06:54:54
S000951,O0007344,Away Shirt 2024/25,Away Shirt,1,93.69,2024-09-21 15:47:05
S000660,O0007345,Away Shirt 2024/25,Away Shirt,1,86.97,2025-09-08 09:37:44
S003262,O0007346,Accessories 2024/25,Accessories,1,21.52,2025-09-16 08:09:41
S001758,O0007347,Training Wear 2024/25,Training Wear,1,66.93,2025-09-13 10:27:47
S003232,O0007348,Third Kit 2024/25,Third Kit,1,87.91,2025-02-07 19:52:00
S004795,O0007349,Away Shirt 2024/25,Away Shirt,1,88.22,2025-09-07 18:41:54
S000828,O0007350,Away Shirt 2024/25,Away Shirt,1,72.11,2024-11-23 07:10:39
S000149,O0007351,Training Wear 2024/25,Training Wear,3,171.06,2025-09-16 15:53:01
S002529,O0007352,Home Shirt 2024/25,Home Shirt,2,182.34,2024-09-27 10:24:53
S002169,O0007353,Kids 2024/25,Kids,2,115.37,2025-09-02 11:22:58
S001736,O0007354,Training Wear 2024/25,Training Wear,1,67.51,2025-08-02 14:14:20
S001216,O0007355,Retro 2024/25,Retro,1,66.44,2025-06-29 20:33:24
S004305,O0007356,Training Wear 2024/25,Training Wear,1,59.16,2025-06-26 00:44:30
S000818,O0007357,Third Kit 2024/25,Third Kit,1,93.11,2025-09-04 21:50:12
S001045,O0007358,Accessories 2024/25,Accessories,1,21.91,2025-09-06 18:14:26
S002537,O0007359,Training Wear 2024/25,Training Wear,1,50.12,2025-09-03 12:58:20
S001901,O0007360,Kids 2024/25,Kids,1,58.94,2025-03-14 18:49:20
S004455,O0007361,Accessories 2024/25,Accessories,1,22.74,2025-02-15 20:44:47
S001493,O0007362,Training Wear 2024/25,Training Wear,1,65.44,2025-09-13 08:04:10
S001146,O0007363,Kids 2024/25,Kids,1,57.11,2025-09-19 19:02:59
S002472,O0007364,Kids 2024/25,Kids,1,51.23,2024-10-18 03:18:17
S004539,O0007365,Retro 2024/25,Retro,1,70.04,2024-10-02 05:37:33
S003432,O0007366,Retro 2024/25,Retro,1,69.38,2025-09-18 10:09:03
S002228,O0007367,Training Wear 2024/25,Training Wear,1,63.94,2025-01-24 05:59:15
S004775,O0007368,Accessories 2024/25,Accessories,1,24.24,2025-03-01 01:06:57
S003853,O0007369,Training Wear 2024/25,Training Wear,1,55.72,2025-03-19 18:35:37
S004847,O0007370,Training Wear 2024/25,Training Wear,1,64.89,2025-09-20 10:58:57
S002112,O0007371,Training Wear 2024/25,Training Wear,1,54.2,2025-09-15 18:03:33
S004608,O0007372,Accessories 2024/25,Accessories,1,23.29,2025-03-20 21:54:02
S000175,O0007373,Accessories 2024/25,Accessories,1,23.79,2025-02-11 10:05:05
S002188,O0007374,Training Wear 2024/25,Training Wear,1,61.85,2025-08-25 02:46:32
S003754,O0007375,Kids 2024/25,Kids,1,49.91,2025-09-12 17:23:40
S003449,O0007376,Retro 2024/25,Retro,2,139.86,2025-09-11 23:35:39
S003811,O0007377,Kids 2024/25,Kids,1,60.63,2025-07-17 12:45:21
S001095,O0007378,Kids 2024/25,Kids,1,46.39,2025-09-13 16:38:14
S002774,O0007379,Training Wear 2024/25,Training Wear,2,137.03,2025-08-31 04:51:31
S002006,O0007380,Training Wear 2024/25,Training Wear,1,64.08,2025-09-11 09:41:55
S004293,O0007381,Accessories 2024/25,Accessories,1,24.42,2025-08-25 18:46:09
S000834,O0007382,Away Shirt 2024/25,Away Shirt,2,179.39,2025-09-05 00:29:33
S004611,O0007383,Away Shirt 2024/25,Away Shirt,1,80.51,2025-08-27 01:02:45
S004378,O0007384,Kids 2024/25,Kids,3,139.58,2025-08-27 11:11:25
S000060,O0007385,Accessories 2024/25,Accessories,1,23.96,2025-09-01 20:48:58
S003731,O0007386,Home Shirt 2024/25,Home Shirt,1,91.35,2025-09-13 17:56:09
S002724,O0007387,Home Shirt 2024/25,Home Shirt,1,96.76,2025-08-14 17:25:08
S001665,O0007388,Third Kit 2024/25,Third Kit,1,75.39,2024-12-11 05:20:33
S000319,O0007389,Retro 2024/25,Retro,1,64.66,2025-09-08 23:42:44
S001228,O0007390,Home Shirt 2024/25,Home Shirt,1,88.43,2025-02-23 07:48:48
S003701,O0007391,Training Wear 2024/25,Training Wear,2,132.84,2025-01-02 11:59:42
S003234,O0007392,Retro 2024/25,Retro,1,64.53,2025-09-15 17:03:24
S004327,O0007393,Home Shirt 2024/25,Home Shirt,1,73.23,2025-05-07 20:14:33
S001103,O0007394,Kids 2024/25,Kids,1,49.7,2025-08-26 13:23:39
S003242,O0007395,Home Shirt 2024/25,Home Shirt,1,86.38,2025-01-21 19:49:02
S002143,O0007396,Away Shirt 2024/25,Away Shirt,1,96.25,2024-09-20 20:08:25
S003590,O0007397,Home Shirt 2024/25,Home Shirt,1,98.54,2025-04-22 00:11:44
S001640,O0007398,Training Wear 2024/25,Training Wear,1,50.32,2024-10-17 06:10:36
S000233,O0007399,Away Shirt 2024/25,Away Shirt,1,92.9,2025-01-08 12:43:02
S001126,O0007400,Home Shirt 2024/25,Home Shirt,1,85.44,2025-03-19 21:30:13
S000709,O0007401,Retro 2024/25,Retro,2,128.93,2025-04-21 19:41:58
S002087,O0007402,Away Shirt 2024/25,Away Shirt,1,96.76,2025-09-08 08:17:07
S004544,O0007403,Home Shirt 2024/25,Home Shirt,1,95.92,2024-11-20 18:24:00
S000179,O0007404,Away Shirt 2024/25,Away Shirt,2,193.79,2025-09-03 18:29:13
S001485,O0007405,Retro 2024/25,Retro,1,78.03,2025-01-13 07:58:31
S004459,O0007406,Accessories 2024/25,Accessories,1,18.36,2025-03-05 12:42:14
S003853,O0007407,Retro 2024/25,Retro,1,76.92,2025-09-09 15:09:19
S003661,O0007408,Away Shirt 2024/25,Away Shirt,2,153.09,2025-09-09 01:20:12
S000266,O0007409,Training Wear 2024/25,Training Wear,1,51.81,2025-05-02 03:13:09
S001880,O0007410,Away Shirt 2024/25,Away Shirt,1,77.53,2025-09-10 18:16:35
S000618,O0007411,Third Kit 2024/25,Third Kit,1,69.94,2025-09-01 07:16:07
S004585,O0007412,Training Wear 2024/25,Training Wear,1,67.22,2025-09-09 02:06:11
S001140,O0007413,Training Wear 2024/25,Training Wear,1,53.05,2025-06-26 23:17:07
S003049,O0007414,Kids 2024/25,Kids,1,59.21,2025-03-07 00:30:45
S000258,O0007415,Kids 2024/25,Kids,1,56.18,2025-03-16 06:06:23
S000375,O0007416,Kids 2024/25,Kids,1,52.79,2025-09-03 14:01:33
S000247,O0007417,Training Wear 2024/25,Training Wear,2,117.35,2025-08-26 16:23:42
S000434,O0007418,Home Shirt 2024/25,Home Shirt,1,78.51,2024-11-23 19:19:19
S000297,O0007419,Kids 2024/25,Kids,1,54.68,2025-01-25 12:15:43
S000027,O0007420,Retro 2024/25,Retro,1,70.37,2025-04-07 09:19:43
S004404,O0007421,Training Wear 2024/25,Training Wear,2,114.47,2025-07-24 11:47:20
S001306,O0007422,Kids 2024/25,Kids,2,108.11,2025-05-07 20:46:17
S004670,O0007423,Home Shirt 2024/25,Home Shirt,2,156.07,2025-08-23 17:24:17
S003149,O0007424,Training Wear 2024/25,Training Wear,1,55.93,2025-04-15 12:48:28
S001727,O0007425,Accessories 2024/25,Accessories,1,23.76,2025-09-06 13:01:44
S002107,O0007426,Away Shirt 2024/25,Away Shirt,1,72.92,2025-09-04 05:29:20
S003050,O0007427,Away Shirt 2024/25,Away Shirt,1,94.9,2025-09-04 23:02:18
S003809,O0007428,Third Kit 2024/25,Third Kit,1,93.64,2025-08-28 08:37:04
S001324,O0007429,Training Wear 2024/25,Training Wear,1,63.82,2025-09-03 21:59:04
S001839,O0007430,Away Shirt 2024/25,Away Shirt,1,75.02,2024-10-07 01:13:46
S004374,O0007431,Away Shirt 2024/25,Away Shirt,1,95.99,2025-09-18 04:45:48
S000402,O0007432,Training Wear 2024/25,Training Wear,1,57.65,2025-06-11 18:49:07
S001731,O0007433,Accessories 2024/25,Accessories,1,21.32,2025-06-25 13:04:18
S002793,O0007434,Third Kit 2024/25,Third Kit,1,83.79,2025-02-18 05:17:07
S002306,O0007435,Accessories 2024/25,Accessories,1,23.58,2025-08-31 21:36:00
S000586,O0007436,Home Shirt 2024/25,Home Shirt,1,95.69,2025-08-27 02:54:04
S000987,O0007437,Retro 2024/25,Retro,1,72.14,2025-08-29 10:39:36
S000029,O0007438,Retro 2024/25,Retro,1,76.67,2025-04-11 14:40:38
S003097,O0007439,Training Wear 2024/25,Training Wear,1,60.31,2025-02-20 10:04:08
S003563,O0007440,Away Shirt 2024/25,Away Shirt,1,88.9,2024-10-17 22:37:27
S000009,O0007441,Away Shirt 2024/25,Away Shirt,1,82.82,2025-09-07 23:19:54
S004336,O0007442,Accessories 2024/25,Accessories,1,18.35,2025-08-31 17:52:25
S001617,O0007443,Third Kit 2024/25,Third Kit,1,81.83,2025-03-27 06:01:13
S002660,O0007444,Retro 2024/25,Retro,1,64.05,2025-01-20 11:57:27
S004902,O0007445,Home Shirt 2024/25,Home Shirt,1,74.07,2025-06-11 11:01:25
S002268,O0007446,Third Kit 2024/25,Third Kit,1,76.71,2025-08-21 18:14:00
S003213,O0007447,Accessories 2024/25,Accessories,1,22.98,2024-09-21 01:56:13
S003391,O0007448,Accessories 2024/25,Accessories,1,21.29,2025-09-15 01:41:15
S003522,O0007449,Third Kit 2024/25,Third Kit,1,72.22,2025-04-01 02:48:10
S000407,O0007450,Home Shirt 2024/25,Home Shirt,3,241.93,2025-06-25 07:41:43
S002183,O0007451,Home Shirt 2024/25,Home Shirt,1,76.94,2025-09-10 13:12:17
S004288,O0007452,Accessories 2024/25,Accessories,3,60.88,2025-08-21 19:35:55
S000793,O0007453,Third Kit 2024/25,Third Kit,1,93.24,2025-08-23 16:03:07
S004085,O0007454,Third Kit 2024/25,Third Kit,1,80.22,2024-09-23 00:59:15
S000567,O0007455,Away Shirt 2024/25,Away Shirt,1,92.59,2024-10-14 03:48:41
S003810,O0007456,Home Shirt 2024/25,Home Shirt,1,82.94,2025-08-22 11:32:08
S000377,O0007457,Third Kit 2024/25,Third Kit,1,73.49,2025-09-04 04:04:33
S004033,O0007458,Retro 2024/25,Retro,3,185.14,2025-08-30 01:57:22
S004208,O0007459,Third Kit 2024/25,Third Kit,3,258.2,2025-09-18 11:21:12
S001296,O0007460,Away Shirt 2024/25,Away Shirt,1,85.0,2024-10-06 14:19:07
S000114,O0007461,Training Wear 2024/25,Training Wear,1,60.18,2025-08-21 13:01:04
S000691,O0007462,Home Shirt 2024/25,Home Shirt,1,97.1,2025-02-20 21:50:23
S004638,O0007463,Accessories 2024/25,Accessories,1,22.41,2025-07-14 23:46:38
S000408,O0007464,Kids 2024/25,Kids,1,61.24,2025-04-12 09:33:23
S004949,O0007465,Kids 2024/25,Kids,1,48.5,2025-01-23 21:18:17
S002965,O0007466,Third Kit 2024/25,Third Kit,1,81.22,2025-08-23 04:26:34
S003769,O0007467,Away Shirt 2024/25,Away Shirt,1,76.15,2025-04-22 18:42:29
S000197,O0007468,Retro 2024/25,Retro,1,76.55,2025-03-10 01:13:33
S002020,O0007469,Away Shirt 2024/25,Away Shirt,1,77.25,2025-09-18 14:13:07
S002324,O0007470,Retro 2024/25,Retro,1,74.31,2025-09-18 17:56:37
S004062,O0007471,Accessories 2024/25,Accessories,1,21.25,2025-07-14 17:01:40
S003143,O0007472,Kids 2024/25,Kids,1,49.83,2025-05-20 07:19:29
S004483,O0007473,Retro 2024/25,Retro,1,79.71,2024-12-25 17:49:12
S004990,O0007474,Third Kit 2024/25,Third Kit,3,244.88,2025-06-30 22:26:07
S001126,O0007475,Training Wear 2024/25,Training Wear,3,173.84,2024-12-04 07:15:50
S004309,O0007476,Retro 2024/25,Retro,1,63.37,2025-09-11 02:34:56
S002711,O0007477,Home Shirt 2024/25,Home Shirt,1,89.0,2025-09-18 09:55:26
S003127,O0007478,Away Shirt 2024/25,Away Shirt,1,78.62,2025-02-05 00:22:48
S002559,O0007479,Away Shirt 2024/25,Away Shirt,1,82.78,2025-04-06 12:55:52
S003927,O0007480,Home Shirt 2024/25,Home Shirt,1,74.35,2025-09-09 12:12:30
S001177,O0007481,Home Shirt 2024/25,Home Shirt,1,86.68,2025-04-25 15:46:52
S003127,O0007482,Home Shirt 2024/25,Home Shirt,1,79.74,2025-07-05 10:18:06
S002895,O0007483,Home Shirt 2024/25,Home Shirt,1,86.97,2024-11-03 16:20:58
S000651,O0007484,Accessories 2024/25,Accessories,1,20.99,2025-08-31 12:51:18
S000164,O0007485,Training Wear 2024/25,Training Wear,1,67.21,2025-02-08 05:17:36
S003833,O0007486,Third Kit 2024/25,Third Kit,1,91.93,2024-12-01 09:11:11
S002631,O0007487,Third Kit 2024/25,Third Kit,1,80.2,2025-01-29 09:07:03
S003075,O0007488,Kids 2024/25,Kids,1,57.04,2025-09-03 21:57:33
S000657,O0007489,Third Kit 2024/25,Third Kit,1,84.09,2025-09-17 15:35:42
S001334,O0007490,Kids 2024/25,Kids,1,56.37,2024-10-01 20:58:49
S002274,O0007491,Retro 2024/25,Retro,3,215.46,2025-09-07 02:59:42
S000565,O0007492,Home Shirt 2024/25,Home Shirt,1,73.52,2024-12-06 12:39:43
S002288,O0007493,Training Wear 2024/25,Training Wear,1,58.94,2025-09-11 01:22:52
S004662,O0007494,Away Shirt 2024/25,Away Shirt,1,72.17,2025-03-18 14:48:58
S000286,O0007495,Home Shirt 2024/25,Home Shirt,1,77.67,2025-05-02 02:12:15
S003408,O0007496,Away Shirt 2024/25,Away Shirt,1,99.36,2025-09-04 19:22:34
S004622,O0007497,Training Wear 2024/25,Training Wear,1,56.08,2024-10-10 15:34:13
S004519,O0007498,Training Wear 2024/25,Training Wear,1,52.32,2025-05-26 03:34:09
S000468,O0007499,Retro 2024/25,Retro,1,78.67,2025-08-27 08:25:01
S000074,O0007500,Retro 2024/25,Retro,1,67.66,2025-06-02 02:19:35
S002165,O0007501,Training Wear 2024/25,Training Wear,3,186.77,2024-11-11 21:23:59
S000720,O0007502,Home Shirt 2024/25,Home Shirt,2,172.03,2025-08-22 19:18:04
S003947,O0007503,Retro 2024/25,Retro,1,71.04,2025-09-03 04:58:19
S000596,O0007504,Kids 2024/25,Kids,1,57.14,2025-09-18 01:11:10
S001928,O0007505,Kids 2024/25,Kids,1,55.26,2025-09-14 00:44:04
S004381,O0007506,Training Wear 2024/25,Training Wear,1,66.26,2024-10-07 00:23:33
S001609,O0007507,Retro 2024/25,Retro,1,66.11,2024-09-21 19:02:53
S001552,O0007508,Retro 2024/25,Retro,1,80.24,2024-11-28 10:28:36
S000478,O0007509,Accessories 2024/25,Accessories,3,66.88,2025-07-17 08:28:18
S003031,O0007510,Kids 2024/25,Kids,1,47.07,2024-12-25 06:16:02
S002416,O0007511,Kids 2024/25,Kids,1,47.38,2025-09-02 15:25:54
S001416,O0007512,Away Shirt 2024/25,Away Shirt,1,82.66,2025-08-31 10:22:58
S001832,O0007513,Third Kit 2024/25,Third Kit,1,87.56,2025-09-15 11:46:06
S000176,O0007514,Third Kit 2024/25,Third Kit,1,85.94,2025-08-19 00:51:06
S001389,O0007515,Kids 2024/25,Kids,1,56.42,2025-06-09 14:49:05
S000138,O0007516,Home Shirt 2024/25,Home Shirt,1,91.21,2025-04-04 11:30:14
S003928,O0007517,Training Wear 2024/25,Training Wear,1,53.87,2025-07-16 20:15:08
S004388,O0007518,Training Wear 2024/25,Training Wear,1,60.04,2025-09-07 12:11:11
S002120,O0007519,Accessories 2024/25,Accessories,1,22.48,2025-02-13 09:59:21
S001011,O0007520,Accessories 2024/25,Accessories,1,22.06,2025-02-08 22:39:52
S001973,O0007521,Away Shirt 2024/25,Away Shirt,1,99.51,2024-11-29 04:53:20
S002675,O0007522,Third Kit 2024/25,Third Kit,1,90.48,2024-11-05 09:41:17
S001798,O0007523,Retro 2024/25,Retro,1,60.71,2025-07-01 06:30:22
S000457,O0007524,Training Wear 2024/25,Training Wear,1,54.38,2024-12-15 03:35:06
S001461,O0007525,Accessories 2024/25,Accessories,1,19.47,2024-09-25 14:00:52
S002618,O0007526,Home Shirt 2024/25,Home Shirt,1,92.13,2025-09-08 22:03:49
S001522,O0007527,Retro 2024/25,Retro,1,70.61,2025-08-28 23:01:14
S002113,O0007528,Accessories 2024/25,Accessories,1,23.26,2025-09-15 22:59:10
S001393,O0007529,Third Kit 2024/25,Third Kit,1,87.94,2025-09-11 17:43:11
S002097,O0007530,Kids 2024/25,Kids,1,51.66,2025-04-23 22:27:23
S004565,O0007531,Home Shirt 2024/25,Home Shirt,1,73.85,2025-08-28 08:37:21
S004435,O0007532,Third Kit 2024/25,Third Kit,2,155.04,2025-05-19 12:08:32
S003736,O0007533,Accessories 2024/25,Accessories,3,69.21,2025-05-30 03:11:20
S003742,O0007534,Kids 2024/25,Kids,2,116.22,2025-09-05 09:41:16
S004386,O0007535,Home Shirt 2024/25,Home Shirt,1,78.58,2024-11-06 19:45:25
S003971,O0007536,Third Kit 2024/25,Third Kit,1,89.78,2025-02-17 14:52:02
S003319,O0007537,Kids 2024/25,Kids,1,62.26,2025-04-26 23:16:18
S003640,O0007538,Home Shirt 2024/25,Home Shirt,1,99.79,2025-08-22 20:06:39
S000279,O0007539,Third Kit 2024/25,Third Kit,1,88.7,2025-07-06 12:50:09
S002527,O0007540,Kids 2024/25,Kids,3,165.88,2025-02-16 23:39:44
S003801,O0007541,Training Wear 2024/25,Training Wear,1,67.37,2025-03-08 09:20:12
S002161,O0007542,Training Wear 2024/25,Training Wear,2,115.8,2025-08-28 10:41:00
S004157,O0007543,Accessories 2024/25,Accessories,1,22.15,2025-08-28 09:34:16
S003906,O0007544,Third Kit 2024/25,Third Kit,1,79.68,2025-09-04 16:45:31
S002644,O0007545,Training Wear 2024/25,Training Wear,1,68.13,2025-09-13 06:55:52
S004302,O0007546,Home Shirt 2024/25,Home Shirt,1,79.82,2025-01-07 21:18:49
S003011,O0007547,Third Kit 2024/25,Third Kit,1,67.78,2025-09-11 08:00:49
S004229,O0007548,Training Wear 2024/25,Training Wear,1,66.06,2025-08-30 06:40:07
S003664,O0007549,Kids 2024/25,Kids,1,53.07,2025-07-15 18:11:17
S004192,O0007550,Training Wear 2024/25,Training Wear,3,175.17,2024-12-17 17:13:31
S001182,O0007551,Accessories 2024/25,Accessories,3,55.62,2025-09-12 10:07:32
S000993,O0007552,Training Wear 2024/25,Training Wear,1,51.9,2025-09-18 22:37:17
S004635,O0007553,Retro 2024/25,Retro,1,58.51,2024-10-27 23:10:19
S000784,O0007554,Away Shirt 2024/25,Away Shirt,1,81.71,2025-08-22 14:36:48
S001745,O0007555,Away Shirt 2024/25,Away Shirt,1,78.1,2025-09-13 19:24:50
S001807,O0007556,Retro 2024/25,Retro,3,209.17,2025-09-03 09:03:17
S001683,O0007557,Away Shirt 2024/25,Away Shirt,1,89.22,2025-09-04 09:49:32
S004897,O0007558,Third Kit 2024/25,Third Kit,1,84.79,2025-09-11 13:28:10
S004432,O0007559,Accessories 2024/25,Accessories,1,22.86,2025-03-04 15:00:06
S000778,O0007560,Retro 2024/25,Retro,1,61.1,2025-09-14 16:28:05
S001190,O0007561,Away Shirt 2024/25,Away Shirt,1,94.13,2024-12-11 23:41:45
S000538,O0007562,Away Shirt 2024/25,Away Shirt,1,89.99,2025-09-17 08:13:07
S002443,O0007563,Retro 2024/25,Retro,1,77.84,2025-04-26 17:29:00
S004351,O0007564,Away Shirt 2024/25,Away Shirt,1,86.28,2025-03-16 20:18:18
S003566,O0007565,Away Shirt 2024/25,Away Shirt,3,239.85,2025-09-11 23:30:33
S003698,O0007566,Away Shirt 2024/25,Away Shirt,1,87.0,2025-07-16 14:06:24
S001241,O0007567,Kids 2024/25,Kids,1,53.65,2025-09-14 23:34:41
S004142,O0007568,Training Wear 2024/25,Training Wear,2,132.78,2025-08-31 13:59:53
S000391,O0007569,Third Kit 2024/25,Third Kit,1,68.94,2025-05-31 01:54:42
S004888,O0007570,Accessories 2024/25,Accessories,1,22.59,2025-09-06 23:14:46
S004221,O0007571,Accessories 2024/25,Accessories,2,39.89,2025-08-24 08:43:23
S000062,O0007572,Third Kit 2024/25,Third Kit,1,83.58,2025-09-20 00:34:05
S004743,O0007573,Third Kit 2024/25,Third Kit,1,83.12,2025-08-28 22:35:23
S000955,O0007574,Kids 2024/25,Kids,1,61.89,2025-01-21 02:55:34
S002085,O0007575,Third Kit 2024/25,Third Kit,1,83.33,2024-10-18 05:20:41
S003428,O0007576,Third Kit 2024/25,Third Kit,2,158.47,2025-09-01 21:08:06
S002817,O0007577,Third Kit 2024/25,Third Kit,3,249.36,2025-04-13 10:11:14
S000322,O0007578,Home Shirt 2024/25,Home Shirt,1,84.48,2025-05-21 14:59:38
S002892,O0007579,Home Shirt 2024/25,Home Shirt,2,161.31,2024-10-16 20:53:20
S000962,O0007580,Accessories 2024/25,Accessories,2,43.42,2025-05-11 06:02:22
S004692,O0007581,Away Shirt 2024/25,Away Shirt,1,96.15,2025-08-01 08:27:19
S000610,O0007582,Kids 2024/25,Kids,1,45.31,2025-08-02 21:16:04
S003959,O0007583,Accessories 2024/25,Accessories,1,18.65,2025-09-14 15:34:27
S000158,O0007584,Retro 2024/25,Retro,1,74.16,2025-05-11 00:42:06
S004230,O0007585,Away Shirt 2024/25,Away Shirt,1,77.98,2025-09-14 06:49:37
S002699,O0007586,Training Wear 2024/25,Training Wear,1,58.72,2025-01-12 01:43:58
S003048,O0007587,Third Kit 2024/25,Third Kit,1,84.91,2025-08-27 21:45:32
S004451,O0007588,Away Shirt 2024/25,Away Shirt,1,95.09,2024-12-04 17:06:17
S003120,O0007589,Retro 2024/25,Retro,1,80.74,2025-09-06 21:45:26
S003830,O0007590,Retro 2024/25,Retro,1,66.49,2025-09-11 09:11:47
S000020,O0007591,Accessories 2024/25,Accessories,1,20.23,2025-08-30 05:16:02
S004056,O0007592,Retro 2024/25,Retro,1,69.76,2025-08-28 04:51:35
S004617,O0007593,Retro 2024/25,Retro,1,69.45,2025-06-28 11:58:52
S001059,O0007594,Retro 2024/25,Retro,1,62.56,2025-08-25 13:50:25
S001577,O0007595,Retro 2024/25,Retro,1,73.63,2025-09-08 03:30:57
S001142,O0007596,Third Kit 2024/25,Third Kit,1,70.49,2025-09-07 21:19:14
S004859,O0007597,Home Shirt 2024/25,Home Shirt,1,98.95,2025-09-16 02:54:42
S002536,O0007598,Home Shirt 2024/25,Home Shirt,1,72.39,2025-09-18 10:25:04
S000642,O0007599,Home Shirt 2024/25,Home Shirt,1,84.65,2025-04-20 23:45:54
S002499,O0007600,Training Wear 2024/25,Training Wear,1,61.26,2025-01-28 17:49:43
S004147,O0007601,Accessories 2024/25,Accessories,1,23.85,2025-09-15 17:19:11
S002637,O0007602,Home Shirt 2024/25,Home Shirt,1,83.65,2025-09-07 02:57:02
S003298,O0007603,Retro 2024/25,Retro,2,133.3,2025-03-22 01:16:04
S000198,O0007604,Third Kit 2024/25,Third Kit,1,76.37,2025-04-12 08:42:15
S002831,O0007605,Retro 2024/25,Retro,1,68.5,2025-05-22 19:53:10
S001643,O0007606,Third Kit 2024/25,Third Kit,1,93.63,2025-07-17 02:06:49
S002684,O0007607,Away Shirt 2024/25,Away Shirt,1,78.35,2025-04-06 11:49:12
S000821,O0007608,Retro 2024/25,Retro,3,225.87,2025-09-06 01:05:58
S004645,O0007609,Home Shirt 2024/25,Home Shirt,2,191.09,2024-11-07 19:24:19
S004370,O0007610,Accessories 2024/25,Accessories,1,18.52,2025-07-20 04:41:30
S001450,O0007611,Kids 2024/25,Kids,1,57.0,2025-09-16 23:41:33
S000034,O0007612,Third Kit 2024/25,Third Kit,1,91.69,2024-11-23 17:44:39
S003652,O0007613,Home Shirt 2024/25,Home Shirt,1,94.33,2025-08-28 23:06:53
S003861,O0007614,Third Kit 2024/25,Third Kit,1,82.8,2025-09-11 20:33:42
S000639,O0007615,Kids 2024/25,Kids,3,151.04,2025-09-15 12:50:53
S003082,O0007616,Home Shirt 2024/25,Home Shirt,1,91.98,2025-03-06 23:21:19
S003144,O0007617,Training Wear 2024/25,Training Wear,1,56.21,2025-04-26 14:21:14
S002562,O0007618,Away Shirt 2024/25,Away Shirt,1,83.29,2025-09-17 03:50:30
S003010,O0007619,Accessories 2024/25,Accessories,1,18.88,2025-01-08 00:38:19
S000839,O0007620,Third Kit 2024/25,Third Kit,1,78.61,2025-05-15 16:33:36
S004072,O0007621,Home Shirt 2024/25,Home Shirt,1,75.43,2025-08-21 14:16:49
S001525,O0007622,Away Shirt 2024/25,Away Shirt,1,82.12,2025-01-02 18:37:14
S003661,O0007623,Accessories 2024/25,Accessories,1,23.35,2025-06-08 06:18:13
S004465,O0007624,Home Shirt 2024/25,Home Shirt,1,79.23,2025-09-16 19:22:18
S004143,O0007625,Home Shirt 2024/25,Home Shirt,1,74.88,2025-08-19 09:27:53
S000367,O0007626,Training Wear 2024/25,Training Wear,3,202.69,2025-08-24 11:59:51
S002885,O0007627,Third Kit 2024/25,Third Kit,1,91.01,2025-08-27 07:34:08
S002876,O0007628,Kids 2024/25,Kids,1,48.91,2025-08-21 16:38:38
S002747,O0007629,Retro 2024/25,Retro,1,58.88,2025-03-12 00:59:40
S001919,O0007630,Training Wear 2024/25,Training Wear,2,119.03,2025-09-01 10:00:57
S003467,O0007631,Kids 2024/25,Kids,1,48.68,2025-09-04 05:28:13
S000663,O0007632,Third Kit 2024/25,Third Kit,1,90.81,2025-08-24 03:54:02
S003075,O0007633,Training Wear 2024/25,Training Wear,1,60.27,2025-08-23 18:49:34
S002005,O0007634,Accessories 2024/25,Accessories,1,20.21,2025-04-06 05:14:22
S003103,O0007635,Retro 2024/25,Retro,1,76.83,2025-08-24 21:03:04
S001912,O0007636,Retro 2024/25,Retro,1,67.94,2025-09-08 08:43:54
S003809,O0007637,Home Shirt 2024/25,Home Shirt,2,190.08,2025-01-20 10:34:30
S004769,O0007638,Third Kit 2024/25,Third Kit,1,88.09,2025-08-31 08:43:22
S001785,O0007639,Third Kit 2024/25,Third Kit,1,77.96,2025-07-29 17:18:36
S000731,O0007640,Accessories 2024/25,Accessories,1,18.21,2025-09-14 02:51:07
S000348,O0007641,Training Wear 2024/25,Training Wear,1,59.56,2025-03-18 16:59:01
S002787,O0007642,Accessories 2024/25,Accessories,1,24.36,2025-09-09 06:36:46
S003948,O0007643,Third Kit 2024/25,Third Kit,1,83.32,2024-09-29 06:18:09
S001668,O0007644,Home Shirt 2024/25,Home Shirt,1,90.06,2025-09-01 07:06:36
S000290,O0007645,Home Shirt 2024/25,Home Shirt,3,254.6,2025-08-27 23:07:52
S000213,O0007646,Away Shirt 2024/25,Away Shirt,1,99.06,2025-04-08 21:45:35
S000405,O0007647,Retro 2024/25,Retro,1,58.96,2024-11-29 14:52:05
S002226,O0007648,Retro 2024/25,Retro,1,60.4,2025-09-12 18:43:24
S001213,O0007649,Home Shirt 2024/25,Home Shirt,1,83.37,2025-09-20 10:25:57
S003586,O0007650,Third Kit 2024/25,Third Kit,1,89.85,2025-09-14 23:10:56
S004384,O0007651,Training Wear 2024/25,Training Wear,1,68.32,2025-09-14 18:22:37
S000050,O0007652,Retro 2024/25,Retro,1,74.99,2025-06-30 07:03:19
S002749,O0007653,Home Shirt 2024/25,Home Shirt,3,282.64,2025-08-23 11:05:06
S004252,O0007654,Kids 2024/25,Kids,1,46.49,2025-08-21 22:34:04
S002762,O0007655,Training Wear 2024/25,Training Wear,1,67.51,2024-11-11 09:39:32
S003055,O0007656,Retro 2024/25,Retro,1,70.43,2025-08-30 19:30:33
S001059,O0007657,Home Shirt 2024/25,Home Shirt,2,152.19,2025-09-13 20:50:03
S002795,O0007658,Home Shirt 2024/25,Home Shirt,1,76.59,2025-05-28 19:09:28
S001971,O0007659,Kids 2024/25,Kids,1,56.21,2024-09-30 20:19:35
S003745,O0007660,Kids 2024/25,Kids,1,48.56,2025-09-02 09:39:07
S001304,O0007661,Training Wear 2024/25,Training Wear,3,172.52,2024-11-06 18:49:14
S004253,O0007662,Kids 2024/25,Kids,1,53.05,2025-08-21 23:26:04
S003209,O0007663,Retro 2024/25,Retro,1,75.66,2025-09-01 04:59:24
S004343,O0007664,Kids 2024/25,Kids,1,47.25,2025-09-15 23:38:42
S001530,O0007665,Retro 2024/25,Retro,1,78.59,2025-09-18 05:01:01
S002617,O0007666,Kids 2024/25,Kids,1,56.37,2025-09-08 18:48:37
S000204,O0007667,Retro 2024/25,Retro,1,68.68,2025-05-17 05:00:52
S003797,O0007668,Home Shirt 2024/25,Home Shirt,3,266.11,2025-05-04 02:11:36
S001522,O0007669,Retro 2024/25,Retro,1,63.71,2025-09-03 08:53:10
S002867,O0007670,Away Shirt 2024/25,Away Shirt,3,276.77,2024-10-30 16:03:21
S002757,O0007671,Training Wear 2024/25,Training Wear,1,66.51,2025-09-02 18:28:00
S004423,O0007672,Kids 2024/25,Kids,1,58.08,2025-01-25 19:21:25
S000932,O0007673,Kids 2024/25,Kids,1,62.45,2025-01-07 07:45:17
S003549,O0007674,Training Wear 2024/25,Training Wear,1,58.59,2025-09-05 18:23:59
S000643,O0007675,Kids 2024/25,Kids,1,45.94,2025-06-16 04:22:43
S000470,O0007676,Kids 2024/25,Kids,1,52.93,2025-01-17 20:36:38
S003828,O0007677,Training Wear 2024/25,Training Wear,1,60.18,2025-09-07 17:55:20
S002528,O0007678,Training Wear 2024/25,Training Wear,1,67.6,2025-09-15 07:31:36
S000529,O0007679,Kids 2024/25,Kids,1,56.27,2025-08-22 02:05:58
S001890,O0007680,Home Shirt 2024/25,Home Shirt,1,91.93,2025-08-24 07:16:23
S001042,O0007681,Away Shirt 2024/25,Away Shirt,2,196.4,2025-02-16 04:38:11
S004285,O0007682,Home Shirt 2024/25,Home Shirt,1,87.94,2024-11-20 23:10:41
S004725,O0007683,Kids 2024/25,Kids,1,61.96,2025-02-02 23:57:04
S001937,O0007684,Away Shirt 2024/25,Away Shirt,1,85.25,2024-10-06 17:38:59
S000472,O0007685,Home Shirt 2024/25,Home Shirt,1,81.93,2024-10-15 05:23:06
S000783,O0007686,Retro 2024/25,Retro,1,76.74,2025-06-12 11:14:58
S002357,O0007687,Accessories 2024/25,Accessories,3,63.72,2025-08-24 17:10:34
S000115,O0007688,Training Wear 2024/25,Training Wear,1,68.4,2025-04-24 13:03:46
S001992,O0007689,Accessories 2024/25,Accessories,1,20.26,2025-09-15 16:56:10
S004138,O0007690,Kids 2024/25,Kids,1,59.65,2025-08-22 13:22:02
S004919,O0007691,Retro 2024/25,Retro,1,67.95,2025-09-12 12:33:58
S004880,O0007692,Training Wear 2024/25,Training Wear,1,67.75,2024-11-25 10:21:03
S002746,O0007693,Retro 2024/25,Retro,1,71.12,2025-09-03 18:54:35
S004853,O0007694,Kids 2024/25,Kids,1,49.74,2025-03-25 20:12:15
S003848,O0007695,Third Kit 2024/25,Third Kit,1,87.45,2025-01-24 23:46:30
S001531,O0007696,Training Wear 2024/25,Training Wear,1,66.59,2024-11-04 10:36:08
S003343,O0007697,Home Shirt 2024/25,Home Shirt,1,99.92,2025-08-26 05:42:04
S000444,O0007698,Home Shirt 2024/25,Home Shirt,1,76.54,2025-08-25 06:12:56
S000696,O0007699,Training Wear 2024/25,Training Wear,1,62.64,2025-09-19 02:12:18
S000907,O0007700,Away Shirt 2024/25,Away Shirt,1,72.6,2025-01-21 14:41:03
S002019,O0007701,Training Wear 2024/25,Training Wear,1,62.89,2025-08-28 17:12:31
S002856,O0007702,Kids 2024/25,Kids,1,62.47,2025-08-26 06:24:50
S000255,O0007703,Home Shirt 2024/25,Home Shirt,2,154.25,2025-07-04 17:21:10
S001269,O0007704,Training Wear 2024/25,Training Wear,2,134.71,2025-09-10 03:02:15
S000390,O0007705,Retro 2024/25,Retro,1,76.7,2025-07-17 23:35:38
S001055,O0007706,Retro 2024/25,Retro,1,78.75,2025-09-18 03:59:59
S004855,O0007707,Home Shirt 2024/25,Home Shirt,1,94.37,2025-03-05 17:22:54
S002700,O0007708,Retro 2024/25,Retro,2,139.35,2025-08-28 13:45:45
S004423,O0007709,Kids 2024/25,Kids,1,60.62,2025-05-12 10:08:22
S004133,O0007710,Kids 2024/25,Kids,1,48.51,2025-07-06 05:25:47
S001434,O0007711,Third Kit 2024/25,Third Kit,2,183.02,2025-09-05 05:06:19
S003592,O0007712,Third Kit 2024/25,Third Kit,1,93.13,2025-09-08 01:44:30
S004158,O0007713,Retro 2024/25,Retro,1,70.93,2025-08-26 21:25:45
S004369,O0007714,Third Kit 2024/25,Third Kit,1,76.88,2025-04-14 17:37:16
S004347,O0007715,Retro 2024/25,Retro,1,67.25,2025-08-28 14:00:42
S003694,O0007716,Third Kit 2024/25,Third Kit,1,86.87,2024-10-29 07:39:54
S004572,O0007717,Accessories 2024/25,Accessories,1,18.38,2025-09-08 04:00:02
S002425,O0007718,Training Wear 2024/25,Training Wear,1,67.6,2025-09-04 05:26:29
S003388,O0007719,Retro 2024/25,Retro,1,58.92,2025-09-11 21:13:23
S003252,O0007720,Retro 2024/25,Retro,1,79.29,2025-09-03 07:00:20
S002305,O0007721,Home Shirt 2024/25,Home Shirt,1,75.22,2025-09-08 02:13:01
S001040,O0007722,Away Shirt 2024/25,Away Shirt,1,87.53,2025-09-12 04:57:15
S001845,O0007723,Retro 2024/25,Retro,1,60.65,2025-07-09 22:30:40
S000962,O0007724,Kids 2024/25,Kids,1,60.11,2025-09-18 02:32:27
S001424,O0007725,Accessories 2024/25,Accessories,1,21.29,2025-09-04 03:43:03
S002797,O0007726,Accessories 2024/25,Accessories,1,23.14,2024-10-20 19:04:18
S002031,O0007727,Training Wear 2024/25,Training Wear,1,67.9,2024-10-16 14:39:53
S004386,O0007728,Accessories 2024/25,Accessories,1,20.11,2025-07-29 04:45:53
S001655,O0007729,Accessories 2024/25,Accessories,3,54.01,2025-04-17 03:47:45
S000380,O0007730,Accessories 2024/25,Accessories,1,19.92,2025-03-15 13:47:27
S000024,O0007731,Kids 2024/25,Kids,1,48.92,2025-09-05 15:22:29
S002516,O0007732,Away Shirt 2024/25,Away Shirt,2,198.86,2025-07-23 09:57:19
S004101,O0007733,Away Shirt 2024/25,Away Shirt,1,86.5,2024-09-26 05:36:07
S004687,O0007734,Away Shirt 2024/25,Away Shirt,1,83.74,2025-08-27 01:50:02
S003912,O0007735,Third Kit 2024/25,Third Kit,1,85.28,2025-04-11 20:50:57
S003440,O0007736,Third Kit 2024/25,Third Kit,3,269.83,2025-08-28 00:01:44
S004581,O0007737,Accessories 2024/25,Accessories,1,19.01,2025-09-11 20:45:22
S000267,O0007738,Third Kit 2024/25,Third Kit,1,67.61,2025-07-05 17:05:19
S004211,O0007739,Retro 2024/25,Retro,1,78.74,2025-09-14 05:38:56
S004269,O0007740,Third Kit 2024/25,Third Kit,1,89.89,2025-09-04 21:35:28
S001051,O0007741,Accessories 2024/25,Accessories,1,22.07,2025-09-13 11:36:51
S001815,O0007742,Home Shirt 2024/25,Home Shirt,1,85.6,2025-09-09 00:44:55
S000497,O0007743,Kids 2024/25,Kids,2,124.85,2024-09-21 08:49:52
S000552,O0007744,Kids 2024/25,Kids,1,60.08,2025-08-28 14:03:09
S000142,O0007745,Away Shirt 2024/25,Away Shirt,1,93.03,2025-09-19 06:50:39
S003460,O0007746,Home Shirt 2024/25,Home Shirt,1,97.99,2025-08-22 15:51:40
S004837,O0007747,Training Wear 2024/25,Training Wear,1,67.42,2025-09-20 09:48:51
S001212,O0007748,Training Wear 2024/25,Training Wear,1,68.0,2025-09-02 17:47:56
S001638,O0007749,Home Shirt 2024/25,Home Shirt,1,96.88,2025-09-05 17:34:59
S003493,O0007750,Kids 2024/25,Kids,1,62.09,2024-11-21 15:43:29
S003760,O0007751,Retro 2024/25,Retro,1,61.5,2025-07-16 01:32:43
S003277,O0007752,Retro 2024/25,Retro,1,78.27,2025-04-20 02:40:29
S000476,O0007753,Third Kit 2024/25,Third Kit,1,83.9,2025-06-21 03:10:43
S002747,O0007754,Kids 2024/25,Kids,1,50.15,2025-09-03 12:29:00
S002387,O0007755,Training Wear 2024/25,Training Wear,1,52.1,2025-09-05 18:12:50
S004729,O0007756,Kids 2024/25,Kids,1,60.69,2025-09-20 08:54:16
S004052,O0007757,Third Kit 2024/25,Third Kit,1,82.57,2025-09-19 19:53:55
S000841,O0007758,Kids 2024/25,Kids,1,48.41,2025-09-17 04:30:50
S004099,O0007759,Home Shirt 2024/25,Home Shirt,1,89.03,2024-10-17 19:35:59
S002066,O0007760,Third Kit 2024/25,Third Kit,2,137.54,2024-11-29 02:02:26
S004598,O0007761,Training Wear 2024/25,Training Wear,3,179.64,2025-09-06 09:14:11
S004441,O0007762,Kids 2024/25,Kids,1,47.91,2025-09-04 04:25:46
S004580,O0007763,Away Shirt 2024/25,Away Shirt,2,196.24,2024-10-24 18:15:23
S003295,O0007764,Away Shirt 2024/25,Away Shirt,1,93.2,2025-07-03 04:16:11
S000362,O0007765,Accessories 2024/25,Accessories,1,18.48,2025-09-17 09:42:34
S003341,O0007766,Retro 2024/25,Retro,1,76.58,2025-08-23 17:53:16
S004880,O0007767,Accessories 2024/25,Accessories,1,23.09,2025-04-19 14:27:39
S001399,O0007768,Kids 2024/25,Kids,1,46.38,2025-08-24 22:40:43
S004857,O0007769,Kids 2024/25,Kids,1,49.93,2025-09-05 06:34:51
S001851,O0007770,Kids 2024/25,Kids,2,117.86,2025-09-15 16:44:30
S001290,O0007771,Third Kit 2024/25,Third Kit,1,79.38,2025-05-04 21:25:30
S001818,O0007772,Kids 2024/25,Kids,1,53.76,2025-09-07 16:33:43
S000139,O0007773,Retro 2024/25,Retro,3,210.3,2025-08-30 00:48:53
S000896,O0007774,Training Wear 2024/25,Training Wear,1,55.02,2025-05-21 05:44:33
S000229,O0007775,Accessories 2024/25,Accessories,1,23.87,2025-09-09 11:59:33
S001021,O0007776,Kids 2024/25,Kids,1,56.12,2025-08-30 00:11:20
S000787,O0007777,Accessories 2024/25,Accessories,1,20.81,2025-09-15 04:33:38
S004801,O0007778,Training Wear 2024/25,Training Wear,1,54.28,2025-07-03 02:08:28
S003480,O0007779,Third Kit 2024/25,Third Kit,2,184.24,2025-08-31 17:33:25
S000722,O0007780,Accessories 2024/25,Accessories,1,21.86,2025-08-31 19:07:02
S004089,O0007781,Accessories 2024/25,Accessories,1,20.0,2025-08-29 20:03:24
S000060,O0007782,Kids 2024/25,Kids,1,50.76,2025-08-27 11:35:02
S003876,O0007783,Training Wear 2024/25,Training Wear,2,99.06,2025-08-30 21:36:41
S001706,O0007784,Third Kit 2024/25,Third Kit,1,88.26,2025-05-16 07:04:01
S000926,O0007785,Away Shirt 2024/25,Away Shirt,1,93.02,2024-10-13 19:56:22
S001622,O0007786,Home Shirt 2024/25,Home Shirt,1,85.67,2024-12-07 00:55:19
S003546,O0007787,Training Wear 2024/25,Training Wear,1,55.52,2024-12-23 18:25:52
S001586,O0007788,Away Shirt 2024/25,Away Shirt,1,96.5,2025-09-17 11:10:23
S000763,O0007789,Away Shirt 2024/25,Away Shirt,1,82.97,2025-09-14 22:19:31
S000151,O0007790,Home Shirt 2024/25,Home Shirt,1,81.64,2024-12-01 12:32:28
S000874,O0007791,Accessories 2024/25,Accessories,1,19.13,2025-05-07 23:27:59
S000578,O0007792,Kids 2024/25,Kids,1,54.51,2025-08-23 04:25:49
S003643,O0007793,Accessories 2024/25,Accessories,1,20.7,2025-09-16 09:11:20
S003166,O0007794,Third Kit 2024/25,Third Kit,1,81.52,2025-09-01 12:01:14
S001158,O0007795,Training Wear 2024/25,Training Wear,1,64.79,2025-09-02 10:42:33
S004703,O0007796,Kids 2024/25,Kids,1,50.72,2025-09-10 19:24:51
S001444,O0007797,Home Shirt 2024/25,Home Shirt,1,82.28,2025-07-17 18:55:03
S003896,O0007798,Training Wear 2024/25,Training Wear,1,60.62,2025-02-08 14:20:46
S000660,O0007799,Third Kit 2024/25,Third Kit,1,83.47,2025-03-22 15:07:31
S001871,O0007800,Away Shirt 2024/25,Away Shirt,1,80.44,2024-11-19 21:08:22
S004705,O0007801,Retro 2024/25,Retro,1,68.73,2025-05-08 06:03:33
S002312,O0007802,Retro 2024/25,Retro,2,131.49,2025-09-10 02:23:36
S000561,O0007803,Accessories 2024/25,Accessories,1,18.32,2025-09-20 10:20:03
S003971,O0007804,Kids 2024/25,Kids,1,51.1,2024-11-01 14:58:27
S003484,O0007805,Training Wear 2024/25,Training Wear,1,64.82,2025-09-18 13:17:56
S003602,O0007806,Accessories 2024/25,Accessories,2,41.27,2025-09-02 20:45:06
S004239,O0007807,Away Shirt 2024/25,Away Shirt,1,94.18,2025-03-12 05:25:55
S000505,O0007808,Away Shirt 2024/25,Away Shirt,1,89.35,2025-06-15 00:14:40
S002183,O0007809,Retro 2024/25,Retro,1,63.67,2025-09-01 18:10:35
S000662,O0007810,Away Shirt 2024/25,Away Shirt,1,94.84,2025-09-08 22:06:01
S004674,O0007811,Third Kit 2024/25,Third Kit,1,75.61,2025-08-26 00:12:26
S003404,O0007812,Retro 2024/25,Retro,1,72.19,2025-03-18 06:18:12
S003280,O0007813,Retro 2024/25,Retro,1,70.65,2025-09-09 04:08:14
S002575,O0007814,Kids 2024/25,Kids,2,94.0,2025-07-26 20:08:14
S000248,O0007815,Accessories 2024/25,Accessories,1,22.4,2025-08-31 17:55:50
S002787,O0007816,Third Kit 2024/25,Third Kit,1,81.81,2025-08-26 16:54:35
S001313,O0007817,Away Shirt 2024/25,Away Shirt,1,93.78,2025-09-12 10:17:00
S001986,O0007818,Accessories 2024/25,Accessories,1,22.5,2025-04-28 15:40:41
S004368,O0007819,Third Kit 2024/25,Third Kit,1,84.69,2025-03-12 12:47:10
S004559,O0007820,Kids 2024/25,Kids,1,54.84,2024-11-22 11:22:08
S003796,O0007821,Kids 2024/25,Kids,1,46.01,2025-08-30 10:22:39
S001801,O0007822,Accessories 2024/25,Accessories,1,20.3,2025-08-31 17:40:30
S000065,O0007823,Accessories 2024/25,Accessories,1,20.55,2024-09-30 14:11:08
S000557,O0007824,Third Kit 2024/25,Third Kit,1,90.22,2025-08-21 13:52:10
S002835,O0007825,Kids 2024/25,Kids,1,58.34,2025-03-31 02:11:42
S003733,O0007826,Away Shirt 2024/25,Away Shirt,1,84.01,2025-07-13 10:19:28
S001824,O0007827,Accessories 2024/25,Accessories,1,18.79,2025-02-05 19:12:38
S004856,O0007828,Accessories 2024/25,Accessories,2,47.92,2025-08-28 10:27:57
S001338,O0007829,Kids 2024/25,Kids,3,143.85,2025-02-26 07:45:49
S003124,O0007830,Retro 2024/25,Retro,1,60.63,2025-03-07 10:26:54
S000396,O0007831,Retro 2024/25,Retro,1,76.82,2025-01-24 22:05:15
S004244,O0007832,Training Wear 2024/25,Training Wear,1,61.18,2025-09-08 01:32:12
S000701,O0007833,Away Shirt 2024/25,Away Shirt,1,97.74,2025-03-19 13:01:44
S001604,O0007834,Accessories 2024/25,Accessories,1,21.49,2025-09-12 21:06:39
S001903,O0007835,Training Wear 2024/25,Training Wear,1,63.12,2025-01-04 23:47:41
S000761,O0007836,Away Shirt 2024/25,Away Shirt,1,85.09,2025-01-26 06:05:20
S003490,O0007837,Kids 2024/25,Kids,1,51.53,2025-04-21 01:48:06
S001605,O0007838,Accessories 2024/25,Accessories,1,24.33,2024-10-01 19:37:59
S004871,O0007839,Retro 2024/25,Retro,1,63.8,2025-04-04 23:48:43
S001844,O0007840,Training Wear 2024/25,Training Wear,2,129.17,2025-09-03 20:16:30
S000273,O0007841,Training Wear 2024/25,Training Wear,1,53.74,2024-10-02 15:32:06
S000995,O0007842,Retro 2024/25,Retro,1,65.83,2025-08-29 22:55:01
S003972,O0007843,Accessories 2024/25,Accessories,1,18.66,2025-09-11 15:35:21
S001377,O0007844,Training Wear 2024/25,Training Wear,2,126.99,2025-08-25 14:45:20
S001379,O0007845,Home Shirt 2024/25,Home Shirt,1,75.75,2025-08-21 12:14:52
S001293,O0007846,Away Shirt 2024/25,Away Shirt,1,87.3,2025-08-27 20:41:59
S000652,O0007847,Away Shirt 2024/25,Away Shirt,2,165.58,2025-09-10 04:19:06
S002598,O0007848,Away Shirt 2024/25,Away Shirt,1,93.02,2025-04-18 04:39:00
S002427,O0007849,Accessories 2024/25,Accessories,1,21.88,2025-09-20 07:08:09
S000814,O0007850,Accessories 2024/25,Accessories,1,23.51,2024-11-04 08:12:48
S000340,O0007851,Third Kit 2024/25,Third Kit,1,88.73,2025-08-11 11:29:48
S001208,O0007852,Kids 2024/25,Kids,1,47.8,2025-09-08 03:12:24
S001288,O0007853,Training Wear 2024/25,Training Wear,1,67.41,2025-03-04 04:54:43
S000552,O0007854,Third Kit 2024/25,Third Kit,1,87.91,2025-09-14 14:05:11
S004364,O0007855,Retro 2024/25,Retro,1,61.62,2025-05-08 17:26:40
S000176,O0007856,Third Kit 2024/25,Third Kit,1,92.62,2025-08-25 06:00:55
S004259,O0007857,Retro 2024/25,Retro,1,75.76,2025-09-15 10:38:10
S001728,O0007858,Home Shirt 2024/25,Home Shirt,1,85.12,2024-12-07 22:35:10
S001782,O0007859,Training Wear 2024/25,Training Wear,1,64.41,2024-11-05 12:39:40
S000652,O0007860,Training Wear 2024/25,Training Wear,1,55.71,2025-09-15 12:22:26
S004150,O0007861,Away Shirt 2024/25,Away Shirt,1,84.43,2025-01-20 04:03:11
S000187,O0007862,Training Wear 2024/25,Training Wear,1,65.18,2025-01-13 14:33:16
S002122,O0007863,Away Shirt 2024/25,Away Shirt,3,232.24,2024-09-24 23:46:41
S002361,O0007864,Accessories 2024/25,Accessories,2,41.04,2024-11-02 18:23:57
S003761,O0007865,Training Wear 2024/25,Training Wear,1,52.89,2025-08-31 17:48:14
S000622,O0007866,Retro 2024/25,Retro,1,80.52,2025-01-15 02:17:03
S004485,O0007867,Kids 2024/25,Kids,1,47.46,2025-08-26 15:46:13
S001359,O0007868,Third Kit 2024/25,Third Kit,2,170.75,2025-07-21 06:15:43
S000073,O0007869,Accessories 2024/25,Accessories,2,39.56,2025-05-13 16:30:20
S000470,O0007870,Third Kit 2024/25,Third Kit,1,75.17,2025-08-22 02:13:26
S001675,O0007871,Retro 2024/25,Retro,1,75.83,2024-10-22 12:30:51
S003423,O0007872,Retro 2024/25,Retro,1,67.63,2025-09-02 20:22:36
S002697,O0007873,Kids 2024/25,Kids,3,168.18,2025-08-29 20:27:05
S003419,O0007874,Retro 2024/25,Retro,3,238.04,2025-09-13 23:45:40
S002838,O0007875,Training Wear 2024/25,Training Wear,1,55.64,2025-08-26 10:12:47
S003641,O0007876,Training Wear 2024/25,Training Wear,1,58.81,2025-09-01 09:18:41
S001084,O0007877,Third Kit 2024/25,Third Kit,1,89.42,2025-07-27 22:33:28
S004509,O0007878,Training Wear 2024/25,Training Wear,1,56.52,2025-08-22 00:43:50
S002078,O0007879,Third Kit 2024/25,Third Kit,1,86.57,2025-08-29 20:06:23
S002528,O0007880,Home Shirt 2024/25,Home Shirt,1,91.36,2025-03-25 18:43:31
S004812,O0007881,Retro 2024/25,Retro,1,77.44,2025-01-29 03:31:16
S001921,O0007882,Home Shirt 2024/25,Home Shirt,1,88.7,2024-12-28 22:56:49
S003049,O0007883,Kids 2024/25,Kids,1,57.87,2024-11-13 13:33:36
S001324,O0007884,Home Shirt 2024/25,Home Shirt,2,173.78,2024-11-28 01:49:12
S001356,O0007885,Accessories 2024/25,Accessories,1,22.48,2025-09-09 17:57:56
S004468,O0007886,Away Shirt 2024/25,Away Shirt,1,76.19,2025-08-21 21:20:37
S001490,O0007887,Third Kit 2024/25,Third Kit,1,77.89,2025-06-10 03:02:06
S004155,O0007888,Retro 2024/25,Retro,1,69.65,2024-12-23 10:51:42
S003260,O0007889,Away Shirt 2024/25,Away Shirt,2,172.37,2025-05-08 10:00:48
S004447,O0007890,Retro 2024/25,Retro,1,61.66,2025-04-27 10:28:03
S004256,O0007891,Kids 2024/25,Kids,1,51.32,2025-09-08 02:15:32
S000273,O0007892,Training Wear 2024/25,Training Wear,1,62.09,2025-09-07 06:03:22
S002187,O0007893,Third Kit 2024/25,Third Kit,1,83.6,2025-09-19 05:35:51
S002859,O0007894,Retro 2024/25,Retro,1,59.83,2025-09-04 07:58:48
S003305,O0007895,Kids 2024/25,Kids,1,55.07,2025-07-17 20:27:10
S000431,O0007896,Training Wear 2024/25,Training Wear,1,62.11,2025-09-07 23:05:41
S001259,O0007897,Training Wear 2024/25,Training Wear,1,66.4,2025-09-04 16:16:08
S004308,O0007898,Third Kit 2024/25,Third Kit,1,74.42,2024-12-24 18:12:01
S002442,O0007899,Training Wear 2024/25,Training Wear,1,50.89,2024-11-15 14:42:51
S000946,O0007900,Retro 2024/25,Retro,1,76.81,2024-12-19 09:01:35
S002073,O0007901,Kids 2024/25,Kids,1,46.45,2025-09-20 11:18:45
S002841,O0007902,Retro 2024/25,Retro,2,125.21,2025-09-05 21:53:16
S000107,O0007903,Retro 2024/25,Retro,1,75.6,2025-08-09 05:41:12
S001718,O0007904,Away Shirt 2024/25,Away Shirt,1,73.74,2024-09-29 04:22:05
S002000,O0007905,Third Kit 2024/25,Third Kit,1,86.55,2025-08-23 23:03:27
S000728,O0007906,Training Wear 2024/25,Training Wear,1,52.66,2025-09-08 12:01:39
S003469,O0007907,Accessories 2024/25,Accessories,2,38.67,2025-09-11 06:24:20
S000295,O0007908,Home Shirt 2024/25,Home Shirt,1,88.91,2025-08-25 19:18:23
S004619,O0007909,Accessories 2024/25,Accessories,1,21.58,2025-08-31 06:44:41
S002564,O0007910,Accessories 2024/25,Accessories,2,49.98,2025-08-30 11:45:25
S000219,O0007911,Accessories 2024/25,Accessories,1,23.8,2025-08-01 21:06:46
S000472,O0007912,Home Shirt 2024/25,Home Shirt,1,78.87,2024-11-05 01:36:59
S000622,O0007913,Training Wear 2024/25,Training Wear,1,60.72,2025-04-23 04:54:53
S004578,O0007914,Retro 2024/25,Retro,1,69.93,2024-11-27 20:55:18
S001495,O0007915,Home Shirt 2024/25,Home Shirt,1,89.54,2025-09-04 21:30:00
S004280,O0007916,Away Shirt 2024/25,Away Shirt,1,78.17,2025-09-01 07:09:45
S003757,O0007917,Accessories 2024/25,Accessories,1,19.17,2025-09-13 22:30:26
S002704,O0007918,Home Shirt 2024/25,Home Shirt,1,96.32,2025-07-06 04:15:55
S003952,O0007919,Accessories 2024/25,Accessories,1,21.13,2025-08-25 15:51:01
S001996,O0007920,Retro 2024/25,Retro,1,75.76,2025-09-02 03:16:47
S001161,O0007921,Kids 2024/25,Kids,1,53.26,2025-03-25 16:01:52
S004426,O0007922,Home Shirt 2024/25,Home Shirt,2,151.52,2025-05-20 08:34:43
S001806,O0007923,Away Shirt 2024/25,Away Shirt,1,92.02,2025-09-09 11:19:05
S000596,O0007924,Training Wear 2024/25,Training Wear,1,65.24,2025-02-16 13:19:16
S004893,O0007925,Accessories 2024/25,Accessories,3,73.16,2025-07-18 22:19:47
S002737,O0007926,Home Shirt 2024/25,Home Shirt,1,83.27,2025-05-19 10:47:17
S003347,O0007927,Third Kit 2024/25,Third Kit,1,91.0,2024-09-21 13:13:37
S004231,O0007928,Retro 2024/25,Retro,1,60.11,2025-08-25 22:21:50
S003722,O0007929,Training Wear 2024/25,Training Wear,1,51.68,2025-02-28 03:10:32
S003128,O0007930,Accessories 2024/25,Accessories,1,24.94,2025-08-22 06:25:43
S000915,O0007931,Third Kit 2024/25,Third Kit,2,166.5,2025-09-19 17:58:40
S002828,O0007932,Accessories 2024/25,Accessories,1,21.8,2025-09-10 05:35:10
S004329,O0007933,Home Shirt 2024/25,Home Shirt,1,84.97,2025-09-18 18:32:12
S003560,O0007934,Training Wear 2024/25,Training Wear,1,65.93,2025-01-10 19:15:45
S004871,O0007935,Home Shirt 2024/25,Home Shirt,1,96.22,2025-01-20 22:43:58
S000746,O0007936,Kids 2024/25,Kids,1,52.79,2025-04-04 08:56:49
S002867,O0007937,Accessories 2024/25,Accessories,1,23.14,2025-08-22 13:27:07
S000443,O0007938,Kids 2024/25,Kids,1,47.97,2025-05-19 22:49:10
S002420,O0007939,Accessories 2024/25,Accessories,1,21.37,2024-12-18 08:15:10
S000341,O0007940,Away Shirt 2024/25,Away Shirt,1,73.88,2025-09-05 18:26:14
S000234,O0007941,Home Shirt 2024/25,Home Shirt,2,191.41,2025-06-01 05:24:26
S003472,O0007942,Retro 2024/25,Retro,1,70.5,2025-09-02 18:16:25
S002594,O0007943,Kids 2024/25,Kids,1,61.67,2025-09-04 06:12:10
S001194,O0007944,Away Shirt 2024/25,Away Shirt,1,82.5,2025-09-10 12:51:29
S001777,O0007945,Home Shirt 2024/25,Home Shirt,1,93.51,2025-08-23 13:06:17
S000974,O0007946,Accessories 2024/25,Accessories,1,24.74,2024-11-21 06:54:37
S002463,O0007947,Accessories 2024/25,Accessories,1,20.37,2025-05-28 11:33:06
S000919,O0007948,Away Shirt 2024/25,Away Shirt,3,254.0,2025-09-17 23:20:31
S000498,O0007949,Kids 2024/25,Kids,1,59.38,2025-08-30 10:26:35
S002588,O0007950,Accessories 2024/25,Accessories,2,39.53,2024-12-15 12:43:47
S000709,O0007951,Retro 2024/25,Retro,1,81.15,2025-09-13 01:39:42
S004716,O0007952,Kids 2024/25,Kids,1,58.67,2024-11-20 23:23:32
S001654,O0007953,Training Wear 2024/25,Training Wear,2,129.24,2025-03-26 12:18:50
S001999,O0007954,Training Wear 2024/25,Training Wear,2,114.19,2025-02-22 21:30:53
S001579,O0007955,Away Shirt 2024/25,Away Shirt,1,80.42,2025-09-02 08:01:51
S002442,O0007956,Third Kit 2024/25,Third Kit,1,67.88,2025-09-03 21:49:32
S001632,O0007957,Training Wear 2024/25,Training Wear,1,60.24,2025-09-16 07:10:25
S001507,O0007958,Home Shirt 2024/25,Home Shirt,1,90.43,2025-04-22 16:05:49
S002899,O0007959,Home Shirt 2024/25,Home Shirt,1,98.98,2025-08-15 06:15:36
S004287,O0007960,Kids 2024/25,Kids,1,47.17,2025-09-03 17:47:56
S004634,O0007961,Training Wear 2024/25,Training Wear,1,63.7,2025-09-15 18:29:54
S004247,O0007962,Home Shirt 2024/25,Home Shirt,1,93.48,2025-09-12 19:44:54
S001358,O0007963,Home Shirt 2024/25,Home Shirt,1,98.34,2024-12-17 16:09:37
S004377,O0007964,Accessories 2024/25,Accessories,2,36.09,2025-08-22 23:00:00
S003402,O0007965,Retro 2024/25,Retro,1,78.87,2025-09-16 13:34:50
S003290,O0007966,Accessories 2024/25,Accessories,1,22.63,2025-09-15 17:55:53
S000365,O0007967,Third Kit 2024/25,Third Kit,1,82.63,2025-07-29 23:57:13
S004527,O0007968,Accessories 2024/25,Accessories,1,23.67,2024-11-04 08:40:12
S004241,O0007969,Retro 2024/25,Retro,2,122.11,2025-08-21 17:15:00
S001530,O0007970,Home Shirt 2024/25,Home Shirt,1,75.98,2025-02-18 01:21:43
S001075,O0007971,Away Shirt 2024/25,Away Shirt,2,194.88,2025-04-18 07:58:17
S004655,O0007972,Away Shirt 2024/25,Away Shirt,1,79.64,2025-09-18 15:11:38
S003175,O0007973,Third Kit 2024/25,Third Kit,1,86.69,2025-02-22 19:58:45
S003716,O0007974,Retro 2024/25,Retro,1,67.0,2025-05-13 14:08:45
S004350,O0007975,Away Shirt 2024/25,Away Shirt,1,97.48,2025-01-14 16:09:31
S003468,O0007976,Home Shirt 2024/25,Home Shirt,1,77.19,2025-01-27 09:52:17
S000550,O0007977,Accessories 2024/25,Accessories,1,22.56,2025-09-11 03:38:35
S000486,O0007978,Kids 2024/25,Kids,1,57.81,2025-04-02 23:56:10
S000338,O0007979,Kids 2024/25,Kids,1,50.31,2025-01-03 01:45:10
S003170,O0007980,Home Shirt 2024/25,Home Shirt,1,83.42,2025-05-21 14:34:42
S001269,O0007981,Away Shirt 2024/25,Away Shirt,3,262.34,2025-08-09 23:16:05
S000610,O0007982,Kids 2024/25,Kids,1,47.21,2025-01-12 20:33:08
S001969,O0007983,Third Kit 2024/25,Third Kit,2,167.84,2025-09-19 09:17:11
S002639,O0007984,Kids 2024/25,Kids,1,46.45,2025-04-04 02:33:42
S004035,O0007985,Away Shirt 2024/25,Away Shirt,1,96.1,2025-01-27 14:59:49
S003107,O0007986,Third Kit 2024/25,Third Kit,1,68.66,2024-10-13 07:11:45
S002227,O0007987,Training Wear 2024/25,Training Wear,1,59.33,2025-09-09 12:50:39
S004604,O0007988,Retro 2024/25,Retro,1,70.27,2025-08-21 21:35:02
S000007,O0007989,Kids 2024/25,Kids,1,56.05,2025-09-11 15:21:41
S004216,O0007990,Training Wear 2024/25,Training Wear,1,60.05,2025-07-28 11:41:26
S001146,O0007991,Kids 2024/25,Kids,1,59.29,2024-12-23 21:04:33
S000454,O0007992,Kids 2024/25,Kids,1,45.34,2025-08-10 16:22:10
S000564,O0007993,Accessories 2024/25,Accessories,1,23.56,2025-09-10 18:24:40
S002720,O0007994,Away Shirt 2024/25,Away Shirt,2,176.88,2025-09-05 02:06:56
S003073,O0007995,Accessories 2024/25,Accessories,1,21.62,2025-03-01 06:05:16
S001422,O0007996,Home Shirt 2024/25,Home Shirt,1,89.11,2025-08-23 23:16:14
S004759,O0007997,Away Shirt 2024/25,Away Shirt,1,81.81,2025-09-08 02:19:35
S003991,O0007998,Retro 2024/25,Retro,1,76.88,2025-04-01 18:51:32
S000417,O0007999,Home Shirt 2024/25,Home Shirt,1,96.33,2025-05-10 23:54:34
S004593,O0008000,Home Shirt 2024/25,Home Shirt,1,94.94,2025-09-04 22:36:12
S002372,O0003422,Retro 2024/25,Retro,1,69.24,2025-09-06 11:38:38
S004198,O0001705,Accessories 2024/25,Accessories,3,74.98,2024-09-23 06:05:20
S001226,O0000801,Training Wear 2024/25,Training Wear,2,109.89,2024-11-17 23:37:24
S004419,O0005635,Training Wear 2024/25,Training Wear,1,59.52,2024-09-26 07:26:40
S004046,O0002651,Away Shirt 2024/25,Away Shirt,1,96.29,2025-04-11 00:25:39
S004670,O0001084,Kids 2024/25,Kids,1,53.21,2025-09-08 03:29:29
S004176,O0000061,Training Wear 2024/25,Training Wear,1,55.23,2025-02-17 00:43:24
S003676,O0004243,Retro 2024/25,Retro,1,67.66,2025-09-11 23:54:21
S001294,O0001126,Kids 2024/25,Kids,1,51.65,2025-09-18 21:38:49
S001140,O0004345,Accessories 2024/25,Accessories,1,24.42,2025-07-17 02:53:18
S001321,O0006118,Home Shirt 2024/25,Home Shirt,1,83.05,2025-08-25 01:07:11
S003077,O0006188,Accessories 2024/25,Accessories,1,20.69,2025-01-23 00:32:39
S002437,O0005235,Away Shirt 2024/25,Away Shirt,1,95.76,2024-12-10 12:55:50
S004164,O0000767,Away Shirt 2024/25,Away Shirt,1,86.17,2025-09-02 22:04:11
S004073,O0001154,Retro 2024/25,Retro,1,59.6,2025-09-04 17:25:57
S001919,O0005713,Training Wear 2024/25,Training Wear,1,58.37,2025-06-14 15:19:05
S004244,O0005925,Home Shirt 2024/25,Home Shirt,1,99.26,2024-12-20 15:01:12
S000955,O0007574,Kids 2024/25,Kids,1,61.89,2025-01-21 02:55:34
S004888,O0000693,Home Shirt 2024/25,Home Shirt,1,72.64,2025-06-03 19:29:16
S000785,O0003447,Away Shirt 2024/25,Away Shirt,1,78.11,2025-05-26 05:30:58
S002151,O0001294,Accessories 2024/25,Accessories,1,22.33,2025-09-03 07:13:10
S003643,O0005226,Training Wear 2024/25,Training Wear,1,56.58,2025-05-20 10:27:08
S002545,O0002474,Kids 2024/25,Kids,2,101.2,2025-09-15 12:42:49
S002775,O0002739,Accessories 2024/25,Accessories,3,67.7,2025-08-31 10:23:56
S000772,O0001609,Home Shirt 2024/25,Home Shirt,1,96.66,2025-08-17 02:27:26
S003759,O0005465,Away Shirt 2024/25,Away Shirt,1,83.55,2025-09-10 07:30:24
S002140,O0006220,Third Kit 2024/25,Third Kit,2,165.81,2024-09-27 12:16:14
S003154,O0004759,Third Kit 2024/25,Third Kit,1,83.94,2025-08-30 22:12:07
S004418,O0001396,Retro 2024/25,Retro,1,67.0,2025-09-10 17:50:22
S000525,O0000639,Kids 2024/25,Kids,1,53.5,2025-09-18 20:11:06
S000004,,Home Shirt 2024/25,Home Shirt,1,80.0,2025-09-10 12:00:00
,O9999991,Away Shirt 2024/25,Away Shirt,1,80.0,2025-09-10 12:00:00
S000005,O9999992,Accessories 2024/25,Accessories,1,-25.0,2025-09-10 12:00:00
S000006,O9999993,Retro 2024/25,Retro,1,-5.0,2025-09-10 12:00:00
