supporter_id,campaign,sent,opened,clicked,converted,timestamp
S004668,Champions League Hospitality,True,False,False,False,2025-08-31 19:33:05
S003139,Re-engagement Winback,True,False,False,False,2025-08-24 19:18:29
S000310,Matchday Ticket Alert,True,True,True,False,2025-09-11 11:31:00
S001010,Champions League Hospitality,True,True,False,False,2025-09-09 15:41:42
S003901,Black Friday Store,True,True,True,True,2025-06-30 01:32:55
S001738,Champions League Hospitality,True,False,False,False,2024-09-25 20:54:28
S002259,Membership Drive,True,True,True,True,2025-03-07 02:09:27
S003665,Membership Drive,True,False,False,False,2025-02-06 05:52:53
S001011,New Home Kit Launch,True,True,True,True,2025-01-13 22:44:48
S004546,Stadium Tour Promo,True,True,True,False,2025-09-16 03:41:23
S000984,Stadium Tour Promo,True,True,True,False,2025-03-29 12:18:11
S001828,Membership Drive,True,True,True,True,2024-10-26 21:09:43
S002897,Stadium Tour Promo,True,True,False,False,2025-09-07 15:05:37
S002125,New Home Kit Launch,True,False,False,False,2024-12-02 05:57:03
S003503,New Home Kit Launch,True,False,False,False,2025-03-11 13:04:35
S002325,Season Ticket Renewal,True,False,False,False,2025-04-16 06:12:09
S003469,New Home Kit Launch,True,False,False,False,2025-09-12 19:19:12
S004652,New Home Kit Launch,True,True,True,False,2025-09-19 07:08:30
S002776,Champions League Hospitality,True,True,False,False,2025-06-13 17:21:03
S003231,Re-engagement Winback,True,False,False,False,2025-08-28 03:16:08
S001549,Re-engagement Winback,True,False,False,False,2024-10-30 17:08:17
S003399,Re-engagement Winback,True,False,False,False,2025-09-15 02:47:02
S001662,Stadium Tour Promo,True,True,True,True,2025-09-11 11:25:53
S001423,Season Ticket Renewal,True,False,False,False,2025-08-13 12:02:56
S003996,International Fan Club,True,True,False,False,2025-07-25 21:30:18
S004962,Champions League Hospitality,True,False,False,False,2025-03-30 10:50:21
S002762,Black Friday Store,True,False,False,False,2025-09-15 16:43:16
S004231,Champions League Hospitality,True,False,False,False,2024-10-08 06:19:02
S003265,International Fan Club,True,True,True,False,2025-09-09 21:18:10
S004281,Re-engagement Winback,True,False,False,False,2025-09-01 23:56:17
S002339,Season Ticket Renewal,True,False,False,False,2025-03-12 17:16:10
S001248,Re-engagement Winback,True,False,False,False,2025-09-06 20:22:06
S001151,Season Ticket Renewal,True,False,False,False,2025-05-07 01:29:50
S004288,Re-engagement Winback,True,True,False,False,2025-08-23 19:36:25
S002869,Membership Drive,True,False,False,False,2025-03-07 12:34:51
S004436,Matchday Ticket Alert,True,False,False,False,2025-08-27 01:42:45
S000009,Matchday Ticket Alert,True,False,False,False,2024-10-20 01:40:58
S002357,Black Friday Store,True,False,False,False,2025-09-01 07:24:28
S001152,Stadium Tour Promo,True,False,False,False,2025-09-01 03:07:30
S004645,Matchday Ticket Alert,True,False,False,False,2024-11-26 00:55:40
S001697,Black Friday Store,True,False,False,False,2025-09-18 16:54:43
S004603,Stadium Tour Promo,True,False,False,False,2024-12-06 07:01:13
S001015,Re-engagement Winback,True,False,False,False,2025-03-24 20:35:16
S003761,Membership Drive,True,False,False,False,2025-09-15 14:17:42
S003802,Re-engagement Winback,True,False,False,False,2025-03-11 07:18:39
S000391,Champions League Hospitality,True,True,True,False,2025-08-22 12:53:07
S003696,Stadium Tour Promo,True,False,False,False,2025-09-03 20:46:37
S003786,International Fan Club,True,True,False,False,2024-11-17 20:26:39
S001012,Stadium Tour Promo,True,True,True,False,2025-08-25 02:42:01
S002910,Membership Drive,True,True,False,False,2025-08-30 13:22:46
S000255,International Fan Club,True,True,True,False,2025-09-07 01:50:14
S003351,Matchday Ticket Alert,True,False,False,False,2025-09-14 00:00:20
S001918,Champions League Hospitality,True,False,False,False,2024-11-09 16:06:51
S001856,Champions League Hospitality,True,False,False,False,2025-09-02 23:37:43
S002240,Re-engagement Winback,True,True,False,False,2024-10-30 03:03:59
S004512,Season Ticket Renewal,True,True,True,False,2025-04-22 04:47:49
S003524,Re-engagement Winback,True,True,True,False,2025-04-22 05:55:08
S000423,International Fan Club,True,False,False,False,2025-09-14 01:28:20
S003409,International Fan Club,True,True,False,False,2025-08-09 03:50:13
S003268,Membership Drive,True,True,False,False,2025-09-16 22:10:55
S001545,Season Ticket Renewal,True,True,False,False,2025-09-10 19:48:32
S003206,International Fan Club,True,False,False,False,2025-09-09 13:24:24
S000288,Champions League Hospitality,True,False,False,False,2024-09-21 08:54:56
S000355,Season Ticket Renewal,True,False,False,False,2025-08-27 10:50:52
S001347,New Home Kit Launch,True,True,False,False,2025-02-11 12:52:19
S000641,New Home Kit Launch,True,True,True,False,2024-10-31 20:42:48
S002512,Champions League Hospitality,True,False,False,False,2025-05-26 15:57:35
S002565,New Home Kit Launch,True,True,False,False,2025-09-12 22:39:44
S000914,Membership Drive,True,False,False,False,2025-04-20 03:13:01
S001592,Stadium Tour Promo,True,True,False,False,2025-09-06 06:33:32
S002426,Season Ticket Renewal,True,False,False,False,2025-08-26 21:23:47
S004642,New Home Kit Launch,True,False,False,False,2024-10-13 02:55:58
S003533,Stadium Tour Promo,True,True,False,False,2024-12-19 02:00:12
S001022,New Home Kit Launch,True,True,True,False,2025-08-28 21:25:46
S003985,Re-engagement Winback,True,False,False,False,2025-02-13 21:43:38
S002150,Re-engagement Winback,True,False,False,False,2024-12-11 09:04:16
S004670,International Fan Club,True,False,False,False,2025-01-07 01:28:48
S000577,Matchday Ticket Alert,True,False,False,False,2025-09-03 20:26:40
S000313,Season Ticket Renewal,True,False,False,False,2025-09-16 17:02:48
S004413,Season Ticket Renewal,True,False,False,False,2025-09-01 20:50:02
S003084,New Home Kit Launch,True,True,False,False,2025-09-08 07:42:45
S002261,International Fan Club,True,False,False,False,2025-06-24 19:44:38
S004662,Re-engagement Winback,True,True,False,False,2025-09-13 21:47:39
S000658,New Home Kit Launch,True,False,False,False,2025-08-02 08:43:31
S001153,New Home Kit Launch,True,False,False,False,2025-09-12 04:17:32
S001822,Re-engagement Winback,True,False,False,False,2024-11-12 17:33:46
S002652,New Home Kit Launch,True,True,False,False,2025-08-27 16:24:23
S002790,New Home Kit Launch,True,True,False,False,2025-02-27 01:34:40
S000811,Season Ticket Renewal,True,True,False,False,2024-09-30 07:12:49
S002902,Season Ticket Renewal,True,False,False,False,2025-08-29 18:08:55
S004067,Re-engagement Winback,True,False,False,False,2025-09-11 07:33:31
S002144,Season Ticket Renewal,True,False,False,False,2025-05-12 00:23:47
S002726,New Home Kit Launch,True,True,False,False,2025-02-04 18:26:37
S001139,Re-engagement Winback,True,True,False,False,2025-09-19 19:53:17
S003927,Matchday Ticket Alert,True,True,False,False,2025-04-26 20:42:53
S001187,International Fan Club,True,True,False,False,2024-09-21 09:28:00
S004769,Membership Drive,True,True,False,False,2025-09-18 08:50:17
S000404,Matchday Ticket Alert,True,True,False,False,2025-02-08 14:14:04
S000868,Membership Drive,True,True,True,False,2025-08-27 01:06:25
S001605,Re-engagement Winback,True,False,False,False,2025-02-09 13:59:38
S003041,International Fan Club,True,False,False,False,2025-09-08 09:22:24
S003234,Re-engagement Winback,True,True,True,False,2025-05-18 10:13:54
S000132,Re-engagement Winback,True,True,True,True,2025-05-15 16:03:29
S001022,New Home Kit Launch,True,False,False,False,2025-09-03 18:17:14
S004701,Stadium Tour Promo,True,True,False,False,2025-05-31 00:22:23
S001879,Membership Drive,True,False,False,False,2025-09-09 17:57:11
S000803,Re-engagement Winback,True,True,False,False,2024-12-06 18:14:23
S003997,Season Ticket Renewal,True,False,False,False,2025-04-28 12:49:10
S004057,International Fan Club,True,True,False,False,2025-09-16 10:11:24
S004475,Re-engagement Winback,True,True,False,False,2025-08-23 10:11:39
S002332,New Home Kit Launch,True,False,False,False,2024-12-23 20:25:42
S003404,Membership Drive,True,False,False,False,2025-08-03 19:21:45
S004537,Re-engagement Winback,True,True,False,False,2025-08-08 22:24:00
S004577,Matchday Ticket Alert,True,False,False,False,2025-08-24 18:01:45
S002109,Stadium Tour Promo,True,False,False,False,2025-08-22 15:12:35
S002873,Matchday Ticket Alert,True,False,False,False,2025-05-25 10:07:17
S003306,Stadium Tour Promo,True,True,True,False,2025-08-27 19:56:46
S004834,Black Friday Store,True,True,False,False,2025-09-14 08:02:55
S000286,New Home Kit Launch,True,True,False,False,2024-09-28 16:08:31
S001149,Stadium Tour Promo,True,False,False,False,2024-10-26 05:00:50
S004085,Champions League Hospitality,True,False,False,False,2025-09-19 13:26:54
S003187,Stadium Tour Promo,True,False,False,False,2025-09-01 23:27:30
S002266,Black Friday Store,True,False,False,False,2024-09-25 20:00:50
S004893,Season Ticket Renewal,True,False,False,False,2025-09-14 23:15:40
S003763,New Home Kit Launch,True,True,True,False,2025-01-03 02:43:45
S001847,Membership Drive,True,False,False,False,2025-05-23 06:44:45
S003808,Re-engagement Winback,True,True,False,False,2025-05-17 11:18:09
S004085,Stadium Tour Promo,True,True,True,False,2024-12-28 19:59:45
S004053,Season Ticket Renewal,True,True,False,False,2025-08-25 08:38:09
S000430,International Fan Club,True,True,False,False,2025-04-02 01:26:38
S004232,Champions League Hospitality,True,False,False,False,2025-02-08 00:37:13
S000913,Re-engagement Winback,True,True,False,False,2024-12-02 13:45:15
S000848,Black Friday Store,True,True,True,False,2025-09-17 10:37:03
S001165,Re-engagement Winback,True,False,False,False,2025-08-25 18:52:16
S001141,Champions League Hospitality,True,False,False,False,2025-06-06 08:29:05
S000141,International Fan Club,True,True,False,False,2025-09-08 01:22:56
S002213,Black Friday Store,True,True,False,False,2024-11-07 15:47:33
S002218,Re-engagement Winback,True,False,False,False,2025-04-06 08:55:24
S002715,Season Ticket Renewal,True,False,False,False,2024-10-24 10:52:10
S002387,New Home Kit Launch,True,False,False,False,2024-10-11 16:46:40
S004042,Matchday Ticket Alert,True,False,False,False,2025-08-31 04:27:17
S004504,Membership Drive,True,False,False,False,2025-09-13 19:53:59
S003578,Champions League Hospitality,True,True,False,False,2025-05-20 18:54:11
S000953,Stadium Tour Promo,True,False,False,False,2025-08-26 14:26:04
S003644,Champions League Hospitality,True,False,False,False,2025-01-18 17:31:12
S002713,Re-engagement Winback,True,False,False,False,2025-08-26 06:49:30
S002358,International Fan Club,True,True,True,False,2024-10-10 20:34:24
S000785,Season Ticket Renewal,True,False,False,False,2025-06-23 08:04:27
S004985,Stadium Tour Promo,True,False,False,False,2025-09-09 22:03:21
S001112,New Home Kit Launch,True,False,False,False,2025-04-26 06:46:50
S002533,Champions League Hospitality,True,False,False,False,2025-07-23 22:20:41
S000624,New Home Kit Launch,True,True,True,True,2025-08-28 12:27:45
S000351,Re-engagement Winback,True,True,False,False,2024-12-24 09:39:11
S004380,Black Friday Store,True,False,False,False,2024-12-20 05:46:33
S000494,Matchday Ticket Alert,True,True,True,False,2025-09-12 13:08:52
S003684,Black Friday Store,True,False,False,False,2025-08-22 21:12:23
S001400,Champions League Hospitality,True,False,False,False,2025-08-31 01:13:32
S003598,Membership Drive,True,True,False,False,2025-09-17 01:31:55
S000495,Matchday Ticket Alert,True,False,False,False,2025-09-15 15:53:21
S000750,International Fan Club,True,False,False,False,2025-03-16 02:55:57
S002234,New Home Kit Launch,True,False,False,False,2025-08-29 09:16:11
S004269,Matchday Ticket Alert,True,True,False,False,2025-09-10 18:27:56
S000035,Membership Drive,True,True,False,False,2025-01-09 08:36:26
S003321,Membership Drive,True,False,False,False,2025-09-10 15:10:48
S000611,New Home Kit Launch,True,False,False,False,2025-08-26 18:47:24
S002063,Re-engagement Winback,True,False,False,False,2025-07-13 22:46:23
S000597,Season Ticket Renewal,True,True,False,False,2025-02-06 02:05:59
S003630,Black Friday Store,True,False,False,False,2024-11-22 20:48:45
S003087,Matchday Ticket Alert,True,False,False,False,2025-01-07 20:00:22
S004806,Membership Drive,True,False,False,False,2025-08-29 11:00:57
S004852,Matchday Ticket Alert,True,False,False,False,2025-05-17 07:57:25
S004697,Re-engagement Winback,True,False,False,False,2025-02-16 19:47:43
S000242,Re-engagement Winback,True,True,False,False,2025-08-30 00:54:09
S000313,Matchday Ticket Alert,True,True,True,True,2025-09-14 00:23:40
S004056,Matchday Ticket Alert,True,False,False,False,2025-06-03 02:27:05
S002544,New Home Kit Launch,True,False,False,False,2025-08-31 18:56:30
S003529,Season Ticket Renewal,True,True,False,False,2025-08-23 20:48:50
S003353,Champions League Hospitality,True,False,False,False,2025-05-06 18:13:12
S001184,Champions League Hospitality,True,True,False,False,2025-09-18 17:59:35
S003061,International Fan Club,True,True,True,False,2025-08-28 03:02:01
S001774,Season Ticket Renewal,True,False,False,False,2025-06-04 05:29:54
S003295,New Home Kit Launch,True,True,False,False,2025-09-07 23:20:03
S003601,New Home Kit Launch,True,False,False,False,2024-12-18 21:43:59
S002017,International Fan Club,True,False,False,False,2025-04-01 21:46:45
S003940,Season Ticket Renewal,True,True,True,True,2025-09-03 00:50:32
S001678,Champions League Hospitality,True,False,False,False,2025-04-04 23:20:45
S004331,International Fan Club,True,False,False,False,2025-09-05 05:41:05
S000660,Black Friday Store,True,False,False,False,2025-09-19 07:37:57
S000567,Champions League Hospitality,True,True,True,True,2025-09-11 23:42:33
S000837,Season Ticket Renewal,True,False,False,False,2024-10-19 00:36:13
S004896,Champions League Hospitality,True,False,False,False,2025-05-20 17:46:08
S002775,Stadium Tour Promo,True,True,True,False,2025-08-25 21:08:22
S000468,Membership Drive,True,True,True,False,2025-09-20 04:25:08
S001475,Black Friday Store,True,False,False,False,2024-10-12 20:02:05
S001922,International Fan Club,True,False,False,False,2025-09-03 22:12:49
S000434,International Fan Club,True,True,True,False,2025-07-20 16:05:25
S002644,Season Ticket Renewal,True,False,False,False,2024-12-17 17:37:18
S004202,Stadium Tour Promo,True,True,True,False,2025-09-15 00:58:26
S004188,Stadium Tour Promo,True,True,True,False,2025-08-28 19:55:53
S004247,Season Ticket Renewal,True,True,True,False,2025-09-06 15:38:30
S001847,International Fan Club,True,True,False,False,2025-01-03 15:53:55
S000111,Re-engagement Winback,True,False,False,False,2025-08-22 15:16:18
S000029,Stadium Tour Promo,True,False,False,False,2024-12-19 21:02:57
S004540,Membership Drive,True,False,False,False,2025-08-29 04:44:15
S004433,Stadium Tour Promo,True,False,False,False,2024-10-28 01:12:49
S000477,New Home Kit Launch,True,False,False,False,2024-12-12 17:23:29
S000668,Re-engagement Winback,True,True,True,False,2025-08-23 14:14:49
S003114,Champions League Hospitality,True,False,False,False,2025-08-31 04:10:27
S002592,Matchday Ticket Alert,True,False,False,False,2025-07-06 22:12:20
S002447,Black Friday Store,True,False,False,False,2025-09-03 09:58:08
S003069,Black Friday Store,True,True,False,False,2025-08-26 02:11:17
S000451,Matchday Ticket Alert,True,False,False,False,2025-03-24 00:34:04
S000599,Black Friday Store,True,True,False,False,2025-01-25 17:27:39
S002217,Matchday Ticket Alert,True,True,False,False,2025-08-06 03:08:58
S002313,Black Friday Store,True,False,False,False,2024-11-09 01:57:20
S004333,New Home Kit Launch,True,True,True,True,2025-09-17 22:20:37
S001169,New Home Kit Launch,True,False,False,False,2024-10-06 02:48:35
S003096,New Home Kit Launch,True,True,False,False,2025-09-11 04:31:37
S004563,Matchday Ticket Alert,True,False,False,False,2025-02-14 09:19:36
S004216,Champions League Hospitality,True,True,True,False,2025-09-18 01:07:05
S003889,International Fan Club,True,False,False,False,2025-09-17 12:54:45
S000648,New Home Kit Launch,True,True,True,True,2025-08-12 14:51:14
S002697,International Fan Club,True,True,True,False,2024-10-25 08:07:13
S003914,Black Friday Store,True,True,False,False,2025-06-12 03:12:11
S000298,International Fan Club,True,False,False,False,2025-03-30 00:35:12
S000092,Membership Drive,True,False,False,False,2025-01-21 21:21:54
S003683,Re-engagement Winback,True,False,False,False,2025-09-09 06:05:06
S002957,Stadium Tour Promo,True,False,False,False,2024-10-09 13:57:15
S000484,Stadium Tour Promo,True,True,False,False,2025-09-05 19:08:39
S004072,Re-engagement Winback,True,True,False,False,2024-12-10 21:46:08
S001028,International Fan Club,True,False,False,False,2025-09-04 07:31:18
S000957,Black Friday Store,True,False,False,False,2025-08-30 09:45:13
S000175,Black Friday Store,True,False,False,False,2025-08-27 05:48:19
S004571,Black Friday Store,True,False,False,False,2025-08-29 20:55:17
S000044,Membership Drive,True,True,True,True,2025-02-03 09:19:10
S002412,Matchday Ticket Alert,True,False,False,False,2025-01-19 22:36:29
S003985,Re-engagement Winback,True,True,False,False,2025-07-13 12:05:17
S004662,Re-engagement Winback,True,True,False,False,2025-08-23 03:57:23
S001934,Re-engagement Winback,True,True,False,False,2025-09-19 21:47:19
S000321,Black Friday Store,True,False,False,False,2025-04-27 17:07:37
S001984,Stadium Tour Promo,True,False,False,False,2024-09-24 00:10:47
S004354,Re-engagement Winback,True,False,False,False,2024-10-11 12:19:39
S001607,Stadium Tour Promo,True,False,False,False,2025-09-01 10:34:19
S004956,Black Friday Store,True,False,False,False,2025-08-28 15:14:31
S003963,Re-engagement Winback,True,True,False,False,2025-05-15 02:59:54
S004892,Champions League Hospitality,True,False,False,False,2024-10-09 07:36:35
S000511,Stadium Tour Promo,True,False,False,False,2025-09-01 19:04:26
S002852,New Home Kit Launch,True,False,False,False,2025-06-18 02:56:01
S004312,International Fan Club,True,False,False,False,2025-09-13 08:26:41
S004213,New Home Kit Launch,True,False,False,False,2025-04-22 12:49:06
S001058,Re-engagement Winback,True,False,False,False,2025-08-27 22:21:17
S001191,Membership Drive,True,False,False,False,2025-09-16 17:46:38
S003819,Membership Drive,True,False,False,False,2025-02-11 21:11:12
S000032,Matchday Ticket Alert,True,True,False,False,2025-08-31 13:43:00
S004890,International Fan Club,True,True,True,False,2025-09-14 11:56:09
S001258,International Fan Club,True,False,False,False,2025-08-28 01:11:00
S003558,International Fan Club,True,False,False,False,2025-09-13 16:37:21
S003592,Re-engagement Winback,True,False,False,False,2025-08-29 02:03:57
S002111,Champions League Hospitality,True,True,False,False,2025-09-10 12:43:05
S004576,Season Ticket Renewal,True,True,False,False,2025-07-23 06:39:54
S000409,Champions League Hospitality,True,False,False,False,2025-03-21 19:23:14
S003012,Membership Drive,True,False,False,False,2025-08-27 20:52:56
S000180,Stadium Tour Promo,True,True,False,False,2025-02-04 19:28:13
S003856,International Fan Club,True,True,True,False,2025-07-09 20:20:32
S004522,Stadium Tour Promo,True,False,False,False,2025-09-14 05:52:24
S001601,Re-engagement Winback,True,True,True,False,2025-09-07 02:51:15
S004651,Season Ticket Renewal,True,False,False,False,2024-10-18 20:23:40
S001030,Matchday Ticket Alert,True,True,True,False,2025-06-01 00:06:01
S001430,Season Ticket Renewal,True,False,False,False,2025-09-19 05:20:35
S003788,International Fan Club,True,True,False,False,2025-08-16 20:15:20
S000928,Matchday Ticket Alert,True,True,True,False,2025-08-29 13:59:12
S001338,Season Ticket Renewal,True,False,False,False,2025-06-11 12:42:34
S004159,Champions League Hospitality,True,False,False,False,2025-09-17 13:50:19
S004558,International Fan Club,True,True,False,False,2025-05-19 10:40:33
S004745,Black Friday Store,True,True,False,False,2025-09-16 16:16:22
S001977,Membership Drive,True,False,False,False,2024-10-31 18:28:22
S002202,New Home Kit Launch,True,False,False,False,2025-01-24 20:59:11
S004754,International Fan Club,True,False,False,False,2025-02-17 15:39:53
S001605,Matchday Ticket Alert,True,False,False,False,2025-08-26 19:57:44
S000646,Black Friday Store,True,False,False,False,2025-09-15 09:09:03
S000636,Season Ticket Renewal,True,False,False,False,2025-08-08 18:12:31
S002531,New Home Kit Launch,True,False,False,False,2025-08-22 23:20:12
S001398,Black Friday Store,True,True,True,False,2025-09-05 09:13:43
S004464,Membership Drive,True,True,False,False,2025-08-29 22:22:02
S004290,Black Friday Store,True,False,False,False,2025-06-23 10:35:42
S001126,New Home Kit Launch,True,False,False,False,2025-01-29 04:01:33
S002454,Black Friday Store,True,True,False,False,2025-09-09 14:24:08
S002634,Matchday Ticket Alert,True,False,False,False,2025-06-10 09:56:51
S001398,Black Friday Store,True,False,False,False,2025-09-18 08:45:11
S003880,Re-engagement Winback,True,True,True,True,2025-08-25 08:25:42
S002867,Black Friday Store,True,True,True,False,2025-09-17 21:47:22
S001214,Stadium Tour Promo,True,True,False,False,2025-09-06 07:48:35
S002841,International Fan Club,True,False,False,False,2024-11-16 08:39:21
S004306,Stadium Tour Promo,True,False,False,False,2025-09-16 23:45:43
S001800,Re-engagement Winback,True,False,False,False,2025-09-19 19:37:43
S004905,Black Friday Store,True,True,False,False,2024-09-24 16:31:00
S001819,Matchday Ticket Alert,True,False,False,False,2025-09-09 04:37:37
S000662,Stadium Tour Promo,True,True,False,False,2024-12-22 03:48:55
S003836,Re-engagement Winback,True,True,False,False,2025-08-26 21:16:30
S002178,Champions League Hospitality,True,True,True,False,2024-09-28 00:13:24
S001044,International Fan Club,True,False,False,False,2025-04-29 11:26:30
S002659,Black Friday Store,True,False,False,False,2025-03-04 16:17:18
S003518,Champions League Hospitality,True,False,False,False,2025-04-18 21:07:23
S003001,Matchday Ticket Alert,True,False,False,False,2025-09-15 08:28:54
S003841,Black Friday Store,True,True,False,False,2025-09-14 17:58:37
S000720,Stadium Tour Promo,True,False,False,False,2025-07-20 20:30:00
S003562,Re-engagement Winback,True,True,False,False,2025-09-04 23:49:06
S004674,Membership Drive,True,False,False,False,2025-05-14 22:10:45
S001732,Matchday Ticket Alert,True,True,False,False,2025-09-10 18:05:56
S004832,International Fan Club,True,False,False,False,2025-09-09 07:28:56
S003812,Black Friday Store,True,True,False,False,2024-10-12 08:12:46
S004309,New Home Kit Launch,True,False,False,False,2024-12-07 23:38:30
S004914,New Home Kit Launch,True,True,False,False,2025-09-07 07:16:20
S001043,International Fan Club,True,True,False,False,2024-11-15 12:25:10
S001165,Season Ticket Renewal,True,False,False,False,2025-09-11 15:00:36
S003174,Stadium Tour Promo,True,False,False,False,2025-09-15 19:33:35
S002675,Black Friday Store,True,False,False,False,2025-09-04 04:57:15
S001404,Champions League Hospitality,True,False,False,False,2025-01-15 20:49:37
S004071,Champions League Hospitality,True,True,False,False,2025-09-13 06:57:22
S004189,Matchday Ticket Alert,True,False,False,False,2025-08-13 02:43:33
S001323,Membership Drive,True,True,False,False,2025-08-13 23:05:17
S000107,Champions League Hospitality,True,True,False,False,2024-11-26 21:39:36
S003521,Re-engagement Winback,True,False,False,False,2025-05-11 06:44:23
S001489,Re-engagement Winback,True,True,False,False,2025-09-04 04:10:14
S004310,New Home Kit Launch,True,False,False,False,2025-04-10 18:58:58
S002204,Stadium Tour Promo,True,True,True,False,2025-02-10 12:02:01
S002917,Stadium Tour Promo,True,True,True,True,2025-01-23 04:58:49
S000683,Re-engagement Winback,True,True,True,True,2025-09-09 06:27:14
S004194,Stadium Tour Promo,True,True,True,False,2025-06-03 19:17:52
S001309,Matchday Ticket Alert,True,False,False,False,2024-10-30 05:06:00
S002349,Season Ticket Renewal,True,True,False,False,2025-09-01 01:17:05
S001577,International Fan Club,True,False,False,False,2025-01-23 18:13:17
S001060,Champions League Hospitality,True,True,False,False,2025-04-02 20:57:18
S003996,Season Ticket Renewal,True,False,False,False,2025-05-10 02:58:27
S003502,Champions League Hospitality,True,True,True,False,2025-09-04 06:24:47
S002147,Champions League Hospitality,True,False,False,False,2025-06-19 13:52:07
S000580,Season Ticket Renewal,True,False,False,False,2025-09-16 02:25:16
S002228,Season Ticket Renewal,True,True,False,False,2024-10-18 18:27:31
S003332,Black Friday Store,True,True,False,False,2025-09-20 00:15:48
S001889,Membership Drive,True,False,False,False,2025-02-09 17:58:57
S002244,Black Friday Store,True,False,False,False,2025-08-19 18:49:26
S003399,Membership Drive,True,False,False,False,2025-08-29 05:58:30
S000558,Re-engagement Winback,True,True,False,False,2025-08-22 03:42:09
S003882,Season Ticket Renewal,True,False,False,False,2025-09-16 21:11:09
S002680,Season Ticket Renewal,True,True,True,False,2025-09-12 23:40:59
S003870,Re-engagement Winback,True,False,False,False,2025-07-31 00:14:24
S004555,Matchday Ticket Alert,True,False,False,False,2025-09-19 18:29:56
S004828,New Home Kit Launch,True,True,False,False,2025-05-31 02:09:25
S001863,Black Friday Store,True,False,False,False,2025-01-22 23:40:26
S002114,New Home Kit Launch,True,True,False,False,2025-05-02 16:25:29
S002673,Stadium Tour Promo,True,True,False,False,2025-09-13 15:55:11
S002446,Re-engagement Winback,True,False,False,False,2025-01-04 22:34:17
S000314,Membership Drive,True,True,True,True,2025-09-07 10:18:27
S002610,Season Ticket Renewal,True,False,False,False,2024-10-02 17:40:40
S001082,International Fan Club,True,False,False,False,2025-01-22 23:57:32
S004590,Black Friday Store,True,False,False,False,2025-07-29 20:43:50
S003599,Membership Drive,True,False,False,False,2025-07-03 13:26:17
S000526,Stadium Tour Promo,True,False,False,False,2025-03-05 02:49:50
S004641,Re-engagement Winback,True,True,False,False,2025-05-04 04:15:39
S003061,Re-engagement Winback,True,False,False,False,2025-09-20 07:35:54
S000473,Membership Drive,True,False,False,False,2024-11-17 00:21:59
S003997,International Fan Club,True,True,False,False,2025-09-14 05:52:52
S000011,Membership Drive,True,False,False,False,2025-09-05 15:24:58
S004767,Matchday Ticket Alert,True,True,True,False,2025-09-14 07:49:14
S001263,Stadium Tour Promo,True,True,False,False,2025-04-24 14:00:44
S004862,Black Friday Store,True,False,False,False,2025-08-24 00:09:38
S001617,International Fan Club,True,False,False,False,2025-08-31 06:51:15
S000700,Membership Drive,True,True,False,False,2025-09-15 18:01:14
S002079,Season Ticket Renewal,True,True,True,False,2025-03-17 17:42:15
S004648,Season Ticket Renewal,True,False,False,False,2025-08-24 04:14:50
S004938,International Fan Club,True,True,False,False,2025-05-14 01:29:46
S000750,Champions League Hospitality,True,False,False,False,2025-02-21 21:51:16
S004515,Black Friday Store,True,True,False,False,2024-10-27 01:25:07
S000233,Matchday Ticket Alert,True,True,False,False,2025-09-14 19:14:17
S004912,Re-engagement Winback,True,True,True,False,2025-02-04 13:39:37
S002028,Season Ticket Renewal,True,False,False,False,2024-11-06 21:00:41
S003065,International Fan Club,True,False,False,False,2025-08-26 08:57:01
S000034,Black Friday Store,True,True,False,False,2024-11-05 17:30:28
S002391,Black Friday Store,True,False,False,False,2024-11-24 16:01:39
S000159,International Fan Club,True,False,False,False,2024-10-09 14:36:35
S004132,Stadium Tour Promo,True,True,False,False,2025-09-10 18:10:41
S002672,New Home Kit Launch,True,True,False,False,2025-09-02 16:17:01
S003901,Re-engagement Winback,True,False,False,False,2025-04-01 23:34:11
S001903,New Home Kit Launch,True,False,False,False,2025-03-07 17:19:52
S003322,Matchday Ticket Alert,True,True,False,False,2024-11-29 17:01:47
S004356,Season Ticket Renewal,True,False,False,False,2025-08-08 20:23:26
S002820,International Fan Club,True,True,True,True,2024-12-06 18:00:22
S001251,Champions League Hospitality,True,True,False,False,2025-08-30 22:01:53
S002839,Matchday Ticket Alert,True,False,False,False,2025-09-01 16:35:55
S001649,Black Friday Store,True,False,False,False,2025-09-07 18:16:15
S001241,Champions League Hospitality,True,True,False,False,2025-08-29 02:28:58
S000751,Membership Drive,True,True,False,False,2025-03-20 00:48:46
S003321,New Home Kit Launch,True,True,False,False,2025-06-18 01:58:59
S003691,Black Friday Store,True,False,False,False,2025-09-01 05:56:13
S001822,International Fan Club,True,False,False,False,2025-08-23 10:55:41
S004025,Champions League Hospitality,True,False,False,False,2025-09-13 08:12:19
S000189,New Home Kit Launch,True,True,False,False,2025-03-07 10:22:35
S003258,Black Friday Store,True,True,False,False,2025-03-08 11:57:07
S004784,Black Friday Store,True,False,False,False,2025-07-11 20:45:00
S003963,International Fan Club,True,True,False,False,2025-08-23 02:09:42
S000446,Season Ticket Renewal,True,False,False,False,2025-09-09 04:31:39
S001287,Membership Drive,True,True,False,False,2025-06-07 04:44:07
S001941,Matchday Ticket Alert,True,False,False,False,2025-06-09 10:30:18
S001087,Black Friday Store,True,False,False,False,2025-05-14 19:24:38
S002655,Stadium Tour Promo,True,False,False,False,2025-01-24 14:45:30
S003904,Re-engagement Winback,True,True,False,False,2025-08-31 19:41:58
S004340,Champions League Hospitality,True,False,False,False,2025-01-03 10:07:01
S001948,Black Friday Store,True,False,False,False,2025-09-10 19:42:36
S004893,Season Ticket Renewal,True,True,False,False,2024-10-19 10:49:38
S004986,Membership Drive,True,False,False,False,2025-08-30 23:00:13
S004913,New Home Kit Launch,True,False,False,False,2025-02-03 20:55:34
S002548,Re-engagement Winback,True,False,False,False,2025-06-16 03:05:21
S001648,New Home Kit Launch,True,True,False,False,2025-08-23 10:53:46
S002319,Black Friday Store,True,False,False,False,2025-07-25 16:03:38
S003431,Season Ticket Renewal,True,True,False,False,2025-01-26 00:46:44
S000934,Season Ticket Renewal,True,False,False,False,2025-05-07 22:52:19
S000990,Matchday Ticket Alert,True,True,True,False,2025-03-16 19:05:16
S003164,New Home Kit Launch,True,True,True,True,2025-09-20 02:19:17
S002249,Season Ticket Renewal,True,True,False,False,2025-04-12 19:56:28
S001636,Black Friday Store,True,True,False,False,2025-08-23 17:29:25
S003474,Matchday Ticket Alert,True,True,False,False,2024-11-19 01:50:19
S000845,Champions League Hospitality,True,True,False,False,2025-01-15 08:13:17
S003914,Stadium Tour Promo,True,True,False,False,2025-05-18 06:13:08
S000306,Champions League Hospitality,True,False,False,False,2025-04-25 13:50:14
S000895,Matchday Ticket Alert,True,True,True,False,2025-03-01 07:33:26
S001444,Matchday Ticket Alert,True,False,False,False,2025-07-14 01:47:46
S000156,Champions League Hospitality,True,False,False,False,2025-08-28 18:26:17
S003275,Re-engagement Winback,True,False,False,False,2025-08-02 07:24:15
S004138,Re-engagement Winback,True,False,False,False,2025-04-07 07:30:54
S000143,New Home Kit Launch,True,False,False,False,2025-08-19 18:09:00
S001358,New Home Kit Launch,True,False,False,False,2025-09-05 02:54:24
S004448,Re-engagement Winback,True,True,False,False,2025-08-29 16:00:27
S001281,Champions League Hospitality,True,False,False,False,2025-01-27 18:22:03
S001750,Champions League Hospitality,True,False,False,False,2025-09-17 03:58:15
S001744,New Home Kit Launch,True,False,False,False,2025-08-26 14:42:09
S000921,Matchday Ticket Alert,True,False,False,False,2025-09-15 18:18:17
S003299,Black Friday Store,True,True,False,False,2024-12-23 00:41:29
S001417,Stadium Tour Promo,True,False,False,False,2024-10-12 01:46:08
S003315,Stadium Tour Promo,True,True,False,False,2025-01-25 20:50:10
S003508,New Home Kit Launch,True,False,False,False,2025-09-14 11:02:50
S002389,International Fan Club,True,False,False,False,2025-05-07 03:21:27
S004513,Black Friday Store,True,False,False,False,2025-09-01 13:55:48
S004337,Membership Drive,True,True,False,False,2025-02-17 22:40:02
S001497,Matchday Ticket Alert,True,False,False,False,2024-10-04 17:55:18
S000329,Membership Drive,True,False,False,False,2025-09-18 18:27:10
S001552,Black Friday Store,True,False,False,False,2025-08-22 01:24:07
S001044,Matchday Ticket Alert,True,False,False,False,2025-03-18 00:36:01
S002262,Black Friday Store,True,True,False,False,2025-09-04 04:19:02
S004529,New Home Kit Launch,True,False,False,False,2025-05-11 01:47:40
S004864,Matchday Ticket Alert,True,False,False,False,2025-08-22 07:55:22
S001864,Black Friday Store,True,False,False,False,2025-07-16 20:00:30
S003578,New Home Kit Launch,True,True,True,True,2025-06-21 17:57:02
S001469,Matchday Ticket Alert,True,True,False,False,2024-12-23 02:41:26
S004395,International Fan Club,True,True,False,False,2025-09-08 17:30:45
S004113,New Home Kit Launch,True,False,False,False,2025-02-22 21:22:05
S004461,Re-engagement Winback,True,False,False,False,2025-04-07 04:00:51
S004755,Season Ticket Renewal,True,False,False,False,2025-08-28 05:40:48
S002172,Season Ticket Renewal,True,False,False,False,2025-06-04 00:22:01
S003192,Champions League Hospitality,True,False,False,False,2025-08-25 10:32:32
S004103,Matchday Ticket Alert,True,True,True,False,2024-11-08 18:56:28
S004599,International Fan Club,True,False,False,False,2025-08-22 22:17:10
S000853,Re-engagement Winback,True,False,False,False,2025-09-01 04:25:15
S003901,Membership Drive,True,False,False,False,2025-01-06 11:47:09
S004720,Black Friday Store,True,False,False,False,2024-10-22 06:35:50
S004833,Membership Drive,True,True,False,False,2025-02-19 23:47:43
S004160,Membership Drive,True,False,False,False,2025-02-21 00:32:27
S003430,Membership Drive,True,False,False,False,2024-12-22 22:35:16
S000087,Champions League Hospitality,True,True,False,False,2025-08-23 17:12:10
S003905,Matchday Ticket Alert,True,True,False,False,2025-08-26 10:25:02
S000733,Stadium Tour Promo,True,True,False,False,2025-03-28 21:37:01
S000346,New Home Kit Launch,True,True,True,True,2025-08-23 18:12:32
S003299,Stadium Tour Promo,True,True,True,True,2025-09-11 22:11:06
S004696,International Fan Club,True,False,False,False,2025-09-15 18:11:58
S004625,Season Ticket Renewal,True,True,False,False,2025-08-25 00:44:54
S000699,Champions League Hospitality,True,False,False,False,2024-12-18 16:12:19
S001129,New Home Kit Launch,True,False,False,False,2024-11-10 13:50:25
S000487,Re-engagement Winback,True,True,True,False,2025-09-09 20:05:49
S000431,Season Ticket Renewal,True,True,False,False,2024-11-30 12:29:18
S003042,Black Friday Store,True,False,False,False,2025-08-23 22:38:10
S001745,New Home Kit Launch,True,False,False,False,2025-04-21 18:28:16
S004871,International Fan Club,True,False,False,False,2025-04-19 19:14:21
S003180,New Home Kit Launch,True,True,False,False,2024-11-11 20:27:34
S003784,International Fan Club,True,False,False,False,2024-10-12 05:38:22
S000074,Black Friday Store,True,False,False,False,2025-08-22 11:39:03
S000086,Re-engagement Winback,True,False,False,False,2025-09-17 02:32:42
S002304,International Fan Club,True,True,False,False,2025-06-10 20:31:46
S001910,Stadium Tour Promo,True,True,True,True,2025-09-14 03:25:31
S002540,Black Friday Store,True,False,False,False,2025-09-18 06:19:17
S002675,Matchday Ticket Alert,True,False,False,False,2025-09-09 18:46:44
S004767,International Fan Club,True,True,True,True,2024-12-14 01:51:56
S003257,Champions League Hospitality,True,False,False,False,2025-05-20 12:45:05
S000386,Stadium Tour Promo,True,False,False,False,2025-08-25 03:27:16
S001938,Champions League Hospitality,True,False,False,False,2024-11-07 14:17:41
S004056,Matchday Ticket Alert,True,True,False,False,2024-11-12 06:31:58
S003586,Stadium Tour Promo,True,True,False,False,2025-09-03 23:36:01
S004070,Season Ticket Renewal,True,False,False,False,2025-09-03 04:36:31
S001509,Black Friday Store,True,False,False,False,2025-09-09 02:00:12
S000288,Re-engagement Winback,True,False,False,False,2025-07-12 19:58:43
S001114,Re-engagement Winback,True,False,False,False,2025-09-04 05:11:32
S001363,New Home Kit Launch,True,True,True,False,2024-10-05 02:33:48
S000319,Stadium Tour Promo,True,False,False,False,2025-04-08 16:35:10
S003720,Membership Drive,True,True,False,False,2025-08-22 23:09:52
S003499,Black Friday Store,True,False,False,False,2024-12-12 12:59:24
S001585,Stadium Tour Promo,True,False,False,False,2025-09-13 11:20:16
S001049,Season Ticket Renewal,True,True,False,False,2025-03-10 07:36:01
S004651,Matchday Ticket Alert,True,False,False,False,2025-09-04 22:22:14
S004173,Matchday Ticket Alert,True,True,False,False,2025-03-01 07:52:32
S001169,Champions League Hospitality,True,True,False,False,2025-09-13 22:46:23
S002299,International Fan Club,True,False,False,False,2025-09-19 13:22:47
S001760,Black Friday Store,True,True,False,False,2025-08-22 20:13:37
S003994,Champions League Hospitality,True,False,False,False,2025-03-18 00:09:08
S002049,Membership Drive,True,False,False,False,2025-09-02 19:08:13
S004367,Re-engagement Winback,True,False,False,False,2025-03-22 16:08:15
S004700,New Home Kit Launch,True,False,False,False,2025-08-31 17:43:49
S004114,New Home Kit Launch,True,False,False,False,2025-05-24 02:17:50
S004139,Champions League Hospitality,True,False,False,False,2024-12-16 17:25:07
S004828,Stadium Tour Promo,True,True,False,False,2025-06-10 11:40:17
S000510,Season Ticket Renewal,True,True,True,False,2025-09-19 08:35:15
S002620,Re-engagement Winback,True,True,True,False,2025-08-06 09:03:01
S003894,Re-engagement Winback,True,True,False,False,2024-10-18 11:45:28
S001849,Black Friday Store,True,False,False,False,2025-09-02 18:06:24
S000283,Membership Drive,True,False,False,False,2025-01-24 11:40:18
S002443,Membership Drive,True,True,True,False,2025-08-26 10:53:11
S000039,Stadium Tour Promo,True,False,False,False,2025-09-06 02:22:34
S004897,International Fan Club,True,False,False,False,2025-03-23 07:22:07
S004121,Matchday Ticket Alert,True,True,True,False,2025-09-18 04:29:27
S002277,Re-engagement Winback,True,False,False,False,2025-06-10 07:34:08
S000460,Re-engagement Winback,True,True,False,False,2025-02-04 06:23:38
S004873,Membership Drive,True,True,False,False,2025-03-15 01:05:11
S001600,Stadium Tour Promo,True,True,False,False,2025-08-25 20:22:42
S004815,Matchday Ticket Alert,True,True,True,False,2025-04-29 10:54:19
S002073,Membership Drive,True,False,False,False,2025-09-06 07:59:15
S002191,Black Friday Store,True,False,False,False,2025-06-27 22:35:33
S002263,Black Friday Store,True,False,False,False,2025-08-30 15:43:45
S001864,Membership Drive,True,True,False,False,2025-08-23 05:52:24
S001513,Matchday Ticket Alert,True,True,False,False,2024-12-31 20:57:39
S000706,Champions League Hospitality,True,True,True,True,2025-09-06 10:58:45
S001682,New Home Kit Launch,True,False,False,False,2025-07-26 07:56:37
S001433,Champions League Hospitality,True,False,False,False,2025-03-14 09:54:25
S002504,Membership Drive,True,True,True,True,2025-05-14 05:44:02
S000131,Re-engagement Winback,True,False,False,False,2025-07-02 00:51:47
S000882,Champions League Hospitality,True,False,False,False,2025-08-05 06:55:16
S000656,Re-engagement Winback,True,True,True,False,2025-09-10 19:04:13
S004266,Membership Drive,True,False,False,False,2025-03-04 23:57:12
S000600,International Fan Club,True,False,False,False,2025-07-11 23:28:31
S004983,New Home Kit Launch,True,False,False,False,2025-09-07 15:41:15
S004476,Stadium Tour Promo,True,False,False,False,2025-09-17 20:57:19
S001629,Black Friday Store,True,False,False,False,2025-09-16 05:40:26
S004493,Stadium Tour Promo,True,False,False,False,2025-07-13 12:28:55
S002651,Champions League Hospitality,True,False,False,False,2025-09-05 16:01:28
S000942,New Home Kit Launch,True,False,False,False,2025-01-04 16:35:32
S000727,Re-engagement Winback,True,False,False,False,2025-04-02 15:55:19
S003901,Season Ticket Renewal,True,True,True,True,2025-09-04 06:29:14
S000081,Season Ticket Renewal,True,False,False,False,2024-10-23 15:32:21
S000633,Season Ticket Renewal,True,True,False,False,2025-01-26 16:29:30
S003197,International Fan Club,True,False,False,False,2025-09-17 17:20:41
S000876,Champions League Hospitality,True,True,True,True,2025-09-12 10:15:47
S001496,Stadium Tour Promo,True,False,False,False,2025-09-08 00:17:53
S001003,Matchday Ticket Alert,True,True,False,False,2025-03-24 20:31:02
S001040,Season Ticket Renewal,True,False,False,False,2025-03-16 21:37:48
S000039,Black Friday Store,True,True,False,False,2025-03-07 18:19:11
S002484,Champions League Hospitality,True,False,False,False,2025-08-21 14:18:51
S000044,Champions League Hospitality,True,True,False,False,2025-08-31 09:54:49
S002201,International Fan Club,True,True,True,False,2025-06-14 14:03:39
S003792,Re-engagement Winback,True,False,False,False,2025-07-18 10:22:31
S001022,Stadium Tour Promo,True,False,False,False,2025-01-05 08:56:21
S003269,Matchday Ticket Alert,True,False,False,False,2025-02-20 18:47:59
S000390,Re-engagement Winback,True,True,False,False,2025-07-24 00:31:27
S002284,Season Ticket Renewal,True,True,False,False,2025-08-21 15:15:43
S004411,Matchday Ticket Alert,True,False,False,False,2024-10-09 19:15:58
S000573,Season Ticket Renewal,True,True,False,False,2025-03-15 20:31:36
S003938,Champions League Hospitality,True,False,False,False,2025-08-24 01:28:22
S003634,Black Friday Store,True,False,False,False,2025-09-03 23:08:37
S003575,Champions League Hospitality,True,False,False,False,2025-01-05 21:16:16
S004303,Champions League Hospitality,True,True,True,False,2025-09-15 17:03:36
S002736,Champions League Hospitality,True,False,False,False,2025-02-10 11:14:20
S003835,Black Friday Store,True,True,True,True,2025-09-19 07:33:24
S004791,Re-engagement Winback,True,True,False,False,2024-12-26 15:42:20
S003501,Season Ticket Renewal,True,False,False,False,2025-09-19 12:40:55
S004820,Champions League Hospitality,True,True,False,False,2025-06-20 02:37:51
S004524,Champions League Hospitality,True,False,False,False,2025-02-22 05:42:32
S002838,Black Friday Store,True,False,False,False,2025-09-09 14:09:08
S000270,Black Friday Store,True,False,False,False,2025-07-11 14:24:12
S004488,Season Ticket Renewal,True,False,False,False,2025-08-26 13:22:27
S000597,Stadium Tour Promo,True,True,True,True,2025-07-02 04:49:07
S003992,Season Ticket Renewal,True,False,False,False,2025-08-27 05:00:46
S001200,Membership Drive,True,True,False,False,2025-01-10 17:57:37
S001553,Champions League Hospitality,True,False,False,False,2025-07-28 03:21:51
S000971,Membership Drive,True,True,False,False,2025-09-04 13:42:38
S004317,Champions League Hospitality,True,False,False,False,2025-09-16 06:28:16
S004000,Champions League Hospitality,True,False,False,False,2025-09-17 17:37:45
S000898,New Home Kit Launch,True,False,False,False,2024-11-15 23:27:03
S000631,Stadium Tour Promo,True,False,False,False,2025-09-12 17:43:50
S003683,Season Ticket Renewal,True,True,False,False,2024-12-19 05:01:56
S002879,Re-engagement Winback,True,False,False,False,2025-09-02 05:27:32
S000893,Black Friday Store,True,False,False,False,2024-11-18 01:33:38
S002348,Matchday Ticket Alert,True,False,False,False,2025-09-15 19:22:30
S000287,New Home Kit Launch,True,False,False,False,2025-08-25 07:23:21
S001262,Season Ticket Renewal,True,True,True,False,2024-10-22 10:41:10
S001494,International Fan Club,True,False,False,False,2024-10-27 07:33:48
S004417,Re-engagement Winback,True,False,False,False,2024-12-19 03:03:47
S004560,New Home Kit Launch,True,False,False,False,2025-09-07 07:56:38
S002671,Stadium Tour Promo,True,False,False,False,2025-09-06 08:09:50
S003690,Champions League Hospitality,True,False,False,False,2025-01-19 15:48:20
S004190,Champions League Hospitality,True,False,False,False,2025-08-31 20:33:16
S002590,New Home Kit Launch,True,False,False,False,2025-09-19 05:58:48
S004500,Season Ticket Renewal,True,False,False,False,2025-05-12 19:11:39
S002164,Matchday Ticket Alert,True,True,False,False,2025-09-15 03:37:34
S003692,Matchday Ticket Alert,True,False,False,False,2025-09-01 09:17:55
S002026,Matchday Ticket Alert,True,False,False,False,2025-05-08 22:40:57
S000885,Re-engagement Winback,True,True,True,False,2024-11-25 01:04:16
S004550,New Home Kit Launch,True,False,False,False,2025-03-08 13:40:37
S001460,Re-engagement Winback,True,True,False,False,2025-09-18 08:55:31
S004145,Black Friday Store,True,False,False,False,2025-08-24 04:41:48
S004897,Black Friday Store,True,False,False,False,2025-04-06 17:07:59
S004426,International Fan Club,True,False,False,False,2025-08-25 20:00:20
S004120,Season Ticket Renewal,True,True,True,False,2025-09-13 10:19:31
S002726,Black Friday Store,True,True,True,False,2025-09-17 14:10:32
S003082,Re-engagement Winback,True,False,False,False,2025-03-25 08:54:50
S000754,Black Friday Store,True,True,False,False,2025-07-02 04:21:56
S003627,International Fan Club,True,True,True,False,2025-07-14 03:59:03
S001394,New Home Kit Launch,True,True,False,False,2025-08-11 23:06:59
S002262,Matchday Ticket Alert,True,False,False,False,2025-09-03 18:21:34
S001645,Matchday Ticket Alert,True,True,True,False,2025-08-29 12:47:54
S000561,Re-engagement Winback,True,False,False,False,2025-06-06 23:27:52
S002804,Black Friday Store,True,False,False,False,2025-02-12 10:39:52
S004056,Season Ticket Renewal,True,True,True,False,2025-02-24 10:21:21
S002670,Membership Drive,True,False,False,False,2025-09-16 18:57:17
S003327,New Home Kit Launch,True,False,False,False,2024-10-31 23:45:34
S001767,New Home Kit Launch,True,False,False,False,2024-09-25 22:55:50
S001255,Re-engagement Winback,True,True,False,False,2025-09-16 21:33:13
S002591,Membership Drive,True,False,False,False,2025-09-07 23:46:39
S000331,Season Ticket Renewal,True,True,False,False,2024-10-06 05:52:24
S004420,Season Ticket Renewal,True,False,False,False,2025-08-28 22:34:33
S004341,Matchday Ticket Alert,True,False,False,False,2025-08-24 01:14:13
S004259,Black Friday Store,True,False,False,False,2025-09-18 04:12:20
S002370,Season Ticket Renewal,True,False,False,False,2025-09-04 02:25:46
S000906,Stadium Tour Promo,True,False,False,False,2025-02-03 21:08:30
S000330,Matchday Ticket Alert,True,True,True,False,2025-09-14 09:09:19
S004346,Membership Drive,True,False,False,False,2024-11-16 11:17:49
S000794,International Fan Club,True,False,False,False,2025-08-22 12:20:41
S003476,Black Friday Store,True,True,True,False,2025-05-07 01:30:37
S001671,Stadium Tour Promo,True,False,False,False,2025-09-16 09:00:23
S002210,Matchday Ticket Alert,True,True,False,False,2025-02-12 15:26:47
S004379,Season Ticket Renewal,True,True,False,False,2025-09-01 22:56:36
S001466,Matchday Ticket Alert,True,True,False,False,2025-09-14 14:03:51
S002499,Black Friday Store,True,True,True,False,2025-08-23 03:23:41
S001909,New Home Kit Launch,True,True,False,False,2025-02-17 08:41:40
S000006,New Home Kit Launch,True,True,False,False,2025-04-09 20:09:56
S001080,Matchday Ticket Alert,True,True,False,False,2025-09-13 01:48:31
S000381,Season Ticket Renewal,True,True,False,False,2025-09-05 19:43:55
S002121,Membership Drive,True,False,False,False,2025-02-04 04:14:26
S000254,Matchday Ticket Alert,True,False,False,False,2025-09-15 17:09:03
S004054,International Fan Club,True,False,False,False,2025-09-16 03:51:45
S004568,International Fan Club,True,False,False,False,2025-09-06 20:03:27
S004033,New Home Kit Launch,True,True,False,False,2025-06-04 00:30:34
S004080,Season Ticket Renewal,True,False,False,False,2024-10-18 08:36:12
S000318,Season Ticket Renewal,True,False,False,False,2025-03-11 04:46:41
S003916,Season Ticket Renewal,True,False,False,False,2024-11-13 07:31:41
S000493,New Home Kit Launch,True,False,False,False,2025-09-02 09:26:44
S000440,Matchday Ticket Alert,True,True,True,False,2025-05-27 18:12:53
S000072,Re-engagement Winback,True,False,False,False,2024-12-17 07:25:24
S003927,Champions League Hospitality,True,False,False,False,2025-08-31 00:55:38
S001489,International Fan Club,True,False,False,False,2025-03-26 20:20:08
S002848,Champions League Hospitality,True,True,False,False,2025-08-30 13:33:41
S001888,Stadium Tour Promo,True,False,False,False,2024-11-26 16:43:20
S000186,International Fan Club,True,True,True,False,2025-02-02 00:04:15
S003038,Season Ticket Renewal,True,True,True,False,2025-09-20 08:55:21
S000788,Matchday Ticket Alert,True,False,False,False,2024-10-08 03:18:12
S001291,Matchday Ticket Alert,True,False,False,False,2025-09-12 21:32:20
S002009,Stadium Tour Promo,True,False,False,False,2025-09-01 23:16:20
S004586,Champions League Hospitality,True,False,False,False,2024-10-07 07:36:27
S000253,Champions League Hospitality,True,True,True,False,2025-09-10 20:59:05
S004022,Re-engagement Winback,True,True,True,False,2024-12-08 16:06:57
S000526,Re-engagement Winback,True,False,False,False,2025-02-17 19:31:52
S000355,Matchday Ticket Alert,True,False,False,False,2025-06-12 17:51:05
S003324,International Fan Club,True,False,False,False,2025-05-15 21:39:51
S004225,Membership Drive,True,False,False,False,2024-11-09 19:53:06
S000535,Black Friday Store,True,False,False,False,2024-09-25 21:41:24
S002700,Season Ticket Renewal,True,True,False,False,2025-09-13 05:06:27
S000771,Black Friday Store,True,True,False,False,2025-09-15 04:36:40
S001385,Matchday Ticket Alert,True,False,False,False,2025-08-31 00:49:32
S002495,Season Ticket Renewal,True,True,False,False,2025-03-30 13:47:16
S000859,Matchday Ticket Alert,True,False,False,False,2025-09-15 08:36:08
S001693,Membership Drive,True,True,True,False,2025-05-30 22:33:43
S002532,Stadium Tour Promo,True,True,True,False,2025-08-24 08:03:34
S003186,Season Ticket Renewal,True,False,False,False,2025-07-19 15:33:57
S001184,Season Ticket Renewal,True,True,False,False,2025-08-26 09:53:58
S002295,Stadium Tour Promo,True,False,False,False,2025-09-04 04:10:28
S004031,Matchday Ticket Alert,True,False,False,False,2025-06-16 22:15:15
S001299,Black Friday Store,True,True,True,False,2025-07-31 14:09:55
S000318,Membership Drive,True,False,False,False,2024-12-31 13:43:19
S002180,Champions League Hospitality,True,True,True,False,2025-08-26 07:27:18
S003136,Season Ticket Renewal,True,False,False,False,2025-08-31 20:45:30
S001949,Champions League Hospitality,True,True,False,False,2025-04-03 09:18:41
S004734,Champions League Hospitality,True,True,True,False,2025-08-30 14:44:54
S001494,Stadium Tour Promo,True,False,False,False,2025-01-19 01:28:43
S004657,Black Friday Store,True,False,False,False,2025-08-26 11:26:29
S002796,Season Ticket Renewal,True,False,False,False,2025-03-14 06:38:37
S003005,Stadium Tour Promo,True,True,False,False,2025-08-22 06:22:34
S004844,Stadium Tour Promo,True,True,True,False,2025-08-25 18:47:36
S004834,Black Friday Store,True,False,False,False,2025-05-02 20:35:26
S004389,Membership Drive,True,False,False,False,2025-07-25 13:09:29
S003069,Membership Drive,True,False,False,False,2025-01-14 11:49:14
S001555,Black Friday Store,True,False,False,False,2025-03-12 18:52:47
S003072,Stadium Tour Promo,True,True,False,False,2025-09-03 11:46:11
S003089,Re-engagement Winback,True,True,False,False,2025-09-05 15:29:51
S001839,Season Ticket Renewal,True,False,False,False,2025-08-27 01:31:23
S003884,Matchday Ticket Alert,True,False,False,False,2024-09-21 16:38:07
S001005,Stadium Tour Promo,True,False,False,False,2025-03-24 18:20:55
S003707,Re-engagement Winback,True,False,False,False,2024-12-16 07:56:29
S002063,Black Friday Store,True,False,False,False,2025-02-11 15:58:27
S001817,Matchday Ticket Alert,True,True,False,False,2024-12-17 06:49:28
S003076,Season Ticket Renewal,True,False,False,False,2024-12-19 20:50:03
S003490,Matchday Ticket Alert,True,True,False,False,2025-09-18 23:51:32
S002959,International Fan Club,True,True,True,False,2025-08-31 09:54:00
S002312,Re-engagement Winback,True,True,True,False,2025-09-04 14:05:12
S000197,International Fan Club,True,True,True,True,2025-02-23 06:30:38
S001155,Champions League Hospitality,True,False,False,False,2025-08-29 06:14:43
S003892,Matchday Ticket Alert,True,False,False,False,2024-11-21 07:52:59
S000848,Season Ticket Renewal,True,True,True,False,2025-01-11 21:47:07
S002154,New Home Kit Launch,True,True,True,False,2025-09-16 07:25:04
S002819,Stadium Tour Promo,True,True,True,False,2025-08-27 16:07:56
S000283,New Home Kit Launch,True,False,False,False,2025-04-01 21:48:20
S002485,Matchday Ticket Alert,True,False,False,False,2025-03-31 11:32:14
S000245,Season Ticket Renewal,True,False,False,False,2025-09-04 09:57:55
S004654,Black Friday Store,True,True,False,False,2025-09-17 15:50:10
S003190,International Fan Club,True,True,False,False,2025-09-01 15:55:03
S002238,Black Friday Store,True,False,False,False,2025-09-12 21:36:21
S001738,Black Friday Store,True,False,False,False,2025-07-12 08:51:46
S003062,Stadium Tour Promo,True,True,False,False,2025-03-21 02:10:04
S001285,Re-engagement Winback,True,True,False,False,2025-02-14 12:59:35
S003837,Season Ticket Renewal,True,True,True,False,2024-12-30 15:15:11
S003292,Stadium Tour Promo,True,False,False,False,2025-06-20 21:28:54
S004985,Stadium Tour Promo,True,False,False,False,2024-12-09 09:42:58
S004226,Champions League Hospitality,True,True,False,False,2025-06-30 06:32:47
S004544,Season Ticket Renewal,True,True,False,False,2025-09-18 03:58:42
S000298,Season Ticket Renewal,True,True,True,False,2025-07-30 17:13:14
S003548,Membership Drive,True,True,False,False,2024-11-08 20:39:41
S003793,Black Friday Store,True,False,False,False,2025-09-12 21:30:53
S001696,Season Ticket Renewal,True,True,True,True,2024-10-14 14:48:56
S000561,Matchday Ticket Alert,True,False,False,False,2025-03-24 04:39:27
S002893,International Fan Club,True,True,False,False,2025-06-07 21:00:32
S001412,Champions League Hospitality,True,False,False,False,2025-08-26 13:36:44
S003668,Matchday Ticket Alert,True,True,False,False,2025-08-25 07:04:29
S000121,Membership Drive,True,True,True,False,2025-09-17 17:25:14
S002361,Membership Drive,True,True,False,False,2024-11-21 15:05:56
S004781,Membership Drive,True,True,True,False,2025-05-08 05:56:02
S003452,Stadium Tour Promo,True,True,True,True,2024-11-19 08:42:45
S002145,Black Friday Store,True,False,False,False,2025-09-07 05:29:47
S001855,Champions League Hospitality,True,True,False,False,2025-07-15 07:00:24
S004952,International Fan Club,True,False,False,False,2024-10-05 14:27:46
S004041,New Home Kit Launch,True,False,False,False,2024-10-27 20:41:20
S002037,Champions League Hospitality,True,False,False,False,2025-05-12 21:29:44
S002028,Matchday Ticket Alert,True,False,False,False,2025-07-27 18:49:46
S001355,Matchday Ticket Alert,True,False,False,False,2025-09-03 02:46:36
S000358,Champions League Hospitality,True,False,False,False,2025-08-23 00:09:28
S004097,Season Ticket Renewal,True,False,False,False,2025-05-05 02:04:53
S002005,Re-engagement Winback,True,False,False,False,2025-05-17 17:31:06
S004593,New Home Kit Launch,True,True,False,False,2025-04-15 06:15:14
S000388,Season Ticket Renewal,True,False,False,False,2025-09-03 21:18:07
S001272,Champions League Hospitality,True,True,False,False,2025-08-26 18:16:53
S004895,International Fan Club,True,True,False,False,2025-08-29 20:25:53
S002396,Re-engagement Winback,True,False,False,False,2025-09-11 17:16:52
S003133,New Home Kit Launch,True,False,False,False,2025-09-17 13:19:01
S003492,New Home Kit Launch,True,False,False,False,2025-09-20 06:27:01
S000934,Black Friday Store,True,False,False,False,2025-08-31 23:42:05
S002957,Stadium Tour Promo,True,False,False,False,2025-03-09 08:40:52
S001281,International Fan Club,True,False,False,False,2025-08-27 09:00:41
S003394,Champions League Hospitality,True,True,True,False,2025-08-27 22:30:02
S000378,Membership Drive,True,False,False,False,2025-08-23 14:01:00
S001731,New Home Kit Launch,True,True,True,True,2025-08-25 02:47:27
S000337,Matchday Ticket Alert,True,False,False,False,2025-08-23 06:15:53
S002088,International Fan Club,True,True,False,False,2025-09-06 23:43:21
S003878,Membership Drive,True,False,False,False,2025-02-14 18:22:08
S003266,New Home Kit Launch,True,True,True,False,2025-08-22 15:59:08
S003063,Re-engagement Winback,True,False,False,False,2025-02-26 16:09:18
S004308,Stadium Tour Promo,True,True,False,False,2025-09-20 00:39:09
S001192,New Home Kit Launch,True,False,False,False,2025-09-05 13:47:40
S004325,International Fan Club,True,False,False,False,2025-02-27 19:03:15
S002562,International Fan Club,True,True,False,False,2025-09-08 15:21:23
S002303,Black Friday Store,True,True,False,False,2025-08-31 08:13:57
S001986,Season Ticket Renewal,True,True,False,False,2024-12-05 11:08:05
S000357,Champions League Hospitality,True,True,False,False,2025-08-22 21:51:11
S003369,Black Friday Store,True,False,False,False,2025-07-06 19:10:59
S002413,Black Friday Store,True,True,True,False,2024-10-05 12:49:56
S004777,New Home Kit Launch,True,True,False,False,2025-09-01 22:55:34
S000405,Champions League Hospitality,True,False,False,False,2025-09-07 18:14:13
S003791,New Home Kit Launch,True,False,False,False,2025-07-10 15:09:17
S004150,Re-engagement Winback,True,True,False,False,2024-10-19 03:13:05
S003263,Season Ticket Renewal,True,False,False,False,2025-03-11 11:21:26
S000567,Re-engagement Winback,True,False,False,False,2025-08-31 19:24:43
S002199,Black Friday Store,True,True,False,False,2025-07-11 03:51:20
S001203,Membership Drive,True,True,True,False,2025-09-01 12:03:58
S004442,Matchday Ticket Alert,True,True,False,False,2025-09-03 13:47:16
S004636,Matchday Ticket Alert,True,False,False,False,2025-09-15 15:07:01
S000276,Stadium Tour Promo,True,False,False,False,2025-06-12 10:02:26
S001484,New Home Kit Launch,True,False,False,False,2025-07-08 18:51:36
S000140,New Home Kit Launch,True,False,False,False,2025-06-03 09:53:37
S002798,Black Friday Store,True,False,False,False,2025-04-14 15:04:46
S002051,New Home Kit Launch,True,False,False,False,2024-11-14 15:55:08
S004066,Champions League Hospitality,True,True,False,False,2025-08-16 16:08:10
S001686,Black Friday Store,True,False,False,False,2025-05-23 23:17:15
S003345,Membership Drive,True,False,False,False,2025-01-21 20:54:28
S004419,Re-engagement Winback,True,False,False,False,2025-09-02 05:54:00
S000529,Champions League Hospitality,True,False,False,False,2025-09-05 19:36:26
S000234,International Fan Club,True,True,False,False,2024-12-30 10:21:57
S002006,Matchday Ticket Alert,True,True,True,False,2025-07-18 21:53:40
S002403,Re-engagement Winback,True,True,False,False,2024-10-29 12:59:59
S002373,Re-engagement Winback,True,True,False,False,2025-08-28 03:09:04
S000788,New Home Kit Launch,True,True,True,False,2025-08-05 18:23:52
S001206,Matchday Ticket Alert,True,False,False,False,2025-09-16 04:21:43
S001459,Re-engagement Winback,True,True,False,False,2025-01-28 19:54:37
S000856,New Home Kit Launch,True,False,False,False,2025-03-27 00:32:12
S003951,Matchday Ticket Alert,True,False,False,False,2025-04-07 00:01:33
S002803,Season Ticket Renewal,True,False,False,False,2024-10-20 19:36:38
S001191,Matchday Ticket Alert,True,True,False,False,2024-11-30 15:04:57
S001210,Season Ticket Renewal,True,True,False,False,2025-06-03 10:15:09
S000663,Matchday Ticket Alert,True,False,False,False,2025-09-11 02:11:04
S001701,Black Friday Store,True,True,False,False,2025-02-04 08:54:08
S000544,New Home Kit Launch,True,True,True,False,2025-04-13 10:29:01
S000490,Matchday Ticket Alert,True,False,False,False,2024-10-04 07:54:48
S002337,Membership Drive,True,False,False,False,2025-08-01 13:36:20
S000780,Season Ticket Renewal,True,False,False,False,2025-05-26 13:31:17
S001520,Re-engagement Winback,True,False,False,False,2025-08-26 23:06:42
S001400,Stadium Tour Promo,True,False,False,False,2025-09-01 23:54:38
S001018,Re-engagement Winback,True,False,False,False,2025-09-04 08:53:15
S004607,Champions League Hospitality,True,True,True,False,2024-12-09 14:29:46
S001858,Black Friday Store,True,False,False,False,2024-12-11 09:30:08
S000597,New Home Kit Launch,True,False,False,False,2025-09-03 01:05:58
S003548,Season Ticket Renewal,True,False,False,False,2025-05-18 04:12:17
S003218,Black Friday Store,True,False,False,False,2025-07-06 16:46:04
S000420,International Fan Club,True,False,False,False,2025-09-15 15:38:26
S000151,Matchday Ticket Alert,True,False,False,False,2025-09-07 09:12:54
S003419,International Fan Club,True,False,False,False,2024-12-21 11:48:54
S003277,New Home Kit Launch,True,False,False,False,2025-03-06 07:32:10
S002056,Champions League Hospitality,True,False,False,False,2025-08-16 13:21:07
S000688,Re-engagement Winback,True,False,False,False,2025-09-12 16:19:25
S003232,Membership Drive,True,False,False,False,2025-09-11 22:55:23
S001190,Re-engagement Winback,True,True,False,False,2025-09-12 09:33:42
S004110,Matchday Ticket Alert,True,False,False,False,2025-03-13 00:12:37
S001926,Membership Drive,True,False,False,False,2025-09-14 00:36:07
S002829,New Home Kit Launch,True,False,False,False,2025-09-19 17:06:38
S001378,Stadium Tour Promo,True,False,False,False,2025-06-17 23:10:24
S004380,Champions League Hospitality,True,True,True,False,2025-09-09 08:58:24
S002023,Re-engagement Winback,True,True,False,False,2025-05-22 03:02:56
S000014,Black Friday Store,True,False,False,False,2025-08-21 19:00:21
S003903,Black Friday Store,True,False,False,False,2024-12-17 08:26:13
S002809,Re-engagement Winback,True,False,False,False,2025-03-29 16:27:13
S000703,Matchday Ticket Alert,True,False,False,False,2025-09-02 20:00:11
S004757,Stadium Tour Promo,True,False,False,False,2025-09-05 15:41:34
S000200,Membership Drive,True,True,True,False,2025-09-08 20:33:42
S001420,Stadium Tour Promo,True,False,False,False,2025-02-22 06:27:45
S001503,International Fan Club,True,False,False,False,2025-09-05 19:58:02
S001864,Membership Drive,True,True,True,False,2025-05-15 00:09:50
S001745,Stadium Tour Promo,True,True,False,False,2025-09-10 12:32:15
S004743,New Home Kit Launch,True,False,False,False,2024-12-27 17:13:12
S003323,International Fan Club,True,False,False,False,2025-07-31 17:21:37
S003361,Champions League Hospitality,True,False,False,False,2025-09-14 09:51:21
S000725,International Fan Club,True,False,False,False,2025-02-07 14:05:20
S000812,Stadium Tour Promo,True,True,False,False,2025-08-23 20:06:18
S002357,Champions League Hospitality,True,False,False,False,2025-09-06 05:25:48
S001946,Stadium Tour Promo,True,False,False,False,2025-09-01 04:09:45
S000820,Re-engagement Winback,True,True,False,False,2025-09-13 00:47:36
S001834,Matchday Ticket Alert,True,False,False,False,2024-11-17 04:49:49
S004999,Membership Drive,True,False,False,False,2025-04-30 15:16:55
S003541,International Fan Club,True,False,False,False,2024-10-18 03:11:08
S001850,Champions League Hospitality,True,False,False,False,2025-03-05 17:22:36
S001310,Black Friday Store,True,True,False,False,2025-08-28 13:59:04
S004579,Black Friday Store,True,False,False,False,2025-09-07 22:19:41
S004573,Re-engagement Winback,True,True,False,False,2025-08-30 01:23:55
S001089,Matchday Ticket Alert,True,False,False,False,2025-03-08 15:37:02
S002666,Champions League Hospitality,True,True,True,True,2025-09-16 19:46:37
S001304,Season Ticket Renewal,True,False,False,False,2025-09-08 11:25:05
S003245,International Fan Club,True,True,False,False,2025-04-20 17:52:05
S001535,Re-engagement Winback,True,False,False,False,2024-10-03 13:52:10
S000557,Matchday Ticket Alert,True,False,False,False,2025-08-29 19:10:42
S003101,Membership Drive,True,True,True,False,2024-10-13 22:55:37
S000324,Champions League Hospitality,True,True,True,False,2025-08-22 17:55:46
S003605,New Home Kit Launch,True,False,False,False,2025-09-10 07:41:29
S004698,Champions League Hospitality,True,False,False,False,2025-06-10 04:04:12
S004153,New Home Kit Launch,True,False,False,False,2025-09-03 21:52:01
S004393,Matchday Ticket Alert,True,True,True,False,2025-01-28 23:18:29
S004020,Black Friday Store,True,True,False,False,2025-09-03 05:12:53
S002903,Champions League Hospitality,True,False,False,False,2025-04-18 07:52:54
S004936,Stadium Tour Promo,True,False,False,False,2025-08-31 14:15:11
S003815,Re-engagement Winback,True,False,False,False,2024-10-08 22:00:49
S000066,Season Ticket Renewal,True,False,False,False,2025-09-04 04:45:29
S000632,Champions League Hospitality,True,False,False,False,2025-07-10 18:10:29
S000006,Membership Drive,True,True,False,False,2025-08-28 13:18:51
S002902,Re-engagement Winback,True,True,False,False,2025-08-25 01:42:54
S004079,International Fan Club,True,True,False,False,2025-06-27 02:03:34
S000541,Matchday Ticket Alert,True,False,False,False,2025-09-16 16:31:30
S002902,Membership Drive,True,False,False,False,2025-08-26 16:27:11
S001697,Stadium Tour Promo,True,True,True,True,2025-08-29 17:52:56
S004925,Black Friday Store,True,True,False,False,2025-09-10 11:44:43
S003408,International Fan Club,True,False,False,False,2025-09-12 12:00:20
S004752,Black Friday Store,True,True,True,True,2025-02-07 12:42:12
S004910,Black Friday Store,True,False,False,False,2025-08-22 19:31:39
S001744,New Home Kit Launch,True,False,False,False,2024-11-05 23:40:29
S004053,Matchday Ticket Alert,True,True,False,False,2025-08-26 08:05:42
S004311,Re-engagement Winback,True,False,False,False,2025-01-15 05:42:49
S000962,Season Ticket Renewal,True,False,False,False,2025-09-12 09:30:46
S004081,New Home Kit Launch,True,True,False,False,2025-09-13 05:59:37
S003920,New Home Kit Launch,True,False,False,False,2025-01-19 15:12:13
S002577,Black Friday Store,True,False,False,False,2025-05-04 15:30:27
S002151,Matchday Ticket Alert,True,False,False,False,2024-12-07 20:13:51
S001380,Membership Drive,True,True,True,False,2025-09-01 04:44:04
S001843,Membership Drive,True,False,False,False,2025-06-09 04:51:46
S002287,Matchday Ticket Alert,True,False,False,False,2025-07-23 15:20:41
S001658,Re-engagement Winback,True,False,False,False,2025-09-08 22:47:11
S001440,Season Ticket Renewal,True,False,False,False,2025-09-09 20:16:27
S000296,Champions League Hospitality,True,False,False,False,2024-10-19 21:29:33
S001806,International Fan Club,True,False,False,False,2025-01-29 15:29:32
S001914,Stadium Tour Promo,True,True,False,False,2025-09-03 03:13:29
S002355,Matchday Ticket Alert,True,False,False,False,2025-06-02 14:41:45
S000081,International Fan Club,True,False,False,False,2025-04-28 23:09:15
S003838,International Fan Club,True,True,True,True,2025-05-19 12:56:19
S000680,Champions League Hospitality,True,True,False,False,2025-09-04 12:06:57
S004649,Season Ticket Renewal,True,True,False,False,2025-09-17 10:54:58
S002872,Re-engagement Winback,True,False,False,False,2025-08-26 03:54:50
S004880,Matchday Ticket Alert,True,True,False,False,2025-04-11 01:30:48
S001041,Matchday Ticket Alert,True,False,False,False,2025-08-02 06:16:24
S004474,Stadium Tour Promo,True,False,False,False,2025-08-24 13:50:33
S001393,International Fan Club,True,False,False,False,2025-06-10 21:55:58
S000935,Stadium Tour Promo,True,False,False,False,2024-12-30 01:22:16
S000700,Membership Drive,True,True,False,False,2025-08-26 18:24:42
S001447,Re-engagement Winback,True,True,False,False,2025-01-03 01:18:29
S002739,Stadium Tour Promo,True,False,False,False,2025-01-03 01:51:59
S001998,New Home Kit Launch,True,False,False,False,2024-10-30 15:44:50
S004110,Black Friday Store,True,True,True,False,2025-09-02 15:14:33
S004621,Champions League Hospitality,True,True,False,False,2025-06-04 12:54:30
S002924,Matchday Ticket Alert,True,False,False,False,2025-06-17 11:36:51
S003662,Re-engagement Winback,True,False,False,False,2025-09-14 03:38:29
S004168,Black Friday Store,True,True,True,True,2025-09-18 11:15:20
S004439,Stadium Tour Promo,True,True,False,False,2025-05-09 09:00:26
S001081,Matchday Ticket Alert,True,True,True,True,2025-04-08 09:41:30
S000308,Black Friday Store,True,True,False,False,2025-09-18 13:15:23
S000126,Black Friday Store,True,True,True,False,2025-09-07 05:39:12
S000420,International Fan Club,True,False,False,False,2024-12-05 14:54:06
S003934,Matchday Ticket Alert,True,True,False,False,2025-09-20 09:12:19
S003592,Membership Drive,True,False,False,False,2025-05-17 08:11:33
S004702,New Home Kit Launch,True,False,False,False,2025-07-15 16:26:23
S004660,Membership Drive,True,True,False,False,2025-03-18 19:33:21
S003903,Stadium Tour Promo,True,False,False,False,2025-05-02 15:00:46
S002821,Season Ticket Renewal,True,False,False,False,2025-09-16 14:42:50
S003983,Membership Drive,True,False,False,False,2024-10-01 23:32:14
S001688,Season Ticket Renewal,True,True,False,False,2025-09-09 12:14:51
S002926,Champions League Hospitality,True,True,False,False,2025-08-21 22:13:08
S004780,Matchday Ticket Alert,True,False,False,False,2025-08-28 06:58:56
S000232,Stadium Tour Promo,True,False,False,False,2025-09-10 18:21:46
S004811,New Home Kit Launch,True,True,True,False,2025-09-17 00:09:39
S003111,International Fan Club,True,True,False,False,2025-09-06 08:59:47
S004257,Black Friday Store,True,False,False,False,2025-01-23 16:26:33
S003065,International Fan Club,True,False,False,False,2025-09-06 07:27:55
S002318,Champions League Hospitality,True,False,False,False,2025-09-16 08:22:16
S000621,New Home Kit Launch,True,True,True,True,2025-09-16 08:54:50
S000718,International Fan Club,True,False,False,False,2025-09-06 18:51:10
S003476,Matchday Ticket Alert,True,False,False,False,2025-08-14 05:29:45
S002946,Black Friday Store,True,False,False,False,2025-08-25 20:37:23
S004953,Stadium Tour Promo,True,False,False,False,2025-02-28 03:14:37
S001725,Black Friday Store,True,True,True,False,2025-08-22 16:03:50
S000230,Black Friday Store,True,False,False,False,2025-02-06 01:46:08
S001231,Matchday Ticket Alert,True,False,False,False,2025-09-12 12:01:21
S004633,Matchday Ticket Alert,True,True,True,False,2025-08-21 16:26:33
S002521,Season Ticket Renewal,True,False,False,False,2025-04-07 01:55:34
S003891,Stadium Tour Promo,True,True,False,False,2025-09-04 23:21:36
S004840,Stadium Tour Promo,True,False,False,False,2024-10-05 20:35:33
S003201,Black Friday Store,True,True,True,False,2025-09-19 19:34:37
S004730,Season Ticket Renewal,True,True,False,False,2025-05-26 22:19:38
S002017,Stadium Tour Promo,True,False,False,False,2025-01-30 02:59:07
S001327,Champions League Hospitality,True,True,False,False,2025-04-04 09:01:52
S004861,Matchday Ticket Alert,True,True,False,False,2025-08-26 12:08:26
S004620,Champions League Hospitality,True,False,False,False,2024-10-23 13:42:55
S003919,Season Ticket Renewal,True,False,False,False,2024-12-05 13:30:03
S000678,International Fan Club,True,False,False,False,2025-03-05 18:14:45
S001692,Season Ticket Renewal,True,False,False,False,2025-09-07 01:15:09
S003610,International Fan Club,True,False,False,False,2024-11-27 17:35:31
S002133,Season Ticket Renewal,True,True,True,False,2024-12-12 15:53:07
S004386,Champions League Hospitality,True,True,False,False,2025-06-17 02:16:46
S001636,International Fan Club,True,True,False,False,2024-09-24 07:42:47
S001408,Stadium Tour Promo,True,False,False,False,2025-08-29 13:01:52
S004072,Champions League Hospitality,True,False,False,False,2025-09-09 01:16:24
S000580,Black Friday Store,True,False,False,False,2025-08-31 06:47:09
S003657,Season Ticket Renewal,True,False,False,False,2024-10-13 08:44:54
S001697,Re-engagement Winback,True,False,False,False,2025-08-25 21:01:50
S003397,Stadium Tour Promo,True,True,False,False,2025-09-17 05:06:36
S002082,Champions League Hospitality,True,True,True,True,2025-02-19 11:18:18
S004716,Champions League Hospitality,True,True,False,False,2025-04-03 15:29:26
S001272,New Home Kit Launch,True,False,False,False,2025-09-12 19:31:47
S003733,Champions League Hospitality,True,False,False,False,2025-09-10 02:26:30
S003272,Season Ticket Renewal,True,False,False,False,2024-11-14 04:42:26
S003565,Champions League Hospitality,True,False,False,False,2025-08-31 16:32:05
S000812,Black Friday Store,True,True,False,False,2025-06-27 23:24:13
S003726,International Fan Club,True,False,False,False,2025-01-18 14:22:27
S001915,Stadium Tour Promo,True,True,False,False,2025-09-16 09:02:44
S004729,Re-engagement Winback,True,False,False,False,2025-08-25 01:59:50
S003384,International Fan Club,True,True,True,False,2025-09-09 18:36:32
S003004,New Home Kit Launch,True,True,True,True,2025-09-15 14:40:48
S002118,Season Ticket Renewal,True,True,False,False,2025-08-31 10:00:09
S004765,Champions League Hospitality,True,False,False,False,2025-09-09 22:58:50
S001327,Black Friday Store,True,False,False,False,2024-10-02 12:37:04
S001654,Membership Drive,True,True,False,False,2025-08-31 18:20:16
S004005,Matchday Ticket Alert,True,False,False,False,2024-10-07 13:39:16
S002638,Champions League Hospitality,True,False,False,False,2025-09-19 06:25:11
S000111,New Home Kit Launch,True,False,False,False,2024-09-22 05:09:18
S002536,International Fan Club,True,False,False,False,2025-08-22 07:10:47
S001051,Re-engagement Winback,True,False,False,False,2025-09-15 14:35:35
S000447,Champions League Hospitality,True,True,True,False,2025-08-28 12:30:12
S001384,Re-engagement Winback,True,True,True,False,2025-03-05 18:16:28
S003742,International Fan Club,True,False,False,False,2025-09-13 08:32:14
S004888,Season Ticket Renewal,True,True,False,False,2025-02-28 08:28:17
S003926,Season Ticket Renewal,True,True,True,False,2025-06-04 02:10:41
S000207,Black Friday Store,True,True,False,False,2025-08-22 23:25:22
S003478,Black Friday Store,True,False,False,False,2025-04-05 06:07:28
S003846,Re-engagement Winback,True,False,False,False,2025-08-27 12:34:13
S002600,International Fan Club,True,False,False,False,2024-11-16 08:32:31
S000630,Matchday Ticket Alert,True,False,False,False,2025-02-05 20:23:33
S002203,International Fan Club,True,False,False,False,2025-09-03 20:29:34
S004001,Membership Drive,True,True,False,False,2025-09-12 21:54:39
S000473,New Home Kit Launch,True,False,False,False,2025-09-17 09:45:44
S002817,Re-engagement Winback,True,False,False,False,2025-09-08 22:22:48
S001856,Re-engagement Winback,True,False,False,False,2025-05-13 22:36:51
S001477,Re-engagement Winback,True,True,True,False,2025-08-25 21:40:05
S000510,International Fan Club,True,False,False,False,2025-01-18 01:48:59
S001559,Membership Drive,True,False,False,False,2024-10-09 08:59:16
S000024,Season Ticket Renewal,True,False,False,False,2025-09-04 18:41:59
S004884,Champions League Hospitality,True,False,False,False,2024-11-22 15:05:39
S003867,New Home Kit Launch,True,True,False,False,2025-05-05 19:02:22
S003494,New Home Kit Launch,True,False,False,False,2024-11-23 19:45:44
S004273,Black Friday Store,True,False,False,False,2025-09-13 20:04:38
S004641,International Fan Club,True,True,False,False,2025-08-09 03:45:56
S001659,Black Friday Store,True,True,False,False,2025-02-10 02:50:17
S001901,Re-engagement Winback,True,False,False,False,2025-08-26 04:56:45
S001326,Membership Drive,True,True,False,False,2025-01-14 23:54:50
S001958,New Home Kit Launch,True,False,False,False,2025-09-18 15:03:50
S002248,Champions League Hospitality,True,True,False,False,2025-06-30 10:26:16
S000500,Membership Drive,True,False,False,False,2024-09-22 10:01:51
S004254,Season Ticket Renewal,True,False,False,False,2025-07-17 00:37:37
S003373,International Fan Club,True,True,False,False,2025-04-23 06:18:38
S004825,Matchday Ticket Alert,True,False,False,False,2025-09-15 16:49:41
S002122,International Fan Club,True,True,True,False,2025-01-24 13:30:46
S004360,Re-engagement Winback,True,True,True,True,2025-08-23 13:19:06
S001028,New Home Kit Launch,True,False,False,False,2024-11-20 18:46:41
S004603,Black Friday Store,True,False,False,False,2024-10-25 01:19:28
S002870,New Home Kit Launch,True,False,False,False,2025-09-04 11:12:39
S002734,Black Friday Store,True,False,False,False,2025-08-30 00:39:01
S001844,Re-engagement Winback,True,True,True,False,2025-09-17 23:20:33
S003207,Stadium Tour Promo,True,False,False,False,2025-08-30 00:44:54
S004985,International Fan Club,True,False,False,False,2024-10-03 11:39:50
S001288,Champions League Hospitality,True,False,False,False,2025-09-18 10:12:11
S003271,Re-engagement Winback,True,True,False,False,2025-08-24 05:02:48
S004156,Membership Drive,True,False,False,False,2024-11-08 21:38:33
S003722,Re-engagement Winback,True,True,True,False,2024-12-12 20:00:00
S001294,Stadium Tour Promo,True,False,False,False,2025-07-27 18:52:07
S004636,Membership Drive,True,False,False,False,2025-09-12 02:54:47
S001258,Champions League Hospitality,True,True,True,True,2025-08-21 15:16:53
S004557,Season Ticket Renewal,True,False,False,False,2025-04-10 17:06:34
S004068,Black Friday Store,True,True,False,False,2025-09-18 01:39:13
S003876,Black Friday Store,True,True,False,False,2024-12-29 22:42:18
S000646,New Home Kit Launch,True,False,False,False,2025-04-26 22:24:08
S003386,Champions League Hospitality,True,True,False,False,2025-08-24 08:06:32
S000230,Matchday Ticket Alert,True,False,False,False,2025-01-26 08:47:34
S004605,New Home Kit Launch,True,True,True,False,2025-08-24 23:17:28
S000514,Black Friday Store,True,True,True,False,2025-09-15 16:56:20
S001225,Re-engagement Winback,True,False,False,False,2025-01-02 17:40:10
S003823,Season Ticket Renewal,True,True,False,False,2025-09-11 20:44:18
S003288,Stadium Tour Promo,True,False,False,False,2025-08-30 22:07:08
S004072,Stadium Tour Promo,True,False,False,False,2025-08-27 11:40:00
S003917,International Fan Club,True,True,True,True,2025-01-28 22:38:04
S000825,Black Friday Store,True,True,False,False,2025-09-20 03:09:27
S004779,Re-engagement Winback,True,False,False,False,2025-06-03 21:47:12
S001984,Season Ticket Renewal,True,True,True,False,2024-12-14 19:30:22
S004668,Membership Drive,True,True,True,False,2025-07-23 01:12:14
S001386,Matchday Ticket Alert,True,True,True,False,2025-09-10 19:08:40
S001955,Stadium Tour Promo,True,True,False,False,2025-01-12 19:51:18
S004764,Black Friday Store,True,False,False,False,2025-09-15 07:10:27
S000916,New Home Kit Launch,True,True,False,False,2025-09-17 06:31:40
S004262,International Fan Club,True,False,False,False,2025-09-16 05:34:43
S000655,Matchday Ticket Alert,True,False,False,False,2024-12-24 01:15:50
S001897,New Home Kit Launch,True,True,False,False,2025-08-23 17:10:23
S000195,Season Ticket Renewal,True,False,False,False,2025-08-20 11:19:22
S004268,Matchday Ticket Alert,True,False,False,False,2024-12-01 23:09:29
S004573,Season Ticket Renewal,True,False,False,False,2025-06-02 13:52:50
S003784,Membership Drive,True,False,False,False,2025-04-04 09:24:56
S002624,Matchday Ticket Alert,True,True,False,False,2025-09-17 18:07:26
S003739,International Fan Club,True,False,False,False,2025-05-27 01:39:22
S003217,Matchday Ticket Alert,True,False,False,False,2025-02-08 23:07:18
S002836,Champions League Hospitality,True,False,False,False,2024-10-04 19:40:05
S000376,International Fan Club,True,False,False,False,2025-04-29 23:48:40
S004081,Stadium Tour Promo,True,False,False,False,2025-08-21 16:33:32
S000302,Black Friday Store,True,False,False,False,2025-02-28 14:27:04
S001485,New Home Kit Launch,True,True,False,False,2024-10-24 14:33:09
S003243,Stadium Tour Promo,True,False,False,False,2025-04-11 22:46:25
S000786,New Home Kit Launch,True,True,False,False,2025-08-09 15:32:47
S001850,Re-engagement Winback,True,False,False,False,2024-12-28 02:47:41
S001595,Stadium Tour Promo,True,False,False,False,2025-09-20 07:54:47
S000899,Matchday Ticket Alert,True,False,False,False,2024-12-12 00:31:45
S001617,Membership Drive,True,True,False,False,2025-09-08 17:23:14
S002835,International Fan Club,True,True,False,False,2025-09-19 09:40:22
S004779,Season Ticket Renewal,True,False,False,False,2025-09-16 20:10:34
S001552,Matchday Ticket Alert,True,True,False,False,2025-09-12 19:46:36
S000956,Season Ticket Renewal,True,True,False,False,2025-04-21 14:00:53
S004690,Season Ticket Renewal,True,False,False,False,2025-06-13 21:06:59
S004608,Stadium Tour Promo,True,True,False,False,2025-08-23 23:37:05
S001216,Black Friday Store,True,False,False,False,2025-06-24 01:32:29
S003185,Re-engagement Winback,True,True,False,False,2025-07-03 06:39:28
S000327,Black Friday Store,True,False,False,False,2025-01-11 19:34:29
S003608,Champions League Hospitality,True,False,False,False,2025-09-01 13:33:00
S004456,Membership Drive,True,False,False,False,2025-09-02 12:19:37
S004402,Black Friday Store,True,False,False,False,2025-09-01 04:45:03
S000235,International Fan Club,True,True,False,False,2025-09-02 05:17:02
S002951,Matchday Ticket Alert,True,False,False,False,2024-10-13 21:15:39
S002706,Matchday Ticket Alert,True,True,True,False,2024-11-12 20:06:58
S002055,New Home Kit Launch,True,True,False,False,2024-11-13 06:55:25
S004909,Re-engagement Winback,True,False,False,False,2025-01-02 01:37:20
S004179,International Fan Club,True,True,True,True,2025-08-18 21:08:18
S003552,New Home Kit Launch,True,False,False,False,2025-06-21 16:02:38
S002565,Re-engagement Winback,True,False,False,False,2025-09-07 19:40:54
S000680,Black Friday Store,True,True,True,False,2025-05-06 15:15:37
S000536,Black Friday Store,True,False,False,False,2024-11-01 05:57:00
S002366,Champions League Hospitality,True,False,False,False,2025-08-30 12:54:39
S001738,Black Friday Store,True,False,False,False,2025-03-03 01:35:56
S000648,Black Friday Store,True,True,False,False,2024-12-03 05:20:10
S001649,New Home Kit Launch,True,False,False,False,2025-08-28 20:11:55
S000222,New Home Kit Launch,True,False,False,False,2025-07-30 19:20:06
S000593,Membership Drive,True,False,False,False,2025-04-19 13:48:09
S001577,Black Friday Store,True,False,False,False,2025-09-19 11:02:42
S001569,Black Friday Store,True,False,False,False,2025-09-03 20:43:17
S004580,Champions League Hospitality,True,False,False,False,2024-11-29 06:39:53
S002683,Membership Drive,True,False,False,False,2025-02-16 19:55:18
S000377,Champions League Hospitality,True,True,True,True,2025-08-30 13:09:39
S000060,International Fan Club,True,True,False,False,2024-12-07 20:46:54
S000249,Re-engagement Winback,True,False,False,False,2025-09-01 10:04:06
S000651,Champions League Hospitality,True,False,False,False,2025-08-22 15:43:54
S003675,Re-engagement Winback,True,False,False,False,2025-09-10 05:09:38
S003064,Season Ticket Renewal,True,True,False,False,2025-09-17 19:07:27
S000311,Matchday Ticket Alert,True,False,False,False,2025-04-04 15:01:35
S004802,Stadium Tour Promo,True,False,False,False,2025-09-12 04:41:45
S002829,Membership Drive,True,False,False,False,2025-04-17 23:40:26
S004595,International Fan Club,True,False,False,False,2025-05-31 06:40:16
S003823,New Home Kit Launch,True,False,False,False,2025-09-03 05:43:00
S000723,Stadium Tour Promo,True,True,True,False,2025-02-17 18:02:46
S000598,Matchday Ticket Alert,True,False,False,False,2025-08-31 22:07:58
S002510,Champions League Hospitality,True,True,False,False,2025-09-18 22:12:49
S000811,Re-engagement Winback,True,False,False,False,2025-02-20 08:07:19
S001779,Champions League Hospitality,True,False,False,False,2025-09-11 02:43:50
S004985,International Fan Club,True,True,True,True,2024-11-30 21:54:12
S004955,Stadium Tour Promo,True,False,False,False,2025-09-18 02:42:28
S004228,Season Ticket Renewal,True,True,True,True,2024-12-19 01:31:39
S002427,Membership Drive,True,False,False,False,2025-09-17 21:06:51
S001778,Matchday Ticket Alert,True,False,False,False,2025-02-17 11:31:40
S001593,Matchday Ticket Alert,True,True,False,False,2025-04-15 07:55:45
S004960,Membership Drive,True,True,True,False,2024-09-22 06:45:05
S002966,Re-engagement Winback,True,False,False,False,2025-04-04 17:12:19
S004760,Season Ticket Renewal,True,False,False,False,2025-02-11 02:01:23
S000572,International Fan Club,True,True,True,False,2025-08-29 15:35:44
S004296,International Fan Club,True,False,False,False,2025-03-27 23:35:38
S001705,International Fan Club,True,False,False,False,2025-09-07 11:54:48
S003391,Membership Drive,True,False,False,False,2025-09-08 23:20:49
S004634,Membership Drive,True,True,False,False,2025-09-18 02:37:57
S004465,Black Friday Store,True,True,False,False,2024-12-02 08:59:33
S003238,Membership Drive,True,False,False,False,2025-09-13 02:52:05
S001740,New Home Kit Launch,True,True,False,False,2025-08-24 19:23:24
S002338,New Home Kit Launch,True,False,False,False,2025-03-02 01:13:57
S000982,International Fan Club,True,False,False,False,2024-10-06 06:08:42
S001929,Season Ticket Renewal,True,True,False,False,2025-07-18 22:39:04
S000748,Season Ticket Renewal,True,False,False,False,2025-03-02 23:22:08
S003266,New Home Kit Launch,True,True,False,False,2025-09-03 01:04:25
S000796,International Fan Club,True,False,False,False,2025-09-04 19:34:27
S000598,Re-engagement Winback,True,False,False,False,2024-12-29 10:24:38
S001370,Season Ticket Renewal,True,False,False,False,2025-05-30 18:10:47
S003708,International Fan Club,True,True,False,False,2025-09-02 22:31:04
S004024,New Home Kit Launch,True,True,False,False,2025-09-11 12:31:44
S000715,Stadium Tour Promo,True,False,False,False,2025-09-05 10:08:03
S001207,Black Friday Store,True,True,True,False,2025-09-17 10:27:05
S002208,Season Ticket Renewal,True,False,False,False,2025-05-23 14:55:10
S001230,International Fan Club,True,True,False,False,2025-01-18 21:30:27
S002617,Re-engagement Winback,True,False,False,False,2024-12-19 21:29:56
S002035,Stadium Tour Promo,True,True,False,False,2024-11-25 01:02:13
S000201,Stadium Tour Promo,True,False,False,False,2024-11-06 06:48:29
S004348,Stadium Tour Promo,True,True,False,False,2025-09-03 14:14:20
S001290,Re-engagement Winback,True,True,True,True,2025-01-29 03:43:11
S004999,Stadium Tour Promo,True,False,False,False,2025-04-04 00:10:34
S000914,Re-engagement Winback,True,False,False,False,2025-01-03 17:33:17
S000456,Re-engagement Winback,True,False,False,False,2025-04-08 05:56:19
S003468,Season Ticket Renewal,True,False,False,False,2025-09-12 10:46:39
S003315,Membership Drive,True,True,True,False,2024-11-06 16:45:33
S004897,Re-engagement Winback,True,False,False,False,2025-09-08 05:46:08
S004727,Stadium Tour Promo,True,True,True,False,2025-08-25 07:11:01
S001160,Matchday Ticket Alert,True,True,False,False,2025-09-05 11:36:06
S003300,New Home Kit Launch,True,True,False,False,2025-06-07 05:31:55
S000763,Black Friday Store,True,True,False,False,2025-02-22 14:16:57
S002514,International Fan Club,True,False,False,False,2025-09-02 03:31:18
S001754,Black Friday Store,True,True,True,False,2025-08-31 03:11:35
S002142,Stadium Tour Promo,True,False,False,False,2025-09-16 10:03:56
S004865,Matchday Ticket Alert,True,False,False,False,2025-09-11 15:03:12
S003549,International Fan Club,True,True,True,True,2025-09-06 11:16:20
S004622,Champions League Hospitality,True,True,False,False,2025-05-11 21:55:12
S004492,Champions League Hospitality,True,False,False,False,2024-11-05 02:23:36
S001455,Champions League Hospitality,True,True,False,False,2025-09-18 06:26:56
S000646,Membership Drive,True,True,False,False,2024-12-30 06:15:35
S003755,Black Friday Store,True,False,False,False,2024-10-03 05:19:57
S000957,International Fan Club,True,False,False,False,2025-06-12 11:40:06
S000456,International Fan Club,True,True,False,False,2025-02-07 04:27:53
S000761,Black Friday Store,True,True,False,False,2025-01-21 11:24:45
S001020,New Home Kit Launch,True,False,False,False,2025-08-07 18:49:03
S003188,New Home Kit Launch,True,True,False,False,2025-09-19 10:53:55
S002469,New Home Kit Launch,True,False,False,False,2024-11-25 07:59:24
S000303,Matchday Ticket Alert,True,False,False,False,2025-05-27 15:34:27
S001709,Champions League Hospitality,True,False,False,False,2025-05-11 19:45:38
S001130,International Fan Club,True,True,False,False,2025-06-22 15:58:02
S002865,International Fan Club,True,True,True,True,2024-11-30 00:46:42
S003304,Black Friday Store,True,True,True,False,2025-09-13 06:24:00
S003928,Black Friday Store,True,False,False,False,2025-09-20 01:12:38
S003626,Black Friday Store,True,False,False,False,2024-10-20 19:26:40
S004175,Season Ticket Renewal,True,False,False,False,2025-08-31 16:08:10
S004460,Matchday Ticket Alert,True,False,False,False,2025-09-10 14:49:33
S004342,Season Ticket Renewal,True,False,False,False,2025-05-15 04:35:21
S003339,Matchday Ticket Alert,True,False,False,False,2025-04-11 07:20:36
S001463,Champions League Hospitality,True,False,False,False,2025-08-24 01:25:47
S004189,Membership Drive,True,True,True,False,2025-09-03 02:01:29
S002680,Membership Drive,True,True,False,False,2025-09-14 22:55:13
S004000,Membership Drive,True,False,False,False,2025-09-16 11:43:34
S000440,Black Friday Store,True,True,True,True,2025-09-15 05:06:37
S003506,International Fan Club,True,True,False,False,2025-08-24 15:42:18
S004417,Champions League Hospitality,True,True,False,False,2025-09-09 04:29:40
S000534,Season Ticket Renewal,True,True,False,False,2024-11-22 06:36:53
S003514,Stadium Tour Promo,True,True,False,False,2024-09-23 17:46:33
S004149,Matchday Ticket Alert,True,False,False,False,2025-09-09 10:57:19
S001950,New Home Kit Launch,True,True,True,False,2025-05-09 10:31:52
S002967,Black Friday Store,True,True,True,False,2024-10-18 04:34:36
S000313,Stadium Tour Promo,True,False,False,False,2025-03-18 08:41:43
S000551,Membership Drive,True,False,False,False,2025-07-09 02:54:18
S001970,Re-engagement Winback,True,False,False,False,2025-04-13 01:48:26
S004803,Re-engagement Winback,True,False,False,False,2025-09-17 21:15:30
S001768,New Home Kit Launch,True,False,False,False,2025-02-13 14:31:44
S004464,Stadium Tour Promo,True,True,False,False,2024-12-30 01:56:48
S000425,Champions League Hospitality,True,False,False,False,2025-09-13 02:14:23
S002806,New Home Kit Launch,True,False,False,False,2025-08-23 14:40:44
S001884,Re-engagement Winback,True,False,False,False,2025-01-25 03:25:14
S002539,Season Ticket Renewal,True,False,False,False,2025-01-02 16:20:38
S001666,Champions League Hospitality,True,True,False,False,2025-08-29 22:15:09
S003432,Black Friday Store,True,False,False,False,2025-09-11 08:42:36
S001011,Champions League Hospitality,True,False,False,False,2025-09-02 01:18:00
S004766,New Home Kit Launch,True,True,True,False,2025-09-07 16:26:18
S001372,Season Ticket Renewal,True,False,False,False,2025-06-07 17:53:53
S004179,Re-engagement Winback,True,False,False,False,2025-05-03 19:51:13
S000923,Stadium Tour Promo,True,False,False,False,2024-11-27 17:55:40
S004918,International Fan Club,True,False,False,False,2025-02-11 03:59:37
S001523,Matchday Ticket Alert,True,False,False,False,2025-09-17 14:20:25
S004228,New Home Kit Launch,True,False,False,False,2025-07-10 00:54:43
S002046,International Fan Club,True,True,False,False,2025-09-08 20:05:23
S002205,Matchday Ticket Alert,True,False,False,False,2025-02-09 17:40:04
S001502,Champions League Hospitality,True,False,False,False,2024-12-30 07:26:42
S002788,Matchday Ticket Alert,True,True,False,False,2025-02-11 17:11:12
S002737,New Home Kit Launch,True,False,False,False,2025-09-04 14:17:38
S003950,International Fan Club,True,True,False,False,2024-12-06 14:02:46
S000935,Stadium Tour Promo,True,False,False,False,2025-06-23 11:32:13
S003752,Season Ticket Renewal,True,True,True,False,2025-08-22 10:26:18
S004467,Re-engagement Winback,True,False,False,False,2024-10-29 06:04:37
S000956,Membership Drive,True,True,False,False,2024-12-06 12:19:26
S000652,Stadium Tour Promo,True,False,False,False,2025-09-17 22:54:07
S001137,New Home Kit Launch,True,True,False,False,2025-05-22 00:21:50
S002729,Season Ticket Renewal,True,False,False,False,2025-01-20 18:17:43
S001712,Membership Drive,True,True,True,False,2025-04-08 11:39:15
S002633,Membership Drive,True,False,False,False,2025-07-21 20:39:07
S002650,Champions League Hospitality,True,False,False,False,2024-09-21 01:49:17
S000719,Champions League Hospitality,True,False,False,False,2025-09-11 15:38:26
S003047,Matchday Ticket Alert,True,False,False,False,2025-09-12 22:52:04
S000344,New Home Kit Launch,True,True,False,False,2025-08-30 07:22:34
S001784,Black Friday Store,True,False,False,False,2025-04-30 22:17:06
S002229,Champions League Hospitality,True,False,False,False,2024-10-29 11:32:55
S004800,Matchday Ticket Alert,True,True,False,False,2025-08-21 22:52:08
S004449,New Home Kit Launch,True,False,False,False,2024-12-22 17:48:45
S001204,International Fan Club,True,False,False,False,2025-08-10 20:51:54
S004402,Black Friday Store,True,True,True,False,2025-01-29 05:34:38
S001085,New Home Kit Launch,True,False,False,False,2025-01-08 12:08:46
S003297,New Home Kit Launch,True,False,False,False,2025-07-01 22:01:29
S001482,Champions League Hospitality,True,False,False,False,2025-03-01 13:01:25
S002449,Stadium Tour Promo,True,True,True,False,2025-08-31 20:55:03
S001257,Champions League Hospitality,True,False,False,False,2025-09-07 03:27:56
S002536,New Home Kit Launch,True,False,False,False,2025-04-07 02:50:36
S000157,Season Ticket Renewal,True,False,False,False,2025-09-17 12:48:21
S000318,New Home Kit Launch,True,False,False,False,2024-12-27 02:51:48
S003828,Black Friday Store,True,False,False,False,2025-06-18 01:37:33
S004446,Champions League Hospitality,True,True,False,False,2024-10-12 20:32:25
S002076,Matchday Ticket Alert,True,True,True,False,2025-08-26 23:06:41
S004964,Re-engagement Winback,True,False,False,False,2025-09-16 00:16:12
S002731,Season Ticket Renewal,True,True,False,False,2024-10-20 04:52:26
S002891,Matchday Ticket Alert,True,False,False,False,2025-05-13 18:10:31
S002285,Champions League Hospitality,True,True,True,False,2025-07-16 06:26:02
S003728,New Home Kit Launch,True,False,False,False,2024-09-29 23:10:14
S004566,Stadium Tour Promo,True,False,False,False,2025-06-08 23:58:24
S004401,International Fan Club,True,False,False,False,2025-03-04 22:03:40
S004634,Membership Drive,True,False,False,False,2025-03-02 11:17:57
S000262,Stadium Tour Promo,True,False,False,False,2025-09-16 19:40:17
S001224,Re-engagement Winback,True,True,True,True,2025-06-12 23:14:50
S002245,Stadium Tour Promo,True,True,True,False,2025-08-08 23:03:33
S003353,Season Ticket Renewal,True,False,False,False,2025-06-22 00:05:42
S002806,Matchday Ticket Alert,True,False,False,False,2024-12-26 10:06:28
S002357,Matchday Ticket Alert,True,True,False,False,2025-01-29 14:42:29
S004726,Re-engagement Winback,True,False,False,False,2025-09-12 16:01:12
S000923,Black Friday Store,True,False,False,False,2024-12-15 05:04:53
S002816,Champions League Hospitality,True,True,True,False,2025-09-08 06:52:59
S004137,Season Ticket Renewal,True,False,False,False,2025-09-14 15:38:58
S002957,Stadium Tour Promo,True,False,False,False,2024-09-28 20:33:14
S003618,International Fan Club,True,False,False,False,2025-04-12 15:30:55
S000977,Season Ticket Renewal,True,True,False,False,2025-06-12 14:01:57
S004239,Matchday Ticket Alert,True,False,False,False,2025-08-26 17:40:44
S003929,Stadium Tour Promo,True,True,True,False,2024-11-16 12:58:46
S004447,Re-engagement Winback,True,True,False,False,2025-05-09 13:25:54
S003958,Black Friday Store,True,True,False,False,2025-03-28 03:19:15
S002650,Re-engagement Winback,True,True,False,False,2025-04-27 15:01:10
S004845,Black Friday Store,True,False,False,False,2025-08-31 20:22:13
S004715,Black Friday Store,True,False,False,False,2024-10-14 07:34:54
S004547,Re-engagement Winback,True,False,False,False,2025-09-14 04:45:45
S003756,Re-engagement Winback,True,False,False,False,2025-01-26 19:26:02
S002058,International Fan Club,True,False,False,False,2025-09-07 15:08:11
S000824,Matchday Ticket Alert,True,False,False,False,2025-08-07 08:41:46
S003276,Champions League Hospitality,True,False,False,False,2025-09-03 03:31:06
S001964,Membership Drive,True,True,True,False,2025-09-10 06:52:46
S000893,International Fan Club,True,False,False,False,2025-04-03 23:59:41
S002488,International Fan Club,True,True,True,True,2025-09-17 09:25:57
S000924,Season Ticket Renewal,True,False,False,False,2025-07-09 07:47:29
S001031,Re-engagement Winback,True,True,True,False,2025-01-31 11:46:19
S002368,Stadium Tour Promo,True,True,False,False,2024-12-27 23:30:56
S004017,Season Ticket Renewal,True,True,True,False,2025-09-06 02:37:15
S003629,Matchday Ticket Alert,True,False,False,False,2024-10-29 23:34:56
S003601,Re-engagement Winback,True,False,False,False,2025-09-06 11:48:35
S003958,International Fan Club,True,False,False,False,2024-09-26 03:58:39
S000715,Season Ticket Renewal,True,True,False,False,2025-09-16 05:03:21
S003814,Re-engagement Winback,True,True,True,True,2024-12-14 01:54:29
S000914,Champions League Hospitality,True,False,False,False,2025-09-13 14:17:43
S004241,New Home Kit Launch,True,False,False,False,2025-06-07 10:54:07
S002734,Champions League Hospitality,True,False,False,False,2025-09-19 07:32:23
S004722,Matchday Ticket Alert,True,False,False,False,2025-09-07 13:19:19
S002301,Re-engagement Winback,True,False,False,False,2025-09-02 00:28:27
S004275,Stadium Tour Promo,True,False,False,False,2025-09-03 01:32:00
S000222,Champions League Hospitality,True,False,False,False,2024-11-07 13:26:50
S003735,Black Friday Store,True,False,False,False,2024-10-24 00:00:15
S004489,Membership Drive,True,False,False,False,2024-12-15 04:45:30
S002912,Re-engagement Winback,True,True,True,False,2025-05-16 23:29:03
S000740,Champions League Hospitality,True,False,False,False,2025-09-01 04:20:38
S004291,Season Ticket Renewal,True,True,True,False,2025-08-26 23:31:56
S004783,Re-engagement Winback,True,True,False,False,2024-11-15 20:43:04
S000783,Stadium Tour Promo,True,False,False,False,2025-09-11 14:17:34
S000044,New Home Kit Launch,True,True,False,False,2024-10-31 23:31:07
S001930,Matchday Ticket Alert,True,True,True,False,2024-11-03 04:17:59
S000510,Season Ticket Renewal,True,True,True,True,2024-11-30 05:14:27
S003574,Re-engagement Winback,True,True,True,False,2025-06-24 21:32:23
S004703,Re-engagement Winback,True,True,True,False,2025-02-20 12:25:36
S002752,New Home Kit Launch,True,False,False,False,2025-09-17 10:44:01
S000320,International Fan Club,True,False,False,False,2025-09-15 09:31:49
S003697,Re-engagement Winback,True,True,True,False,2024-10-11 03:34:01
S004918,Season Ticket Renewal,True,False,False,False,2025-06-18 17:36:24
S001184,New Home Kit Launch,True,False,False,False,2025-03-26 10:38:27
S001069,Matchday Ticket Alert,True,True,False,False,2025-09-20 09:44:00
S004793,Champions League Hospitality,True,True,True,False,2024-11-18 15:02:33
S004734,Stadium Tour Promo,True,True,False,False,2024-12-06 06:46:06
S001070,Membership Drive,True,False,False,False,2025-07-21 05:56:04
S004011,Membership Drive,True,False,False,False,2025-09-18 04:13:16
S000429,New Home Kit Launch,True,True,False,False,2025-09-15 17:54:50
S003028,Black Friday Store,True,False,False,False,2025-07-03 06:47:01
S003390,Champions League Hospitality,True,False,False,False,2024-12-05 15:49:54
S004010,International Fan Club,True,True,True,True,2025-09-20 06:26:41
S004635,Champions League Hospitality,True,False,False,False,2025-06-01 03:47:46
S001742,Re-engagement Winback,True,False,False,False,2025-08-30 02:48:58
S001199,Re-engagement Winback,True,False,False,False,2025-08-27 08:54:17
S003853,International Fan Club,True,False,False,False,2025-08-31 13:13:36
S000150,Black Friday Store,True,False,False,False,2025-04-04 00:36:42
S003273,Matchday Ticket Alert,True,True,False,False,2025-09-13 19:29:21
S001972,International Fan Club,True,True,False,False,2025-08-30 08:53:35
S002921,Black Friday Store,True,False,False,False,2025-01-18 12:54:51
S004304,Champions League Hospitality,True,True,True,True,2025-09-18 03:00:15
S003485,Black Friday Store,True,False,False,False,2024-09-21 22:04:13
S003963,International Fan Club,True,True,True,False,2025-08-28 12:52:19
S000407,Black Friday Store,True,False,False,False,2025-06-06 05:31:20
S004877,Stadium Tour Promo,True,False,False,False,2025-01-10 21:23:26
S002359,Membership Drive,True,False,False,False,2025-03-18 12:33:08
S002624,Re-engagement Winback,True,True,True,False,2025-01-23 18:41:29
S001390,Matchday Ticket Alert,True,False,False,False,2025-08-27 15:45:34
S000707,International Fan Club,True,True,False,False,2025-09-02 09:05:58
S004555,New Home Kit Launch,True,True,False,False,2024-11-10 04:02:27
S001944,New Home Kit Launch,True,False,False,False,2025-08-29 07:50:23
S000552,International Fan Club,True,True,True,False,2025-07-22 22:55:16
S000355,Matchday Ticket Alert,True,False,False,False,2024-10-23 17:51:08
S000055,Membership Drive,True,True,False,False,2025-09-18 03:45:33
S003011,Season Ticket Renewal,True,True,False,False,2025-03-06 14:47:30
S000536,Matchday Ticket Alert,True,False,False,False,2025-07-29 01:00:26
S003485,Membership Drive,True,True,False,False,2025-03-31 05:39:59
S000068,Membership Drive,True,False,False,False,2024-10-08 02:49:23
S001587,Stadium Tour Promo,True,False,False,False,2025-01-04 08:23:13
S004307,Membership Drive,True,False,False,False,2025-09-06 07:50:56
S003796,Black Friday Store,True,False,False,False,2025-05-20 11:53:16
S003265,Champions League Hospitality,True,True,False,False,2025-09-14 05:30:22
S000339,Season Ticket Renewal,True,True,False,False,2025-08-28 04:11:27
S000134,Champions League Hospitality,True,True,True,True,2025-09-07 09:52:35
S002371,Season Ticket Renewal,True,False,False,False,2025-09-10 05:46:32
S004429,Black Friday Store,True,False,False,False,2025-01-13 01:21:18
S002234,Stadium Tour Promo,True,True,False,False,2025-09-16 02:05:39
S000687,Matchday Ticket Alert,True,True,True,False,2025-03-07 14:23:49
S003719,New Home Kit Launch,True,True,False,False,2025-09-12 08:29:02
S003445,Black Friday Store,True,False,False,False,2025-09-08 13:59:25
S001382,Black Friday Store,True,False,False,False,2025-08-25 10:39:46
S003192,Stadium Tour Promo,True,True,True,False,2025-02-03 06:33:59
S000280,Matchday Ticket Alert,True,True,False,False,2025-01-12 00:47:08
S001422,Black Friday Store,True,False,False,False,2025-08-31 15:43:34
S000048,Season Ticket Renewal,True,False,False,False,2025-09-10 12:49:21
S002307,Champions League Hospitality,True,False,False,False,2025-06-01 05:30:11
S000253,Champions League Hospitality,True,True,True,False,2025-03-05 02:54:21
S001039,Season Ticket Renewal,True,False,False,False,2025-09-04 18:32:33
S003111,Re-engagement Winback,True,False,False,False,2025-04-25 01:40:03
S001514,New Home Kit Launch,True,True,False,False,2025-09-11 04:29:02
S001307,Stadium Tour Promo,True,False,False,False,2025-09-10 13:05:29
S001423,New Home Kit Launch,True,True,False,False,2025-09-04 10:57:26
S004336,Matchday Ticket Alert,True,True,False,False,2025-05-27 16:51:32
S000422,Matchday Ticket Alert,True,False,False,False,2024-09-22 09:27:52
S003110,Season Ticket Renewal,True,False,False,False,2025-08-24 05:57:49
S004663,Matchday Ticket Alert,True,False,False,False,2025-04-06 16:59:27
S004124,Champions League Hospitality,True,False,False,False,2025-09-12 08:05:21
S004495,Stadium Tour Promo,True,True,True,False,2025-08-30 21:13:46
S001134,Season Ticket Renewal,True,True,False,False,2025-06-30 07:44:44
S004285,Season Ticket Renewal,True,False,False,False,2025-05-20 10:35:50
S004729,Black Friday Store,True,True,False,False,2025-09-09 21:57:06
S004303,International Fan Club,True,True,True,True,2025-08-24 12:25:16
S004014,New Home Kit Launch,True,False,False,False,2025-07-06 17:07:59
S002841,Membership Drive,True,False,False,False,2025-03-24 16:00:00
S000749,Season Ticket Renewal,True,True,True,True,2025-05-18 08:50:55
S003390,Black Friday Store,True,True,False,False,2025-03-20 23:48:58
S003997,International Fan Club,True,False,False,False,2025-02-18 15:29:37
S000427,Champions League Hospitality,True,True,False,False,2025-08-22 17:47:46
S002807,Season Ticket Renewal,True,True,False,False,2025-09-02 20:56:12
S001537,Champions League Hospitality,True,True,False,False,2025-03-08 06:08:11
S003845,New Home Kit Launch,True,True,False,False,2025-09-10 11:37:11
S000578,Re-engagement Winback,True,False,False,False,2024-12-30 03:27:39
S003561,Stadium Tour Promo,True,False,False,False,2025-05-26 11:16:25
S002003,Matchday Ticket Alert,True,False,False,False,2025-09-11 15:47:23
S001230,Stadium Tour Promo,True,True,False,False,2025-09-04 16:57:52
S002341,Matchday Ticket Alert,True,True,True,False,2025-04-24 22:44:19
S001009,Champions League Hospitality,True,True,False,False,2025-08-27 18:46:16
S001225,New Home Kit Launch,True,False,False,False,2024-09-26 05:16:34
S001215,Stadium Tour Promo,True,True,False,False,2025-03-04 23:19:09
S000620,Re-engagement Winback,True,False,False,False,2025-08-05 10:56:27
S002168,Matchday Ticket Alert,True,False,False,False,2025-09-13 04:20:28
S002557,New Home Kit Launch,True,False,False,False,2025-03-27 17:35:00
S000377,Matchday Ticket Alert,True,False,False,False,2025-08-31 06:53:09
S000760,International Fan Club,True,False,False,False,2025-08-31 03:41:06
S003427,Season Ticket Renewal,True,False,False,False,2025-06-20 08:31:38
S004667,Re-engagement Winback,True,False,False,False,2025-05-04 10:36:00
S003376,Champions League Hospitality,True,False,False,False,2025-02-13 03:13:10
S001645,New Home Kit Launch,True,False,False,False,2024-12-14 19:37:58
S004137,Champions League Hospitality,True,True,False,False,2025-08-30 05:45:10
S001295,New Home Kit Launch,True,False,False,False,2025-08-25 17:43:16
S001219,Stadium Tour Promo,True,False,False,False,2025-08-29 11:17:57
S000256,Matchday Ticket Alert,True,True,False,False,2025-09-07 12:57:59
S002209,Champions League Hospitality,True,False,False,False,2024-11-12 09:53:54
S001885,New Home Kit Launch,True,False,False,False,2025-04-05 01:24:46
S001468,New Home Kit Launch,True,False,False,False,2025-02-21 01:45:51
S001716,Re-engagement Winback,True,True,False,False,2025-02-11 13:53:38
S003697,Champions League Hospitality,True,True,False,False,2025-08-31 12:01:40
S002747,New Home Kit Launch,True,False,False,False,2025-06-05 12:50:35
S000679,Membership Drive,True,True,False,False,2025-05-27 02:42:13
S001630,Black Friday Store,True,False,False,False,2024-12-15 23:26:02
S002139,Re-engagement Winback,True,False,False,False,2025-01-15 21:54:27
S003117,International Fan Club,True,False,False,False,2024-12-03 22:49:05
S004987,International Fan Club,True,True,False,False,2025-03-25 03:31:28
S001762,New Home Kit Launch,True,True,False,False,2025-08-30 05:30:27
S002301,Black Friday Store,True,False,False,False,2025-09-09 17:19:55
S001702,Black Friday Store,True,True,False,False,2025-08-27 05:40:26
S000361,Stadium Tour Promo,True,True,True,True,2025-02-01 22:18:55
S002093,Matchday Ticket Alert,True,False,False,False,2025-02-05 10:11:39
S002697,Stadium Tour Promo,True,False,False,False,2025-04-20 02:52:48
S002628,Champions League Hospitality,True,False,False,False,2025-02-26 00:40:46
S004193,New Home Kit Launch,True,True,False,False,2025-09-18 07:57:49
S002654,Stadium Tour Promo,True,False,False,False,2025-05-22 06:31:40
S004626,Matchday Ticket Alert,True,True,False,False,2025-09-05 03:57:04
S003579,International Fan Club,True,True,False,False,2025-09-17 14:13:40
S002532,New Home Kit Launch,True,False,False,False,2025-08-22 08:41:52
S004860,Black Friday Store,True,False,False,False,2025-09-15 22:22:05
S000429,Matchday Ticket Alert,True,False,False,False,2025-04-17 05:17:46
S003289,International Fan Club,True,False,False,False,2025-02-06 13:14:38
S001866,Black Friday Store,True,True,True,False,2025-07-01 19:28:17
S001769,Membership Drive,True,True,True,True,2025-09-14 21:53:38
S003822,Champions League Hospitality,True,True,False,False,2025-06-02 22:04:15
S001413,Matchday Ticket Alert,True,True,True,False,2025-01-27 16:34:57
S000288,Stadium Tour Promo,True,True,True,False,2025-09-19 09:07:32
S004426,Black Friday Store,True,False,False,False,2025-09-10 11:55:35
S004578,Champions League Hospitality,True,False,False,False,2025-05-01 12:35:32
S003131,International Fan Club,True,False,False,False,2025-04-05 01:50:05
S004453,Champions League Hospitality,True,True,True,False,2025-03-23 13:56:01
S004495,Black Friday Store,True,False,False,False,2025-08-29 01:59:46
S001859,Champions League Hospitality,True,True,False,False,2025-09-14 22:50:15
S000622,Membership Drive,True,False,False,False,2025-08-28 03:59:49
S004499,Champions League Hospitality,True,False,False,False,2025-09-19 01:02:20
S002416,International Fan Club,True,True,False,False,2025-09-13 22:14:03
S004328,Stadium Tour Promo,True,False,False,False,2025-04-09 11:35:39
S002353,Season Ticket Renewal,True,True,False,False,2025-09-06 08:52:34
S002751,Matchday Ticket Alert,True,False,False,False,2024-11-23 01:33:20
S003418,Stadium Tour Promo,True,True,True,False,2025-05-14 09:25:13
S000801,Season Ticket Renewal,True,False,False,False,2025-03-08 00:16:37
S002075,International Fan Club,True,False,False,False,2025-09-16 16:54:58
S003300,Black Friday Store,True,True,True,False,2025-04-23 08:15:09
S002949,Black Friday Store,True,False,False,False,2025-04-28 06:07:54
S000061,Re-engagement Winback,True,True,False,False,2025-06-15 06:58:24
S004211,Champions League Hospitality,True,True,True,True,2025-09-04 23:30:23
S001651,Matchday Ticket Alert,True,False,False,False,2025-09-08 06:03:26
S000580,Matchday Ticket Alert,True,False,False,False,2025-01-16 20:41:18
S000272,Stadium Tour Promo,True,True,False,False,2025-05-25 08:27:55
S002852,Matchday Ticket Alert,True,False,False,False,2025-07-07 01:35:53
S003073,Black Friday Store,True,True,True,False,2024-12-09 20:05:09
S000223,New Home Kit Launch,True,True,False,False,2024-12-13 03:09:03
S001647,Stadium Tour Promo,True,False,False,False,2025-07-28 15:24:37
S004992,Champions League Hospitality,True,True,False,False,2025-09-15 10:39:08
S004889,Black Friday Store,True,False,False,False,2025-08-28 12:31:00
S003291,International Fan Club,True,True,True,True,2024-11-05 20:48:24
S001319,Re-engagement Winback,True,False,False,False,2024-11-29 00:39:17
S002028,Stadium Tour Promo,True,False,False,False,2025-02-18 10:30:34
S003516,Season Ticket Renewal,True,False,False,False,2024-12-21 14:53:06
S003164,Membership Drive,True,True,True,False,2025-02-13 08:08:11
S002966,Re-engagement Winback,True,True,False,False,2025-06-06 14:16:36
S003700,Champions League Hospitality,True,False,False,False,2025-08-28 23:31:50
S002530,Season Ticket Renewal,True,False,False,False,2025-09-14 20:42:01
S002555,Season Ticket Renewal,True,True,False,False,2025-09-01 16:47:56
S000672,Membership Drive,True,True,False,False,2025-05-27 12:15:45
S003137,Matchday Ticket Alert,True,False,False,False,2025-07-28 17:59:58
S004192,Season Ticket Renewal,True,True,False,False,2025-06-08 17:33:31
S001506,Matchday Ticket Alert,True,False,False,False,2025-08-31 10:10:23
S003890,Membership Drive,True,False,False,False,2025-09-10 00:33:52
S001909,Matchday Ticket Alert,True,False,False,False,2024-10-29 23:22:53
S004574,Season Ticket Renewal,True,False,False,False,2025-09-14 10:19:45
S001526,Membership Drive,True,True,False,False,2024-11-12 13:01:09
S002632,Champions League Hospitality,True,True,True,False,2024-11-25 06:17:25
S003098,Black Friday Store,True,True,False,False,2025-09-08 01:47:33
S000472,International Fan Club,True,False,False,False,2025-08-26 08:41:10
S001172,Season Ticket Renewal,True,False,False,False,2025-03-29 09:51:55
S002310,Re-engagement Winback,True,False,False,False,2024-10-27 06:59:53
S004493,Stadium Tour Promo,True,False,False,False,2024-10-04 03:31:35
S003656,Re-engagement Winback,True,True,False,False,2025-09-03 16:45:40
S001152,New Home Kit Launch,True,False,False,False,2024-10-07 19:34:32
S004846,Stadium Tour Promo,True,True,True,False,2024-11-06 06:54:07
S002019,Champions League Hospitality,True,False,False,False,2024-11-09 02:48:33
S003115,Stadium Tour Promo,True,True,False,False,2024-10-29 05:54:25
S001294,New Home Kit Launch,True,False,False,False,2025-09-13 22:32:37
S002452,Re-engagement Winback,True,False,False,False,2024-11-11 14:59:27
S003059,International Fan Club,True,True,False,False,2025-08-25 22:19:43
S002759,Season Ticket Renewal,True,True,True,True,2025-07-05 04:34:07
S003238,New Home Kit Launch,True,False,False,False,2025-09-05 14:35:12
S001442,International Fan Club,True,False,False,False,2025-08-31 20:30:06
S000367,Black Friday Store,True,False,False,False,2025-08-29 18:07:47
S003732,New Home Kit Launch,True,False,False,False,2025-08-25 16:19:15
S004804,International Fan Club,True,False,False,False,2025-05-20 10:27:24
S002850,New Home Kit Launch,True,False,False,False,2025-09-20 05:57:11
S004470,New Home Kit Launch,True,False,False,False,2025-03-16 11:38:48
S001830,International Fan Club,True,False,False,False,2025-01-23 21:13:27
S002348,International Fan Club,True,True,False,False,2025-08-06 21:52:57
S002664,Champions League Hospitality,True,False,False,False,2025-08-22 21:56:33
S000124,Season Ticket Renewal,True,False,False,False,2025-01-08 14:12:45
S002835,Champions League Hospitality,True,True,True,False,2025-01-03 10:46:54
S004420,Champions League Hospitality,True,False,False,False,2025-08-29 05:41:52
S003227,Membership Drive,True,True,False,False,2025-06-02 18:11:37
S002355,New Home Kit Launch,True,False,False,False,2025-09-11 17:39:34
S003873,Stadium Tour Promo,True,True,False,False,2025-05-04 10:32:38
S000327,Membership Drive,True,False,False,False,2025-05-06 01:15:40
S004887,Champions League Hospitality,True,True,True,False,2025-09-17 06:18:23
S000037,Black Friday Store,True,True,False,False,2025-06-15 08:19:00
S002152,Black Friday Store,True,True,False,False,2025-08-25 09:07:54
S001491,Season Ticket Renewal,True,False,False,False,2025-04-20 06:06:44
S003618,New Home Kit Launch,True,False,False,False,2025-05-26 22:46:08
S004232,International Fan Club,True,False,False,False,2025-09-07 01:45:28
S002775,International Fan Club,True,False,False,False,2025-08-23 11:35:15
S004129,Champions League Hospitality,True,False,False,False,2025-08-31 10:46:46
S004691,International Fan Club,True,False,False,False,2025-07-03 08:37:03
S003297,Season Ticket Renewal,True,False,False,False,2025-08-26 17:04:29
S001563,Black Friday Store,True,False,False,False,2024-09-29 23:38:07
S003137,Stadium Tour Promo,True,True,True,False,2025-07-10 08:32:03
S004637,International Fan Club,True,False,False,False,2024-11-22 23:00:43
S004345,Re-engagement Winback,True,False,False,False,2025-02-01 12:14:31
S000745,Re-engagement Winback,True,False,False,False,2025-09-09 12:21:00
S001381,Black Friday Store,True,True,False,False,2025-05-27 20:24:24
S002260,Champions League Hospitality,True,False,False,False,2025-02-02 22:11:07
S004569,Champions League Hospitality,True,False,False,False,2025-01-22 16:47:35
S004806,New Home Kit Launch,True,False,False,False,2025-09-16 16:54:42
S004415,Season Ticket Renewal,True,False,False,False,2025-09-16 04:18:27
S001773,Champions League Hospitality,True,True,True,False,2025-04-04 14:05:56
S000726,International Fan Club,True,False,False,False,2025-09-17 21:08:48
S002052,Season Ticket Renewal,True,True,False,False,2025-04-28 12:41:12
S000926,Membership Drive,True,False,False,False,2025-07-02 04:18:00
S001096,Membership Drive,True,True,True,False,2025-06-01 21:42:32
S000065,Black Friday Store,True,False,False,False,2025-09-12 06:45:52
S002696,Membership Drive,True,True,True,False,2025-01-04 06:47:07
S003111,Re-engagement Winback,True,True,True,False,2025-09-05 17:50:54
S004218,Re-engagement Winback,True,False,False,False,2025-08-29 23:28:55
S003716,Champions League Hospitality,True,False,False,False,2025-08-27 12:41:18
S004360,Matchday Ticket Alert,True,False,False,False,2025-08-16 02:18:56
S004801,International Fan Club,True,False,False,False,2024-10-23 02:14:34
S000419,Membership Drive,True,True,True,False,2025-09-07 20:31:26
S001045,International Fan Club,True,True,False,False,2025-03-02 13:12:07
S000936,Stadium Tour Promo,True,False,False,False,2025-02-11 18:26:16
S003769,International Fan Club,True,False,False,False,2024-11-14 17:56:33
S002263,New Home Kit Launch,True,True,False,False,2024-11-29 23:47:28
S000847,Membership Drive,True,False,False,False,2025-09-20 06:46:35
S000141,Stadium Tour Promo,True,False,False,False,2025-07-09 04:59:45
S004837,Stadium Tour Promo,True,False,False,False,2025-06-02 08:57:26
S003375,Black Friday Store,True,False,False,False,2024-12-19 12:14:31
S000144,Stadium Tour Promo,True,True,False,False,2025-08-31 08:15:28
S003534,International Fan Club,True,False,False,False,2025-08-26 22:12:47
S001906,Matchday Ticket Alert,True,False,False,False,2025-06-20 10:40:59
S003731,Re-engagement Winback,True,True,False,False,2025-09-10 03:14:27
S002835,Re-engagement Winback,True,False,False,False,2025-08-25 16:01:13
S002832,Matchday Ticket Alert,True,True,False,False,2025-04-10 02:52:35
S002073,Membership Drive,True,False,False,False,2025-09-18 01:54:13
S004072,Season Ticket Renewal,True,True,False,False,2025-09-14 12:55:52
S001152,Season Ticket Renewal,True,False,False,False,2025-01-22 13:30:20
S004867,Champions League Hospitality,True,False,False,False,2025-07-24 10:44:41
S001886,Black Friday Store,True,True,True,False,2025-08-28 16:55:54
S003459,New Home Kit Launch,True,False,False,False,2025-09-08 16:23:48
S003163,International Fan Club,True,True,True,False,2024-12-11 22:21:02
S000846,Re-engagement Winback,True,False,False,False,2025-06-24 18:13:37
S001097,Stadium Tour Promo,True,False,False,False,2025-04-20 15:23:23
S004271,Stadium Tour Promo,True,True,True,False,2024-10-28 09:48:22
S003712,Season Ticket Renewal,True,True,False,False,2025-01-20 21:02:48
S000940,Season Ticket Renewal,True,False,False,False,2025-09-09 06:48:58
S000196,Re-engagement Winback,True,True,False,False,2024-12-07 22:50:39
S001691,Re-engagement Winback,True,True,False,False,2024-10-13 09:54:06
S001039,Stadium Tour Promo,True,False,False,False,2024-10-16 09:45:10
S000016,International Fan Club,True,False,False,False,2025-08-01 12:28:31
S002684,Matchday Ticket Alert,True,False,False,False,2024-10-13 12:56:45
S003299,Matchday Ticket Alert,True,False,False,False,2025-08-23 07:01:38
S004225,Re-engagement Winback,True,False,False,False,2025-05-04 19:51:49
S003910,New Home Kit Launch,True,False,False,False,2025-03-31 07:25:28
S002261,Matchday Ticket Alert,True,False,False,False,2025-01-03 07:58:01
S004569,Matchday Ticket Alert,True,False,False,False,2025-09-18 00:49:39
S002519,Black Friday Store,True,False,False,False,2025-04-16 10:27:10
S003871,Matchday Ticket Alert,True,True,True,True,2024-10-28 18:25:56
S000758,Membership Drive,True,False,False,False,2025-08-26 08:10:48
S004430,Stadium Tour Promo,True,True,False,False,2025-05-13 23:13:01
S003632,Matchday Ticket Alert,True,True,False,False,2025-09-13 13:23:30
S003501,Membership Drive,True,False,False,False,2025-01-23 06:24:38
S002614,Season Ticket Renewal,True,False,False,False,2025-09-03 15:26:57
S000319,Matchday Ticket Alert,True,True,True,True,2025-09-19 18:55:43
S000993,Season Ticket Renewal,True,False,False,False,2025-08-26 00:31:00
S000822,Membership Drive,True,False,False,False,2025-09-08 12:46:01
S000547,Season Ticket Renewal,True,False,False,False,2025-09-06 05:41:15
S003621,International Fan Club,True,False,False,False,2025-02-28 19:19:33
S002773,Membership Drive,True,True,True,True,2025-08-25 14:54:58
S002970,Champions League Hospitality,True,False,False,False,2024-10-12 00:03:50
S004375,International Fan Club,True,True,True,False,2024-11-11 04:21:26
S000350,Re-engagement Winback,True,True,False,False,2025-02-27 10:40:44
S000032,New Home Kit Launch,True,True,False,False,2025-09-08 07:24:33
S004573,Re-engagement Winback,True,False,False,False,2025-07-11 11:45:19
S000427,Matchday Ticket Alert,True,True,True,False,2025-07-27 03:29:21
S001858,Black Friday Store,True,True,False,False,2025-02-17 09:24:37
S000845,Matchday Ticket Alert,True,False,False,False,2025-01-23 03:16:09
S001731,Matchday Ticket Alert,True,True,False,False,2025-01-09 10:55:30
S000254,Stadium Tour Promo,True,False,False,False,2025-08-31 01:31:53
S002193,Champions League Hospitality,True,False,False,False,2024-11-28 14:37:16
S003320,Re-engagement Winback,True,True,False,False,2024-12-12 21:05:02
S002188,Season Ticket Renewal,True,False,False,False,2025-05-11 03:27:27
S000374,Stadium Tour Promo,True,True,True,False,2025-04-18 11:42:54
S001281,Black Friday Store,True,True,True,False,2025-09-15 14:28:00
S004185,New Home Kit Launch,True,False,False,False,2025-09-04 11:26:46
S004500,Champions League Hospitality,True,True,False,False,2025-08-30 21:22:32
S001547,New Home Kit Launch,True,False,False,False,2024-11-07 07:18:06
S003369,Season Ticket Renewal,True,False,False,False,2025-09-19 18:14:59
S002399,New Home Kit Launch,True,False,False,False,2025-03-22 08:20:44
S002249,Season Ticket Renewal,True,True,True,False,2025-09-19 16:19:32
S001946,Matchday Ticket Alert,True,True,False,False,2025-04-03 08:37:05
S002839,Season Ticket Renewal,True,False,False,False,2024-12-12 06:11:14
S002541,Re-engagement Winback,True,False,False,False,2024-10-18 12:51:46
S002802,International Fan Club,True,False,False,False,2025-02-25 12:01:12
S001834,Season Ticket Renewal,True,True,True,False,2025-09-16 05:55:15
S001070,International Fan Club,True,True,True,False,2025-07-29 14:45:45
S001149,Season Ticket Renewal,True,True,False,False,2025-03-09 13:42:38
S004155,Matchday Ticket Alert,True,True,False,False,2025-04-27 15:08:06
S003807,Season Ticket Renewal,True,True,True,True,2025-03-25 20:53:30
S004489,Stadium Tour Promo,True,False,False,False,2024-10-25 16:33:00
S002730,Champions League Hospitality,True,False,False,False,2025-05-21 10:57:16
S004910,Black Friday Store,True,False,False,False,2025-09-13 16:59:53
S000216,Matchday Ticket Alert,True,False,False,False,2025-01-04 00:27:28
S003198,Membership Drive,True,False,False,False,2024-12-18 03:38:58
S002489,Matchday Ticket Alert,True,False,False,False,2024-10-11 09:12:40
S001726,Season Ticket Renewal,True,False,False,False,2025-04-24 07:21:00
S002526,Matchday Ticket Alert,True,True,False,False,2025-03-17 11:42:05
S001449,Season Ticket Renewal,True,True,False,False,2025-04-08 08:50:54
S001487,Season Ticket Renewal,True,False,False,False,2025-08-30 12:37:18
S001112,Membership Drive,True,False,False,False,2025-02-22 21:30:10
S003713,New Home Kit Launch,True,False,False,False,2025-09-09 04:05:06
S002847,Black Friday Store,True,True,False,False,2025-06-29 08:52:08
S001275,Season Ticket Renewal,True,True,False,False,2024-12-13 14:50:56
S003332,New Home Kit Launch,True,True,False,False,2025-08-26 22:59:49
S004735,Membership Drive,True,False,False,False,2025-05-17 21:22:30
S001206,Matchday Ticket Alert,True,True,True,False,2025-09-19 01:46:33
S001465,Membership Drive,True,False,False,False,2025-02-08 03:20:47
S003115,Black Friday Store,True,True,True,True,2024-09-24 14:37:36
S003182,Stadium Tour Promo,True,False,False,False,2025-09-03 09:53:45
S004160,Matchday Ticket Alert,True,False,False,False,2025-01-14 17:26:33
S003976,Black Friday Store,True,True,False,False,2025-03-22 21:26:51
S001987,New Home Kit Launch,True,True,False,False,2025-09-15 14:44:07
S003410,Season Ticket Renewal,True,False,False,False,2025-05-04 20:53:37
S001980,Champions League Hospitality,True,False,False,False,2025-03-27 02:18:31
S004761,Season Ticket Renewal,True,True,False,False,2025-09-07 11:23:57
S000557,Membership Drive,True,True,False,False,2025-09-09 11:54:36
S001338,Matchday Ticket Alert,True,True,False,False,2025-08-27 23:22:24
S004896,Re-engagement Winback,True,False,False,False,2025-07-31 00:01:18
S001646,Black Friday Store,True,False,False,False,2024-10-11 09:43:50
S001289,Re-engagement Winback,True,True,False,False,2024-12-28 01:45:58
S001214,Season Ticket Renewal,True,False,False,False,2025-05-04 00:10:37
S001188,Re-engagement Winback,True,False,False,False,2025-09-18 13:06:07
S000458,International Fan Club,True,False,False,False,2025-06-01 07:43:08
S001612,Champions League Hospitality,True,False,False,False,2024-09-26 05:22:30
S001126,Black Friday Store,True,True,False,False,2025-09-19 09:19:52
S003903,International Fan Club,True,False,False,False,2025-07-17 08:43:15
S000171,International Fan Club,True,False,False,False,2025-04-18 18:17:29
S000678,International Fan Club,True,False,False,False,2024-11-21 23:38:41
S003735,International Fan Club,True,False,False,False,2025-05-04 01:18:02
S000503,Champions League Hospitality,True,True,False,False,2024-09-24 11:18:35
S001103,Black Friday Store,True,True,True,False,2025-06-17 21:05:26
S003214,Membership Drive,True,False,False,False,2025-04-06 19:20:08
S000032,Champions League Hospitality,True,True,True,False,2025-08-31 11:20:55
S004503,Champions League Hospitality,True,False,False,False,2025-09-14 18:43:15
S000592,Stadium Tour Promo,True,False,False,False,2025-09-10 22:45:42
S000502,International Fan Club,True,False,False,False,2025-09-11 13:43:55
S004635,Black Friday Store,True,False,False,False,2025-06-08 17:15:32
S003566,Season Ticket Renewal,True,True,False,False,2025-09-05 07:31:25
S002318,Re-engagement Winback,True,False,False,False,2025-09-09 03:54:44
S002555,Membership Drive,True,False,False,False,2025-01-08 11:12:18
S001270,Matchday Ticket Alert,True,True,False,False,2025-04-25 13:41:02
S001599,Stadium Tour Promo,True,False,False,False,2025-02-25 01:52:35
S000432,New Home Kit Launch,True,False,False,False,2025-09-08 22:30:16
S002227,International Fan Club,True,True,True,True,2025-09-07 21:20:12
S001784,Stadium Tour Promo,True,False,False,False,2025-03-09 10:44:09
S001662,International Fan Club,True,False,False,False,2025-08-22 19:16:52
S003460,International Fan Club,True,False,False,False,2025-07-10 02:54:37
S003932,International Fan Club,True,False,False,False,2024-11-24 17:06:04
S004995,Stadium Tour Promo,True,False,False,False,2024-11-01 03:48:25
S002932,Membership Drive,True,False,False,False,2024-09-26 20:05:54
S004771,Season Ticket Renewal,True,False,False,False,2025-08-22 03:52:44
S000095,Season Ticket Renewal,True,False,False,False,2024-10-02 03:15:39
S004424,Re-engagement Winback,True,False,False,False,2025-08-29 20:19:13
S000681,Membership Drive,True,False,False,False,2024-11-27 18:48:22
S004755,Re-engagement Winback,True,True,True,False,2025-09-08 00:03:02
S004757,New Home Kit Launch,True,True,True,True,2025-02-20 16:49:41
S001735,Matchday Ticket Alert,True,True,True,False,2025-09-07 02:23:43
S001211,New Home Kit Launch,True,True,True,False,2025-09-12 05:58:33
S000097,Black Friday Store,True,False,False,False,2025-08-23 02:09:22
S001264,Champions League Hospitality,True,False,False,False,2025-08-29 15:10:56
S004020,New Home Kit Launch,True,True,True,False,2025-05-23 06:42:43
S000603,Stadium Tour Promo,True,True,True,False,2025-09-14 08:40:44
S000837,International Fan Club,True,False,False,False,2025-09-16 22:36:56
S003079,Matchday Ticket Alert,True,True,False,False,2025-08-25 01:46:51
S004645,Stadium Tour Promo,True,True,True,False,2025-09-07 18:09:16
S000422,International Fan Club,True,True,False,False,2025-09-01 19:07:10
S000439,Membership Drive,True,False,False,False,2025-08-24 12:04:58
S004151,Membership Drive,True,True,False,False,2025-09-07 16:48:56
S003009,Black Friday Store,True,True,False,False,2025-09-18 09:56:27
S002686,Black Friday Store,True,True,True,False,2025-04-18 22:47:37
S002886,Black Friday Store,True,False,False,False,2025-09-12 21:43:01
S001786,Membership Drive,True,True,True,False,2025-05-24 03:31:23
S000894,Season Ticket Renewal,True,False,False,False,2025-06-01 17:57:55
S004793,New Home Kit Launch,True,False,False,False,2025-04-18 17:51:22
S004048,Matchday Ticket Alert,True,False,False,False,2024-10-29 05:08:33
S002010,Stadium Tour Promo,True,False,False,False,2025-08-28 02:59:48
S004903,Black Friday Store,True,False,False,False,2025-09-15 08:25:26
S000742,Re-engagement Winback,True,False,False,False,2025-01-14 06:43:01
S003541,Black Friday Store,True,True,False,False,2025-07-08 07:49:42
S004134,International Fan Club,True,True,True,False,2025-08-24 06:24:59
S003510,Champions League Hospitality,True,False,False,False,2025-03-02 15:05:51
S004785,New Home Kit Launch,True,False,False,False,2025-09-02 17:22:25
S004602,Re-engagement Winback,True,False,False,False,2025-09-06 08:49:10
S003078,Champions League Hospitality,True,False,False,False,2024-10-18 03:59:34
S003794,Matchday Ticket Alert,True,False,False,False,2025-01-27 21:16:03
S004192,Black Friday Store,True,True,False,False,2025-09-04 09:45:20
S004650,Matchday Ticket Alert,True,False,False,False,2025-08-26 23:24:39
S001936,New Home Kit Launch,True,False,False,False,2025-09-06 19:01:32
S000531,Re-engagement Winback,True,True,True,True,2025-09-10 08:18:48
S001243,Membership Drive,True,False,False,False,2025-08-23 10:55:43
S000824,New Home Kit Launch,True,True,False,False,2025-09-12 12:03:02
S003220,Season Ticket Renewal,True,True,False,False,2025-05-25 03:49:30
S002888,Champions League Hospitality,True,False,False,False,2025-09-10 01:32:14
S003457,Stadium Tour Promo,True,True,False,False,2025-09-01 23:17:02
S004934,Black Friday Store,True,True,True,False,2025-08-26 06:15:05
S003983,Re-engagement Winback,True,False,False,False,2025-09-13 21:40:09
S001754,Stadium Tour Promo,True,False,False,False,2025-02-03 19:17:35
S002470,New Home Kit Launch,True,False,False,False,2025-03-04 11:54:04
S004147,International Fan Club,True,False,False,False,2025-08-23 19:00:28
S004414,Season Ticket Renewal,True,True,True,False,2025-04-27 11:57:29
S002321,Season Ticket Renewal,True,True,True,True,2025-09-04 00:14:56
S000058,Re-engagement Winback,True,True,False,False,2025-09-20 03:08:33
S002143,Re-engagement Winback,True,True,True,True,2025-04-15 02:00:40
S004044,New Home Kit Launch,True,True,True,False,2025-01-18 15:20:30
S001041,International Fan Club,True,False,False,False,2025-04-09 14:32:12
S004305,Re-engagement Winback,True,True,False,False,2025-09-19 22:22:25
S004427,Black Friday Store,True,True,False,False,2025-01-27 18:56:42
S004764,Stadium Tour Promo,True,False,False,False,2024-12-22 19:37:31
S003266,Season Ticket Renewal,True,False,False,False,2025-08-29 20:31:14
S004648,Membership Drive,True,False,False,False,2025-01-20 04:05:48
S000767,Champions League Hospitality,True,False,False,False,2024-11-04 14:48:33
S004062,Matchday Ticket Alert,True,True,False,False,2024-12-09 15:36:17
S003176,Champions League Hospitality,True,True,True,True,2025-01-25 01:05:08
S001453,Stadium Tour Promo,True,True,True,False,2025-08-26 21:26:45
S001172,Membership Drive,True,False,False,False,2025-06-17 12:57:07
S004779,Season Ticket Renewal,True,True,False,False,2025-08-30 05:27:16
S002162,Champions League Hospitality,True,True,False,False,2024-12-15 06:16:40
S002041,International Fan Club,True,False,False,False,2025-01-10 13:31:15
S000418,Matchday Ticket Alert,True,True,False,False,2025-08-25 06:50:49
S003916,Stadium Tour Promo,True,False,False,False,2025-06-12 07:42:56
S000265,Matchday Ticket Alert,True,False,False,False,2025-09-07 07:44:34
S002191,Membership Drive,True,True,True,False,2025-09-14 13:52:39
S000690,Black Friday Store,True,True,True,True,2025-09-02 15:03:57
S002001,Re-engagement Winback,True,True,False,False,2025-04-12 05:43:09
S000330,Black Friday Store,True,False,False,False,2025-09-09 23:22:06
S000643,Season Ticket Renewal,True,True,False,False,2025-08-02 19:22:43
S002592,International Fan Club,True,False,False,False,2025-01-09 06:36:38
S003746,Membership Drive,True,True,False,False,2025-07-19 09:45:14
S003055,Champions League Hospitality,True,True,True,False,2025-04-23 14:16:35
S004141,International Fan Club,True,True,True,True,2024-11-12 20:18:16
S002863,New Home Kit Launch,True,False,False,False,2024-11-26 00:41:59
S001965,Black Friday Store,True,True,False,False,2025-07-28 18:53:23
S003524,Champions League Hospitality,True,False,False,False,2025-01-22 06:26:22
S000449,Champions League Hospitality,True,True,True,False,2025-08-22 06:18:43
S000486,Re-engagement Winback,True,False,False,False,2025-07-24 13:55:45
S003655,New Home Kit Launch,True,False,False,False,2025-08-03 04:05:05
S001434,International Fan Club,True,True,True,False,2025-02-12 22:56:13
S001222,Stadium Tour Promo,True,True,False,False,2025-05-15 10:31:34
S000058,Matchday Ticket Alert,True,True,True,False,2025-01-23 12:07:36
S002738,New Home Kit Launch,True,True,False,False,2025-03-15 09:49:39
S000543,Re-engagement Winback,True,False,False,False,2025-01-10 21:42:00
S004308,Black Friday Store,True,True,False,False,2025-08-31 01:33:05
S004010,Matchday Ticket Alert,True,True,True,False,2025-04-23 14:48:22
S000856,Matchday Ticket Alert,True,False,False,False,2025-05-05 06:22:46
S000541,Membership Drive,True,False,False,False,2025-06-18 03:26:42
S002312,Black Friday Store,True,False,False,False,2024-10-08 04:53:52
S004281,Stadium Tour Promo,True,True,True,False,2024-12-02 13:39:31
S000910,International Fan Club,True,True,True,False,2025-09-11 19:49:54
S003351,Stadium Tour Promo,True,False,False,False,2025-09-03 01:50:06
S002240,Champions League Hospitality,True,True,False,False,2025-09-12 13:24:09
S000546,Champions League Hospitality,True,True,True,True,2025-05-10 20:15:31
S002212,Matchday Ticket Alert,True,False,False,False,2025-03-19 14:21:36
S000591,Season Ticket Renewal,True,True,False,False,2025-08-28 00:04:35
S000679,Season Ticket Renewal,True,False,False,False,2025-07-07 18:41:00
S000469,Matchday Ticket Alert,True,False,False,False,2024-12-20 18:34:20
S001582,Black Friday Store,True,True,False,False,2024-11-29 03:37:24
S001379,New Home Kit Launch,True,True,False,False,2025-08-28 02:47:05
S004024,Champions League Hospitality,True,False,False,False,2025-04-08 01:28:54
S003442,New Home Kit Launch,True,True,False,False,2025-08-31 23:20:08
S003708,Re-engagement Winback,True,True,False,False,2025-07-24 09:52:56
S002625,Re-engagement Winback,True,False,False,False,2025-01-27 20:08:59
S002509,Membership Drive,True,False,False,False,2025-09-03 18:24:02
S004090,Stadium Tour Promo,True,True,True,False,2025-02-07 20:44:28
S000131,Champions League Hospitality,True,False,False,False,2025-08-29 19:41:56
S002392,International Fan Club,True,False,False,False,2025-09-16 16:45:41
S002175,Membership Drive,True,True,False,False,2025-09-11 14:01:04
S002129,Champions League Hospitality,True,True,True,False,2024-12-26 22:59:31
S003510,Champions League Hospitality,True,False,False,False,2025-09-02 16:31:23
S001055,Champions League Hospitality,True,True,True,True,2025-08-23 00:18:34
S004743,Season Ticket Renewal,True,False,False,False,2025-07-03 00:42:03
S004288,Champions League Hospitality,True,False,False,False,2025-09-01 18:28:02
S004623,New Home Kit Launch,True,True,False,False,2025-09-18 01:40:40
S000170,Membership Drive,True,False,False,False,2024-11-03 09:18:39
S003910,Stadium Tour Promo,True,False,False,False,2025-09-19 21:38:54
S002146,Champions League Hospitality,True,False,False,False,2025-04-04 05:00:55
S001731,Black Friday Store,True,False,False,False,2025-08-25 01:11:51
S002798,Stadium Tour Promo,True,False,False,False,2025-09-10 17:39:35
S004384,Membership Drive,True,True,False,False,2024-10-25 06:19:04
S004021,Stadium Tour Promo,True,False,False,False,2025-01-03 08:51:13
S004139,Membership Drive,True,False,False,False,2025-02-12 20:41:05
S004001,International Fan Club,True,False,False,False,2024-12-30 01:27:39
S000245,Re-engagement Winback,True,False,False,False,2025-08-24 16:27:24
S000676,Stadium Tour Promo,True,True,False,False,2025-03-27 23:27:03
S003371,Black Friday Store,True,True,False,False,2025-02-19 04:34:29
S001780,Re-engagement Winback,True,False,False,False,2024-12-11 05:13:20
S000760,Champions League Hospitality,True,True,True,False,2025-09-07 03:01:25
S001698,Stadium Tour Promo,True,True,True,False,2025-09-19 13:20:04
S000507,Membership Drive,True,False,False,False,2025-09-18 18:20:27
S001740,New Home Kit Launch,True,True,False,False,2025-08-28 23:09:56
S003450,Stadium Tour Promo,True,True,True,False,2025-07-29 05:58:16
S000520,Champions League Hospitality,True,False,False,False,2025-01-28 10:20:46
S000086,New Home Kit Launch,True,True,False,False,2024-12-09 18:36:02
S004373,Stadium Tour Promo,True,False,False,False,2025-05-24 11:23:05
S002851,Champions League Hospitality,True,True,False,False,2024-12-16 18:57:04
S000176,New Home Kit Launch,True,False,False,False,2025-09-18 03:04:44
S003505,Season Ticket Renewal,True,False,False,False,2025-07-02 08:18:23
S003059,Season Ticket Renewal,True,True,False,False,2025-06-12 23:37:29
S000947,Membership Drive,True,True,False,False,2024-10-20 22:24:27
S002746,Season Ticket Renewal,True,True,True,False,2025-08-23 06:20:50
S002039,Membership Drive,True,False,False,False,2025-08-06 06:20:10
S000300,Season Ticket Renewal,True,False,False,False,2025-09-05 18:07:53
S000456,Membership Drive,True,False,False,False,2025-09-13 13:30:49
S001804,Re-engagement Winback,True,False,False,False,2024-10-23 10:05:12
S001376,Black Friday Store,True,False,False,False,2025-09-05 03:26:42
S000821,Champions League Hospitality,True,False,False,False,2025-09-18 09:13:27
S003984,International Fan Club,True,True,False,False,2025-09-16 11:45:10
S003353,International Fan Club,True,False,False,False,2024-12-25 12:49:36
S004338,Champions League Hospitality,True,False,False,False,2025-09-07 11:32:07
S001088,New Home Kit Launch,True,False,False,False,2024-09-20 12:21:57
S003786,Black Friday Store,True,False,False,False,2025-02-16 04:18:06
S004216,Season Ticket Renewal,True,False,False,False,2025-08-30 16:41:51
S001852,International Fan Club,True,True,True,False,2025-04-23 20:58:11
S003645,Black Friday Store,True,True,True,False,2025-08-26 11:20:02
S001531,New Home Kit Launch,True,False,False,False,2025-01-23 05:43:01
S001714,International Fan Club,True,True,True,False,2025-09-13 23:27:51
S000806,Re-engagement Winback,True,False,False,False,2025-09-10 23:19:38
S002676,Membership Drive,True,False,False,False,2025-01-26 20:49:24
S003682,New Home Kit Launch,True,False,False,False,2025-01-07 02:38:05
S002886,Stadium Tour Promo,True,False,False,False,2025-01-26 00:15:54
S000318,Season Ticket Renewal,True,False,False,False,2025-05-28 19:46:19
S004854,Re-engagement Winback,True,True,True,False,2025-03-14 05:17:47
S003214,Membership Drive,True,False,False,False,2024-12-23 17:30:44
S004711,Season Ticket Renewal,True,True,False,False,2025-09-19 09:52:32
S001519,Membership Drive,True,True,False,False,2025-01-01 20:04:16
S003295,Black Friday Store,True,True,False,False,2025-05-04 20:59:04
S000043,New Home Kit Launch,True,True,False,False,2025-01-11 17:11:23
S004201,Champions League Hospitality,True,True,False,False,2025-06-09 07:41:43
S001136,Champions League Hospitality,True,False,False,False,2025-09-10 20:03:30
S002336,Black Friday Store,True,False,False,False,2024-11-08 05:00:51
S003276,Matchday Ticket Alert,True,False,False,False,2025-09-03 00:03:45
S004576,Stadium Tour Promo,True,False,False,False,2025-08-27 14:55:43
S004596,Champions League Hospitality,True,True,False,False,2025-09-12 02:05:42
S004724,Season Ticket Renewal,True,True,False,False,2025-09-09 16:03:08
S002700,Black Friday Store,True,False,False,False,2025-07-10 20:51:18
S002723,Re-engagement Winback,True,True,True,True,2025-09-12 12:31:25
S001568,Season Ticket Renewal,True,False,False,False,2024-10-01 00:25:45
S002547,Champions League Hospitality,True,True,False,False,2025-02-21 18:19:09
S000289,Matchday Ticket Alert,True,False,False,False,2025-08-30 23:15:19
S003935,Membership Drive,True,False,False,False,2025-01-08 21:48:23
S002924,Champions League Hospitality,True,True,False,False,2025-09-10 03:28:03
S003711,Re-engagement Winback,True,True,False,False,2025-04-12 01:36:31
S003948,Black Friday Store,True,False,False,False,2025-08-15 13:28:48
S000387,International Fan Club,True,True,False,False,2025-09-11 08:45:02
S001944,Stadium Tour Promo,True,False,False,False,2025-09-18 04:42:40
S001586,Matchday Ticket Alert,True,True,True,True,2025-08-31 17:55:14
S004999,International Fan Club,True,False,False,False,2025-06-16 12:35:13
S001606,Season Ticket Renewal,True,True,True,True,2025-05-04 07:31:27
S004434,International Fan Club,True,True,False,False,2024-11-26 02:20:21
S000189,International Fan Club,True,True,False,False,2025-04-30 16:48:42
S004463,Membership Drive,True,False,False,False,2025-08-29 04:33:07
S003193,Black Friday Store,True,False,False,False,2025-08-30 11:01:47
S004847,Membership Drive,True,True,False,False,2025-08-24 07:41:19
S004331,Champions League Hospitality,True,False,False,False,2025-08-26 09:40:24
S001295,Re-engagement Winback,True,False,False,False,2025-08-23 20:14:21
S002167,Membership Drive,True,True,True,True,2024-12-14 17:26:06
S003147,Black Friday Store,True,True,False,False,2025-08-28 01:21:29
S003379,Season Ticket Renewal,True,True,True,False,2024-12-10 14:13:32
S000514,Season Ticket Renewal,True,True,False,False,2024-11-21 17:58:00
S004880,Season Ticket Renewal,True,True,True,False,2025-09-05 10:59:58
S000659,Stadium Tour Promo,True,False,False,False,2024-10-17 14:48:04
S002298,Champions League Hospitality,True,False,False,False,2024-12-22 16:26:57
S000433,International Fan Club,True,True,False,False,2025-09-10 19:22:42
S004623,New Home Kit Launch,True,True,True,False,2025-01-23 21:53:42
S000389,Membership Drive,True,True,False,False,2024-12-25 00:24:09
S002898,Membership Drive,True,False,False,False,2024-11-08 14:02:50
S000983,Re-engagement Winback,True,True,False,False,2025-09-17 21:01:38
S004118,Champions League Hospitality,True,False,False,False,2025-08-29 15:43:14
S004654,Season Ticket Renewal,True,True,True,False,2025-06-13 00:33:35
S004256,International Fan Club,True,False,False,False,2025-08-31 12:06:05
S000583,New Home Kit Launch,True,True,False,False,2025-09-19 00:31:59
S000881,Stadium Tour Promo,True,False,False,False,2025-04-09 22:31:11
S000377,International Fan Club,True,True,False,False,2025-08-22 07:11:22
S000726,Stadium Tour Promo,True,False,False,False,2025-09-10 16:36:26
S002376,Stadium Tour Promo,True,True,False,False,2025-09-10 19:18:15
S002786,New Home Kit Launch,True,False,False,False,2024-12-04 04:14:33
S000743,International Fan Club,True,True,False,False,2025-09-18 17:11:04
S001672,International Fan Club,True,False,False,False,2025-06-19 07:12:59
S001686,New Home Kit Launch,True,False,False,False,2025-02-22 02:37:58
S003692,Black Friday Store,True,False,False,False,2025-09-14 21:54:29
S003957,International Fan Club,True,True,True,True,2025-08-31 10:16:39
S002270,International Fan Club,True,True,False,False,2025-09-16 17:23:47
S004682,Season Ticket Renewal,True,True,False,False,2025-08-26 07:32:53
S004063,Black Friday Store,True,False,False,False,2025-09-11 12:40:19
S002951,Season Ticket Renewal,True,False,False,False,2025-05-06 00:19:49
S004916,New Home Kit Launch,True,False,False,False,2024-12-26 14:35:46
S004786,Matchday Ticket Alert,True,True,False,False,2025-08-29 19:30:32
S003248,Matchday Ticket Alert,True,False,False,False,2025-05-22 08:41:16
S003117,Re-engagement Winback,True,True,False,False,2024-10-21 23:58:23
S000146,Black Friday Store,True,True,False,False,2025-08-23 10:41:16
S002079,Re-engagement Winback,True,False,False,False,2024-12-06 09:13:21
S001047,International Fan Club,True,False,False,False,2024-09-28 20:32:54
S003096,Membership Drive,True,True,False,False,2025-09-07 12:00:07
S000854,Re-engagement Winback,True,False,False,False,2025-02-17 14:13:26
S004502,Matchday Ticket Alert,True,False,False,False,2025-08-22 16:20:19
S001546,Re-engagement Winback,True,True,True,False,2024-12-31 10:57:36
S000262,Matchday Ticket Alert,True,False,False,False,2024-10-05 06:03:21
S000155,Champions League Hospitality,True,False,False,False,2025-03-28 15:09:46
S001973,Black Friday Store,True,False,False,False,2025-08-18 13:50:59
S004502,Matchday Ticket Alert,True,False,False,False,2025-09-01 06:28:30
S000867,Season Ticket Renewal,True,False,False,False,2024-10-23 20:34:04
S003185,Stadium Tour Promo,True,False,False,False,2024-12-10 09:57:02
S001113,Champions League Hospitality,True,True,False,False,2025-09-20 09:28:53
S004155,Matchday Ticket Alert,True,True,True,False,2025-03-02 20:13:06
S000944,Matchday Ticket Alert,True,False,False,False,2025-09-18 12:19:23
S003981,Matchday Ticket Alert,True,False,False,False,2025-01-03 22:49:37
S004455,Membership Drive,True,True,True,False,2025-08-02 22:49:22
S000873,Matchday Ticket Alert,True,False,False,False,2024-09-30 11:43:43
S000083,Season Ticket Renewal,True,False,False,False,2025-09-06 10:52:51
S000074,Re-engagement Winback,True,True,False,False,2025-08-27 12:19:09
S001070,Re-engagement Winback,True,True,True,False,2025-09-17 18:28:04
S003510,New Home Kit Launch,True,False,False,False,2025-08-27 17:19:54
S003111,Membership Drive,True,True,True,False,2025-09-18 02:47:47
S004852,Black Friday Store,True,True,True,False,2025-08-26 10:56:31
S004146,Champions League Hospitality,True,False,False,False,2025-04-11 09:13:46
S003764,Matchday Ticket Alert,True,False,False,False,2025-08-23 10:51:18
S004808,Black Friday Store,True,True,False,False,2024-12-30 14:18:51
S003773,Season Ticket Renewal,True,False,False,False,2024-11-25 05:08:08
S003107,Membership Drive,True,True,False,False,2025-09-15 13:34:16
S000011,Black Friday Store,True,True,False,False,2025-07-11 02:01:19
S000492,Champions League Hospitality,True,True,False,False,2025-09-08 14:57:14
S003311,Season Ticket Renewal,True,False,False,False,2025-03-26 09:41:11
S003069,Stadium Tour Promo,True,False,False,False,2025-09-15 08:46:51
S003127,International Fan Club,True,True,True,False,2025-06-29 20:50:09
S002568,Matchday Ticket Alert,True,False,False,False,2025-08-24 18:46:37
S004181,Re-engagement Winback,True,False,False,False,2025-09-11 05:15:53
S000866,Champions League Hospitality,True,False,False,False,2025-08-28 04:32:26
S000116,Black Friday Store,True,False,False,False,2025-07-25 11:44:47
S001496,International Fan Club,True,False,False,False,2024-10-04 16:46:27
S004670,Stadium Tour Promo,True,False,False,False,2025-09-05 22:31:13
S002594,Champions League Hospitality,True,False,False,False,2025-08-22 16:02:54
S001051,International Fan Club,True,True,False,False,2025-05-17 14:34:16
S004556,Re-engagement Winback,True,True,False,False,2025-08-20 02:06:01
S001912,Champions League Hospitality,True,True,False,False,2025-09-15 21:51:01
S001424,Stadium Tour Promo,True,True,True,False,2025-07-12 01:05:12
S001489,Black Friday Store,True,False,False,False,2025-07-24 06:19:13
S003973,Stadium Tour Promo,True,True,False,False,2025-08-21 16:35:17
S000587,Champions League Hospitality,True,False,False,False,2025-09-03 00:03:03
S004104,International Fan Club,True,True,True,True,2025-02-03 03:47:03
S004951,New Home Kit Launch,True,False,False,False,2024-11-29 07:59:57
S004999,International Fan Club,True,False,False,False,2025-03-18 06:40:59
S002432,Season Ticket Renewal,True,True,True,False,2024-09-29 08:49:44
S004912,International Fan Club,True,False,False,False,2025-09-15 12:04:41
S000023,Champions League Hospitality,True,True,False,False,2025-05-24 18:50:12
S001326,Membership Drive,True,False,False,False,2025-08-30 21:02:32
S003679,Matchday Ticket Alert,True,False,False,False,2024-10-07 03:52:28
S003329,Champions League Hospitality,True,False,False,False,2024-12-17 18:29:36
S004539,Champions League Hospitality,True,False,False,False,2025-09-06 21:55:26
S001753,Re-engagement Winback,True,False,False,False,2025-09-16 23:30:26
S002236,Black Friday Store,True,False,False,False,2024-09-22 19:10:17
S004394,Stadium Tour Promo,True,True,False,False,2025-09-15 15:08:28
S003597,Black Friday Store,True,False,False,False,2024-10-22 14:09:44
S002360,International Fan Club,True,True,False,False,2025-09-14 16:19:44
S004456,Membership Drive,True,True,True,False,2024-10-17 01:40:22
S001371,International Fan Club,True,True,False,False,2025-08-28 02:13:31
S000473,Re-engagement Winback,True,False,False,False,2025-09-08 08:57:14
S002553,Re-engagement Winback,True,True,False,False,2024-12-27 22:14:19
S004901,Re-engagement Winback,True,False,False,False,2024-12-28 00:50:18
S003592,Season Ticket Renewal,True,False,False,False,2025-09-14 13:23:05
S001683,Black Friday Store,True,False,False,False,2024-10-15 04:52:35
S001772,New Home Kit Launch,True,True,True,True,2025-01-09 20:30:28
S002977,Black Friday Store,True,True,False,False,2025-09-02 22:09:30
S002202,Matchday Ticket Alert,True,True,False,False,2025-09-16 16:55:53
S000104,Black Friday Store,True,True,False,False,2025-08-16 22:26:16
S004716,New Home Kit Launch,True,False,False,False,2025-08-29 17:57:57
S001400,Season Ticket Renewal,True,False,False,False,2025-03-09 15:14:11
S000392,Stadium Tour Promo,True,False,False,False,2025-09-07 02:31:35
S000620,New Home Kit Launch,True,True,False,False,2025-03-07 23:49:17
S002316,International Fan Club,True,True,False,False,2025-08-01 02:26:27
S001746,Stadium Tour Promo,True,False,False,False,2025-09-03 23:19:27
S002699,Season Ticket Renewal,True,True,False,False,2025-09-03 00:41:53
S003813,Matchday Ticket Alert,True,False,False,False,2025-03-02 10:19:45
S001003,Re-engagement Winback,True,False,False,False,2025-09-02 23:55:09
S001271,New Home Kit Launch,True,False,False,False,2024-09-22 03:56:08
S001386,Membership Drive,True,True,False,False,2025-09-20 04:30:49
S001323,Membership Drive,True,True,True,False,2025-09-18 23:47:02
S000490,New Home Kit Launch,True,True,True,False,2025-08-24 09:03:18
S003908,International Fan Club,True,False,False,False,2025-09-11 17:24:53
S004436,Champions League Hospitality,True,False,False,False,2025-06-13 03:56:08
S001133,Black Friday Store,True,False,False,False,2025-08-28 05:30:31
S003477,Membership Drive,True,True,False,False,2025-08-29 18:16:52
S002134,International Fan Club,True,False,False,False,2025-05-02 06:06:51
S003313,Re-engagement Winback,True,False,False,False,2025-09-04 11:26:47
S003080,Season Ticket Renewal,True,True,False,False,2025-09-02 17:36:43
S002851,Re-engagement Winback,True,True,False,False,2025-03-17 11:19:57
S002627,Stadium Tour Promo,True,True,True,False,2025-02-10 07:43:55
S000925,Season Ticket Renewal,True,True,True,False,2025-08-22 14:31:08
S001286,Champions League Hospitality,True,True,False,False,2025-08-16 21:34:38
S000009,Stadium Tour Promo,True,False,False,False,2025-08-01 23:00:51
S003174,New Home Kit Launch,True,False,False,False,2025-09-15 06:15:28
S001147,New Home Kit Launch,True,True,False,False,2025-09-05 04:53:25
S004972,Stadium Tour Promo,True,False,False,False,2025-09-03 22:57:20
S004703,Champions League Hospitality,True,True,True,False,2025-05-16 01:28:39
S003737,Membership Drive,True,True,True,False,2025-08-24 08:20:59
S003641,Champions League Hospitality,True,False,False,False,2024-12-20 19:16:55
S003880,Stadium Tour Promo,True,False,False,False,2025-09-15 03:47:11
S000085,Champions League Hospitality,True,False,False,False,2025-08-22 00:35:17
S003247,Season Ticket Renewal,True,False,False,False,2025-08-30 05:11:45
S000061,Season Ticket Renewal,True,True,False,False,2025-09-03 15:25:33
S001912,Stadium Tour Promo,True,False,False,False,2025-09-15 23:50:15
S002720,Champions League Hospitality,True,True,False,False,2025-09-17 03:23:32
S002074,Black Friday Store,True,False,False,False,2024-10-30 15:08:05
S003878,Re-engagement Winback,True,False,False,False,2025-03-20 12:00:11
S001077,Black Friday Store,True,False,False,False,2024-10-27 00:40:14
S000248,Season Ticket Renewal,True,False,False,False,2025-08-24 07:37:39
S002269,Black Friday Store,True,False,False,False,2025-05-09 23:24:01
S000540,International Fan Club,True,False,False,False,2025-09-20 04:21:47
S001602,Season Ticket Renewal,True,True,True,False,2025-09-11 00:41:47
S000553,Black Friday Store,True,False,False,False,2025-04-03 05:18:38
S002610,International Fan Club,True,True,True,False,2024-11-27 22:49:38
S000849,International Fan Club,True,True,True,False,2025-08-25 01:51:33
S000893,Champions League Hospitality,True,False,False,False,2024-11-09 11:34:26
S001623,Champions League Hospitality,True,True,False,False,2024-12-27 11:33:35
S004108,Stadium Tour Promo,True,False,False,False,2025-09-18 02:49:00
S004010,Matchday Ticket Alert,True,False,False,False,2024-12-29 09:40:35
S002217,Stadium Tour Promo,True,False,False,False,2025-01-26 10:44:26
S000936,Season Ticket Renewal,True,False,False,False,2025-04-16 23:07:35
S003326,Season Ticket Renewal,True,True,True,False,2025-03-01 11:26:08
S004969,Season Ticket Renewal,True,False,False,False,2025-06-18 20:27:51
S004964,Re-engagement Winback,True,False,False,False,2025-09-07 23:41:47
S001944,Stadium Tour Promo,True,True,True,False,2024-11-04 12:19:44
S002903,New Home Kit Launch,True,False,False,False,2025-08-01 22:51:14
S000229,New Home Kit Launch,True,True,False,False,2025-09-15 15:04:20
S004854,Stadium Tour Promo,True,True,False,False,2025-08-24 05:01:48
S001460,International Fan Club,True,True,False,False,2025-01-07 07:38:58
S004211,Champions League Hospitality,True,True,False,False,2025-08-24 15:22:44
S001142,Season Ticket Renewal,True,True,False,False,2025-05-31 11:12:20
S004886,Re-engagement Winback,True,False,False,False,2025-08-07 11:52:22
S002633,Matchday Ticket Alert,True,True,True,False,2025-05-23 00:57:33
S003541,International Fan Club,True,False,False,False,2025-08-31 07:09:29
S002020,Matchday Ticket Alert,True,True,False,False,2025-05-21 04:24:11
S000298,Matchday Ticket Alert,True,True,True,False,2025-09-06 06:51:19
S001238,Stadium Tour Promo,True,True,False,False,2025-09-08 20:18:25
S000612,Membership Drive,True,False,False,False,2025-09-04 04:30:15
S001040,Black Friday Store,True,True,False,False,2025-09-05 02:43:20
S001226,Stadium Tour Promo,True,True,False,False,2025-05-16 03:01:27
S001092,Season Ticket Renewal,True,False,False,False,2025-08-27 05:32:02
S001113,New Home Kit Launch,True,False,False,False,2025-08-29 06:56:21
S001446,Stadium Tour Promo,True,False,False,False,2024-10-20 01:08:02
S001194,Champions League Hospitality,True,False,False,False,2024-10-23 19:36:22
S001999,International Fan Club,True,True,True,False,2025-09-03 21:37:29
S000776,Membership Drive,True,True,True,False,2025-04-23 00:55:27
S001289,Black Friday Store,True,True,False,False,2025-09-04 19:19:31
S000572,International Fan Club,True,False,False,False,2025-08-25 16:57:32
S003548,Matchday Ticket Alert,True,True,False,False,2025-01-11 09:40:25
S000661,Season Ticket Renewal,True,False,False,False,2024-09-22 05:59:40
S001828,Matchday Ticket Alert,True,True,False,False,2024-10-13 11:48:24
S002936,International Fan Club,True,False,False,False,2025-03-26 13:32:22
S004033,Black Friday Store,True,True,False,False,2025-09-06 10:01:07
S000166,Matchday Ticket Alert,True,True,False,False,2025-09-08 17:28:11
S004971,Season Ticket Renewal,True,True,True,False,2024-09-29 05:13:30
S002079,Black Friday Store,True,True,False,False,2025-09-11 05:32:29
S001589,New Home Kit Launch,True,True,False,False,2025-09-20 02:53:46
S003196,New Home Kit Launch,True,False,False,False,2025-08-26 17:18:58
S002726,Membership Drive,True,False,False,False,2024-09-24 11:45:05
S003919,New Home Kit Launch,True,True,False,False,2025-08-15 12:13:05
S002829,Re-engagement Winback,True,False,False,False,2024-12-16 07:02:23
S004593,Matchday Ticket Alert,True,False,False,False,2025-09-16 02:03:17
S003915,Re-engagement Winback,True,False,False,False,2024-09-23 18:51:04
S003174,Stadium Tour Promo,True,False,False,False,2025-09-12 18:10:13
S000208,Stadium Tour Promo,True,False,False,False,2025-09-12 23:42:13
S004383,Matchday Ticket Alert,True,False,False,False,2024-09-22 05:33:39
S004707,Re-engagement Winback,True,True,False,False,2025-08-28 16:08:11
S002665,Re-engagement Winback,True,False,False,False,2024-11-17 00:12:37
S003920,Stadium Tour Promo,True,True,True,False,2025-09-08 10:48:32
S000908,New Home Kit Launch,True,True,False,False,2025-02-22 13:19:44
S000662,Champions League Hospitality,True,False,False,False,2025-09-13 02:24:16
S000880,Season Ticket Renewal,True,False,False,False,2025-05-13 09:48:28
S001596,New Home Kit Launch,True,True,False,False,2025-08-21 15:14:14
S003449,Season Ticket Renewal,True,False,False,False,2025-08-29 14:26:13
S004655,Matchday Ticket Alert,True,True,True,False,2024-12-04 04:57:37
S004504,New Home Kit Launch,True,False,False,False,2025-08-14 21:20:42
S003397,New Home Kit Launch,True,True,False,False,2024-10-11 18:05:07
S004843,Matchday Ticket Alert,True,True,False,False,2025-09-19 03:10:44
S003947,International Fan Club,True,True,True,False,2025-03-05 00:51:04
S003613,International Fan Club,True,True,False,False,2025-08-22 07:29:51
S001635,Matchday Ticket Alert,True,False,False,False,2025-09-13 08:03:21
S003497,International Fan Club,True,False,False,False,2025-09-19 06:08:34
S003438,International Fan Club,True,True,True,False,2025-05-25 09:59:19
S004423,Season Ticket Renewal,True,False,False,False,2025-09-14 07:32:35
S001107,Membership Drive,True,True,False,False,2025-03-10 06:24:11
S000877,Membership Drive,True,True,False,False,2025-01-26 23:04:38
S002708,Champions League Hospitality,True,False,False,False,2025-04-30 17:32:35
S004376,Matchday Ticket Alert,True,False,False,False,2025-05-19 03:40:36
S000798,Matchday Ticket Alert,True,True,False,False,2025-08-30 14:12:41
S003964,Champions League Hospitality,True,False,False,False,2024-10-19 19:03:25
S001430,Matchday Ticket Alert,True,False,False,False,2025-08-30 06:55:59
S003812,Black Friday Store,True,True,False,False,2025-09-06 18:20:17
S004304,Black Friday Store,True,False,False,False,2025-08-28 14:07:59
S000610,Membership Drive,True,False,False,False,2025-08-23 05:56:45
S001494,International Fan Club,True,False,False,False,2025-05-07 15:46:19
S001635,Champions League Hospitality,True,False,False,False,2025-08-30 17:18:15
S003569,Black Friday Store,True,True,False,False,2025-03-03 19:04:38
S004004,International Fan Club,True,True,False,False,2024-11-24 11:22:17
S002779,Matchday Ticket Alert,True,False,False,False,2025-01-28 12:39:56
S002782,Membership Drive,True,False,False,False,2025-09-17 19:37:31
S002845,Re-engagement Winback,True,True,True,False,2024-11-24 17:02:38
S003002,Membership Drive,True,False,False,False,2025-07-31 22:05:03
S004264,International Fan Club,True,False,False,False,2025-07-04 23:40:03
S000712,Season Ticket Renewal,True,False,False,False,2024-12-24 22:30:20
S000804,Matchday Ticket Alert,True,True,True,True,2025-09-18 03:09:56
S003189,Champions League Hospitality,True,False,False,False,2025-08-25 17:46:02
S003748,Membership Drive,True,True,False,False,2025-07-19 07:40:25
S002864,Membership Drive,True,False,False,False,2025-09-18 06:17:59
S001278,Champions League Hospitality,True,False,False,False,2025-09-05 16:42:13
S001461,Season Ticket Renewal,True,True,False,False,2025-03-09 17:47:20
S003324,Stadium Tour Promo,True,False,False,False,2025-03-08 20:11:29
S004422,Black Friday Store,True,True,True,False,2025-08-28 10:41:12
S002914,Matchday Ticket Alert,True,True,True,False,2025-06-12 00:22:39
S001161,New Home Kit Launch,True,False,False,False,2025-09-14 08:19:24
S001769,Stadium Tour Promo,True,True,True,False,2025-03-02 09:09:03
S002022,New Home Kit Launch,True,False,False,False,2025-09-08 09:40:00
S003691,Matchday Ticket Alert,True,True,True,False,2025-07-13 02:54:32
S004400,Membership Drive,True,True,False,False,2025-01-19 11:04:01
S004009,International Fan Club,True,False,False,False,2024-11-18 10:28:24
S003800,Black Friday Store,True,True,False,False,2025-01-08 21:00:57
S002487,Re-engagement Winback,True,False,False,False,2025-01-03 22:59:23
S003252,New Home Kit Launch,True,False,False,False,2025-01-11 19:24:19
S004101,Membership Drive,True,False,False,False,2025-05-12 14:56:07
S002162,Black Friday Store,True,True,True,True,2025-09-15 16:17:44
S004238,Black Friday Store,True,True,True,False,2025-09-10 16:02:41
S002011,Re-engagement Winback,True,True,True,False,2025-01-28 15:48:56
S000302,International Fan Club,True,False,False,False,2025-08-31 12:23:48
S000437,Matchday Ticket Alert,True,True,True,False,2025-08-24 04:53:52
S003295,Re-engagement Winback,True,True,True,True,2025-09-16 15:15:38
S000763,Re-engagement Winback,True,True,False,False,2025-08-26 01:20:39
S004441,New Home Kit Launch,True,True,True,False,2025-08-24 00:27:21
S000010,Stadium Tour Promo,True,True,False,False,2024-11-05 00:45:45
S003476,Matchday Ticket Alert,True,False,False,False,2024-11-07 08:50:27
S002445,Re-engagement Winback,True,False,False,False,2025-06-30 09:46:30
S001561,Stadium Tour Promo,True,False,False,False,2025-08-08 09:27:17
S003279,Champions League Hospitality,True,False,False,False,2024-11-27 03:32:26
S003721,Re-engagement Winback,True,False,False,False,2025-09-04 15:41:27
S001539,Black Friday Store,True,False,False,False,2025-02-19 01:45:45
S002349,Stadium Tour Promo,True,True,False,False,2025-09-01 19:12:01
S003399,International Fan Club,True,True,True,True,2024-12-12 05:30:05
S002927,Membership Drive,True,False,False,False,2025-07-03 01:06:15
S004555,Matchday Ticket Alert,True,True,True,False,2025-09-10 17:44:00
S000987,Champions League Hospitality,True,True,False,False,2025-08-10 05:24:24
S003997,Matchday Ticket Alert,True,False,False,False,2025-09-14 22:30:17
S004414,Champions League Hospitality,True,True,False,False,2024-11-13 16:51:36
S002081,Membership Drive,True,True,False,False,2025-08-23 17:23:45
S001526,Black Friday Store,True,True,False,False,2024-11-08 00:12:50
S004175,International Fan Club,True,False,False,False,2025-09-16 08:20:42
S000060,Stadium Tour Promo,True,False,False,False,2025-07-11 05:45:14
S003922,Season Ticket Renewal,True,False,False,False,2025-03-13 07:28:07
S001785,Re-engagement Winback,True,False,False,False,2024-12-04 11:05:03
S000065,International Fan Club,True,False,False,False,2025-09-17 12:51:19
S000098,Black Friday Store,True,False,False,False,2025-01-29 11:30:29
S000255,Black Friday Store,True,True,True,False,2025-05-19 11:34:28
S003282,Stadium Tour Promo,True,False,False,False,2025-03-22 09:05:02
S002517,Membership Drive,True,True,False,False,2025-09-07 06:18:56
S003694,Black Friday Store,True,False,False,False,2025-09-13 21:51:36
S002119,Membership Drive,True,True,True,False,2025-06-27 13:30:01
S002062,Black Friday Store,True,False,False,False,2025-09-19 04:49:48
S004602,Season Ticket Renewal,True,False,False,False,2024-12-06 15:52:48
S004293,Membership Drive,True,False,False,False,2025-03-13 20:41:45
S000386,International Fan Club,True,False,False,False,2025-06-15 01:01:00
S003178,Champions League Hospitality,True,True,False,False,2025-09-12 19:39:14
S004943,New Home Kit Launch,True,True,True,False,2025-08-25 08:33:33
S000863,Membership Drive,True,False,False,False,2025-09-03 18:12:27
S000397,Matchday Ticket Alert,True,False,False,False,2025-05-17 22:54:04
S000762,International Fan Club,True,False,False,False,2024-12-23 09:57:04
S002474,Re-engagement Winback,True,True,False,False,2025-09-15 15:36:16
S001918,Membership Drive,True,True,True,False,2025-01-05 15:59:51
S000792,Re-engagement Winback,True,False,False,False,2024-10-10 12:54:44
S004427,New Home Kit Launch,True,False,False,False,2024-09-26 16:13:59
S003394,New Home Kit Launch,True,False,False,False,2025-09-05 08:29:33
S004964,Champions League Hospitality,True,True,False,False,2025-04-28 06:12:06
S001817,Membership Drive,True,True,True,False,2025-09-17 03:37:33
S002580,Champions League Hospitality,True,True,True,False,2025-01-09 18:53:31
S000136,Stadium Tour Promo,True,False,False,False,2025-02-13 03:25:29
S003879,Champions League Hospitality,True,False,False,False,2025-05-02 04:14:53
S003559,International Fan Club,True,False,False,False,2025-09-17 08:19:10
S002542,Stadium Tour Promo,True,False,False,False,2025-09-16 07:22:39
S001013,Black Friday Store,True,True,True,False,2025-09-06 20:16:06
S000022,International Fan Club,True,False,False,False,2025-09-08 11:47:02
S000972,Black Friday Store,True,False,False,False,2025-09-04 06:27:53
S003960,Black Friday Store,True,True,False,False,2025-09-05 18:43:00
S002236,Membership Drive,True,True,False,False,2025-09-11 20:03:54
S002861,Black Friday Store,True,True,False,False,2025-09-07 13:21:47
S001638,Membership Drive,True,True,False,False,2025-09-17 07:40:18
S001789,Stadium Tour Promo,True,True,True,False,2025-03-12 03:52:47
S002599,Black Friday Store,True,True,False,False,2025-08-27 18:47:40
S000956,International Fan Club,True,True,True,False,2025-09-03 14:01:52
S004774,Matchday Ticket Alert,True,False,False,False,2025-08-27 15:29:21
S003139,Champions League Hospitality,True,False,False,False,2024-10-01 15:39:53
S001188,Membership Drive,True,False,False,False,2025-02-13 05:04:22
S000898,Season Ticket Renewal,True,False,False,False,2025-08-26 06:56:59
S003061,Membership Drive,True,False,False,False,2025-09-19 21:02:16
S003112,Champions League Hospitality,True,True,True,True,2024-11-13 03:54:11
S001037,Black Friday Store,True,True,True,False,2025-09-02 20:41:01
S002595,Stadium Tour Promo,True,True,False,False,2025-08-27 01:49:08
S004767,Stadium Tour Promo,True,False,False,False,2025-08-27 12:49:48
S004358,Matchday Ticket Alert,True,True,True,False,2025-08-23 13:41:44
S004236,Matchday Ticket Alert,True,True,False,False,2025-09-02 23:18:30
S004013,International Fan Club,True,True,False,False,2025-09-11 23:28:10
S002584,New Home Kit Launch,True,False,False,False,2024-10-25 21:33:11
S004057,Season Ticket Renewal,True,False,False,False,2025-09-07 15:19:34
S002537,Season Ticket Renewal,True,False,False,False,2024-11-11 13:25:17
S002939,Matchday Ticket Alert,True,True,False,False,2025-09-02 12:34:49
S002700,Champions League Hospitality,True,True,False,False,2025-04-25 20:32:12
S001573,New Home Kit Launch,True,True,False,False,2025-03-28 12:08:05
S000823,Matchday Ticket Alert,True,True,True,False,2025-09-09 19:37:48
S001728,Membership Drive,True,True,False,False,2025-04-25 14:28:16
S004235,New Home Kit Launch,True,True,True,False,2025-09-14 05:17:41
S001880,Black Friday Store,True,False,False,False,2025-03-30 06:09:20
S003168,International Fan Club,True,False,False,False,2025-08-22 02:09:55
S001150,Matchday Ticket Alert,True,False,False,False,2025-08-30 08:31:27
S000476,International Fan Club,True,True,True,False,2025-08-22 17:46:25
S000657,Matchday Ticket Alert,True,True,False,False,2025-08-01 03:12:30
S000656,Membership Drive,True,True,False,False,2025-01-15 02:00:44
S003908,Season Ticket Renewal,True,False,False,False,2025-07-17 22:45:27
S004396,Black Friday Store,True,False,False,False,2025-08-29 09:29:13
S004125,Season Ticket Renewal,True,False,False,False,2024-11-28 22:31:05
S000513,Stadium Tour Promo,True,False,False,False,2025-09-04 11:47:39
S004540,Season Ticket Renewal,True,False,False,False,2025-07-03 01:55:24
S000623,Champions League Hospitality,True,False,False,False,2025-09-14 02:57:49
S001586,Stadium Tour Promo,True,False,False,False,2025-01-29 14:32:06
S000734,Matchday Ticket Alert,True,True,True,False,2025-01-27 11:01:48
S004635,Re-engagement Winback,True,True,True,False,2025-06-25 08:22:59
S003516,Stadium Tour Promo,True,True,False,False,2025-08-23 15:29:28
S001846,Season Ticket Renewal,True,True,True,False,2025-09-14 06:01:24
S001051,Membership Drive,True,True,False,False,2025-05-25 11:52:10
S001531,Membership Drive,True,False,False,False,2025-03-04 21:24:19
S004067,Season Ticket Renewal,True,False,False,False,2025-08-24 08:24:35
S001330,Champions League Hospitality,True,True,True,False,2025-08-30 00:41:08
S004301,New Home Kit Launch,True,False,False,False,2025-08-21 05:50:00
S001202,Black Friday Store,True,True,True,True,2025-03-28 12:30:52
S001108,Membership Drive,True,True,False,False,2025-08-23 22:09:58
S000769,New Home Kit Launch,True,True,False,False,2024-09-27 22:32:15
S000653,Black Friday Store,True,False,False,False,2024-11-26 05:52:36
S003070,Season Ticket Renewal,True,False,False,False,2025-08-04 21:07:06
S000685,Season Ticket Renewal,True,False,False,False,2025-08-25 23:09:15
S004561,Season Ticket Renewal,True,False,False,False,2025-07-23 23:20:15
S003222,International Fan Club,True,False,False,False,2025-09-01 12:44:38
S004731,New Home Kit Launch,True,True,False,False,2025-03-26 05:40:27
S002360,International Fan Club,True,True,True,True,2025-03-26 22:42:22
S003985,Black Friday Store,True,False,False,False,2025-03-12 04:57:57
S004618,Matchday Ticket Alert,True,True,True,False,2024-11-17 19:43:21
S001846,Stadium Tour Promo,True,True,True,False,2025-08-23 12:47:38
S003481,Season Ticket Renewal,True,False,False,False,2024-12-21 03:58:05
S000443,Stadium Tour Promo,True,False,False,False,2025-01-26 19:35:12
S001626,Matchday Ticket Alert,True,False,False,False,2025-09-10 09:33:37
S001734,New Home Kit Launch,True,False,False,False,2025-08-24 21:29:57
S001106,Membership Drive,True,True,False,False,2025-09-19 17:31:03
S003106,Re-engagement Winback,True,True,False,False,2025-07-12 02:32:23
S001101,Champions League Hospitality,True,True,True,False,2025-05-27 05:10:03
S002515,Matchday Ticket Alert,True,False,False,False,2025-04-27 06:03:38
S002267,Re-engagement Winback,True,False,False,False,2025-09-03 07:21:47
S003894,Re-engagement Winback,True,False,False,False,2025-09-08 13:42:17
S001190,Membership Drive,True,True,False,False,2025-09-03 15:40:11
S002756,New Home Kit Launch,True,False,False,False,2025-01-25 19:04:10
S002328,Stadium Tour Promo,True,True,True,False,2025-09-18 04:04:00
S002563,Re-engagement Winback,True,False,False,False,2024-10-25 00:19:13
S002848,Stadium Tour Promo,True,True,False,False,2025-09-08 15:24:12
S001114,Black Friday Store,True,False,False,False,2025-03-20 17:13:52
S002261,Stadium Tour Promo,True,False,False,False,2025-03-22 04:46:18
S004315,Membership Drive,True,True,False,False,2025-09-19 07:03:36
S002151,Black Friday Store,True,True,True,False,2025-08-01 00:52:43
S000867,Black Friday Store,True,True,False,False,2024-12-03 09:31:36
S001162,Membership Drive,True,False,False,False,2025-09-02 15:57:23
S004424,Champions League Hospitality,True,True,True,True,2024-10-08 16:51:56
S000707,Black Friday Store,True,False,False,False,2025-09-10 05:02:50
S000945,International Fan Club,True,True,False,False,2025-05-25 17:35:25
S003013,Season Ticket Renewal,True,False,False,False,2024-10-20 16:45:27
S002147,International Fan Club,True,False,False,False,2024-10-13 14:34:25
S002376,Matchday Ticket Alert,True,True,True,False,2025-09-08 01:57:40
S002480,Champions League Hospitality,True,False,False,False,2025-08-30 00:48:06
S003550,Champions League Hospitality,True,False,False,False,2025-08-30 07:52:34
S004096,International Fan Club,True,False,False,False,2025-08-29 07:22:13
S000006,New Home Kit Launch,True,False,False,False,2025-02-22 20:29:48
S002084,Champions League Hospitality,True,True,False,False,2025-05-18 19:08:03
S001795,Champions League Hospitality,True,False,False,False,2025-08-29 00:28:38
S002343,Champions League Hospitality,True,False,False,False,2025-08-04 19:59:58
S004050,Champions League Hospitality,True,True,False,False,2025-08-31 01:01:22
S001102,Stadium Tour Promo,True,False,False,False,2025-02-21 14:22:22
S004765,Champions League Hospitality,True,True,True,False,2025-06-12 22:00:30
S004885,Stadium Tour Promo,True,False,False,False,2025-06-21 17:12:02
S002787,Black Friday Store,True,True,False,False,2025-08-26 23:54:40
S000179,Re-engagement Winback,True,True,True,False,2025-02-13 15:44:33
S000827,Stadium Tour Promo,True,True,False,False,2024-09-20 20:19:27
S000838,New Home Kit Launch,True,True,True,False,2025-01-20 17:17:12
S001774,Matchday Ticket Alert,True,True,True,False,2025-08-30 12:24:41
S001443,Champions League Hospitality,True,False,False,False,2025-09-05 11:54:41
S000008,Stadium Tour Promo,True,True,False,False,2025-09-06 13:46:41
S004134,Season Ticket Renewal,True,True,False,False,2025-09-03 06:53:09
S002411,Membership Drive,True,True,True,False,2025-07-19 16:06:38
S001752,International Fan Club,True,True,True,False,2025-09-03 01:50:58
S004484,Membership Drive,True,False,False,False,2025-08-29 04:26:29
S004775,Re-engagement Winback,True,True,True,False,2024-09-21 08:34:05
S000424,Champions League Hospitality,True,False,False,False,2025-09-01 10:44:49
S001990,New Home Kit Launch,True,False,False,False,2025-09-01 02:16:33
S002860,Season Ticket Renewal,True,True,False,False,2024-12-11 18:57:55
S004951,International Fan Club,True,False,False,False,2024-11-12 11:01:27
S001927,Stadium Tour Promo,True,False,False,False,2025-01-15 00:23:00
S000036,Membership Drive,True,True,False,False,2025-09-03 17:07:29
S000731,Black Friday Store,True,False,False,False,2025-08-29 15:50:14
S001382,Black Friday Store,True,False,False,False,2025-06-28 12:29:29
S000238,Membership Drive,True,False,False,False,2024-10-28 21:12:05
S003424,Champions League Hospitality,True,True,True,False,2025-09-13 07:24:13
S001578,Membership Drive,True,False,False,False,2024-12-11 15:12:29
S000440,Black Friday Store,True,True,False,False,2025-08-30 13:39:19
S002637,International Fan Club,True,False,False,False,2024-10-31 22:30:00
S001934,Re-engagement Winback,True,True,True,False,2025-09-17 06:50:27
S004972,Champions League Hospitality,True,True,True,False,2024-10-13 20:31:20
S000456,Matchday Ticket Alert,True,False,False,False,2025-09-13 13:42:20
S003066,International Fan Club,True,False,False,False,2024-10-15 05:29:55
S000493,Stadium Tour Promo,True,True,False,False,2025-09-02 19:48:05
S004465,Re-engagement Winback,True,True,False,False,2025-04-16 07:18:41
S001175,Black Friday Store,True,True,False,False,2025-08-24 12:33:26
S001558,Stadium Tour Promo,True,False,False,False,2025-04-10 00:51:59
S004025,Membership Drive,True,False,False,False,2025-09-04 01:38:42
S000143,Season Ticket Renewal,True,True,True,False,2025-04-02 05:28:15
S001463,Stadium Tour Promo,True,True,True,False,2025-07-21 15:47:03
S000863,International Fan Club,True,False,False,False,2025-08-26 17:56:49
S001852,Re-engagement Winback,True,False,False,False,2025-09-11 22:25:55
S001613,Matchday Ticket Alert,True,False,False,False,2024-11-30 13:01:08
S004561,Black Friday Store,True,False,False,False,2025-05-28 17:38:59
S000499,Champions League Hospitality,True,True,False,False,2025-01-09 03:33:41
S000908,Membership Drive,True,True,True,True,2025-09-05 00:46:00
S003004,Stadium Tour Promo,True,False,False,False,2025-09-02 23:24:39
S003349,International Fan Club,True,False,False,False,2025-04-23 05:29:55
S003600,New Home Kit Launch,True,False,False,False,2025-02-19 17:55:37
S004331,Stadium Tour Promo,True,False,False,False,2025-09-18 22:30:18
S000586,Champions League Hospitality,True,True,False,False,2025-08-25 23:18:55
S003363,Champions League Hospitality,True,False,False,False,2025-09-04 06:31:45
S000797,Champions League Hospitality,True,False,False,False,2025-02-08 16:10:39
S003814,Season Ticket Renewal,True,False,False,False,2025-09-16 20:12:46
S001044,International Fan Club,True,True,True,True,2025-01-24 05:50:53
S000031,Season Ticket Renewal,True,True,True,False,2025-08-21 01:22:39
S003207,Season Ticket Renewal,True,True,False,False,2025-09-14 22:25:39
S000688,New Home Kit Launch,True,True,False,False,2024-12-01 19:52:55
S001465,International Fan Club,True,False,False,False,2025-05-14 14:47:42
S002456,Stadium Tour Promo,True,False,False,False,2025-08-21 17:14:33
S003108,Membership Drive,True,False,False,False,2025-04-29 22:55:13
S000634,New Home Kit Launch,True,False,False,False,2025-01-13 02:59:22
S001792,Matchday Ticket Alert,True,False,False,False,2025-08-27 18:13:10
S000275,International Fan Club,True,False,False,False,2025-08-12 11:20:30
S001930,Season Ticket Renewal,True,False,False,False,2025-04-14 13:29:47
S003009,International Fan Club,True,False,False,False,2025-08-07 07:43:39
S003699,Champions League Hospitality,True,False,False,False,2025-09-06 14:37:45
S001353,Black Friday Store,True,False,False,False,2024-10-30 16:50:07
S001235,International Fan Club,True,True,True,True,2024-11-25 03:56:02
S003659,Stadium Tour Promo,True,True,False,False,2025-09-02 06:02:19
S002775,International Fan Club,True,False,False,False,2025-02-07 07:52:02
S001043,Membership Drive,True,False,False,False,2025-09-11 17:04:07
S002418,Black Friday Store,True,True,True,False,2024-10-08 17:09:58
S003786,Black Friday Store,True,False,False,False,2024-10-24 12:58:17
S003454,International Fan Club,True,False,False,False,2024-12-13 20:41:27
S000466,Black Friday Store,True,True,False,False,2024-11-11 06:02:15
S004053,Matchday Ticket Alert,True,True,False,False,2024-12-20 15:33:06
S001342,Black Friday Store,True,False,False,False,2025-09-06 00:27:51
S003689,Season Ticket Renewal,True,False,False,False,2025-09-02 19:46:28
S003311,New Home Kit Launch,True,False,False,False,2025-09-11 12:01:09
S002953,Champions League Hospitality,True,False,False,False,2025-09-11 13:50:57
S004849,Matchday Ticket Alert,True,False,False,False,2025-06-28 12:18:46
S004386,Black Friday Store,True,True,False,False,2025-08-24 11:51:47
S000140,Stadium Tour Promo,True,True,False,False,2025-04-14 07:35:45
S004056,Re-engagement Winback,True,False,False,False,2025-08-25 04:53:37
S000737,Re-engagement Winback,True,False,False,False,2025-09-14 21:54:12
S004347,Black Friday Store,True,True,False,False,2025-09-18 20:13:04
S001813,Re-engagement Winback,True,False,False,False,2025-08-29 06:53:10
S003146,Membership Drive,True,False,False,False,2025-08-23 15:56:28
S004066,Black Friday Store,True,True,False,False,2024-10-19 11:38:06
S001373,Re-engagement Winback,True,False,False,False,2025-09-17 23:48:52
S000578,Black Friday Store,True,False,False,False,2025-05-02 21:57:16
S003720,Re-engagement Winback,True,False,False,False,2025-09-15 23:34:07
S000375,Re-engagement Winback,True,False,False,False,2025-08-14 00:11:26
S001496,Matchday Ticket Alert,True,False,False,False,2025-02-23 18:15:02
S001834,Membership Drive,True,False,False,False,2024-11-03 00:44:26
S001745,Season Ticket Renewal,True,True,False,False,2024-12-02 00:26:45
S001978,Stadium Tour Promo,True,False,False,False,2025-03-17 01:48:03
S000497,Black Friday Store,True,True,False,False,2024-10-24 08:38:30
S000375,Stadium Tour Promo,True,True,True,False,2025-09-15 12:30:41
S003457,Re-engagement Winback,True,False,False,False,2025-09-14 23:22:07
S000499,Matchday Ticket Alert,True,False,False,False,2024-12-27 05:46:07
S003854,Matchday Ticket Alert,True,False,False,False,2025-08-24 07:14:29
S003296,Season Ticket Renewal,True,True,False,False,2025-04-23 14:11:50
S002574,New Home Kit Launch,True,True,False,False,2025-02-08 07:11:38
S004342,New Home Kit Launch,True,False,False,False,2025-08-31 07:44:09
S003890,Membership Drive,True,False,False,False,2025-09-10 08:50:47
S001891,Season Ticket Renewal,True,True,True,True,2025-06-29 03:08:06
S000024,Membership Drive,True,True,True,False,2025-04-03 10:18:36
S004857,Membership Drive,True,False,False,False,2024-12-21 22:56:58
S000257,Re-engagement Winback,True,True,True,True,2025-08-17 02:05:31
S002603,Matchday Ticket Alert,True,False,False,False,2024-11-28 15:07:30
S001976,Season Ticket Renewal,True,True,True,False,2025-08-03 04:29:26
S004674,Champions League Hospitality,True,False,False,False,2025-01-16 00:35:34
S001893,International Fan Club,True,False,False,False,2025-02-16 22:28:18
S001480,Stadium Tour Promo,True,False,False,False,2025-08-29 06:05:08
S001968,Champions League Hospitality,True,False,False,False,2025-09-08 13:02:31
S004903,New Home Kit Launch,True,True,False,False,2024-10-05 08:01:00
S003916,Stadium Tour Promo,True,False,False,False,2025-06-29 18:45:11
S000239,Stadium Tour Promo,True,False,False,False,2025-06-14 06:09:36
S001846,Black Friday Store,True,False,False,False,2025-09-08 23:44:02
S004572,Champions League Hospitality,True,False,False,False,2025-09-17 17:03:56
S002578,Re-engagement Winback,True,True,True,True,2025-06-04 05:17:57
S002508,Season Ticket Renewal,True,False,False,False,2024-09-29 01:57:45
S003643,Matchday Ticket Alert,True,True,False,False,2025-04-15 09:55:40
S004827,Stadium Tour Promo,True,False,False,False,2025-07-25 08:18:59
S003707,Re-engagement Winback,True,False,False,False,2025-09-20 06:29:26
S003570,New Home Kit Launch,True,False,False,False,2025-08-30 05:22:41
S002014,Stadium Tour Promo,True,False,False,False,2025-09-07 02:01:06
S003790,Re-engagement Winback,True,False,False,False,2025-09-01 15:08:29
S004419,Black Friday Store,True,True,False,False,2025-06-17 22:06:32
S004764,Membership Drive,True,False,False,False,2025-09-11 03:47:37
S002048,Season Ticket Renewal,True,True,False,False,2025-07-10 14:51:08
S000211,Matchday Ticket Alert,True,True,True,False,2025-09-05 20:34:47
S003073,Membership Drive,True,False,False,False,2025-09-12 13:36:51
S004716,Stadium Tour Promo,True,True,True,False,2025-09-03 23:51:15
S002191,Re-engagement Winback,True,False,False,False,2025-09-02 23:03:39
S004663,Matchday Ticket Alert,True,False,False,False,2024-09-25 13:45:49
S004191,Stadium Tour Promo,True,True,False,False,2025-08-31 03:28:06
S001652,Stadium Tour Promo,True,False,False,False,2025-02-28 09:18:28
S002691,Season Ticket Renewal,True,False,False,False,2025-09-02 02:06:46
S004647,Re-engagement Winback,True,True,True,False,2025-08-17 11:26:47
S003889,Champions League Hospitality,True,False,False,False,2025-09-11 23:21:50
S002908,Season Ticket Renewal,True,True,False,False,2025-05-07 02:53:45
S003127,Black Friday Store,True,True,False,False,2025-09-20 06:36:41
S004124,Season Ticket Renewal,True,False,False,False,2024-12-06 07:23:25
S001230,Stadium Tour Promo,True,False,False,False,2025-01-23 03:41:31
S004854,Season Ticket Renewal,True,True,False,False,2025-08-12 14:44:44
S000680,Season Ticket Renewal,True,True,False,False,2025-06-30 15:34:43
S004663,International Fan Club,True,False,False,False,2025-09-12 17:36:59
S001345,Stadium Tour Promo,True,False,False,False,2025-04-23 01:52:39
S000348,Matchday Ticket Alert,True,False,False,False,2025-09-02 17:08:34
S001027,Re-engagement Winback,True,True,False,False,2025-09-15 11:30:18
S000520,Stadium Tour Promo,True,False,False,False,2025-06-17 05:19:09
S000179,Black Friday Store,True,False,False,False,2025-09-06 20:01:52
S003807,Champions League Hospitality,True,False,False,False,2025-09-15 23:40:59
S001399,New Home Kit Launch,True,False,False,False,2025-09-08 04:01:40
S000229,Membership Drive,True,False,False,False,2025-09-02 16:12:32
S002657,Stadium Tour Promo,True,False,False,False,2025-08-08 18:06:50
S004317,Membership Drive,True,True,False,False,2025-04-19 17:54:34
S003915,Matchday Ticket Alert,True,True,True,False,2025-02-25 11:51:10
S004975,International Fan Club,True,False,False,False,2025-02-12 07:29:10
S003651,New Home Kit Launch,True,True,False,False,2024-11-11 01:37:29
S003448,Season Ticket Renewal,True,True,True,False,2025-07-08 10:35:51
S001106,Champions League Hospitality,True,False,False,False,2025-09-05 19:32:46
S004860,Stadium Tour Promo,True,False,False,False,2025-01-29 05:14:53
S001253,Stadium Tour Promo,True,False,False,False,2024-09-29 23:54:39
S001890,Matchday Ticket Alert,True,True,True,True,2025-03-19 17:21:00
S004278,International Fan Club,True,False,False,False,2025-08-29 18:41:35
S002446,Re-engagement Winback,True,True,True,True,2025-09-10 23:34:36
S003640,Champions League Hospitality,True,False,False,False,2025-09-06 07:18:31
S000863,New Home Kit Launch,True,False,False,False,2025-08-30 15:49:30
S003768,Stadium Tour Promo,True,True,False,False,2025-08-30 19:31:12
S003185,Season Ticket Renewal,True,False,False,False,2024-12-09 00:42:57
S000423,International Fan Club,True,False,False,False,2024-11-18 11:38:24
S003163,Champions League Hospitality,True,False,False,False,2025-08-27 05:09:50
S002374,Matchday Ticket Alert,True,True,False,False,2025-04-24 16:45:54
S003223,New Home Kit Launch,True,True,True,False,2025-03-17 13:12:44
S004940,Re-engagement Winback,True,False,False,False,2025-09-15 19:44:53
S000055,Re-engagement Winback,True,False,False,False,2025-02-05 17:22:07
S002624,Season Ticket Renewal,True,True,False,False,2025-08-02 09:22:24
S001250,Re-engagement Winback,True,False,False,False,2025-09-15 21:43:58
S002064,Stadium Tour Promo,True,True,True,True,2025-04-24 20:11:16
S004498,Re-engagement Winback,True,False,False,False,2025-09-06 15:04:32
S002876,International Fan Club,True,True,True,False,2025-08-17 22:13:35
S001866,New Home Kit Launch,True,False,False,False,2025-04-19 12:42:52
S004555,New Home Kit Launch,True,True,True,False,2025-08-27 06:05:00
S004399,Stadium Tour Promo,True,True,False,False,2025-09-02 21:40:38
S003612,Champions League Hospitality,True,False,False,False,2025-01-01 22:23:54
S004714,New Home Kit Launch,True,False,False,False,2025-01-31 01:02:32
S001985,Black Friday Store,True,True,False,False,2025-09-18 20:55:45
S000167,New Home Kit Launch,True,True,True,True,2025-08-31 22:59:33
S000527,Champions League Hospitality,True,True,False,False,2025-04-30 13:32:46
S000230,Stadium Tour Promo,True,False,False,False,2024-10-21 15:50:23
S003095,New Home Kit Launch,True,False,False,False,2025-09-12 18:40:35
S004230,Matchday Ticket Alert,True,False,False,False,2025-09-02 10:43:42
S003886,New Home Kit Launch,True,True,False,False,2025-02-18 19:08:55
S000909,Membership Drive,True,True,True,False,2025-09-10 10:57:51
S001424,Champions League Hospitality,True,False,False,False,2025-01-10 09:02:34
S003582,New Home Kit Launch,True,False,False,False,2025-06-22 18:23:13
S002525,International Fan Club,True,False,False,False,2025-02-18 21:08:38
S003595,Black Friday Store,True,True,False,False,2025-09-08 23:32:08
S001746,Champions League Hospitality,True,False,False,False,2025-09-12 21:41:07
S003977,International Fan Club,True,True,False,False,2025-09-12 05:21:40
S003249,Stadium Tour Promo,True,True,True,False,2025-08-22 01:01:07
S003245,Season Ticket Renewal,True,False,False,False,2025-09-10 20:38:16
S000695,International Fan Club,True,True,False,False,2025-07-04 03:51:35
S001826,New Home Kit Launch,True,False,False,False,2025-09-17 06:20:00
S004402,International Fan Club,True,False,False,False,2025-09-15 12:56:55
S001154,Membership Drive,True,False,False,False,2025-08-23 05:23:04
S003808,International Fan Club,True,True,True,True,2025-03-09 17:22:30
S004698,Re-engagement Winback,True,False,False,False,2025-01-05 09:23:44
S000047,Black Friday Store,True,True,True,False,2025-04-10 10:49:03
S001074,New Home Kit Launch,True,False,False,False,2025-09-02 02:51:40
S003938,Season Ticket Renewal,True,False,False,False,2025-09-17 05:36:48
S001471,Stadium Tour Promo,True,False,False,False,2025-07-07 20:21:36
S002041,Re-engagement Winback,True,True,False,False,2024-10-16 20:42:05
S004951,Black Friday Store,True,False,False,False,2025-04-04 05:09:48
S002402,Season Ticket Renewal,True,False,False,False,2025-09-18 19:50:39
S000954,Black Friday Store,True,True,False,False,2025-04-24 09:42:46
S003918,Champions League Hospitality,True,False,False,False,2024-10-13 01:14:53
S003673,Matchday Ticket Alert,True,False,False,False,2025-08-01 11:50:23
S000922,Season Ticket Renewal,True,True,True,False,2025-08-25 01:47:19
S000889,Matchday Ticket Alert,True,True,False,False,2025-08-30 09:17:16
S003478,Champions League Hospitality,True,True,False,False,2025-08-29 00:52:45
S000966,Black Friday Store,True,True,False,False,2025-08-25 04:09:38
S004244,Matchday Ticket Alert,True,False,False,False,2025-09-04 12:35:46
S003637,Stadium Tour Promo,True,True,True,False,2025-09-14 10:08:56
S004388,Stadium Tour Promo,True,True,False,False,2025-06-13 21:51:07
S002720,Re-engagement Winback,True,False,False,False,2025-09-19 01:20:48
S002505,Black Friday Store,True,False,False,False,2025-09-05 16:49:46
S003391,Stadium Tour Promo,True,False,False,False,2025-09-04 02:33:49
S001069,New Home Kit Launch,True,True,True,True,2025-08-22 08:00:54
S003228,New Home Kit Launch,True,True,False,False,2025-08-24 17:08:17
S002792,New Home Kit Launch,True,False,False,False,2025-09-19 06:57:15
S000259,International Fan Club,True,True,True,False,2025-08-22 00:03:52
S002132,Champions League Hospitality,True,False,False,False,2024-12-13 16:28:20
S000328,International Fan Club,True,True,True,False,2025-09-17 00:44:02
S003468,Champions League Hospitality,True,False,False,False,2025-09-12 23:14:08
S004370,International Fan Club,True,True,False,False,2024-09-24 11:37:19
S000472,Season Ticket Renewal,True,False,False,False,2025-09-18 20:26:34
S002291,New Home Kit Launch,True,False,False,False,2025-09-17 00:48:55
S001164,International Fan Club,True,True,False,False,2024-10-04 12:29:08
S003669,Season Ticket Renewal,True,False,False,False,2024-10-30 21:04:18
S003027,Season Ticket Renewal,True,False,False,False,2025-04-24 07:04:14
S002593,Matchday Ticket Alert,True,True,True,False,2025-08-28 00:13:21
S004994,New Home Kit Launch,True,False,False,False,2024-11-10 14:34:31
S001155,Re-engagement Winback,True,True,False,False,2024-11-08 18:49:19
S002755,International Fan Club,True,True,True,False,2025-08-29 11:52:47
S000083,New Home Kit Launch,True,False,False,False,2025-01-13 16:56:41
S000407,New Home Kit Launch,True,False,False,False,2025-06-18 16:02:53
S001928,International Fan Club,True,False,False,False,2025-09-11 16:57:09
S001432,Membership Drive,True,True,False,False,2025-08-23 02:42:13
S003117,International Fan Club,True,False,False,False,2025-08-30 14:50:27
S001159,New Home Kit Launch,True,True,True,False,2025-08-30 07:47:03
S004634,Matchday Ticket Alert,True,True,True,False,2025-03-19 05:43:15
S002911,Re-engagement Winback,True,False,False,False,2025-06-29 12:28:42
S003074,International Fan Club,True,True,True,True,2024-12-20 21:50:20
S004526,International Fan Club,True,False,False,False,2025-08-22 16:23:32
S002738,New Home Kit Launch,True,True,False,False,2025-08-29 21:49:39
S001775,International Fan Club,True,False,False,False,2024-11-26 23:00:39
S004290,Champions League Hospitality,True,False,False,False,2024-10-03 08:20:19
S001437,Membership Drive,True,True,True,False,2025-06-05 01:03:50
S004742,Membership Drive,True,True,False,False,2024-10-28 19:11:19
S000499,Season Ticket Renewal,True,False,False,False,2024-10-26 23:10:57
S002004,Membership Drive,True,True,True,True,2025-07-01 19:23:38
S000198,Stadium Tour Promo,True,False,False,False,2024-11-04 12:40:02
S002828,Stadium Tour Promo,True,False,False,False,2024-12-11 14:39:07
S002406,Membership Drive,True,False,False,False,2024-11-29 12:43:06
S001829,Champions League Hospitality,True,True,True,True,2025-09-20 03:39:10
S001519,Re-engagement Winback,True,False,False,False,2025-09-03 09:27:20
S003467,Champions League Hospitality,True,False,False,False,2025-07-16 01:17:28
S004067,Re-engagement Winback,True,False,False,False,2025-08-31 11:51:02
S003578,Black Friday Store,True,True,True,True,2025-09-19 09:10:40
S003749,New Home Kit Launch,True,True,True,False,2024-12-28 16:48:44
S003253,Season Ticket Renewal,True,False,False,False,2025-06-24 05:04:34
S000362,Stadium Tour Promo,True,True,False,False,2025-06-25 12:28:38
S003197,Matchday Ticket Alert,True,False,False,False,2025-09-12 21:03:56
S002535,Black Friday Store,True,False,False,False,2024-09-21 05:29:55
S001574,Season Ticket Renewal,True,False,False,False,2025-08-31 14:07:12
S001133,Champions League Hospitality,True,False,False,False,2025-09-03 05:36:28
S004966,New Home Kit Launch,True,True,False,False,2025-03-26 02:03:30
S003389,Membership Drive,True,True,False,False,2024-11-22 06:08:03
S003200,Matchday Ticket Alert,True,True,False,False,2025-08-21 16:29:10
S002012,Re-engagement Winback,True,True,True,False,2024-11-07 10:08:42
S001329,Re-engagement Winback,True,False,False,False,2025-07-19 07:09:04
S002107,Season Ticket Renewal,True,True,False,False,2025-03-25 00:20:06
S000907,Season Ticket Renewal,True,False,False,False,2025-03-26 09:41:36
S000883,Membership Drive,True,False,False,False,2025-08-21 20:15:31
S002534,Black Friday Store,True,False,False,False,2024-12-24 03:11:41
S004680,New Home Kit Launch,True,True,False,False,2025-09-07 01:11:48
S000278,Matchday Ticket Alert,True,False,False,False,2025-06-28 19:26:40
S000113,Champions League Hospitality,True,False,False,False,2025-07-01 10:50:42
S000389,Champions League Hospitality,True,True,True,True,2025-08-27 16:24:35
S004457,Stadium Tour Promo,True,True,True,False,2024-12-09 01:11:07
S001506,Champions League Hospitality,True,False,False,False,2025-09-11 13:33:51
S004058,Stadium Tour Promo,True,True,True,False,2025-09-08 17:51:17
S002962,Re-engagement Winback,True,True,True,False,2025-05-15 11:09:22
S000970,Matchday Ticket Alert,True,True,True,False,2025-05-01 13:59:33
S002400,Black Friday Store,True,True,False,False,2025-07-12 07:47:56
S004417,Black Friday Store,True,False,False,False,2025-09-07 11:27:11
S002692,Matchday Ticket Alert,True,False,False,False,2025-09-17 18:20:34
S000124,Black Friday Store,True,False,False,False,2024-12-02 03:10:47
S001428,Season Ticket Renewal,True,True,False,False,2025-09-18 21:35:14
S004021,Matchday Ticket Alert,True,False,False,False,2025-09-12 12:26:40
S003748,Membership Drive,True,True,True,False,2025-04-04 12:26:06
S000813,Matchday Ticket Alert,True,False,False,False,2025-03-08 09:30:07
S002619,Season Ticket Renewal,True,False,False,False,2024-12-02 07:06:34
S004946,Matchday Ticket Alert,True,True,False,False,2025-09-01 13:35:47
S002792,Champions League Hospitality,True,False,False,False,2025-09-13 18:03:04
S002862,Membership Drive,True,False,False,False,2025-08-28 03:34:55
S004865,Re-engagement Winback,True,True,True,False,2025-09-17 05:37:42
S004959,Season Ticket Renewal,True,True,False,False,2025-09-15 23:39:11
S003623,Black Friday Store,True,False,False,False,2025-03-25 20:59:07
S002784,Season Ticket Renewal,True,False,False,False,2025-08-25 18:32:33
S000291,International Fan Club,True,False,False,False,2025-09-07 15:15:51
S000356,New Home Kit Launch,True,False,False,False,2025-06-06 22:59:16
S004386,Black Friday Store,True,True,True,True,2024-12-07 23:38:47
S001282,Stadium Tour Promo,True,False,False,False,2025-04-26 04:34:42
S004380,Champions League Hospitality,True,True,False,False,2025-07-11 11:52:34
S004895,Stadium Tour Promo,True,True,False,False,2024-12-26 05:17:13
S004892,New Home Kit Launch,True,True,True,False,2025-03-24 13:05:08
S003741,International Fan Club,True,False,False,False,2025-06-12 00:01:30
S001481,Re-engagement Winback,True,False,False,False,2025-07-26 18:24:49
S001227,New Home Kit Launch,True,False,False,False,2024-12-15 01:41:32
S001779,Matchday Ticket Alert,True,False,False,False,2025-09-01 02:58:20
S004982,Matchday Ticket Alert,True,True,False,False,2025-09-18 13:27:26
S003823,Matchday Ticket Alert,True,True,True,True,2025-09-13 03:33:03
S003777,Matchday Ticket Alert,True,False,False,False,2024-09-20 17:21:15
S003426,Stadium Tour Promo,True,True,True,False,2025-09-07 07:12:09
S001340,Season Ticket Renewal,True,True,False,False,2025-09-03 10:28:34
S001438,Black Friday Store,True,True,False,False,2025-02-03 02:27:53
S003301,Champions League Hospitality,True,True,True,False,2025-07-29 22:29:10
S000067,International Fan Club,True,True,True,False,2025-08-22 00:19:39
S001618,New Home Kit Launch,True,True,False,False,2024-12-14 03:53:17
S004898,Black Friday Store,True,False,False,False,2025-03-12 08:29:00
S001842,Re-engagement Winback,True,False,False,False,2025-09-01 00:00:04
S003351,Season Ticket Renewal,True,True,False,False,2025-07-27 10:25:22
S003282,Membership Drive,True,True,False,False,2025-09-07 07:37:22
S001997,Matchday Ticket Alert,True,True,True,False,2025-09-19 21:38:34
S003089,Membership Drive,True,False,False,False,2025-06-12 21:52:07
S000266,Black Friday Store,True,False,False,False,2025-09-19 21:02:15
S003199,Re-engagement Winback,True,False,False,False,2025-09-04 02:25:12
S002143,Membership Drive,True,False,False,False,2025-08-29 07:05:43
S004822,Black Friday Store,True,False,False,False,2025-09-04 08:55:23
S001871,International Fan Club,True,False,False,False,2025-09-08 08:51:39
S000156,Matchday Ticket Alert,True,False,False,False,2025-01-08 16:17:26
S002849,Re-engagement Winback,True,False,False,False,2025-08-25 17:12:35
S001249,Re-engagement Winback,True,False,False,False,2025-08-02 19:18:29
S002082,New Home Kit Launch,True,False,False,False,2025-09-04 20:02:50
S004779,New Home Kit Launch,True,False,False,False,2024-11-02 19:02:44
S003097,Stadium Tour Promo,True,True,False,False,2025-09-03 14:05:37
S003150,Membership Drive,True,True,False,False,2025-01-25 02:57:54
S002666,Stadium Tour Promo,True,False,False,False,2025-09-16 05:57:39
S001980,New Home Kit Launch,True,False,False,False,2024-12-26 11:32:47
S003803,Season Ticket Renewal,True,False,False,False,2024-10-13 13:13:44
S003281,Black Friday Store,True,False,False,False,2025-03-05 23:33:27
S003641,Black Friday Store,True,False,False,False,2025-09-18 09:59:20
S000622,Stadium Tour Promo,True,True,False,False,2025-09-13 10:47:55
S001219,Black Friday Store,True,False,False,False,2025-09-16 18:34:29
S001004,New Home Kit Launch,True,True,True,True,2025-08-23 22:12:18
S003769,Membership Drive,True,True,False,False,2025-03-11 20:39:11
S001543,International Fan Club,True,False,False,False,2024-12-22 11:06:32
S001215,Champions League Hospitality,True,True,False,False,2025-09-16 05:13:40
S004476,New Home Kit Launch,True,False,False,False,2025-08-23 01:15:53
S001725,New Home Kit Launch,True,True,True,False,2025-06-04 02:40:32
S001646,Membership Drive,True,True,False,False,2025-08-23 09:18:20
S003297,Stadium Tour Promo,True,False,False,False,2025-09-18 02:02:03
S003702,Black Friday Store,True,True,False,False,2025-09-20 05:42:38
S004548,Re-engagement Winback,True,False,False,False,2025-04-11 02:30:42
S000691,Black Friday Store,True,False,False,False,2025-09-04 03:14:31
S002925,New Home Kit Launch,True,False,False,False,2025-08-26 07:55:13
S004493,Membership Drive,True,False,False,False,2024-10-02 06:20:43
S001382,International Fan Club,True,False,False,False,2025-03-07 12:49:59
S002173,Black Friday Store,True,False,False,False,2025-06-17 15:55:14
S003666,Season Ticket Renewal,True,True,True,False,2025-09-18 16:09:59
S004789,Season Ticket Renewal,True,False,False,False,2025-09-04 11:10:32
S001922,Champions League Hospitality,True,True,True,False,2025-06-30 02:49:19
S003800,Stadium Tour Promo,True,False,False,False,2025-08-24 21:28:25
S001194,New Home Kit Launch,True,False,False,False,2025-09-05 08:25:12
S000668,Matchday Ticket Alert,True,True,False,False,2025-09-06 14:00:50
S004529,Matchday Ticket Alert,True,False,False,False,2025-02-08 09:29:17
S003643,Stadium Tour Promo,True,False,False,False,2025-05-22 03:35:50
S003964,Black Friday Store,True,False,False,False,2024-12-09 18:47:17
S000511,Champions League Hospitality,True,True,False,False,2025-08-29 18:34:58
S003364,New Home Kit Launch,True,False,False,False,2025-08-25 19:07:53
S000543,International Fan Club,True,False,False,False,2025-09-20 05:34:27
S004705,New Home Kit Launch,True,False,False,False,2025-09-16 13:23:18
S001980,Black Friday Store,True,False,False,False,2024-12-15 02:37:20
S000369,Membership Drive,True,False,False,False,2025-08-26 09:47:48
S001322,Re-engagement Winback,True,True,False,False,2025-01-07 21:11:49
S000572,New Home Kit Launch,True,False,False,False,2025-08-15 18:26:31
S003723,New Home Kit Launch,True,False,False,False,2025-09-16 20:52:52
S004338,Membership Drive,True,False,False,False,2025-04-24 06:30:40
S004351,Matchday Ticket Alert,True,False,False,False,2025-03-26 08:47:34
S000028,Season Ticket Renewal,True,True,True,False,2025-08-29 08:16:28
S000281,Re-engagement Winback,True,True,False,False,2025-01-29 05:56:24
S003072,Membership Drive,True,False,False,False,2025-08-27 02:00:52
S001051,Black Friday Store,True,True,False,False,2025-02-01 04:58:45
S000806,Membership Drive,True,True,False,False,2025-04-30 09:13:24
S001433,New Home Kit Launch,True,True,True,False,2024-11-02 04:41:32
S000267,International Fan Club,True,True,True,False,2025-07-07 12:11:20
S003792,Black Friday Store,True,False,False,False,2024-12-10 13:10:52
S004140,Champions League Hospitality,True,False,False,False,2025-09-17 22:28:26
S000388,Stadium Tour Promo,True,True,True,False,2024-10-16 01:22:46
S004849,Stadium Tour Promo,True,False,False,False,2025-09-12 08:33:54
S000226,Membership Drive,True,True,True,False,2025-08-26 22:12:48
S003250,International Fan Club,True,True,False,False,2025-08-27 23:35:50
S000010,Membership Drive,True,False,False,False,2024-11-03 00:33:02
S000855,New Home Kit Launch,True,True,False,False,2025-09-14 01:54:21
S001324,Membership Drive,True,False,False,False,2025-09-07 17:32:50
S001737,Membership Drive,True,False,False,False,2025-06-21 07:10:51
S003912,Re-engagement Winback,True,False,False,False,2025-08-25 03:29:23
S003360,New Home Kit Launch,True,False,False,False,2025-03-30 18:32:39
S001125,Matchday Ticket Alert,True,False,False,False,2025-07-08 17:12:04
S003757,Matchday Ticket Alert,True,True,True,True,2024-12-14 16:32:38
S001495,Stadium Tour Promo,True,False,False,False,2025-09-13 12:52:50
S001836,New Home Kit Launch,True,True,True,False,2025-05-28 13:39:57
S003387,Membership Drive,True,True,True,False,2025-07-23 13:12:18
S002171,New Home Kit Launch,True,False,False,False,2025-09-18 16:06:05
S003080,Champions League Hospitality,True,True,False,False,2025-09-04 18:54:34
S002866,Matchday Ticket Alert,True,True,False,False,2025-09-14 01:21:25
S003454,Re-engagement Winback,True,False,False,False,2025-02-20 17:31:03
S004083,New Home Kit Launch,True,False,False,False,2025-07-20 18:55:30
S001186,Black Friday Store,True,False,False,False,2025-06-04 19:17:42
S001724,Season Ticket Renewal,True,True,False,False,2025-08-15 15:59:44
S001552,Black Friday Store,True,True,False,False,2025-09-17 12:59:22
S002774,Champions League Hospitality,True,True,False,False,2025-06-24 08:45:50
S000612,International Fan Club,True,True,True,False,2025-08-25 07:22:56
S002693,Membership Drive,True,False,False,False,2025-07-16 10:51:07
S004948,International Fan Club,True,True,False,False,2025-09-07 20:26:14
S004160,Membership Drive,True,False,False,False,2024-12-27 11:15:13
S004263,Season Ticket Renewal,True,False,False,False,2025-05-24 15:30:15
S003674,Matchday Ticket Alert,True,False,False,False,2025-06-09 16:00:07
S001274,New Home Kit Launch,True,True,False,False,2025-07-22 16:53:00
S004063,Re-engagement Winback,True,True,False,False,2025-04-24 05:28:33
S002895,Matchday Ticket Alert,True,False,False,False,2025-01-17 15:53:33
S004760,Champions League Hospitality,True,False,False,False,2024-11-16 17:22:32
S002000,Matchday Ticket Alert,True,True,True,True,2025-08-31 17:23:21
S000782,Matchday Ticket Alert,True,True,False,False,2025-05-13 01:37:25
S004246,Membership Drive,True,False,False,False,2025-05-19 22:15:41
S000032,International Fan Club,True,True,True,False,2025-09-05 15:09:47
S003137,Re-engagement Winback,True,False,False,False,2024-09-29 14:06:43
S001246,Season Ticket Renewal,True,False,False,False,2024-10-09 00:27:13
S000451,Stadium Tour Promo,True,False,False,False,2025-09-15 09:19:10
S001905,International Fan Club,True,True,True,False,2025-08-31 08:22:42
S001613,Black Friday Store,True,False,False,False,2024-09-21 10:42:00
S003463,Champions League Hospitality,True,False,False,False,2024-12-14 15:17:48
S003507,Matchday Ticket Alert,True,True,False,False,2025-08-26 11:41:10
S003284,Re-engagement Winback,True,False,False,False,2025-09-13 03:03:41
S003737,Champions League Hospitality,True,True,False,False,2025-08-20 20:52:39
S002284,Champions League Hospitality,True,False,False,False,2024-09-27 04:26:51
S000351,Black Friday Store,True,True,True,False,2025-03-17 00:55:04
S001487,Matchday Ticket Alert,True,True,False,False,2025-04-11 12:38:54
S002323,Stadium Tour Promo,True,True,True,False,2025-05-05 04:17:36
S001798,Matchday Ticket Alert,True,False,False,False,2025-09-08 00:49:52
S004795,Black Friday Store,True,False,False,False,2024-10-14 14:36:16
S004101,Black Friday Store,True,False,False,False,2025-04-29 02:19:03
S002486,New Home Kit Launch,True,False,False,False,2024-09-25 05:50:09
S002858,Membership Drive,True,False,False,False,2025-09-12 19:25:54
S003699,New Home Kit Launch,True,False,False,False,2025-09-15 11:15:59
S004250,Black Friday Store,True,True,False,False,2025-08-23 13:31:59
S001289,Matchday Ticket Alert,True,False,False,False,2025-05-16 23:55:57
S000613,New Home Kit Launch,True,False,False,False,2025-09-04 23:52:07
S003322,Stadium Tour Promo,True,False,False,False,2025-09-08 15:07:27
S001155,Membership Drive,True,True,True,True,2025-09-09 06:12:37
S000520,Season Ticket Renewal,True,True,False,False,2025-07-12 03:52:32
S003907,International Fan Club,True,True,False,False,2025-08-29 02:58:56
S002031,Matchday Ticket Alert,True,False,False,False,2025-05-18 16:34:38
S001484,Re-engagement Winback,True,False,False,False,2025-07-22 22:28:51
S000360,Membership Drive,True,True,True,True,2024-11-03 23:01:39
S003379,Re-engagement Winback,True,True,True,False,2025-07-12 08:41:12
S002831,Season Ticket Renewal,True,True,False,False,2025-08-27 15:35:28
S003577,Season Ticket Renewal,True,False,False,False,2025-09-19 18:32:12
S000406,Membership Drive,True,False,False,False,2025-06-12 18:35:48
S003196,Stadium Tour Promo,True,True,False,False,2025-09-03 09:22:05
S000977,International Fan Club,True,True,False,False,2024-10-06 01:01:20
S003810,Black Friday Store,True,False,False,False,2024-10-10 01:17:48
S002756,Stadium Tour Promo,True,True,False,False,2025-09-01 22:50:10
S004414,Season Ticket Renewal,True,False,False,False,2025-09-13 09:36:58
S001053,Champions League Hospitality,True,False,False,False,2025-02-28 20:13:51
S001667,Champions League Hospitality,True,False,False,False,2025-09-09 02:00:59
S004963,New Home Kit Launch,True,True,False,False,2025-01-08 17:45:06
S000949,Membership Drive,True,False,False,False,2025-09-16 04:40:28
S002847,New Home Kit Launch,True,True,True,True,2025-08-31 07:18:26
S004015,Re-engagement Winback,True,False,False,False,2025-09-11 23:24:54
S000102,Champions League Hospitality,True,False,False,False,2025-08-30 20:47:32
S004418,New Home Kit Launch,True,True,False,False,2025-09-11 19:49:08
S000994,Season Ticket Renewal,True,False,False,False,2025-07-01 22:20:19
S002941,Membership Drive,True,True,True,True,2025-08-04 16:04:49
S003631,Matchday Ticket Alert,True,True,True,False,2025-04-13 11:35:11
S002127,Matchday Ticket Alert,True,True,False,False,2024-10-07 20:49:18
S000260,Matchday Ticket Alert,True,False,False,False,2025-09-10 02:55:46
S000607,Re-engagement Winback,True,False,False,False,2025-09-08 07:13:12
S004360,Black Friday Store,True,True,True,False,2025-09-16 09:41:04
S002692,Re-engagement Winback,True,True,True,False,2025-08-25 11:14:30
S000852,Black Friday Store,True,False,False,False,2025-05-29 05:02:39
S003857,Membership Drive,True,False,False,False,2025-06-07 13:06:19
S001559,New Home Kit Launch,True,False,False,False,2025-01-20 19:32:47
S002535,Champions League Hospitality,True,False,False,False,2024-10-20 23:58:04
S000072,Membership Drive,True,True,False,False,2025-08-30 04:37:35
S001039,New Home Kit Launch,True,False,False,False,2024-09-27 08:24:46
S001050,Membership Drive,True,False,False,False,2025-09-19 19:07:40
S000773,Champions League Hospitality,True,False,False,False,2025-08-24 02:41:26
S000342,International Fan Club,True,True,False,False,2024-10-29 00:35:12
S001927,New Home Kit Launch,True,False,False,False,2025-08-26 02:25:02
S000607,Stadium Tour Promo,True,False,False,False,2025-02-26 23:16:54
S002633,International Fan Club,True,False,False,False,2025-03-28 04:53:38
S002756,Champions League Hospitality,True,True,False,False,2024-12-24 12:33:24
S001103,Stadium Tour Promo,True,False,False,False,2025-08-26 07:52:58
S001087,Black Friday Store,True,False,False,False,2025-09-15 15:43:37
S003052,International Fan Club,True,True,True,False,2025-09-01 12:04:33
S002261,Black Friday Store,True,True,False,False,2025-09-15 22:03:08
S001118,Champions League Hospitality,True,True,True,False,2025-09-05 13:13:25
S001921,New Home Kit Launch,True,False,False,False,2025-08-13 13:22:34
S004961,Membership Drive,True,True,False,False,2025-08-25 11:39:42
S004625,Season Ticket Renewal,True,False,False,False,2025-05-25 17:36:33
S004747,Stadium Tour Promo,True,False,False,False,2025-09-09 16:13:36
S002363,Champions League Hospitality,True,False,False,False,2024-10-05 12:31:13
S003888,Membership Drive,True,True,False,False,2025-09-06 13:10:32
S002764,Re-engagement Winback,True,True,True,False,2025-09-06 07:13:10
S004090,Membership Drive,True,False,False,False,2024-11-14 00:01:21
S002690,Re-engagement Winback,True,False,False,False,2025-09-16 04:55:59
S002556,Champions League Hospitality,True,False,False,False,2025-03-08 18:05:29
S001373,Membership Drive,True,False,False,False,2025-09-17 23:29:10
S004594,Season Ticket Renewal,True,False,False,False,2025-09-03 15:47:54
S001286,New Home Kit Launch,True,False,False,False,2025-08-22 11:02:30
S002113,New Home Kit Launch,True,True,False,False,2025-09-19 21:05:15
S001140,New Home Kit Launch,True,True,False,False,2025-09-06 00:11:29
S004619,Re-engagement Winback,True,False,False,False,2025-08-27 01:30:59
S003138,Re-engagement Winback,True,True,True,False,2025-08-06 20:31:50
S000989,Membership Drive,True,True,False,False,2025-04-08 04:32:21
S003647,Stadium Tour Promo,True,False,False,False,2025-07-04 03:03:20
S001441,Stadium Tour Promo,True,False,False,False,2024-10-27 08:40:43
S000179,Stadium Tour Promo,True,False,False,False,2025-09-11 05:45:50
S003210,Re-engagement Winback,True,False,False,False,2025-03-29 11:42:20
S003677,Champions League Hospitality,True,True,True,True,2025-08-25 20:56:32
S001304,Re-engagement Winback,True,False,False,False,2025-06-04 22:47:53
S000282,Season Ticket Renewal,True,False,False,False,2025-09-12 05:49:15
S001692,Season Ticket Renewal,True,True,False,False,2025-09-04 08:43:28
S001289,Matchday Ticket Alert,True,True,False,False,2025-07-30 00:03:36
S004887,Season Ticket Renewal,True,False,False,False,2025-09-05 05:44:34
S000263,Black Friday Store,True,False,False,False,2024-10-28 00:26:07
S002935,Matchday Ticket Alert,True,True,False,False,2025-09-19 08:36:09
S003617,Membership Drive,True,False,False,False,2025-01-19 20:08:50
S003480,Membership Drive,True,True,False,False,2025-09-06 00:40:57
S002749,Re-engagement Winback,True,True,False,False,2025-04-22 00:03:39
S002447,Matchday Ticket Alert,True,False,False,False,2025-09-09 06:29:15
S002907,Champions League Hospitality,True,False,False,False,2025-02-18 19:08:06
S001398,New Home Kit Launch,True,True,True,False,2025-02-23 20:41:45
S003761,Black Friday Store,True,False,False,False,2024-10-24 15:03:04
S002032,Stadium Tour Promo,True,False,False,False,2025-01-07 09:08:27
S001310,Re-engagement Winback,True,True,False,False,2025-03-14 18:12:49
S000879,Season Ticket Renewal,True,False,False,False,2025-08-25 07:34:56
S003717,New Home Kit Launch,True,True,True,False,2025-08-24 07:11:49
S000686,Black Friday Store,True,True,True,False,2025-04-15 20:26:40
S003281,New Home Kit Launch,True,False,False,False,2025-03-11 13:39:08
S003545,Stadium Tour Promo,True,True,True,False,2025-09-06 08:25:31
S003051,Champions League Hospitality,True,False,False,False,2025-07-04 05:31:06
S003526,Season Ticket Renewal,True,False,False,False,2025-01-05 02:09:42
S002010,International Fan Club,True,False,False,False,2025-08-29 22:26:57
S002156,Champions League Hospitality,True,False,False,False,2025-06-08 02:54:15
S001429,Re-engagement Winback,True,False,False,False,2025-05-21 21:47:27
S004557,International Fan Club,True,False,False,False,2025-02-18 04:40:18
S004369,New Home Kit Launch,True,True,True,False,2025-08-25 19:44:18
S001539,New Home Kit Launch,True,False,False,False,2025-06-23 00:10:04
S000440,Black Friday Store,True,True,True,False,2025-06-23 22:48:11
S003414,Stadium Tour Promo,True,True,False,False,2025-04-26 03:01:03
S002242,International Fan Club,True,False,False,False,2025-08-25 21:27:37
S004189,Stadium Tour Promo,True,False,False,False,2025-09-19 03:13:02
S002008,Black Friday Store,True,False,False,False,2025-04-05 09:25:25
S004946,Matchday Ticket Alert,True,False,False,False,2025-03-02 10:57:52
S004366,Matchday Ticket Alert,True,False,False,False,2025-09-10 13:32:08
S000823,Membership Drive,True,True,False,False,2025-09-06 23:29:31
S003020,Re-engagement Winback,True,False,False,False,2025-09-14 01:45:00
S000986,Season Ticket Renewal,True,False,False,False,2025-08-21 15:47:29
S003732,New Home Kit Launch,True,True,False,False,2025-01-19 13:07:08
S001160,Membership Drive,True,True,False,False,2025-08-18 04:01:14
S003713,Season Ticket Renewal,True,True,True,True,2024-10-07 13:41:09
S000419,Re-engagement Winback,True,True,False,False,2025-09-13 08:42:43
S002186,Season Ticket Renewal,True,False,False,False,2025-08-17 19:18:12
S004765,Re-engagement Winback,True,True,False,False,2025-01-31 21:28:43
S000559,Re-engagement Winback,True,False,False,False,2025-09-08 18:45:50
S002336,Matchday Ticket Alert,True,True,False,False,2025-09-20 05:58:59
S004749,Membership Drive,True,True,False,False,2025-09-10 02:57:58
S004108,New Home Kit Launch,True,True,False,False,2025-05-24 08:18:39
S002171,Champions League Hospitality,True,False,False,False,2025-08-24 21:13:30
S004999,Re-engagement Winback,True,False,False,False,2025-03-13 21:23:30
S003352,Champions League Hospitality,True,True,False,False,2025-08-07 17:14:48
S001667,Matchday Ticket Alert,True,False,False,False,2025-03-16 00:57:17
S001973,Champions League Hospitality,True,True,False,False,2025-05-12 15:37:15
S002704,Matchday Ticket Alert,True,False,False,False,2025-05-31 15:21:57
S000380,Season Ticket Renewal,True,False,False,False,2025-08-30 13:39:06
S004697,Matchday Ticket Alert,True,True,False,False,2025-04-09 08:15:04
S002632,Matchday Ticket Alert,True,True,True,True,2025-05-22 15:26:13
S003950,Stadium Tour Promo,True,False,False,False,2025-07-07 03:59:56
S000404,Champions League Hospitality,True,False,False,False,2024-10-31 04:41:58
S003177,International Fan Club,True,True,False,False,2025-09-04 12:06:34
S004819,New Home Kit Launch,True,False,False,False,2025-01-08 18:16:36
S001550,New Home Kit Launch,True,False,False,False,2025-09-17 14:50:31
S002313,Stadium Tour Promo,True,False,False,False,2025-08-03 00:09:52
S001194,Champions League Hospitality,True,True,True,False,2024-11-06 21:23:36
S002942,International Fan Club,True,True,True,True,2025-09-03 06:41:39
S000265,Stadium Tour Promo,True,False,False,False,2025-09-17 09:46:16
S002998,Membership Drive,True,False,False,False,2025-02-23 22:59:14
S002136,Black Friday Store,True,True,False,False,2025-08-31 04:58:24
S003440,Season Ticket Renewal,True,False,False,False,2025-09-13 05:16:34
S003800,Season Ticket Renewal,True,False,False,False,2025-09-08 17:41:32
S003255,Champions League Hospitality,True,True,False,False,2025-09-17 06:26:54
S001691,International Fan Club,True,True,True,False,2025-09-06 12:45:19
S000903,Re-engagement Winback,True,False,False,False,2025-09-09 21:56:42
S002844,Membership Drive,True,True,False,False,2025-05-17 23:13:03
S004329,New Home Kit Launch,True,True,True,False,2025-08-23 16:54:03
S004304,Re-engagement Winback,True,False,False,False,2025-09-01 21:46:06
S002593,Stadium Tour Promo,True,True,False,False,2024-11-28 01:28:52
S004750,New Home Kit Launch,True,True,True,False,2025-08-30 09:42:06
S000702,New Home Kit Launch,True,False,False,False,2024-10-06 05:44:52
S004134,Black Friday Store,True,True,False,False,2025-09-14 13:52:18
S004028,Re-engagement Winback,True,False,False,False,2025-09-07 08:59:32
S002837,Re-engagement Winback,True,False,False,False,2025-08-26 21:24:22
S002489,Champions League Hospitality,True,True,False,False,2025-09-15 08:35:05
S002022,International Fan Club,True,False,False,False,2025-09-07 19:48:08
S000218,Stadium Tour Promo,True,False,False,False,2025-02-03 17:26:34
S002977,Black Friday Store,True,False,False,False,2025-04-17 01:49:34
S000334,Season Ticket Renewal,True,True,True,False,2025-08-18 07:48:10
S001563,Champions League Hospitality,True,False,False,False,2024-11-18 07:01:48
S003160,Black Friday Store,True,False,False,False,2025-09-15 04:22:48
S003943,Membership Drive,True,False,False,False,2025-09-04 11:03:17
S001617,Black Friday Store,True,True,True,False,2025-04-26 04:56:43
S002208,Matchday Ticket Alert,True,False,False,False,2025-06-03 22:26:51
S000600,Matchday Ticket Alert,True,False,False,False,2025-07-25 08:22:48
S003261,Re-engagement Winback,True,True,False,False,2024-10-03 15:55:16
S000147,Matchday Ticket Alert,True,True,True,False,2025-07-09 16:45:00
S003931,Champions League Hospitality,True,False,False,False,2025-09-15 17:36:29
S004623,Season Ticket Renewal,True,False,False,False,2025-07-25 09:37:00
S000127,Season Ticket Renewal,True,False,False,False,2024-09-26 04:25:16
S001590,Membership Drive,True,True,False,False,2025-08-30 12:42:38
S004212,Season Ticket Renewal,True,True,False,False,2024-10-13 12:51:53
S001448,New Home Kit Launch,True,True,False,False,2025-09-16 00:15:59
S000739,Membership Drive,True,False,False,False,2025-01-11 02:52:03
S003971,Stadium Tour Promo,True,True,False,False,2025-09-07 00:06:48
S002264,Matchday Ticket Alert,True,True,True,False,2025-02-08 07:56:38
S003263,Matchday Ticket Alert,True,False,False,False,2025-02-06 14:43:22
S001944,Season Ticket Renewal,True,False,False,False,2024-09-30 02:01:52
S002677,Matchday Ticket Alert,True,False,False,False,2025-09-16 04:28:45
S001873,Matchday Ticket Alert,True,False,False,False,2024-10-15 20:30:02
S000254,New Home Kit Launch,True,True,True,False,2025-03-08 08:01:30
S003147,International Fan Club,True,False,False,False,2024-10-12 15:20:38
S001880,Matchday Ticket Alert,True,False,False,False,2025-05-24 18:20:17
S001137,Membership Drive,True,True,False,False,2025-06-10 16:14:53
S002371,New Home Kit Launch,True,False,False,False,2025-09-02 01:49:28
S001860,Re-engagement Winback,True,True,False,False,2025-09-18 13:43:44
S003171,Season Ticket Renewal,True,False,False,False,2025-09-14 13:07:13
S000193,Champions League Hospitality,True,True,False,False,2025-04-25 14:01:31
S003369,International Fan Club,True,False,False,False,2025-09-08 18:07:25
S002377,Re-engagement Winback,True,False,False,False,2024-12-21 18:04:26
S003380,Matchday Ticket Alert,True,False,False,False,2025-08-29 09:45:30
S004693,International Fan Club,True,True,False,False,2025-01-30 23:42:35
S004005,Champions League Hospitality,True,False,False,False,2025-09-05 04:56:41
S003693,International Fan Club,True,False,False,False,2025-01-27 03:24:39
S000677,Stadium Tour Promo,True,False,False,False,2025-02-08 06:51:38
S001201,Black Friday Store,True,False,False,False,2025-08-27 04:41:25
S004940,International Fan Club,True,True,False,False,2024-09-27 10:10:58
S000153,Stadium Tour Promo,True,False,False,False,2025-02-02 06:42:48
S003334,International Fan Club,True,False,False,False,2025-07-25 17:37:29
S001513,Stadium Tour Promo,True,False,False,False,2025-05-16 00:25:11
S003485,Membership Drive,True,False,False,False,2024-12-28 20:19:30
S003082,Re-engagement Winback,True,False,False,False,2025-09-03 21:24:23
S000452,New Home Kit Launch,True,True,False,False,2025-08-25 00:38:23
S003979,International Fan Club,True,False,False,False,2025-07-01 17:53:44
S001882,Black Friday Store,True,True,True,False,2025-09-09 18:28:09
S001034,International Fan Club,True,False,False,False,2025-04-24 08:40:25
S004629,Black Friday Store,True,True,True,False,2025-08-26 20:59:42
S004891,International Fan Club,True,False,False,False,2024-11-20 07:31:34
S003153,New Home Kit Launch,True,False,False,False,2024-12-26 11:49:43
S000888,International Fan Club,True,True,False,False,2025-09-03 18:40:05
S003007,Matchday Ticket Alert,True,True,False,False,2025-09-03 12:58:03
S004809,Stadium Tour Promo,True,True,True,False,2025-09-13 19:21:01
S000873,Stadium Tour Promo,True,True,False,False,2025-04-25 14:22:47
S004134,Season Ticket Renewal,True,True,True,False,2025-09-17 06:25:40
S004375,Season Ticket Renewal,True,True,False,False,2025-02-19 00:01:40
S002450,Stadium Tour Promo,True,True,True,False,2025-06-10 01:53:56
S001973,Stadium Tour Promo,True,False,False,False,2025-09-03 17:49:47
S003003,Black Friday Store,True,False,False,False,2025-09-13 08:17:35
S004160,Champions League Hospitality,True,False,False,False,2024-09-24 09:48:04
S003081,Stadium Tour Promo,True,False,False,False,2025-09-12 17:04:56
S003473,Membership Drive,True,True,False,False,2025-09-12 04:02:54
S003880,Black Friday Store,True,False,False,False,2024-11-04 21:19:18
S003126,Stadium Tour Promo,True,False,False,False,2024-09-29 08:12:05
S004023,Season Ticket Renewal,True,False,False,False,2025-03-15 18:46:10
S004677,Re-engagement Winback,True,False,False,False,2025-08-21 21:03:52
S000847,Stadium Tour Promo,True,False,False,False,2025-05-08 05:19:44
S000165,Matchday Ticket Alert,True,False,False,False,2025-08-30 11:49:34
S003157,International Fan Club,True,False,False,False,2024-12-02 01:27:34
S004199,New Home Kit Launch,True,True,False,False,2025-09-07 08:10:14
S000975,Stadium Tour Promo,True,True,False,False,2025-09-08 05:35:31
S003009,International Fan Club,True,True,True,False,2025-08-30 23:20:19
S004464,Membership Drive,True,True,True,False,2025-09-06 15:15:40
S002611,Champions League Hospitality,True,False,False,False,2025-08-06 03:50:34
S002880,Matchday Ticket Alert,True,False,False,False,2025-09-07 18:51:57
S004458,Matchday Ticket Alert,True,False,False,False,2025-02-09 06:26:15
S004897,Stadium Tour Promo,True,False,False,False,2025-09-06 23:39:23
S001311,Champions League Hospitality,True,False,False,False,2025-09-02 19:27:21
S003989,Re-engagement Winback,True,False,False,False,2025-09-06 03:14:21
S002998,Membership Drive,True,False,False,False,2025-04-15 03:20:14
S004642,Champions League Hospitality,True,False,False,False,2025-09-14 05:51:31
S002683,New Home Kit Launch,True,False,False,False,2024-11-16 02:47:05
S003170,Champions League Hospitality,True,True,False,False,2025-09-08 09:01:54
S004650,Membership Drive,True,False,False,False,2025-05-07 18:48:02
S000643,Membership Drive,True,False,False,False,2025-09-14 09:58:32
S003914,Season Ticket Renewal,True,True,True,False,2025-09-15 07:37:09
S000309,Membership Drive,True,False,False,False,2025-05-03 02:43:02
S001454,Black Friday Store,True,False,False,False,2025-09-02 10:53:15
S002648,Membership Drive,True,False,False,False,2025-03-29 12:07:13
S002347,Stadium Tour Promo,True,False,False,False,2025-04-20 10:49:29
S004074,Membership Drive,True,True,True,True,2025-07-01 02:08:58
S002695,New Home Kit Launch,True,True,False,False,2025-08-28 14:19:42
S000830,Re-engagement Winback,True,False,False,False,2025-01-29 17:58:34
S001288,Black Friday Store,True,False,False,False,2025-04-13 10:42:30
S001360,Membership Drive,True,True,False,False,2025-04-20 13:42:21
S001126,Season Ticket Renewal,True,False,False,False,2025-08-23 11:43:45
S004849,Champions League Hospitality,True,True,True,True,2025-08-07 14:16:44
S000003,Membership Drive,True,False,False,False,2025-08-27 18:09:19
S000008,New Home Kit Launch,True,False,False,False,2025-08-26 11:59:31
S003400,Black Friday Store,True,False,False,False,2025-09-05 23:36:00
S001669,Re-engagement Winback,True,False,False,False,2025-09-11 12:55:05
S003881,International Fan Club,True,True,False,False,2025-08-26 03:01:03
S002637,Season Ticket Renewal,True,False,False,False,2025-04-16 21:07:35
S004312,Black Friday Store,True,False,False,False,2025-09-19 23:26:29
S002198,Stadium Tour Promo,True,False,False,False,2025-09-13 03:58:16
S001234,Membership Drive,True,True,True,False,2025-02-27 09:23:58
S003522,New Home Kit Launch,True,True,False,False,2025-09-10 10:50:07
S004923,Champions League Hospitality,True,True,True,True,2025-04-16 21:30:02
S003557,Membership Drive,True,True,False,False,2025-04-28 23:32:28
S001580,Matchday Ticket Alert,True,False,False,False,2024-11-05 09:45:36
S000022,Champions League Hospitality,True,False,False,False,2025-01-16 01:41:49
S003008,Matchday Ticket Alert,True,False,False,False,2025-09-05 04:00:17
S002678,Black Friday Store,True,False,False,False,2025-02-14 21:05:48
S001662,Stadium Tour Promo,True,False,False,False,2025-08-13 03:44:50
S001165,Champions League Hospitality,True,True,True,False,2025-09-09 19:30:51
S003198,Season Ticket Renewal,True,False,False,False,2024-12-27 07:35:39
S002033,Black Friday Store,True,False,False,False,2025-06-28 22:08:47
S002284,New Home Kit Launch,True,True,True,False,2025-05-17 17:27:04
S002360,New Home Kit Launch,True,True,False,False,2025-02-14 21:11:28
S000785,Matchday Ticket Alert,True,False,False,False,2025-05-31 04:30:35
S000945,Season Ticket Renewal,True,False,False,False,2024-11-05 15:19:05
S001150,New Home Kit Launch,True,False,False,False,2024-09-23 12:19:43
S001994,Black Friday Store,True,True,False,False,2025-06-29 20:24:26
S004183,Re-engagement Winback,True,False,False,False,2025-08-31 18:00:09
S002454,Stadium Tour Promo,True,True,False,False,2025-02-16 03:52:36
S004460,Stadium Tour Promo,True,False,False,False,2024-10-06 06:19:17
S000729,Membership Drive,True,False,False,False,2025-09-08 02:54:41
S000879,Stadium Tour Promo,True,True,False,False,2025-08-24 22:58:33
S001182,Re-engagement Winback,True,False,False,False,2025-05-24 09:12:05
S000272,Black Friday Store,True,True,True,False,2024-12-07 03:19:48
S002489,Stadium Tour Promo,True,False,False,False,2025-09-02 08:09:45
S003966,Membership Drive,True,True,False,False,2025-03-15 07:13:50
S003607,Matchday Ticket Alert,True,True,True,True,2025-09-19 05:00:47
S002385,Season Ticket Renewal,True,True,False,False,2024-11-07 06:37:26
S002512,Matchday Ticket Alert,True,True,False,False,2025-09-05 07:33:35
S004432,Champions League Hospitality,True,True,False,False,2025-09-06 14:43:33
S002161,Black Friday Store,True,False,False,False,2025-08-25 10:44:09
S004921,Champions League Hospitality,True,True,False,False,2025-08-29 22:32:58
S003498,Black Friday Store,True,False,False,False,2024-10-15 12:47:27
S004228,Re-engagement Winback,True,True,False,False,2025-07-10 10:45:10
S004745,International Fan Club,True,False,False,False,2025-09-19 05:55:12
S004153,Black Friday Store,True,True,True,False,2025-09-16 22:59:43
S000556,International Fan Club,True,False,False,False,2025-03-16 06:08:20
S000703,Stadium Tour Promo,True,False,False,False,2025-03-05 13:25:49
S000161,International Fan Club,True,False,False,False,2025-09-16 22:02:44
S001834,International Fan Club,True,False,False,False,2024-11-21 15:20:17
S004539,Matchday Ticket Alert,True,False,False,False,2025-02-08 16:09:52
S003151,Champions League Hospitality,True,True,True,False,2025-09-15 06:30:07
S004734,International Fan Club,True,True,True,False,2025-08-19 17:54:44
S003033,Black Friday Store,True,True,False,False,2024-09-27 06:34:32
S000797,International Fan Club,True,True,True,False,2025-08-27 22:31:54
S004247,New Home Kit Launch,True,False,False,False,2025-05-23 21:03:36
S000764,Season Ticket Renewal,True,False,False,False,2025-06-04 14:21:44
S004940,Matchday Ticket Alert,True,True,False,False,2025-08-23 06:20:31
S000516,Re-engagement Winback,True,False,False,False,2024-10-29 07:23:01
S003138,Season Ticket Renewal,True,False,False,False,2025-08-31 14:21:17
S001533,Black Friday Store,True,True,True,False,2025-09-13 06:29:38
S004743,Stadium Tour Promo,True,True,False,False,2025-06-10 15:29:53
S002094,International Fan Club,True,True,True,False,2025-08-31 03:14:44
S004339,Re-engagement Winback,True,False,False,False,2025-09-11 17:13:40
S004449,New Home Kit Launch,True,True,False,False,2025-05-16 04:40:36
S002100,Champions League Hospitality,True,False,False,False,2025-04-19 09:41:24
S000865,Champions League Hospitality,True,True,False,False,2025-08-21 06:01:25
S000832,International Fan Club,True,True,False,False,2024-11-19 14:49:59
S003836,Season Ticket Renewal,True,True,False,False,2025-08-22 05:38:17
S001484,New Home Kit Launch,True,False,False,False,2025-01-05 14:22:47
S004048,Matchday Ticket Alert,True,True,False,False,2024-11-06 09:43:42
S001154,Champions League Hospitality,True,True,True,False,2025-08-27 06:32:56
S004995,New Home Kit Launch,True,False,False,False,2025-02-16 01:29:48
S004531,International Fan Club,True,True,True,False,2025-06-03 17:42:20
S002869,Champions League Hospitality,True,False,False,False,2024-10-15 21:30:23
S002100,Stadium Tour Promo,True,False,False,False,2025-04-27 14:16:35
S002496,Season Ticket Renewal,True,False,False,False,2025-09-10 00:37:50
S003777,Membership Drive,True,True,True,True,2025-08-25 12:54:26
S002342,Champions League Hospitality,True,False,False,False,2024-12-03 22:28:01
S002776,International Fan Club,True,False,False,False,2025-05-12 21:56:23
S001031,International Fan Club,True,True,True,False,2025-08-25 10:28:06
S000537,Matchday Ticket Alert,True,True,False,False,2025-09-20 02:24:30
S001604,Stadium Tour Promo,True,True,False,False,2025-09-17 21:21:50
S002447,Membership Drive,True,True,False,False,2025-09-08 08:32:29
S004062,Season Ticket Renewal,True,False,False,False,2024-12-21 09:59:37
S003294,Season Ticket Renewal,True,False,False,False,2025-07-17 06:40:37
S003966,Stadium Tour Promo,True,False,False,False,2025-09-05 19:42:45
S004704,Re-engagement Winback,True,True,False,False,2024-11-09 18:00:20
S004467,Stadium Tour Promo,True,True,True,False,2025-09-01 06:51:04
S003765,Season Ticket Renewal,True,True,False,False,2025-08-24 22:59:34
S000559,Black Friday Store,True,True,True,False,2025-04-08 05:36:43
S002128,New Home Kit Launch,True,True,True,False,2025-08-25 15:09:46
S002005,Membership Drive,True,False,False,False,2025-08-22 05:52:43
S002145,New Home Kit Launch,True,False,False,False,2025-04-04 22:07:45
S000292,Matchday Ticket Alert,True,False,False,False,2025-02-23 12:21:20
S004481,Matchday Ticket Alert,True,False,False,False,2024-10-31 13:20:21
S004605,International Fan Club,True,False,False,False,2025-06-19 01:36:25
S004036,Membership Drive,True,True,True,True,2025-09-14 15:13:52
S003261,Membership Drive,True,False,False,False,2025-09-05 21:21:58
S000081,Stadium Tour Promo,True,False,False,False,2025-07-06 11:01:06
S003141,International Fan Club,True,True,True,False,2025-08-27 21:40:06
S003210,International Fan Club,True,True,True,True,2024-10-03 05:57:29
S001151,Re-engagement Winback,True,False,False,False,2024-12-05 09:54:18
S003473,Champions League Hospitality,True,True,True,False,2025-09-15 01:35:25
S004542,Matchday Ticket Alert,True,True,False,False,2025-06-05 08:03:59
S002727,International Fan Club,True,False,False,False,2025-07-13 00:43:44
S004668,Membership Drive,True,True,True,False,2025-01-10 13:13:28
S004246,Champions League Hospitality,True,False,False,False,2024-11-18 21:22:22
S000718,Champions League Hospitality,True,True,False,False,2025-09-18 15:44:08
S002176,Matchday Ticket Alert,True,False,False,False,2025-04-19 17:38:15
S000030,New Home Kit Launch,True,False,False,False,2024-12-17 23:37:44
S000856,Black Friday Store,True,False,False,False,2025-06-30 09:20:50
S003901,Season Ticket Renewal,True,True,False,False,2025-01-16 06:04:18
S001179,Season Ticket Renewal,True,True,True,False,2025-09-18 10:57:52
S001569,Black Friday Store,True,False,False,False,2025-09-12 21:23:45
S003810,Black Friday Store,True,False,False,False,2025-08-08 18:55:31
S002599,New Home Kit Launch,True,False,False,False,2025-08-01 05:23:08
S001576,Matchday Ticket Alert,True,True,False,False,2025-05-14 13:58:31
S004194,International Fan Club,True,False,False,False,2025-01-26 06:12:35
S001326,Membership Drive,True,False,False,False,2024-10-22 08:24:38
S001964,Black Friday Store,True,True,False,False,2025-07-13 11:46:35
S004049,International Fan Club,True,False,False,False,2025-08-30 02:30:18
S000005,Re-engagement Winback,True,True,False,False,2025-04-28 07:24:23
S001453,Stadium Tour Promo,True,False,False,False,2025-02-17 05:11:18
S000265,Membership Drive,True,False,False,False,2025-09-02 13:55:09
S004592,Stadium Tour Promo,True,True,True,False,2025-03-27 12:30:48
S004340,Season Ticket Renewal,True,False,False,False,2025-09-10 03:26:23
S004931,International Fan Club,True,False,False,False,2025-07-10 22:25:31
S001512,New Home Kit Launch,True,False,False,False,2024-10-30 11:58:51
S002816,Re-engagement Winback,True,False,False,False,2024-11-25 23:00:41
S003035,Black Friday Store,True,False,False,False,2025-09-12 20:42:27
S000103,Stadium Tour Promo,True,True,True,True,2025-09-11 15:44:57
S004429,Stadium Tour Promo,True,False,False,False,2025-01-04 04:31:31
S002978,New Home Kit Launch,True,False,False,False,2025-07-31 21:51:22
S004351,International Fan Club,True,True,False,False,2025-03-22 10:52:21
S004459,Matchday Ticket Alert,True,True,False,False,2025-05-14 02:07:28
S003527,Black Friday Store,True,False,False,False,2025-09-11 23:07:34
S001522,Membership Drive,True,True,False,False,2025-02-01 22:34:23
S004778,New Home Kit Launch,True,False,False,False,2025-09-06 22:22:39
S003281,Season Ticket Renewal,True,False,False,False,2025-01-18 02:06:09
S001087,Re-engagement Winback,True,True,False,False,2025-09-20 08:46:05
S002424,International Fan Club,True,True,True,False,2025-05-20 22:34:20
S000389,Champions League Hospitality,True,False,False,False,2025-09-18 01:54:46
S004575,Stadium Tour Promo,True,True,False,False,2025-09-08 02:43:44
S001910,Membership Drive,True,False,False,False,2025-08-21 18:17:46
S000939,Matchday Ticket Alert,True,True,True,False,2024-11-07 14:45:33
S003769,Black Friday Store,True,False,False,False,2025-02-07 14:39:04
S002430,Membership Drive,True,False,False,False,2025-09-19 12:42:42
S002511,Champions League Hospitality,True,False,False,False,2025-03-24 10:45:43
S000798,Stadium Tour Promo,True,False,False,False,2025-08-31 09:50:21
S004213,Membership Drive,True,True,True,False,2025-01-06 14:40:39
S002492,International Fan Club,True,False,False,False,2025-04-29 14:38:20
S004071,New Home Kit Launch,True,False,False,False,2025-09-07 20:08:28
S001763,Stadium Tour Promo,True,False,False,False,2024-10-29 05:37:40
S002735,Matchday Ticket Alert,True,False,False,False,2024-12-21 21:22:00
S003409,Re-engagement Winback,True,True,False,False,2025-08-29 14:10:03
S001685,Season Ticket Renewal,True,True,True,False,2024-12-13 02:38:58
S001377,Membership Drive,True,True,False,False,2025-09-16 20:57:25
S001858,New Home Kit Launch,True,True,False,False,2025-04-21 09:39:22
S000524,New Home Kit Launch,True,True,False,False,2025-09-19 13:09:49
S003763,Season Ticket Renewal,True,False,False,False,2025-09-17 19:02:26
S004137,New Home Kit Launch,True,True,True,False,2024-12-23 03:00:37
S001660,Stadium Tour Promo,True,False,False,False,2025-09-01 08:19:10
S004658,Champions League Hospitality,True,True,True,True,2025-08-30 12:57:50
S000915,Season Ticket Renewal,True,False,False,False,2025-07-25 09:12:25
S000259,Champions League Hospitality,True,False,False,False,2025-08-29 06:32:01
S000690,Champions League Hospitality,True,True,False,False,2025-03-27 10:57:43
S000942,Membership Drive,True,False,False,False,2025-04-20 13:17:18
S004830,Membership Drive,True,False,False,False,2025-09-17 13:49:09
S000894,New Home Kit Launch,True,False,False,False,2024-11-04 07:17:50
S003128,Season Ticket Renewal,True,True,False,False,2025-09-04 08:44:58
S004448,Re-engagement Winback,True,True,False,False,2025-08-28 20:22:05
S000614,Matchday Ticket Alert,True,False,False,False,2025-09-07 06:02:54
S004320,Re-engagement Winback,True,True,False,False,2025-05-07 23:46:13
S000833,Matchday Ticket Alert,True,True,True,False,2025-09-02 20:56:24
S001727,Stadium Tour Promo,True,True,False,False,2024-10-09 20:36:47
S003414,Champions League Hospitality,True,True,False,False,2025-09-03 17:11:13
S001523,International Fan Club,True,True,True,False,2025-09-06 12:25:20
S000553,Champions League Hospitality,True,True,True,False,2025-03-04 18:09:14
S003143,Re-engagement Winback,True,True,True,False,2025-09-15 08:57:02
S002411,Re-engagement Winback,True,True,False,False,2025-08-29 00:21:25
S000472,Matchday Ticket Alert,True,False,False,False,2025-09-19 23:21:04
S001884,New Home Kit Launch,True,True,False,False,2025-09-15 08:56:49
S003864,Membership Drive,True,True,False,False,2025-09-04 06:58:53
S000647,Stadium Tour Promo,True,False,False,False,2025-09-03 14:19:49
S001949,International Fan Club,True,False,False,False,2025-09-19 14:29:14
S002499,Black Friday Store,True,True,False,False,2025-09-10 20:03:27
S004071,Membership Drive,True,False,False,False,2025-08-31 10:27:53
S003600,Season Ticket Renewal,True,True,True,False,2025-08-24 18:38:38
S003168,Stadium Tour Promo,True,False,False,False,2025-09-04 03:30:20
S002466,Black Friday Store,True,False,False,False,2025-08-30 17:23:51
S004169,New Home Kit Launch,True,False,False,False,2024-10-18 12:46:15
S000171,Champions League Hospitality,True,False,False,False,2025-07-10 12:29:51
S004569,Champions League Hospitality,True,False,False,False,2025-06-20 15:17:52
S003681,Membership Drive,True,False,False,False,2025-08-27 16:19:37
S004459,Matchday Ticket Alert,True,False,False,False,2025-08-04 16:52:09
S001243,Re-engagement Winback,True,False,False,False,2025-09-11 18:03:30
S003905,Matchday Ticket Alert,True,False,False,False,2025-04-03 06:30:14
S000258,Stadium Tour Promo,True,True,False,False,2024-12-20 15:19:48
S000113,Stadium Tour Promo,True,False,False,False,2025-02-22 18:51:45
S001845,Re-engagement Winback,True,True,False,False,2025-09-04 00:07:28
S000658,New Home Kit Launch,True,False,False,False,2025-08-22 01:22:04
S001249,Champions League Hospitality,True,False,False,False,2025-01-27 03:04:17
S002029,Stadium Tour Promo,True,False,False,False,2025-08-30 22:02:56
S003575,Season Ticket Renewal,True,False,False,False,2024-12-22 03:00:20
S001112,New Home Kit Launch,True,False,False,False,2024-11-09 06:23:23
S000582,Re-engagement Winback,True,False,False,False,2024-11-29 01:29:07
S004701,Re-engagement Winback,True,True,True,False,2025-09-18 11:44:57
S000585,Black Friday Store,True,False,False,False,2025-09-12 02:26:51
S001876,Stadium Tour Promo,True,True,False,False,2025-09-14 21:01:54
S000140,International Fan Club,True,True,False,False,2025-02-01 08:00:51
S003599,Champions League Hospitality,True,True,True,True,2025-09-03 03:00:51
S003085,Re-engagement Winback,True,True,True,False,2025-08-22 21:29:00
S002243,Membership Drive,True,False,False,False,2024-10-26 05:32:44
S001488,Matchday Ticket Alert,True,False,False,False,2025-09-02 07:16:45
S001277,Matchday Ticket Alert,True,False,False,False,2024-10-28 02:14:06
S004536,International Fan Club,True,False,False,False,2025-07-03 03:41:25
S002450,Champions League Hospitality,True,False,False,False,2025-08-29 07:04:20
S001693,Season Ticket Renewal,True,True,False,False,2024-10-04 22:42:43
S000944,Season Ticket Renewal,True,False,False,False,2024-12-14 23:45:37
S000201,International Fan Club,True,False,False,False,2025-05-09 05:12:35
S003765,Season Ticket Renewal,True,True,True,False,2025-09-17 08:00:24
S001927,Matchday Ticket Alert,True,False,False,False,2025-08-13 20:07:00
S003059,New Home Kit Launch,True,False,False,False,2025-07-10 03:54:34
S004170,New Home Kit Launch,True,False,False,False,2025-09-17 02:42:57
S000087,Membership Drive,True,False,False,False,2025-08-31 04:53:39
S000178,Season Ticket Renewal,True,True,True,False,2025-09-09 13:47:40
S003947,Membership Drive,True,False,False,False,2024-12-23 18:40:11
S003651,Matchday Ticket Alert,True,False,False,False,2024-11-14 15:20:06
S003013,Champions League Hospitality,True,False,False,False,2024-10-20 14:22:07
S003547,Stadium Tour Promo,True,True,False,False,2025-02-15 13:36:04
S002594,Season Ticket Renewal,True,True,False,False,2025-04-17 21:46:00
S004480,Season Ticket Renewal,True,False,False,False,2024-10-11 08:21:25
S003712,Season Ticket Renewal,True,True,False,False,2025-08-27 01:56:15
S003659,Membership Drive,True,True,True,False,2025-09-05 02:07:02
S003180,International Fan Club,True,False,False,False,2025-07-15 17:03:09
S000746,Stadium Tour Promo,True,False,False,False,2025-08-31 22:16:34
S002296,Stadium Tour Promo,True,False,False,False,2025-08-25 12:29:00
S004487,Matchday Ticket Alert,True,False,False,False,2025-04-01 02:34:05
S000902,Stadium Tour Promo,True,False,False,False,2025-09-01 21:09:37
S000924,Membership Drive,True,True,True,False,2025-08-26 09:34:49
S001477,New Home Kit Launch,True,True,False,False,2025-01-23 12:51:18
S001317,Membership Drive,True,False,False,False,2025-09-18 23:39:18
S004123,Matchday Ticket Alert,True,False,False,False,2025-02-22 08:12:01
S002258,Champions League Hospitality,True,False,False,False,2025-08-22 05:01:34
S002493,New Home Kit Launch,True,True,True,False,2025-09-11 03:51:01
S004548,Black Friday Store,True,True,False,False,2025-09-12 19:05:53
S003346,Matchday Ticket Alert,True,False,False,False,2025-02-20 05:43:55
S002048,Season Ticket Renewal,True,False,False,False,2025-09-14 21:05:37
S000009,International Fan Club,True,False,False,False,2025-09-19 09:37:47
S001061,Membership Drive,True,False,False,False,2025-08-29 16:42:53
S000170,Re-engagement Winback,True,False,False,False,2025-03-22 11:07:28
S003771,Matchday Ticket Alert,True,False,False,False,2025-09-11 06:48:36
S001866,Membership Drive,True,True,False,False,2025-08-26 07:33:18
S002563,Season Ticket Renewal,True,False,False,False,2024-11-15 00:24:41
S004080,New Home Kit Launch,True,False,False,False,2025-06-14 10:28:16
S001014,Champions League Hospitality,True,False,False,False,2025-06-28 02:46:49
S004877,Matchday Ticket Alert,True,True,False,False,2025-03-16 22:15:04
S003286,Champions League Hospitality,True,True,False,False,2025-08-25 20:29:23
S000873,Matchday Ticket Alert,True,True,False,False,2025-07-18 01:06:26
S001863,Re-engagement Winback,True,True,True,False,2025-09-07 19:46:43
S003588,Season Ticket Renewal,True,True,False,False,2025-08-22 01:19:00
S004004,International Fan Club,True,False,False,False,2025-07-22 15:08:59
S003747,New Home Kit Launch,True,True,False,False,2025-07-28 23:13:33
S001040,Season Ticket Renewal,True,False,False,False,2025-04-10 19:24:43
S003182,Re-engagement Winback,True,False,False,False,2025-09-12 04:20:23
S003134,Season Ticket Renewal,True,True,False,False,2025-08-18 18:08:10
S000208,Matchday Ticket Alert,True,False,False,False,2025-01-18 09:36:27
S004260,International Fan Club,True,False,False,False,2025-09-06 02:39:16
S000328,Black Friday Store,True,True,True,False,2025-03-20 17:21:53
S004723,New Home Kit Launch,True,False,False,False,2025-05-29 19:08:39
S003687,Matchday Ticket Alert,True,False,False,False,2025-09-08 01:57:35
S003989,Black Friday Store,True,False,False,False,2025-09-10 13:27:01
S001057,Matchday Ticket Alert,True,True,True,False,2025-09-19 17:02:26
S001238,Black Friday Store,True,False,False,False,2025-08-27 03:02:39
S002362,Champions League Hospitality,True,True,False,False,2025-04-03 03:12:12
S004480,Re-engagement Winback,True,False,False,False,2025-05-20 19:29:59
S004637,Black Friday Store,True,False,False,False,2024-12-07 21:35:44
S001087,Black Friday Store,True,False,False,False,2025-08-04 22:30:12
S001887,Stadium Tour Promo,True,False,False,False,2025-09-03 20:03:59
S002626,International Fan Club,True,False,False,False,2025-09-09 23:23:02
S001398,Re-engagement Winback,True,False,False,False,2025-06-17 12:41:53
S002295,Season Ticket Renewal,True,False,False,False,2025-02-13 16:32:50
S004112,Champions League Hospitality,True,False,False,False,2025-01-31 22:35:09
S000524,Stadium Tour Promo,True,True,True,False,2025-09-03 19:04:59
S003045,Matchday Ticket Alert,True,True,True,True,2025-09-15 08:31:00
S003195,Black Friday Store,True,False,False,False,2025-07-04 10:13:05
S003788,New Home Kit Launch,True,True,True,False,2025-02-02 12:39:41
S003532,Matchday Ticket Alert,True,False,False,False,2024-11-12 19:49:32
S004881,Champions League Hospitality,True,False,False,False,2025-06-23 12:54:43
S002608,Membership Drive,True,True,False,False,2024-12-23 20:33:40
S003996,Re-engagement Winback,True,True,False,False,2025-05-08 01:20:09
S001683,Matchday Ticket Alert,True,False,False,False,2025-06-20 22:47:58
S001229,Season Ticket Renewal,True,False,False,False,2025-09-06 14:29:09
S003336,Matchday Ticket Alert,True,False,False,False,2024-12-15 07:38:16
S000165,New Home Kit Launch,True,True,False,False,2025-02-20 05:13:00
S000222,Champions League Hospitality,True,False,False,False,2025-07-19 03:03:12
S000769,New Home Kit Launch,True,True,False,False,2025-03-29 13:03:35
S002335,Champions League Hospitality,True,False,False,False,2025-09-16 13:58:07
S000881,New Home Kit Launch,True,True,False,False,2025-01-24 17:11:48
S001742,Matchday Ticket Alert,True,False,False,False,2024-10-23 12:49:13
S002513,Champions League Hospitality,True,True,True,False,2024-12-13 05:39:44
S002896,Black Friday Store,True,False,False,False,2025-03-18 03:57:02
S002362,New Home Kit Launch,True,True,True,False,2025-08-04 16:15:57
S000310,International Fan Club,True,True,False,False,2025-09-04 03:10:45
S002799,Matchday Ticket Alert,True,True,False,False,2025-09-17 03:36:10
S003623,Matchday Ticket Alert,True,False,False,False,2025-01-11 21:28:14
S000113,Matchday Ticket Alert,True,True,False,False,2025-09-10 17:20:41
S004725,New Home Kit Launch,True,False,False,False,2025-04-13 13:13:08
S004035,International Fan Club,True,False,False,False,2025-02-14 21:26:14
S004840,Season Ticket Renewal,True,True,False,False,2025-04-09 11:56:45
S004380,International Fan Club,True,True,False,False,2024-11-12 03:45:30
S002884,Stadium Tour Promo,True,True,True,False,2025-08-31 02:10:04
S002849,Champions League Hospitality,True,True,True,True,2025-09-05 16:49:28
S000190,Stadium Tour Promo,True,True,True,False,2025-08-24 10:29:51
S002546,Stadium Tour Promo,True,False,False,False,2025-06-14 10:54:57
S003026,Matchday Ticket Alert,True,True,True,False,2025-09-16 14:47:47
S004697,Membership Drive,True,False,False,False,2025-06-14 07:59:51
S001800,Stadium Tour Promo,True,False,False,False,2025-03-03 18:33:28
S003452,Membership Drive,True,False,False,False,2025-01-22 20:19:40
S000760,Season Ticket Renewal,True,False,False,False,2025-08-22 01:05:25
S000638,Stadium Tour Promo,True,True,False,False,2025-08-29 05:41:19
S000290,Black Friday Store,True,True,False,False,2024-11-01 12:30:13
S004148,New Home Kit Launch,True,True,False,False,2025-08-27 19:24:50
S000373,Black Friday Store,True,False,False,False,2024-10-25 06:40:42
S003315,Season Ticket Renewal,True,False,False,False,2025-03-27 20:19:17
S002092,International Fan Club,True,False,False,False,2025-03-25 07:49:03
S003693,Matchday Ticket Alert,True,False,False,False,2025-09-01 14:14:19
S004609,Matchday Ticket Alert,True,False,False,False,2024-12-12 21:48:15
S000770,Stadium Tour Promo,True,True,True,False,2025-08-31 01:07:24
S002233,International Fan Club,True,False,False,False,2024-11-12 00:00:15
S001188,Season Ticket Renewal,True,False,False,False,2025-09-04 23:30:21
S001397,Season Ticket Renewal,True,False,False,False,2025-01-14 01:23:04
S000761,Matchday Ticket Alert,True,False,False,False,2025-06-29 02:36:10
S002005,New Home Kit Launch,True,True,False,False,2025-09-11 06:57:27
S000642,Season Ticket Renewal,True,True,False,False,2025-09-16 13:54:03
S000269,Stadium Tour Promo,True,True,False,False,2025-08-07 19:28:16
S003114,International Fan Club,True,True,True,True,2025-09-09 15:47:06
S004357,Black Friday Store,True,False,False,False,2024-12-28 21:12:53
S002201,Stadium Tour Promo,True,False,False,False,2024-11-16 21:26:51
S003014,Stadium Tour Promo,True,True,False,False,2025-08-26 03:59:51
S002538,Stadium Tour Promo,True,False,False,False,2025-09-17 03:50:07
S003426,Re-engagement Winback,True,True,False,False,2025-08-25 01:56:08
S002271,Season Ticket Renewal,True,True,False,False,2025-05-05 09:44:55
S003758,New Home Kit Launch,True,False,False,False,2024-12-28 14:03:54
S004835,Champions League Hospitality,True,False,False,False,2025-08-27 00:38:58
S003588,Season Ticket Renewal,True,True,True,False,2025-09-09 17:44:59
S000228,International Fan Club,True,False,False,False,2024-10-19 13:30:33
S004071,International Fan Club,True,True,False,False,2025-09-05 17:24:19
S002570,Matchday Ticket Alert,True,True,False,False,2025-09-05 20:36:12
S004240,New Home Kit Launch,True,False,False,False,2025-09-03 23:58:59
S004256,Stadium Tour Promo,True,False,False,False,2025-09-04 23:10:17
S002183,Season Ticket Renewal,True,False,False,False,2025-09-11 06:31:24
S001424,Stadium Tour Promo,True,True,True,True,2025-07-13 16:11:21
S002974,Stadium Tour Promo,True,False,False,False,2025-04-17 19:55:52
S004387,Season Ticket Renewal,True,True,True,False,2025-02-13 11:08:01
S002799,Black Friday Store,True,False,False,False,2025-08-26 10:46:52
S000546,Matchday Ticket Alert,True,True,False,False,2025-06-27 22:17:52
S001642,Membership Drive,True,False,False,False,2025-09-13 18:57:40
S002314,Re-engagement Winback,True,False,False,False,2025-09-05 09:51:46
S004953,Stadium Tour Promo,True,False,False,False,2024-12-25 00:42:55
S000835,Stadium Tour Promo,True,False,False,False,2025-08-25 17:14:16
S003706,Champions League Hospitality,True,False,False,False,2025-01-30 11:39:32
S004560,Membership Drive,True,False,False,False,2025-01-22 18:35:02
S001319,New Home Kit Launch,True,False,False,False,2025-09-11 21:07:02
S003255,International Fan Club,True,True,True,False,2025-09-04 09:32:06
S002634,Re-engagement Winback,True,False,False,False,2024-11-12 16:55:17
S001746,Champions League Hospitality,True,False,False,False,2025-09-11 12:30:00
S004628,Champions League Hospitality,True,False,False,False,2025-08-23 10:11:03
S002410,Season Ticket Renewal,True,False,False,False,2025-08-22 01:59:32
S002587,New Home Kit Launch,True,False,False,False,2025-08-27 09:10:15
S003499,Champions League Hospitality,True,False,False,False,2025-01-17 03:59:48
S004554,International Fan Club,True,False,False,False,2025-09-15 12:34:03
S000625,Black Friday Store,True,True,False,False,2025-08-29 02:12:13
S001967,Membership Drive,True,False,False,False,2025-09-18 13:51:45
S001543,Matchday Ticket Alert,True,False,False,False,2025-02-22 17:44:08
S002623,Black Friday Store,True,False,False,False,2025-07-03 17:38:50
S004632,International Fan Club,True,False,False,False,2025-06-01 11:12:56
S004233,International Fan Club,True,False,False,False,2025-01-29 23:50:34
S002391,New Home Kit Launch,True,False,False,False,2024-10-31 04:59:32
S001253,Membership Drive,True,True,True,False,2025-08-27 08:40:41
S003550,Season Ticket Renewal,True,False,False,False,2025-09-05 19:09:10
S000981,Black Friday Store,True,False,False,False,2025-08-30 03:20:52
S001000,Season Ticket Renewal,True,False,False,False,2025-09-19 15:28:43
S003694,Re-engagement Winback,True,True,False,False,2025-07-25 13:47:21
S003747,Champions League Hospitality,True,True,True,True,2025-02-02 02:31:20
S002001,Matchday Ticket Alert,True,True,False,False,2025-07-08 11:55:01
S000797,Re-engagement Winback,True,False,False,False,2025-09-01 18:48:46
S001639,Membership Drive,True,False,False,False,2025-03-01 04:05:27
S004526,Membership Drive,True,True,True,False,2025-09-09 00:30:36
S003731,Matchday Ticket Alert,True,True,False,False,2025-09-11 08:05:33
S000871,Membership Drive,True,False,False,False,2025-01-18 20:10:47
S001102,Stadium Tour Promo,True,False,False,False,2025-04-13 03:54:55
S004664,Season Ticket Renewal,True,False,False,False,2025-02-26 13:20:19
S001780,New Home Kit Launch,True,False,False,False,2025-08-26 12:13:39
S000817,Season Ticket Renewal,True,False,False,False,2025-04-04 06:32:53
S004576,Re-engagement Winback,True,True,False,False,2025-07-05 03:39:15
S003495,Stadium Tour Promo,True,True,False,False,2025-08-27 16:31:19
S000539,Season Ticket Renewal,True,False,False,False,2024-10-10 19:30:06
S000340,Black Friday Store,True,True,True,False,2025-08-29 07:06:03
S003875,Champions League Hospitality,True,False,False,False,2025-09-13 02:34:29
S004187,Season Ticket Renewal,True,False,False,False,2025-09-10 14:19:34
S004600,Matchday Ticket Alert,True,False,False,False,2025-08-04 16:43:16
S004240,Black Friday Store,True,True,True,False,2025-09-18 05:58:02
S004925,Matchday Ticket Alert,True,True,False,False,2025-08-30 11:34:52
S004260,Re-engagement Winback,True,False,False,False,2025-09-02 07:10:47
S003897,Membership Drive,True,False,False,False,2025-07-21 14:02:27
S001921,Season Ticket Renewal,True,True,False,False,2025-06-10 02:11:38
S004517,Membership Drive,True,False,False,False,2025-05-24 11:01:41
S004356,Re-engagement Winback,True,True,False,False,2024-11-08 10:16:47
S004023,Black Friday Store,True,False,False,False,2025-09-13 10:52:26
S001625,International Fan Club,True,True,False,False,2025-09-04 04:37:38
S000003,Matchday Ticket Alert,True,True,False,False,2025-06-22 04:38:08
S002524,Re-engagement Winback,True,False,False,False,2024-11-19 05:30:33
S001956,Re-engagement Winback,True,True,True,False,2025-09-18 08:38:15
S000186,International Fan Club,True,False,False,False,2024-12-20 20:01:37
S004120,Matchday Ticket Alert,True,True,True,False,2025-09-17 16:46:15
S002541,Champions League Hospitality,True,True,True,False,2025-02-23 17:16:36
S004550,Black Friday Store,True,False,False,False,2025-04-05 13:15:28
S002729,Stadium Tour Promo,True,False,False,False,2025-02-03 14:59:26
S003257,Re-engagement Winback,True,False,False,False,2024-10-02 01:11:33
S003380,New Home Kit Launch,True,True,False,False,2025-07-22 19:22:21
S003251,Black Friday Store,True,False,False,False,2025-03-19 11:52:39
S002329,Membership Drive,True,True,True,False,2025-08-29 17:02:54
S002377,Membership Drive,True,False,False,False,2024-12-03 23:26:40
S002489,Matchday Ticket Alert,True,False,False,False,2025-07-16 01:57:07
S000672,Re-engagement Winback,True,False,False,False,2025-04-11 20:42:15
S000046,Black Friday Store,True,False,False,False,2025-08-23 05:12:16
S001710,Re-engagement Winback,True,False,False,False,2025-08-27 10:56:02
S004004,International Fan Club,True,False,False,False,2024-12-18 09:27:06
S000807,International Fan Club,True,True,True,True,2025-03-05 05:18:19
S003876,Membership Drive,True,False,False,False,2025-08-27 21:29:55
S000211,Stadium Tour Promo,True,False,False,False,2025-09-09 12:44:27
S002590,Stadium Tour Promo,True,False,False,False,2025-03-04 16:15:29
S001494,New Home Kit Launch,True,False,False,False,2024-11-02 15:45:37
S004144,Champions League Hospitality,True,False,False,False,2024-10-06 11:40:18
S004557,International Fan Club,True,True,False,False,2025-09-14 17:46:44
S003305,Black Friday Store,True,False,False,False,2025-07-08 07:29:41
S002377,Re-engagement Winback,True,True,False,False,2025-06-10 17:46:31
S004181,Re-engagement Winback,True,False,False,False,2025-09-03 12:07:47
S000957,Champions League Hospitality,True,True,True,False,2025-09-07 04:56:28
S002784,Re-engagement Winback,True,True,True,True,2025-09-16 00:50:12
S003361,Membership Drive,True,False,False,False,2025-08-08 08:24:35
S001987,Re-engagement Winback,True,True,False,False,2025-03-13 04:12:02
S000695,Stadium Tour Promo,True,False,False,False,2025-05-18 02:34:58
S002289,Season Ticket Renewal,True,True,False,False,2025-09-08 21:32:47
S004361,New Home Kit Launch,True,False,False,False,2025-01-19 09:08:49
S004733,Champions League Hospitality,True,True,True,True,2025-09-20 11:03:14
S000984,Black Friday Store,True,True,False,False,2025-09-04 22:17:18
S004739,Membership Drive,True,False,False,False,2025-07-06 00:18:49
S000667,Matchday Ticket Alert,True,False,False,False,2025-08-23 15:46:12
S002526,Re-engagement Winback,True,True,False,False,2025-03-10 22:50:42
S001540,Champions League Hospitality,True,True,True,True,2025-04-03 22:06:00
S000083,Stadium Tour Promo,True,False,False,False,2024-10-24 01:15:35
S004078,Season Ticket Renewal,True,False,False,False,2025-09-04 09:48:31
S004931,New Home Kit Launch,True,False,False,False,2024-12-11 15:59:12
S000563,Champions League Hospitality,True,True,False,False,2024-09-20 20:02:02
S003742,Season Ticket Renewal,True,True,True,False,2025-09-01 10:04:37
S001354,Matchday Ticket Alert,True,False,False,False,2025-09-12 08:39:13
S001309,Champions League Hospitality,True,False,False,False,2025-06-29 03:06:34
S001014,New Home Kit Launch,True,False,False,False,2025-07-24 04:13:46
S000592,Matchday Ticket Alert,True,False,False,False,2024-09-27 18:51:30
S003403,New Home Kit Launch,True,False,False,False,2025-03-28 22:01:16
S001057,International Fan Club,True,False,False,False,2025-08-26 09:20:10
S002571,Champions League Hospitality,True,True,True,False,2025-09-19 06:49:03
S003115,Season Ticket Renewal,True,True,False,False,2025-09-01 11:54:19
S001381,Champions League Hospitality,True,True,False,False,2024-10-22 21:00:04
S002141,Champions League Hospitality,True,True,False,False,2025-08-23 23:58:38
S000800,International Fan Club,True,False,False,False,2025-09-07 19:28:08
S004870,Stadium Tour Promo,True,True,False,False,2025-08-28 23:40:12
S001055,Black Friday Store,True,False,False,False,2025-01-18 15:02:55
S001324,Black Friday Store,True,True,False,False,2025-09-13 06:31:26
S002012,Stadium Tour Promo,True,True,True,False,2025-01-19 22:07:27
S003804,Re-engagement Winback,True,False,False,False,2024-09-24 14:07:33
S001625,Stadium Tour Promo,True,False,False,False,2025-09-11 00:07:51
S004919,Black Friday Store,True,False,False,False,2025-04-16 23:00:29
S000643,Membership Drive,True,True,True,False,2025-05-02 21:05:52
S003508,Membership Drive,True,True,False,False,2025-09-17 07:14:25
S002318,Black Friday Store,True,False,False,False,2025-05-02 12:21:06
S000901,Matchday Ticket Alert,True,False,False,False,2024-10-07 06:43:31
S002998,Season Ticket Renewal,True,True,True,False,2024-12-17 12:01:23
S004424,Matchday Ticket Alert,True,False,False,False,2025-05-02 21:28:13
S001953,Membership Drive,True,False,False,False,2025-09-19 04:05:52
S002095,Re-engagement Winback,True,False,False,False,2024-11-29 18:06:00
S004365,Stadium Tour Promo,True,False,False,False,2025-06-14 13:45:24
S000471,International Fan Club,True,True,True,False,2024-10-07 16:00:49
S001924,International Fan Club,True,True,False,False,2025-08-24 06:46:38
S000066,Black Friday Store,True,False,False,False,2025-09-03 21:57:32
S000816,Season Ticket Renewal,True,True,True,False,2025-08-22 13:04:57
S004970,Stadium Tour Promo,True,False,False,False,2025-08-21 22:46:55
S002856,Champions League Hospitality,True,False,False,False,2025-08-16 20:24:58
S002348,Season Ticket Renewal,True,True,True,False,2025-09-19 05:34:10
S003090,Season Ticket Renewal,True,False,False,False,2025-09-20 06:46:32
S002082,Black Friday Store,True,False,False,False,2025-09-10 00:47:17
S004131,Re-engagement Winback,True,False,False,False,2025-06-13 15:07:49
S003796,Black Friday Store,True,False,False,False,2025-08-09 04:09:23
S002507,Champions League Hospitality,True,True,True,True,2025-01-29 14:56:31
S003261,Season Ticket Renewal,True,False,False,False,2025-08-21 16:18:43
S000814,Black Friday Store,True,False,False,False,2025-09-07 21:56:09
S001605,Season Ticket Renewal,True,False,False,False,2025-09-02 13:58:44
S001120,Matchday Ticket Alert,True,True,True,True,2025-08-25 21:14:21
S000267,Champions League Hospitality,True,True,False,False,2025-07-29 04:21:33
S004882,Season Ticket Renewal,True,False,False,False,2025-01-16 17:12:13
S004307,Membership Drive,True,True,True,True,2025-09-19 14:07:29
S000060,Champions League Hospitality,True,False,False,False,2025-05-31 16:50:03
S004428,Membership Drive,True,True,False,False,2025-06-08 16:56:00
S003829,Matchday Ticket Alert,True,True,False,False,2025-08-25 19:46:29
S004674,New Home Kit Launch,True,False,False,False,2025-05-18 08:13:21
S001581,Champions League Hospitality,True,True,False,False,2024-09-21 02:21:39
S001625,Champions League Hospitality,True,True,True,True,2025-09-12 08:06:16
S004540,New Home Kit Launch,True,False,False,False,2025-09-14 03:17:12
S001408,Black Friday Store,True,False,False,False,2025-08-23 17:54:50
S004807,Membership Drive,True,True,False,False,2025-09-18 14:34:55
S000903,New Home Kit Launch,True,False,False,False,2025-03-29 18:26:51
S002614,Re-engagement Winback,True,True,True,False,2025-09-17 09:48:26
S003753,Stadium Tour Promo,True,False,False,False,2025-08-28 11:10:58
S001188,Season Ticket Renewal,True,True,False,False,2025-09-18 00:40:16
S001122,Re-engagement Winback,True,True,False,False,2025-09-05 00:41:21
S004176,Season Ticket Renewal,True,False,False,False,2025-09-16 05:23:33
S003251,Black Friday Store,True,True,False,False,2025-02-08 13:43:43
S003984,Membership Drive,True,False,False,False,2025-08-24 03:02:07
S004019,Matchday Ticket Alert,True,True,True,False,2025-07-15 16:15:13
S001164,International Fan Club,True,True,True,False,2025-08-26 00:32:04
S001417,Re-engagement Winback,True,False,False,False,2025-05-14 14:51:07
S001133,Season Ticket Renewal,True,True,True,True,2025-04-07 14:16:46
S000436,Black Friday Store,True,True,False,False,2025-06-12 04:02:31
S002287,Membership Drive,True,False,False,False,2025-03-19 02:02:01
S002793,Re-engagement Winback,True,False,False,False,2025-07-16 02:45:20
S002144,Matchday Ticket Alert,True,False,False,False,2025-03-30 19:31:33
S002903,Black Friday Store,True,False,False,False,2025-03-26 16:38:55
S003424,Champions League Hospitality,True,True,False,False,2025-03-30 00:39:43
S000422,Membership Drive,True,False,False,False,2025-09-07 16:10:44
S001207,Black Friday Store,True,False,False,False,2025-05-18 14:09:54
S002799,Matchday Ticket Alert,True,True,False,False,2025-08-24 10:22:37
S001575,Matchday Ticket Alert,True,True,False,False,2025-07-08 09:51:14
S004317,International Fan Club,True,False,False,False,2025-09-05 09:20:09
S003594,Stadium Tour Promo,True,False,False,False,2025-08-02 08:51:07
S003043,New Home Kit Launch,True,True,False,False,2025-08-27 21:33:18
S004428,Membership Drive,True,True,False,False,2025-09-15 13:35:18
S003425,Re-engagement Winback,True,False,False,False,2025-04-08 21:16:16
S001269,Matchday Ticket Alert,True,False,False,False,2025-08-21 21:12:29
S002726,New Home Kit Launch,True,False,False,False,2025-09-04 15:47:29
S004755,International Fan Club,True,False,False,False,2025-04-16 06:33:11
S001710,Membership Drive,True,True,True,False,2025-09-04 21:22:52
S003203,Champions League Hospitality,True,False,False,False,2025-09-08 21:34:43
S002417,Champions League Hospitality,True,False,False,False,2025-09-04 17:50:18
S002096,New Home Kit Launch,True,False,False,False,2025-03-07 15:40:26
S003472,New Home Kit Launch,True,False,False,False,2025-09-02 21:45:40
S004767,Season Ticket Renewal,True,False,False,False,2025-09-17 22:13:40
S001262,New Home Kit Launch,True,True,True,True,2025-08-24 22:18:39
S000493,Champions League Hospitality,True,False,False,False,2024-09-26 05:13:21
S003290,Champions League Hospitality,True,False,False,False,2025-09-18 17:42:39
S003108,Membership Drive,True,False,False,False,2025-03-11 11:01:35
S001241,Season Ticket Renewal,True,False,False,False,2025-08-23 19:16:40
S002758,Membership Drive,True,True,True,False,2025-09-10 11:45:32
S001904,Season Ticket Renewal,True,False,False,False,2024-12-26 23:43:02
S002458,Champions League Hospitality,True,True,False,False,2025-09-13 18:59:28
S003799,Season Ticket Renewal,True,False,False,False,2025-08-27 13:02:40
S004467,Season Ticket Renewal,True,False,False,False,2025-09-11 21:33:44
S003856,Stadium Tour Promo,True,False,False,False,2025-09-06 01:22:03
S003517,New Home Kit Launch,True,True,True,False,2025-09-04 14:01:09
S004009,Re-engagement Winback,True,True,False,False,2024-11-09 01:50:33
S000615,Membership Drive,True,False,False,False,2024-10-25 05:11:02
S000055,New Home Kit Launch,True,False,False,False,2025-09-19 13:03:00
S000638,Membership Drive,True,True,False,False,2025-01-28 16:25:07
S002352,Stadium Tour Promo,True,True,False,False,2025-09-14 18:59:18
S001900,Re-engagement Winback,True,False,False,False,2025-09-14 06:46:48
S001291,Membership Drive,True,True,False,False,2025-09-04 21:35:16
S003261,Re-engagement Winback,True,True,False,False,2025-09-12 11:06:48
S003233,Re-engagement Winback,True,False,False,False,2024-10-30 10:56:32
S000091,Re-engagement Winback,True,True,False,False,2025-09-11 17:59:10
S001715,Matchday Ticket Alert,True,True,True,False,2025-09-06 20:28:47
S004505,Stadium Tour Promo,True,False,False,False,2025-09-15 18:01:41
S001735,Champions League Hospitality,True,False,False,False,2025-06-28 16:49:38
S002497,Membership Drive,True,False,False,False,2025-05-19 14:29:55
S001169,Black Friday Store,True,True,False,False,2025-08-26 07:21:40
S001694,Re-engagement Winback,True,False,False,False,2025-01-27 00:20:00
S000935,Stadium Tour Promo,True,False,False,False,2025-03-08 21:08:17
S000060,New Home Kit Launch,True,False,False,False,2025-08-29 10:55:51
S003037,Stadium Tour Promo,True,False,False,False,2024-12-24 17:53:04
S001233,Stadium Tour Promo,True,True,False,False,2025-09-10 16:06:45
S001988,International Fan Club,True,False,False,False,2024-10-29 01:57:10
S003429,New Home Kit Launch,True,False,False,False,2024-10-11 12:25:08
S000996,International Fan Club,True,False,False,False,2025-08-27 03:25:00
S003016,Champions League Hospitality,True,False,False,False,2025-09-05 11:09:07
S002176,Champions League Hospitality,True,True,False,False,2025-09-06 11:24:46
S003224,International Fan Club,True,True,False,False,2025-04-19 13:05:36
S001139,Re-engagement Winback,True,True,False,False,2025-07-30 03:27:25
S002146,Champions League Hospitality,True,False,False,False,2024-10-10 18:45:48
S003104,Membership Drive,True,True,True,False,2025-03-17 02:24:54
S001820,International Fan Club,True,False,False,False,2025-03-27 22:49:44
S000332,Matchday Ticket Alert,True,False,False,False,2025-04-17 13:11:15
S001797,Membership Drive,True,True,False,False,2025-09-08 06:08:19
S002229,New Home Kit Launch,True,True,True,True,2025-04-09 22:56:29
S002446,Re-engagement Winback,True,False,False,False,2025-03-07 19:38:57
S000524,Black Friday Store,True,True,False,False,2025-09-08 15:44:25
S001576,International Fan Club,True,False,False,False,2025-03-16 08:24:18
S001580,Season Ticket Renewal,True,False,False,False,2025-04-20 14:29:55
S003147,Champions League Hospitality,True,True,True,True,2024-12-27 06:47:20
S001082,New Home Kit Launch,True,False,False,False,2025-06-14 09:34:34
S001571,New Home Kit Launch,True,True,False,False,2025-05-22 18:17:42
S000673,Season Ticket Renewal,True,True,True,False,2025-08-29 12:33:30
S003474,Champions League Hospitality,True,True,False,False,2024-10-21 02:21:27
S003869,Black Friday Store,True,False,False,False,2025-06-18 19:44:09
S000659,Stadium Tour Promo,True,False,False,False,2025-01-28 18:52:56
S004275,Re-engagement Winback,True,True,False,False,2025-01-31 12:12:33
S004853,Black Friday Store,True,True,False,False,2025-06-19 11:30:22
S000189,Membership Drive,True,True,True,False,2025-01-20 19:12:41
S004824,Re-engagement Winback,True,False,False,False,2025-09-18 16:47:42
S004331,New Home Kit Launch,True,False,False,False,2025-03-10 02:24:39
S003084,Season Ticket Renewal,True,True,False,False,2025-09-07 23:48:46
S002688,Membership Drive,True,False,False,False,2025-09-06 11:22:34
S002828,Matchday Ticket Alert,True,False,False,False,2025-08-22 14:15:52
S003808,Matchday Ticket Alert,True,False,False,False,2024-12-18 07:53:55
S002272,New Home Kit Launch,True,False,False,False,2025-08-24 05:04:39
S000662,Champions League Hospitality,True,False,False,False,2024-09-26 09:21:26
S003678,International Fan Club,True,True,False,False,2024-11-02 01:19:32
S003754,Re-engagement Winback,True,False,False,False,2025-07-08 06:12:30
S000893,Black Friday Store,True,False,False,False,2025-04-01 07:45:24
S004718,Champions League Hospitality,True,False,False,False,2025-09-18 08:56:45
S000557,Membership Drive,True,True,True,False,2025-09-08 02:52:19
S000362,Re-engagement Winback,True,False,False,False,2025-08-25 15:25:31
S001312,New Home Kit Launch,True,False,False,False,2025-09-11 10:03:25
S000448,Black Friday Store,True,False,False,False,2024-11-24 05:39:34
S000613,Black Friday Store,True,True,True,False,2025-09-06 07:29:40
S000667,Champions League Hospitality,True,True,False,False,2025-04-25 10:12:46
S004269,Re-engagement Winback,True,True,True,False,2025-03-10 16:45:28
S000971,Champions League Hospitality,True,False,False,False,2025-08-28 21:06:54
S004828,New Home Kit Launch,True,False,False,False,2025-09-14 15:45:21
S003219,Stadium Tour Promo,True,False,False,False,2025-08-30 09:37:50
S000067,Membership Drive,True,False,False,False,2025-09-19 00:04:55
S003098,Season Ticket Renewal,True,False,False,False,2025-08-29 15:51:56
S004550,Season Ticket Renewal,True,False,False,False,2025-05-25 05:51:35
S000224,International Fan Club,True,True,False,False,2025-05-19 01:19:08
S001273,Stadium Tour Promo,True,False,False,False,2025-04-16 06:43:22
S000398,Stadium Tour Promo,True,True,False,False,2024-12-22 07:27:46
S001189,Stadium Tour Promo,True,False,False,False,2025-09-19 23:45:40
S001019,Black Friday Store,True,False,False,False,2024-11-29 16:25:11
S002074,Stadium Tour Promo,True,False,False,False,2025-07-04 04:49:53
S004038,Champions League Hospitality,True,True,True,False,2025-09-01 10:50:48
S004115,Membership Drive,True,True,False,False,2025-02-16 09:41:12
S001341,International Fan Club,True,True,True,False,2024-11-10 23:34:51
S000180,Stadium Tour Promo,True,True,False,False,2025-05-28 02:40:18
S002740,Stadium Tour Promo,True,True,False,False,2025-09-08 05:30:58
S002850,New Home Kit Launch,True,False,False,False,2025-09-12 03:46:34
S002752,Matchday Ticket Alert,True,False,False,False,2024-11-25 08:54:47
S000053,Re-engagement Winback,True,True,False,False,2025-08-22 14:34:09
S000050,Season Ticket Renewal,True,True,True,True,2024-11-07 18:05:04
S003543,Champions League Hospitality,True,False,False,False,2024-11-01 01:05:39
S001864,Season Ticket Renewal,True,True,False,False,2025-09-09 10:57:42
S002864,Re-engagement Winback,True,True,False,False,2025-09-14 06:26:28
S003457,International Fan Club,True,True,False,False,2025-09-15 08:46:10
S001388,International Fan Club,True,False,False,False,2025-08-22 20:49:26
S003133,Champions League Hospitality,True,True,False,False,2024-11-18 22:15:35
S002686,Season Ticket Renewal,True,False,False,False,2025-01-11 21:32:10
S003161,Matchday Ticket Alert,True,True,False,False,2025-08-24 05:52:22
S000907,Season Ticket Renewal,True,True,False,False,2025-09-18 03:46:49
S002179,Matchday Ticket Alert,True,False,False,False,2025-07-19 03:02:45
S000397,New Home Kit Launch,True,True,True,True,2025-06-07 00:40:49
S003493,New Home Kit Launch,True,False,False,False,2025-08-31 04:18:27
S003438,International Fan Club,True,True,True,False,2025-01-06 19:54:50
S001426,Champions League Hospitality,True,True,False,False,2025-05-17 01:36:05
S002096,Season Ticket Renewal,True,False,False,False,2025-07-26 14:51:27
S002458,New Home Kit Launch,True,True,True,False,2025-09-14 18:40:04
S004913,New Home Kit Launch,True,False,False,False,2025-09-14 08:26:28
S001777,Champions League Hospitality,True,True,False,False,2025-08-22 17:25:45
S000492,International Fan Club,True,False,False,False,2024-12-03 10:20:21
S000495,Season Ticket Renewal,True,False,False,False,2024-10-14 00:12:45
S002476,Season Ticket Renewal,True,False,False,False,2025-05-01 22:26:26
S000535,Season Ticket Renewal,True,True,False,False,2025-04-26 06:05:25
S003186,Black Friday Store,True,False,False,False,2025-09-13 23:35:13
S002686,Matchday Ticket Alert,True,False,False,False,2025-04-05 19:20:02
S002865,New Home Kit Launch,True,True,False,False,2025-08-29 23:38:51
S001278,New Home Kit Launch,True,True,False,False,2025-08-15 08:04:17
S003512,Matchday Ticket Alert,True,True,False,False,2025-09-03 04:34:43
S000854,New Home Kit Launch,True,False,False,False,2025-01-25 16:28:08
S001448,Season Ticket Renewal,True,True,False,False,2025-08-16 10:11:02
S002323,Black Friday Store,True,True,False,False,2025-08-27 15:52:03
S000250,International Fan Club,True,True,False,False,2025-03-24 09:32:07
S001349,New Home Kit Launch,True,True,False,False,2025-07-24 12:47:46
S004502,Champions League Hospitality,True,False,False,False,2025-09-16 09:48:18
S003255,New Home Kit Launch,True,False,False,False,2025-09-06 19:15:15
S003068,Membership Drive,True,False,False,False,2024-11-12 17:59:04
S002144,International Fan Club,True,False,False,False,2025-06-07 10:47:47
S002097,International Fan Club,True,True,True,True,2025-06-01 21:56:26
S004007,Champions League Hospitality,True,True,False,False,2025-09-04 23:20:16
S000860,Stadium Tour Promo,True,True,False,False,2025-03-25 21:07:30
S001001,International Fan Club,True,False,False,False,2025-01-19 05:08:24
S000343,Matchday Ticket Alert,True,True,True,False,2025-01-16 06:32:02
S002435,Matchday Ticket Alert,True,True,True,False,2025-09-04 05:23:32
S001178,New Home Kit Launch,True,True,False,False,2024-12-03 14:32:18
S003491,Stadium Tour Promo,True,False,False,False,2025-08-22 04:38:06
S004205,Matchday Ticket Alert,True,True,False,False,2025-08-28 22:06:43
S000103,Champions League Hospitality,True,True,False,False,2025-08-25 23:22:44
S004944,Champions League Hospitality,True,False,False,False,2024-10-19 01:39:54
S000630,New Home Kit Launch,True,False,False,False,2025-07-05 10:19:30
S003609,New Home Kit Launch,True,False,False,False,2025-09-12 15:40:05
S003192,New Home Kit Launch,True,False,False,False,2025-02-27 15:47:20
S002988,Membership Drive,True,True,False,False,2025-07-05 18:37:18
S002917,New Home Kit Launch,True,True,False,False,2025-03-16 12:01:30
S000704,Champions League Hospitality,True,False,False,False,2025-04-30 02:31:06
S001411,Season Ticket Renewal,True,True,True,False,2025-09-12 14:25:10
S003084,Stadium Tour Promo,True,True,False,False,2024-11-07 12:43:55
S001005,International Fan Club,True,True,False,False,2024-10-11 02:58:46
S004492,Champions League Hospitality,True,False,False,False,2025-03-15 04:01:02
S002827,Black Friday Store,True,False,False,False,2025-09-11 22:57:57
S004802,Membership Drive,True,False,False,False,2025-09-04 08:00:35
S003916,Black Friday Store,True,False,False,False,2024-11-18 11:10:19
S000444,Membership Drive,True,False,False,False,2025-08-30 16:44:21
S001947,Season Ticket Renewal,True,False,False,False,2025-09-19 09:13:54
S004166,Champions League Hospitality,True,True,True,False,2025-09-02 22:58:59
S003991,International Fan Club,True,False,False,False,2025-08-28 12:41:02
S002271,Matchday Ticket Alert,True,False,False,False,2025-06-06 11:48:36
S004747,Membership Drive,True,True,False,False,2025-05-24 16:04:27
S001515,Matchday Ticket Alert,True,True,False,False,2025-09-13 07:26:54
S002259,Stadium Tour Promo,True,False,False,False,2025-08-27 12:39:24
S003492,Season Ticket Renewal,True,False,False,False,2025-09-05 23:45:49
S000652,Stadium Tour Promo,True,True,True,False,2025-07-25 13:10:23
S002500,Membership Drive,True,False,False,False,2024-09-20 22:13:51
S003117,Re-engagement Winback,True,False,False,False,2025-09-19 15:50:59
S002467,Season Ticket Renewal,True,False,False,False,2025-03-31 01:24:15
S004241,Stadium Tour Promo,True,True,True,False,2025-06-07 15:19:25
S001483,Membership Drive,True,False,False,False,2025-03-23 14:27:18
S002186,Stadium Tour Promo,True,False,False,False,2025-08-07 01:17:01
S002889,New Home Kit Launch,True,False,False,False,2025-09-06 09:41:10
S000924,Stadium Tour Promo,True,False,False,False,2025-09-19 05:44:14
S000901,Champions League Hospitality,True,True,False,False,2025-09-13 07:21:56
S001049,Black Friday Store,True,True,False,False,2025-09-18 22:19:56
S003846,Membership Drive,True,False,False,False,2025-08-27 14:07:55
S004141,International Fan Club,True,False,False,False,2025-09-17 06:42:48
S003454,New Home Kit Launch,True,True,True,True,2025-02-02 14:36:41
S002770,Re-engagement Winback,True,False,False,False,2025-09-11 16:42:21
S004845,Re-engagement Winback,True,True,False,False,2025-08-28 01:04:25
S001993,Black Friday Store,True,False,False,False,2025-09-17 11:03:24
S002651,Champions League Hospitality,True,True,False,False,2025-01-29 07:41:02
S004349,Black Friday Store,True,False,False,False,2025-08-06 02:00:49
S004375,Membership Drive,True,True,True,False,2025-01-01 02:40:00
S003673,Champions League Hospitality,True,False,False,False,2025-06-11 10:38:05
S001384,New Home Kit Launch,True,False,False,False,2025-03-23 10:42:33
S001850,Stadium Tour Promo,True,True,False,False,2025-06-09 08:57:37
S000443,New Home Kit Launch,True,False,False,False,2025-02-07 13:22:29
S000555,International Fan Club,True,False,False,False,2025-09-13 20:24:51
S002492,Champions League Hospitality,True,False,False,False,2025-02-05 07:31:33
S002726,Re-engagement Winback,True,False,False,False,2025-06-25 06:59:49
S004254,Membership Drive,True,False,False,False,2025-09-16 18:07:58
S001567,International Fan Club,True,True,True,False,2025-09-16 20:01:07
S000543,Season Ticket Renewal,True,True,False,False,2025-09-04 00:32:47
S003525,Stadium Tour Promo,True,False,False,False,2025-09-18 10:56:01
S004168,Re-engagement Winback,True,True,True,False,2025-09-16 17:49:54
S003796,International Fan Club,True,True,False,False,2024-09-21 16:18:43
S003031,Champions League Hospitality,True,False,False,False,2025-04-09 17:26:09
S004977,Stadium Tour Promo,True,False,False,False,2025-05-28 18:44:33
S004317,Black Friday Store,True,False,False,False,2024-10-26 12:53:46
S002453,Membership Drive,True,False,False,False,2025-08-27 12:08:06
S004607,Membership Drive,True,True,False,False,2024-11-30 07:01:07
S004523,Season Ticket Renewal,True,True,False,False,2025-09-11 07:39:55
S004016,Champions League Hospitality,True,False,False,False,2025-08-21 20:35:37
S000763,Champions League Hospitality,True,False,False,False,2025-04-11 09:28:52
S002405,Champions League Hospitality,True,False,False,False,2025-09-09 00:23:52
S001592,International Fan Club,True,True,False,False,2025-08-22 08:43:57
S002312,New Home Kit Launch,True,False,False,False,2024-12-24 14:53:41
S003572,Season Ticket Renewal,True,False,False,False,2025-04-25 09:49:12
S000049,Membership Drive,True,False,False,False,2025-09-20 01:52:49
S000791,Membership Drive,True,False,False,False,2025-09-10 10:41:58
S000325,Champions League Hospitality,True,True,False,False,2025-09-08 15:28:04
S001408,International Fan Club,True,True,False,False,2025-09-08 13:43:09
S002399,Membership Drive,True,False,False,False,2024-12-07 23:00:59
S001453,Black Friday Store,True,False,False,False,2024-11-23 21:24:54
S004391,Black Friday Store,True,False,False,False,2025-09-10 16:03:03
S003720,International Fan Club,True,False,False,False,2025-09-10 17:33:35
S000067,New Home Kit Launch,True,True,False,False,2024-09-30 15:06:53
S000106,Matchday Ticket Alert,True,False,False,False,2025-05-20 20:27:50
S000869,Membership Drive,True,False,False,False,2025-08-14 12:21:27
S002760,Season Ticket Renewal,True,True,False,False,2025-09-01 15:24:50
S001954,Stadium Tour Promo,True,False,False,False,2025-06-02 13:36:52
S003226,Re-engagement Winback,True,True,False,False,2025-09-01 15:51:28
S000742,Black Friday Store,True,False,False,False,2025-09-15 16:42:47
S000441,New Home Kit Launch,True,False,False,False,2025-03-09 20:22:15
S000879,Season Ticket Renewal,True,False,False,False,2025-09-01 05:24:30
S001969,New Home Kit Launch,True,False,False,False,2025-08-01 01:27:25
S003030,New Home Kit Launch,True,False,False,False,2025-09-13 22:24:07
S003704,New Home Kit Launch,True,True,True,False,2025-01-31 15:30:17
S000023,New Home Kit Launch,True,False,False,False,2025-09-10 23:09:16
S000428,Black Friday Store,True,True,True,False,2025-08-27 11:56:32
S002394,Champions League Hospitality,True,False,False,False,2025-08-23 01:20:24
S003228,Season Ticket Renewal,True,True,True,False,2025-06-19 02:44:39
S000908,New Home Kit Launch,True,True,True,False,2024-10-09 19:32:29
S002573,Season Ticket Renewal,True,True,False,False,2025-04-26 04:57:06
S001230,Season Ticket Renewal,True,False,False,False,2025-08-31 02:13:17
S002735,Black Friday Store,True,True,False,False,2025-04-12 14:26:53
S003454,Re-engagement Winback,True,False,False,False,2025-04-30 07:04:16
S002817,Stadium Tour Promo,True,False,False,False,2025-08-24 06:36:06
S002721,Champions League Hospitality,True,True,False,False,2025-08-24 01:23:12
S000485,International Fan Club,True,False,False,False,2024-10-08 19:24:47
S003444,Matchday Ticket Alert,True,True,True,False,2025-06-08 06:38:45
S002847,International Fan Club,True,False,False,False,2025-08-31 14:25:24
S000263,Re-engagement Winback,True,False,False,False,2025-09-18 09:29:41
S004528,Membership Drive,True,False,False,False,2025-09-17 22:20:23
S002136,Champions League Hospitality,True,False,False,False,2025-08-23 09:14:57
S002078,Re-engagement Winback,True,False,False,False,2025-08-05 21:24:37
S004194,International Fan Club,True,False,False,False,2024-10-06 11:25:23
S003971,Matchday Ticket Alert,True,False,False,False,2025-02-18 18:57:20
S002602,Champions League Hospitality,True,True,False,False,2025-08-19 21:12:36
S004147,Re-engagement Winback,True,False,False,False,2025-09-12 14:56:40
S002169,International Fan Club,True,True,False,False,2025-08-22 01:00:52
S000112,Champions League Hospitality,True,False,False,False,2024-10-29 05:45:46
S001296,Champions League Hospitality,True,False,False,False,2025-09-09 20:26:30
S000833,Re-engagement Winback,True,True,True,False,2024-11-15 01:34:18
S003043,Re-engagement Winback,True,True,True,False,2025-01-14 18:38:58
S001698,International Fan Club,True,True,False,False,2024-11-28 08:46:49
S003732,Champions League Hospitality,True,True,False,False,2025-01-11 01:46:55
S002281,International Fan Club,True,False,False,False,2024-10-08 11:49:30
S003998,Matchday Ticket Alert,True,False,False,False,2025-09-10 18:44:48
S001405,Matchday Ticket Alert,True,False,False,False,2025-03-13 14:56:59
S003917,Matchday Ticket Alert,True,True,False,False,2025-09-04 22:15:45
S001821,Season Ticket Renewal,True,True,False,False,2025-09-09 10:30:18
S001826,Membership Drive,True,False,False,False,2025-02-01 14:29:48
S004032,Matchday Ticket Alert,True,False,False,False,2025-06-07 08:39:00
S003834,Champions League Hospitality,True,False,False,False,2025-08-26 19:01:26
S000991,Matchday Ticket Alert,True,False,False,False,2025-06-17 22:18:30
S004045,Membership Drive,True,False,False,False,2024-10-28 02:30:01
S000750,Black Friday Store,True,False,False,False,2024-12-20 17:54:37
S003615,New Home Kit Launch,True,False,False,False,2025-07-03 17:49:45
S000838,Champions League Hospitality,True,False,False,False,2024-09-29 03:33:37
S000745,Season Ticket Renewal,True,False,False,False,2025-09-13 20:19:07
S001664,Champions League Hospitality,True,False,False,False,2024-10-26 17:22:33
S001107,Membership Drive,True,False,False,False,2025-04-16 22:40:56
S004626,International Fan Club,True,True,False,False,2024-11-10 07:57:48
S000977,International Fan Club,True,True,True,False,2025-05-31 22:54:49
S002913,Black Friday Store,True,False,False,False,2025-09-05 21:14:12
S004533,Champions League Hospitality,True,False,False,False,2025-09-19 11:40:43
S001400,Membership Drive,True,False,False,False,2025-09-16 22:02:31
S000845,Black Friday Store,True,False,False,False,2024-10-10 02:20:53
S003174,Champions League Hospitality,True,False,False,False,2025-08-24 05:06:43
S001181,New Home Kit Launch,True,False,False,False,2025-09-04 09:00:43
S002802,Black Friday Store,True,False,False,False,2025-08-23 18:47:21
S003335,International Fan Club,True,True,False,False,2025-09-16 09:26:55
S001880,Re-engagement Winback,True,False,False,False,2025-01-20 04:31:33
S000757,Membership Drive,True,False,False,False,2025-09-14 00:16:46
S004665,New Home Kit Launch,True,False,False,False,2025-09-06 08:42:26
S002897,Season Ticket Renewal,True,True,False,False,2025-05-28 22:29:49
S004037,Black Friday Store,True,True,False,False,2025-09-20 05:36:42
S001745,New Home Kit Launch,True,True,False,False,2024-09-30 18:45:43
S004370,International Fan Club,True,False,False,False,2025-09-02 00:30:28
S000287,Re-engagement Winback,True,True,True,False,2025-08-27 21:40:21
S000979,Matchday Ticket Alert,True,True,False,False,2025-01-05 23:48:29
S002707,International Fan Club,True,True,True,False,2025-08-10 03:11:10
S000145,Membership Drive,True,False,False,False,2025-08-29 15:15:50
S004234,Black Friday Store,True,True,False,False,2025-09-17 16:23:18
S001332,Season Ticket Renewal,True,True,False,False,2025-05-12 12:18:30
S001159,New Home Kit Launch,True,True,False,False,2025-09-04 16:29:37
S001709,Black Friday Store,True,True,True,False,2024-10-21 09:45:26
S003296,Stadium Tour Promo,True,True,True,False,2024-09-25 07:37:21
S003124,Champions League Hospitality,True,False,False,False,2025-08-31 08:44:17
S003048,Re-engagement Winback,True,False,False,False,2024-12-12 18:20:41
S004595,Re-engagement Winback,True,True,True,False,2025-09-07 23:47:28
S004291,Membership Drive,True,False,False,False,2025-09-11 10:18:28
S002491,Stadium Tour Promo,True,False,False,False,2025-09-02 00:16:48
S002395,Champions League Hospitality,True,False,False,False,2025-09-11 18:36:04
S004174,Matchday Ticket Alert,True,True,True,False,2025-08-25 23:46:45
S004312,Champions League Hospitality,True,False,False,False,2025-09-15 03:59:17
S000685,Champions League Hospitality,True,False,False,False,2025-09-08 11:18:16
S004952,Champions League Hospitality,True,False,False,False,2025-08-21 16:02:00
S001545,Stadium Tour Promo,True,False,False,False,2025-02-22 01:17:12
S003230,Re-engagement Winback,True,False,False,False,2025-09-14 22:52:40
S002368,Season Ticket Renewal,True,True,True,True,2024-12-07 06:44:21
S002096,International Fan Club,True,False,False,False,2025-01-15 19:55:17
S002008,Stadium Tour Promo,True,False,False,False,2025-04-15 09:30:28
S004769,International Fan Club,True,True,False,False,2025-09-02 08:22:15
S004912,Stadium Tour Promo,True,False,False,False,2025-07-26 07:18:55
S001481,Membership Drive,True,False,False,False,2024-09-29 23:14:29
S000562,Membership Drive,True,True,False,False,2025-08-31 21:33:58
S000964,Champions League Hospitality,True,False,False,False,2024-12-21 22:42:34
S001439,Season Ticket Renewal,True,False,False,False,2024-12-25 12:44:17
S002350,Re-engagement Winback,True,False,False,False,2025-05-25 08:42:40
S001825,Membership Drive,True,False,False,False,2025-09-14 01:31:56
S002841,Champions League Hospitality,True,False,False,False,2025-07-07 00:43:26
S001253,Re-engagement Winback,True,False,False,False,2024-09-24 19:27:15
S004530,Membership Drive,True,False,False,False,2024-12-24 01:15:11
S001437,Matchday Ticket Alert,True,True,False,False,2025-03-04 09:24:07
S004889,Black Friday Store,True,True,False,False,2025-03-06 04:33:34
S004131,Season Ticket Renewal,True,True,False,False,2025-09-03 20:33:37
S004958,Black Friday Store,True,False,False,False,2025-09-05 05:07:47
S004766,Stadium Tour Promo,True,True,False,False,2025-09-06 14:21:16
S002573,Season Ticket Renewal,True,False,False,False,2025-04-14 12:37:33
S000952,International Fan Club,True,False,False,False,2025-09-02 06:42:47
S003833,International Fan Club,True,True,True,False,2024-10-21 01:06:40
S001003,International Fan Club,True,True,False,False,2025-07-16 19:18:57
S004816,Stadium Tour Promo,True,True,True,False,2025-09-04 23:10:51
S003087,Re-engagement Winback,True,False,False,False,2024-11-15 23:02:07
S004442,New Home Kit Launch,True,True,True,False,2025-07-09 03:38:19
S000253,Matchday Ticket Alert,True,True,True,False,2025-04-10 14:33:04
S000834,Stadium Tour Promo,True,False,False,False,2025-08-23 12:33:42
S003952,Matchday Ticket Alert,True,False,False,False,2024-11-02 17:58:28
S001110,Champions League Hospitality,True,False,False,False,2025-08-23 21:29:42
S003008,New Home Kit Launch,True,False,False,False,2025-06-22 03:55:04
S001730,Season Ticket Renewal,True,True,False,False,2025-09-10 14:44:26
S003963,Stadium Tour Promo,True,False,False,False,2025-08-26 22:59:57
S000200,Season Ticket Renewal,True,True,True,False,2025-06-13 05:51:16
S000695,Re-engagement Winback,True,False,False,False,2025-07-06 16:52:41
S004570,International Fan Club,True,False,False,False,2025-08-22 00:04:41
S003195,Black Friday Store,True,False,False,False,2025-07-23 02:50:43
S000754,New Home Kit Launch,True,False,False,False,2025-09-04 01:25:28
S002768,Season Ticket Renewal,True,False,False,False,2024-11-15 01:42:45
S003083,Membership Drive,True,False,False,False,2025-09-02 12:51:59
S000600,New Home Kit Launch,True,False,False,False,2025-07-31 13:27:07
S003428,Season Ticket Renewal,True,False,False,False,2025-05-24 08:22:14
S000773,Champions League Hospitality,True,True,True,True,2024-10-15 00:01:24
S000529,Matchday Ticket Alert,True,True,False,False,2025-09-16 06:26:35
S000511,International Fan Club,True,False,False,False,2025-08-23 17:04:19
S001143,Membership Drive,True,False,False,False,2025-09-03 23:38:35
S000342,Membership Drive,True,True,True,False,2025-09-15 23:52:53
S003078,International Fan Club,True,False,False,False,2025-08-23 08:00:32
S002861,Membership Drive,True,False,False,False,2025-09-11 07:10:32
S001914,Matchday Ticket Alert,True,True,False,False,2025-08-28 20:39:37
S002042,International Fan Club,True,True,False,False,2025-09-08 12:53:35
S002119,New Home Kit Launch,True,False,False,False,2025-06-07 05:42:22
S001367,Re-engagement Winback,True,False,False,False,2025-09-20 05:55:28
S000332,Black Friday Store,True,False,False,False,2025-06-20 22:29:20
S004448,Stadium Tour Promo,True,True,False,False,2025-08-23 16:51:10
S003427,Stadium Tour Promo,True,False,False,False,2025-01-26 12:25:06
S004387,Season Ticket Renewal,True,False,False,False,2025-09-16 16:06:56
S000820,International Fan Club,True,False,False,False,2025-09-17 12:28:22
S002258,Stadium Tour Promo,True,True,False,False,2025-09-01 10:25:27
S004457,Matchday Ticket Alert,True,False,False,False,2025-06-28 11:45:44
S002042,Matchday Ticket Alert,True,True,False,False,2025-09-09 10:51:02
S004513,Black Friday Store,True,False,False,False,2025-05-13 13:32:09
S004309,Matchday Ticket Alert,True,True,True,False,2024-11-17 07:13:09
S004535,Black Friday Store,True,True,False,False,2025-09-08 23:42:58
S003198,Champions League Hospitality,True,True,False,False,2025-06-01 05:03:48
S000423,Matchday Ticket Alert,True,False,False,False,2025-03-18 17:00:32
S002954,Champions League Hospitality,True,False,False,False,2025-02-12 12:00:12
S003465,Matchday Ticket Alert,True,True,False,False,2025-09-15 19:18:38
S002726,Black Friday Store,True,False,False,False,2025-08-23 03:39:47
S000912,Stadium Tour Promo,True,True,True,True,2025-09-19 11:18:15
S004257,Season Ticket Renewal,True,True,True,False,2025-08-29 11:55:48
S004986,Re-engagement Winback,True,True,False,False,2025-01-14 20:52:00
S003066,Champions League Hospitality,True,True,False,False,2025-09-04 01:02:17
S003936,Matchday Ticket Alert,True,False,False,False,2025-08-29 14:34:10
S001402,Black Friday Store,True,False,False,False,2025-08-27 09:56:56
S004935,Re-engagement Winback,True,False,False,False,2024-11-25 14:10:03
S000117,Membership Drive,True,False,False,False,2025-05-23 14:07:53
S001931,Black Friday Store,True,True,False,False,2025-09-12 15:43:54
S000161,Matchday Ticket Alert,True,True,False,False,2025-07-25 20:29:26
S002185,Membership Drive,True,False,False,False,2025-08-09 23:50:16
S002797,Re-engagement Winback,True,True,True,False,2024-11-20 10:31:53
S001151,Black Friday Store,True,True,True,False,2024-11-17 05:50:05
S002743,International Fan Club,True,True,True,True,2025-06-11 03:34:48
S001601,Season Ticket Renewal,True,False,False,False,2025-09-02 07:57:04
S003748,Stadium Tour Promo,True,False,False,False,2025-09-03 01:52:17
S001547,International Fan Club,True,False,False,False,2025-06-24 02:40:20
S000111,Membership Drive,True,True,True,True,2024-12-12 06:40:55
S002319,Champions League Hospitality,True,False,False,False,2025-09-06 22:38:08
S001453,Re-engagement Winback,True,True,True,False,2025-02-06 09:19:36
S003514,New Home Kit Launch,True,False,False,False,2025-01-02 03:24:21
S003120,Membership Drive,True,True,True,False,2025-07-23 01:58:46
S002928,Stadium Tour Promo,True,False,False,False,2025-03-06 10:09:15
S001645,Matchday Ticket Alert,True,True,True,False,2025-08-21 18:36:29
S001232,Matchday Ticket Alert,True,True,True,False,2025-07-18 19:50:26
S003864,Matchday Ticket Alert,True,False,False,False,2025-09-02 03:22:44
S002563,Membership Drive,True,False,False,False,2024-12-22 03:15:01
S000334,Season Ticket Renewal,True,False,False,False,2025-09-01 01:47:18
S004192,Matchday Ticket Alert,True,False,False,False,2025-09-19 23:46:00
S002440,Season Ticket Renewal,True,True,False,False,2025-08-23 12:55:42
S001422,International Fan Club,True,True,True,True,2024-10-17 13:34:11
S004947,Stadium Tour Promo,True,False,False,False,2025-03-19 12:24:20
S004364,International Fan Club,True,False,False,False,2025-06-11 15:08:56
S002994,Re-engagement Winback,True,True,False,False,2024-12-12 16:35:24
S003841,Membership Drive,True,True,False,False,2025-09-05 13:47:51
S004840,Matchday Ticket Alert,True,True,False,False,2025-09-01 07:21:29
S002474,International Fan Club,True,True,False,False,2025-09-10 23:07:19
S000307,Membership Drive,True,True,False,False,2025-09-13 22:01:27
S002814,Matchday Ticket Alert,True,False,False,False,2025-09-02 09:26:07
S004315,New Home Kit Launch,True,False,False,False,2025-08-30 18:37:53
S000966,Champions League Hospitality,True,True,True,False,2025-09-17 22:38:09
S004961,International Fan Club,True,False,False,False,2025-06-23 23:52:41
S002400,Matchday Ticket Alert,True,True,False,False,2025-09-14 16:29:43
S002868,Matchday Ticket Alert,True,False,False,False,2025-08-24 17:29:11
S004235,Champions League Hospitality,True,True,False,False,2025-09-15 03:07:52
S003360,Stadium Tour Promo,True,False,False,False,2024-10-03 05:48:04
S000309,Stadium Tour Promo,True,False,False,False,2025-01-01 15:02:04
S000521,New Home Kit Launch,True,False,False,False,2025-04-17 01:53:13
S004820,Re-engagement Winback,True,True,False,False,2025-09-16 05:51:57
S002202,Matchday Ticket Alert,True,False,False,False,2025-09-09 21:11:01
S003676,Matchday Ticket Alert,True,False,False,False,2025-09-18 03:53:58
S001914,Membership Drive,True,True,True,True,2025-03-29 14:43:20
S004124,Black Friday Store,True,False,False,False,2025-08-30 14:21:15
S001245,International Fan Club,True,True,True,False,2025-05-10 22:24:55
S003956,Re-engagement Winback,True,True,False,False,2025-08-23 00:40:23
S002713,Membership Drive,True,True,True,True,2025-09-11 13:00:12
S003396,Stadium Tour Promo,True,True,True,False,2025-08-24 00:27:39
S001075,Season Ticket Renewal,True,False,False,False,2025-09-10 17:03:14
S004187,International Fan Club,True,False,False,False,2025-08-21 22:24:42
S002424,Matchday Ticket Alert,True,True,True,False,2024-09-29 17:44:14
S003211,Champions League Hospitality,True,False,False,False,2025-09-19 17:37:41
S004694,Membership Drive,True,True,True,True,2025-09-07 09:50:00
S000615,International Fan Club,True,False,False,False,2024-11-18 15:27:01
S000622,Black Friday Store,True,False,False,False,2025-09-04 22:36:02
S000138,Matchday Ticket Alert,True,True,True,False,2025-09-16 09:33:27
S003573,Membership Drive,True,True,False,False,2024-10-09 12:05:46
S002363,Stadium Tour Promo,True,False,False,False,2024-11-28 14:23:46
S001503,Matchday Ticket Alert,True,False,False,False,2025-05-09 02:14:01
S000917,Stadium Tour Promo,True,False,False,False,2025-06-24 06:31:22
S004999,New Home Kit Launch,True,False,False,False,2025-08-02 04:29:58
S003700,Champions League Hospitality,True,True,False,False,2025-04-20 18:02:07
S000219,Re-engagement Winback,True,False,False,False,2025-03-15 00:19:04
S000582,Season Ticket Renewal,True,True,False,False,2025-09-15 19:05:00
S003149,Matchday Ticket Alert,True,True,True,True,2025-09-12 14:40:11
S000232,Black Friday Store,True,False,False,False,2025-08-25 16:06:15
S002028,Re-engagement Winback,True,False,False,False,2025-01-13 00:04:23
S004971,New Home Kit Launch,True,True,True,True,2025-03-12 09:43:20
S000686,Re-engagement Winback,True,False,False,False,2025-09-14 06:20:25
S002506,Stadium Tour Promo,True,True,True,False,2025-09-18 15:37:21
S003528,Champions League Hospitality,True,True,False,False,2025-04-01 00:25:30
S001960,Membership Drive,True,False,False,False,2024-11-19 15:52:28
S002875,Season Ticket Renewal,True,True,True,False,2025-08-22 18:02:31
S000213,Stadium Tour Promo,True,False,False,False,2025-04-05 12:25:54
S001278,Season Ticket Renewal,True,True,True,False,2025-08-31 10:30:42
S001318,Membership Drive,True,False,False,False,2025-04-13 04:22:36
S001573,Membership Drive,True,False,False,False,2025-09-09 12:13:14
S001414,Membership Drive,True,False,False,False,2025-08-26 07:39:11
S003291,Stadium Tour Promo,True,True,True,False,2025-01-14 14:45:29
S004024,Black Friday Store,True,False,False,False,2025-03-23 02:26:36
S001405,Season Ticket Renewal,True,True,False,False,2025-09-14 10:25:52
S002849,Stadium Tour Promo,True,False,False,False,2025-09-18 07:15:00
S004570,New Home Kit Launch,True,True,False,False,2025-06-26 10:42:17
S003483,New Home Kit Launch,True,True,False,False,2025-05-13 10:50:34
S004177,Matchday Ticket Alert,True,False,False,False,2025-06-28 02:44:42
S000920,Champions League Hospitality,True,True,True,False,2025-09-14 13:09:58
S004386,Stadium Tour Promo,True,True,False,False,2025-07-20 02:35:35
S002976,Stadium Tour Promo,True,False,False,False,2025-09-02 05:01:15
S004218,New Home Kit Launch,True,True,True,False,2025-09-14 23:29:52
S000620,New Home Kit Launch,True,True,False,False,2025-08-31 22:18:16
S000713,International Fan Club,True,False,False,False,2025-09-14 07:15:51
S004468,Season Ticket Renewal,True,True,False,False,2025-09-15 16:48:40
S001146,International Fan Club,True,False,False,False,2025-07-25 08:41:50
S002634,New Home Kit Launch,True,True,False,False,2025-01-14 09:56:41
S002722,International Fan Club,True,False,False,False,2025-03-26 07:49:26
S001913,New Home Kit Launch,True,False,False,False,2025-04-05 02:53:47
S003055,New Home Kit Launch,True,True,True,True,2025-01-24 11:25:16
S001078,New Home Kit Launch,True,False,False,False,2024-11-05 21:53:23
S000427,Champions League Hospitality,True,True,False,False,2025-07-09 04:00:13
S003179,Membership Drive,True,False,False,False,2025-02-19 10:44:02
S002643,Champions League Hospitality,True,True,False,False,2025-01-17 05:00:31
S004283,New Home Kit Launch,True,True,True,False,2025-08-31 03:48:13
S003905,Membership Drive,True,True,False,False,2025-08-31 02:37:09
S002012,New Home Kit Launch,True,False,False,False,2025-02-28 17:51:32
S002307,Black Friday Store,True,False,False,False,2024-11-06 12:31:05
S001685,Season Ticket Renewal,True,True,False,False,2025-09-05 18:08:56
S001648,New Home Kit Launch,True,True,True,False,2025-09-05 05:24:45
S004555,International Fan Club,True,True,False,False,2025-09-15 01:48:33
S000951,Matchday Ticket Alert,True,False,False,False,2025-09-05 08:01:10
S002213,Season Ticket Renewal,True,True,True,False,2025-09-11 02:22:26
S002288,Matchday Ticket Alert,True,False,False,False,2025-08-26 00:16:07
S003611,Matchday Ticket Alert,True,False,False,False,2025-03-02 05:00:04
S003865,Re-engagement Winback,True,False,False,False,2025-05-05 13:17:14
S001917,International Fan Club,True,False,False,False,2025-03-14 04:42:08
S004094,Champions League Hospitality,True,True,False,False,2025-09-19 04:22:01
S004372,New Home Kit Launch,True,True,False,False,2024-10-05 17:03:18
S001208,Champions League Hospitality,True,False,False,False,2025-06-10 18:31:41
S003034,Champions League Hospitality,True,False,False,False,2025-09-08 06:32:31
S002200,Matchday Ticket Alert,True,False,False,False,2025-08-24 17:02:11
S003356,Stadium Tour Promo,True,False,False,False,2025-09-19 17:56:30
S001539,Membership Drive,True,True,False,False,2025-08-21 08:41:27
S003699,International Fan Club,True,True,False,False,2025-07-17 16:01:35
S003319,Matchday Ticket Alert,True,False,False,False,2025-01-27 01:14:38
S003300,Season Ticket Renewal,True,True,True,True,2025-06-04 17:12:50
S000807,New Home Kit Launch,True,True,False,False,2024-10-17 20:32:07
S002340,Matchday Ticket Alert,True,True,True,False,2025-08-22 06:37:54
S004124,International Fan Club,True,False,False,False,2025-09-13 13:41:59
S002304,Season Ticket Renewal,True,False,False,False,2025-04-27 16:51:26
S002994,Black Friday Store,True,True,False,False,2025-08-26 03:15:44
S000179,Black Friday Store,True,True,False,False,2025-08-25 09:38:41
S001604,Season Ticket Renewal,True,False,False,False,2025-01-12 18:07:32
S000672,Stadium Tour Promo,True,True,False,False,2024-11-17 10:31:22
S002255,Champions League Hospitality,True,False,False,False,2024-09-20 13:58:30
S003518,Matchday Ticket Alert,True,False,False,False,2025-08-29 14:52:00
S002572,Re-engagement Winback,True,True,False,False,2025-08-29 18:42:26
S002466,Matchday Ticket Alert,True,False,False,False,2025-01-25 16:46:09
S002892,International Fan Club,True,True,True,True,2024-12-05 03:16:55
S002412,Membership Drive,True,False,False,False,2025-03-06 13:50:56
S000712,Champions League Hospitality,True,False,False,False,2025-03-04 08:37:18
S001344,Matchday Ticket Alert,True,True,False,False,2025-02-20 13:23:45
S003054,New Home Kit Launch,True,False,False,False,2025-03-04 00:47:46
S003636,Stadium Tour Promo,True,True,True,False,2025-08-24 03:46:42
S003451,New Home Kit Launch,True,True,False,False,2025-02-26 11:27:28
S000293,Season Ticket Renewal,True,False,False,False,2025-09-03 05:08:52
S004357,New Home Kit Launch,True,False,False,False,2024-11-12 20:31:51
S003038,Stadium Tour Promo,True,False,False,False,2025-01-15 19:25:01
S000944,Season Ticket Renewal,True,True,True,False,2025-09-10 20:07:30
S004953,Stadium Tour Promo,True,False,False,False,2025-03-13 06:20:25
S004380,Champions League Hospitality,True,True,False,False,2025-03-19 21:32:06
S003615,Membership Drive,True,True,True,False,2024-12-16 20:27:11
S002210,Season Ticket Renewal,True,False,False,False,2025-04-16 13:45:39
S004931,Stadium Tour Promo,True,False,False,False,2024-10-18 06:21:37
S003302,Stadium Tour Promo,True,True,False,False,2025-09-06 02:50:37
S000609,Black Friday Store,True,False,False,False,2024-12-31 07:16:22
S001817,Season Ticket Renewal,True,True,True,False,2025-09-13 23:55:14
S000852,Re-engagement Winback,True,False,False,False,2025-02-11 10:06:47
S001053,Stadium Tour Promo,True,True,False,False,2025-04-03 12:11:37
S001205,Matchday Ticket Alert,True,True,False,False,2025-09-11 20:32:43
S001654,Re-engagement Winback,True,True,False,False,2025-04-28 08:13:03
S001034,International Fan Club,True,False,False,False,2025-08-22 03:31:34
S002548,Champions League Hospitality,True,True,True,False,2024-11-25 17:51:56
S003528,New Home Kit Launch,True,True,False,False,2025-08-21 16:50:18
S000770,Stadium Tour Promo,True,False,False,False,2025-09-15 02:16:53
S002779,New Home Kit Launch,True,False,False,False,2025-07-08 08:28:57
S002139,Black Friday Store,True,True,False,False,2025-09-07 22:10:37
S001189,Champions League Hospitality,True,False,False,False,2025-08-29 10:46:47
S003427,New Home Kit Launch,True,False,False,False,2025-02-18 16:59:11
S002658,Stadium Tour Promo,True,False,False,False,2024-10-12 17:57:14
S002438,Season Ticket Renewal,True,True,True,False,2025-09-17 10:01:46
S000955,Season Ticket Renewal,True,False,False,False,2025-09-19 16:54:02
S002685,Champions League Hospitality,True,False,False,False,2025-03-04 04:59:03
S001519,New Home Kit Launch,True,True,False,False,2025-09-11 14:15:27
S004606,New Home Kit Launch,True,True,False,False,2025-09-19 04:11:51
S004322,New Home Kit Launch,True,True,False,False,2025-08-24 16:35:21
S000251,Black Friday Store,True,False,False,False,2025-09-16 02:11:16
S004808,Matchday Ticket Alert,True,True,False,False,2025-08-29 17:41:58
S004517,Stadium Tour Promo,True,False,False,False,2025-06-16 07:19:51
S002358,Membership Drive,True,True,True,False,2025-01-21 21:20:33
S002517,Season Ticket Renewal,True,False,False,False,2025-07-28 01:37:48
S002354,Champions League Hospitality,True,False,False,False,2025-04-05 10:11:59
S000510,Champions League Hospitality,True,True,True,True,2025-08-28 07:04:53
S004482,Membership Drive,True,True,True,False,2025-09-06 20:45:01
S000644,Season Ticket Renewal,True,True,False,False,2025-09-03 10:28:15
S002398,New Home Kit Launch,True,True,False,False,2025-04-04 00:31:53
S004679,Matchday Ticket Alert,True,True,False,False,2025-09-14 21:15:33
S000613,Black Friday Store,True,False,False,False,2025-09-01 09:07:12
S004102,International Fan Club,True,False,False,False,2024-10-09 20:06:28
S004745,Stadium Tour Promo,True,False,False,False,2025-09-17 15:52:26
S004851,Season Ticket Renewal,True,True,False,False,2025-08-28 03:11:59
S001556,Stadium Tour Promo,True,True,False,False,2025-08-31 00:23:04
S002776,Re-engagement Winback,True,True,True,False,2024-11-07 06:46:38
S002203,Membership Drive,True,True,False,False,2025-09-07 10:19:50
S004718,Matchday Ticket Alert,True,False,False,False,2025-08-31 21:34:16
S001130,Champions League Hospitality,True,True,False,False,2025-01-19 19:23:03
S003927,Champions League Hospitality,True,True,True,True,2025-08-22 17:56:58
S000633,Black Friday Store,True,False,False,False,2024-10-07 05:09:03
S004677,Season Ticket Renewal,True,True,True,False,2025-05-27 20:58:45
S003272,Re-engagement Winback,True,False,False,False,2025-03-26 09:15:19
S001037,Re-engagement Winback,True,False,False,False,2025-09-19 19:08:00
S003789,Season Ticket Renewal,True,True,False,False,2025-08-23 12:34:02
S000069,Re-engagement Winback,True,False,False,False,2025-07-18 07:35:03
S002099,Matchday Ticket Alert,True,False,False,False,2025-02-08 19:05:57
S004716,Stadium Tour Promo,True,False,False,False,2024-10-27 05:38:58
S002829,Re-engagement Winback,True,True,True,False,2025-09-17 19:02:19
S002062,Membership Drive,True,False,False,False,2025-08-23 00:43:00
S004755,Membership Drive,True,False,False,False,2024-11-12 07:27:59
S003644,Re-engagement Winback,True,False,False,False,2024-11-15 09:09:07
S002226,Membership Drive,True,True,True,False,2025-09-07 08:45:32
S004687,New Home Kit Launch,True,True,False,False,2025-03-09 13:41:46
S002803,Re-engagement Winback,True,False,False,False,2025-01-31 00:02:22
S004868,Re-engagement Winback,True,False,False,False,2025-09-13 12:59:56
S004989,Re-engagement Winback,True,True,False,False,2024-10-25 19:19:30
S004591,Black Friday Store,True,False,False,False,2025-07-05 16:53:01
S001848,Matchday Ticket Alert,True,False,False,False,2025-09-09 14:45:50
S001528,Black Friday Store,True,False,False,False,2025-06-28 07:41:46
S000852,International Fan Club,True,False,False,False,2025-07-03 15:12:36
S003383,Champions League Hospitality,True,False,False,False,2025-09-07 09:42:17
S000877,Black Friday Store,True,False,False,False,2025-08-23 13:57:33
S004412,Black Friday Store,True,False,False,False,2025-09-17 20:13:01
S002712,Black Friday Store,True,True,False,False,2025-09-05 20:05:52
S003469,Matchday Ticket Alert,True,True,False,False,2025-05-22 21:19:43
S003719,Season Ticket Renewal,True,False,False,False,2024-09-21 08:49:43
S002381,International Fan Club,True,True,True,False,2025-09-09 21:43:18
S002257,Membership Drive,True,False,False,False,2025-09-04 05:08:21
S000188,Champions League Hospitality,True,True,False,False,2025-08-25 07:37:17
S001189,Stadium Tour Promo,True,True,True,False,2025-01-17 14:01:38
S004126,International Fan Club,True,False,False,False,2024-09-30 04:44:46
S002184,Black Friday Store,True,True,False,False,2025-08-26 17:13:24
S000864,Membership Drive,True,True,False,False,2025-03-07 12:05:18
S001233,Champions League Hospitality,True,True,True,False,2025-09-18 04:24:16
S003934,Season Ticket Renewal,True,False,False,False,2025-09-04 00:33:06
S001521,International Fan Club,True,False,False,False,2024-10-09 06:42:04
S002613,International Fan Club,True,False,False,False,2025-08-30 11:08:43
S002416,Matchday Ticket Alert,True,False,False,False,2025-02-18 05:00:44
S004899,Matchday Ticket Alert,True,True,False,False,2024-11-01 09:58:09
S002612,New Home Kit Launch,True,False,False,False,2025-03-09 10:06:19
S002425,Membership Drive,True,False,False,False,2025-08-27 20:54:41
S004140,Season Ticket Renewal,True,True,True,True,2025-03-10 13:08:30
S002225,Champions League Hospitality,True,True,True,False,2025-09-17 12:33:10
S003687,Champions League Hospitality,True,True,True,False,2025-09-08 19:02:55
S004899,New Home Kit Launch,True,False,False,False,2025-08-22 09:25:10
S003954,Champions League Hospitality,True,False,False,False,2025-03-25 09:49:08
S000066,Membership Drive,True,True,True,False,2025-09-15 11:51:11
S002903,Season Ticket Renewal,True,True,False,False,2025-01-31 03:34:52
S001544,New Home Kit Launch,True,False,False,False,2025-01-14 06:17:28
S000377,Season Ticket Renewal,True,True,True,False,2024-12-21 07:46:11
S003898,Membership Drive,True,False,False,False,2025-08-22 00:32:28
S003925,New Home Kit Launch,True,True,False,False,2024-12-23 19:58:13
S000312,Season Ticket Renewal,True,False,False,False,2025-08-28 05:14:57
S000082,International Fan Club,True,False,False,False,2025-09-06 17:43:56
S004527,Membership Drive,True,False,False,False,2025-09-06 00:40:37
S000849,Re-engagement Winback,True,False,False,False,2025-09-14 01:36:11
S004819,Champions League Hospitality,True,True,True,False,2024-11-05 18:26:49
S000866,New Home Kit Launch,True,False,False,False,2025-09-09 00:21:20
S004039,Matchday Ticket Alert,True,False,False,False,2024-10-02 04:55:10
S004466,Black Friday Store,True,False,False,False,2024-10-09 02:06:26
S003176,International Fan Club,True,True,False,False,2025-09-19 09:56:46
S003400,New Home Kit Launch,True,False,False,False,2025-04-25 16:43:26
S001009,Membership Drive,True,False,False,False,2025-08-27 10:49:14
S003487,Stadium Tour Promo,True,True,False,False,2025-05-20 19:07:48
S003152,New Home Kit Launch,True,False,False,False,2025-03-29 01:29:20
S002862,Champions League Hospitality,True,False,False,False,2025-09-12 07:38:05
S003057,International Fan Club,True,True,False,False,2025-01-13 02:03:24
S000764,Matchday Ticket Alert,True,True,False,False,2025-09-17 02:10:35
S001239,International Fan Club,True,False,False,False,2025-03-07 19:28:15
S003066,Black Friday Store,True,True,True,False,2024-10-15 15:21:01
S004094,Black Friday Store,True,True,True,True,2025-09-05 17:22:48
S004820,Re-engagement Winback,True,False,False,False,2025-04-29 13:07:22
S002695,Black Friday Store,True,True,False,False,2025-02-02 21:59:29
S001304,Black Friday Store,True,False,False,False,2025-05-18 06:58:42
S003787,Membership Drive,True,True,False,False,2025-04-07 13:32:57
S003696,Stadium Tour Promo,True,False,False,False,2025-05-14 01:30:01
S004939,New Home Kit Launch,True,True,False,False,2024-09-27 00:56:30
S001161,International Fan Club,True,False,False,False,2025-08-22 07:10:36
S004310,Champions League Hospitality,True,False,False,False,2025-08-28 06:46:41
S004440,Champions League Hospitality,True,False,False,False,2024-10-07 19:18:44
S003450,Stadium Tour Promo,True,False,False,False,2025-09-05 17:29:23
S001915,Stadium Tour Promo,True,True,False,False,2025-09-07 19:33:17
S000513,Matchday Ticket Alert,True,False,False,False,2025-01-24 05:57:27
S002124,Champions League Hospitality,True,False,False,False,2025-07-15 12:46:33
S000810,Black Friday Store,True,False,False,False,2025-09-06 00:53:02
S004576,Black Friday Store,True,False,False,False,2025-08-24 20:11:53
S004533,Re-engagement Winback,True,False,False,False,2025-08-28 16:04:26
S002661,Stadium Tour Promo,True,False,False,False,2025-09-16 01:05:29
S002435,Black Friday Store,True,False,False,False,2025-09-15 03:35:10
S001299,International Fan Club,True,True,False,False,2025-08-25 15:41:43
S003765,Stadium Tour Promo,True,True,False,False,2025-05-23 16:52:28
S002263,International Fan Club,True,True,False,False,2025-03-13 03:50:18
S003372,Black Friday Store,True,True,True,False,2024-10-26 06:42:49
S003090,Champions League Hospitality,True,False,False,False,2025-09-02 17:08:51
S004073,Champions League Hospitality,True,True,False,False,2025-08-31 06:43:56
S002903,New Home Kit Launch,True,False,False,False,2025-06-02 20:14:39
S000110,Re-engagement Winback,True,True,True,False,2025-09-06 12:50:56
S003183,Re-engagement Winback,True,False,False,False,2025-01-27 18:50:47
S004996,New Home Kit Launch,True,False,False,False,2025-07-01 06:24:17
S003210,Stadium Tour Promo,True,True,False,False,2025-03-17 10:21:00
S000281,Membership Drive,True,False,False,False,2025-04-29 19:51:54
S001438,Black Friday Store,True,True,False,False,2025-06-19 22:31:12
S002770,Black Friday Store,True,True,False,False,2025-09-14 17:24:34
S002901,Black Friday Store,True,False,False,False,2025-08-27 05:11:02
S000850,Black Friday Store,True,True,False,False,2025-09-17 23:25:22
S004411,New Home Kit Launch,True,False,False,False,2025-09-06 04:27:02
S002362,Matchday Ticket Alert,True,True,True,False,2025-09-18 09:10:51
S004002,Membership Drive,True,False,False,False,2025-09-03 20:56:57
S001930,Re-engagement Winback,True,True,False,False,2025-08-25 05:59:33
S003688,Champions League Hospitality,True,True,False,False,2024-10-12 16:32:47
S001600,International Fan Club,True,True,True,False,2025-09-17 17:48:04
S002706,New Home Kit Launch,True,True,False,False,2025-08-26 00:15:08
S002661,Stadium Tour Promo,True,True,False,False,2025-05-18 13:24:03
S004062,Matchday Ticket Alert,True,True,True,False,2025-08-14 16:40:06
S000072,Re-engagement Winback,True,False,False,False,2024-10-07 10:31:46
S000890,Matchday Ticket Alert,True,False,False,False,2024-11-19 14:47:06
S000947,International Fan Club,True,False,False,False,2024-12-19 19:20:30
S002094,Stadium Tour Promo,True,False,False,False,2024-10-27 21:03:59
S004007,New Home Kit Launch,True,False,False,False,2025-05-18 19:01:39
S000557,Season Ticket Renewal,True,True,False,False,2025-09-06 22:34:21
S000479,Champions League Hospitality,True,False,False,False,2025-09-15 17:22:51
S004716,Membership Drive,True,True,False,False,2025-04-21 19:27:35
S001616,Stadium Tour Promo,True,False,False,False,2025-09-07 19:01:05
S002794,Champions League Hospitality,True,True,False,False,2025-03-26 03:37:12
S003534,Stadium Tour Promo,True,False,False,False,2025-09-18 11:11:57
S002894,Membership Drive,True,True,True,False,2025-01-02 02:21:52
S003349,New Home Kit Launch,True,False,False,False,2025-02-03 20:33:41
S000420,Season Ticket Renewal,True,False,False,False,2025-02-14 16:31:28
S000468,Champions League Hospitality,True,False,False,False,2024-12-14 22:26:14
S001935,New Home Kit Launch,True,True,True,False,2025-09-20 00:21:18
S004044,New Home Kit Launch,True,True,False,False,2025-06-16 05:54:33
S002559,Champions League Hospitality,True,True,False,False,2025-09-19 08:39:54
S004090,New Home Kit Launch,True,False,False,False,2024-12-28 09:31:46
S004240,New Home Kit Launch,True,False,False,False,2025-08-26 13:18:49
S004587,Season Ticket Renewal,True,False,False,False,2025-09-18 16:04:38
S004557,Stadium Tour Promo,True,False,False,False,2024-12-17 16:53:39
S002094,Stadium Tour Promo,True,False,False,False,2025-09-05 21:49:05
S001545,Black Friday Store,True,True,True,False,2025-05-05 06:49:50
S000581,Black Friday Store,True,False,False,False,2025-09-12 10:35:29
S002208,Champions League Hospitality,True,False,False,False,2025-03-09 21:48:35
S002871,Black Friday Store,True,False,False,False,2025-09-17 12:22:11
S000244,Matchday Ticket Alert,True,False,False,False,2025-09-11 05:04:33
S003436,Matchday Ticket Alert,True,False,False,False,2025-08-24 03:43:35
S001661,Matchday Ticket Alert,True,False,False,False,2024-12-25 21:16:09
S001129,Season Ticket Renewal,True,False,False,False,2024-11-08 09:48:00
S001897,Membership Drive,True,False,False,False,2025-02-14 03:39:31
S000480,New Home Kit Launch,True,False,False,False,2025-09-17 23:34:53
S004209,Black Friday Store,True,False,False,False,2025-05-12 22:15:27
S001774,Re-engagement Winback,True,False,False,False,2025-04-05 08:50:31
S004897,Champions League Hospitality,True,True,False,False,2025-08-25 16:38:09
S000494,Re-engagement Winback,True,False,False,False,2025-03-17 14:32:59
S000952,Membership Drive,True,True,False,False,2025-08-24 12:46:44
S000061,Matchday Ticket Alert,True,False,False,False,2025-09-07 17:17:15
S003012,Re-engagement Winback,True,False,False,False,2025-09-09 11:36:14
S004909,International Fan Club,True,False,False,False,2025-09-07 05:19:27
S004591,Membership Drive,True,True,False,False,2025-09-17 02:42:46
S001069,Black Friday Store,True,False,False,False,2024-12-06 07:48:12
S002261,International Fan Club,True,True,False,False,2024-10-11 20:33:05
S000183,New Home Kit Launch,True,True,False,False,2024-11-25 05:31:28
S004602,International Fan Club,True,False,False,False,2025-07-12 15:11:56
S004533,Season Ticket Renewal,True,False,False,False,2025-08-27 17:15:38
S001798,Champions League Hospitality,True,False,False,False,2025-09-11 06:50:22
S004017,Membership Drive,True,True,False,False,2024-12-08 14:37:26
S001118,International Fan Club,True,False,False,False,2024-12-29 01:17:22
S003026,Black Friday Store,True,True,True,False,2024-11-24 06:57:30
S002305,Champions League Hospitality,True,True,False,False,2025-09-16 08:04:21
S003504,Membership Drive,True,False,False,False,2025-05-26 22:47:24
S001981,Re-engagement Winback,True,False,False,False,2025-07-04 06:19:20
S000750,Matchday Ticket Alert,True,False,False,False,2024-10-07 23:36:42
S002197,Re-engagement Winback,True,False,False,False,2025-04-12 14:58:48
S004922,New Home Kit Launch,True,True,False,False,2025-05-04 06:57:51
S000126,Black Friday Store,True,False,False,False,2025-08-24 02:42:48
S002742,Stadium Tour Promo,True,True,False,False,2025-08-29 00:45:23
S001808,Season Ticket Renewal,True,False,False,False,2025-09-04 03:56:17
S004942,Champions League Hospitality,True,False,False,False,2024-12-21 03:03:30
S002525,Matchday Ticket Alert,True,False,False,False,2025-08-24 17:37:20
S002414,New Home Kit Launch,True,False,False,False,2025-08-26 23:24:29
S000013,Black Friday Store,True,False,False,False,2025-09-11 21:11:52
S002882,Matchday Ticket Alert,True,False,False,False,2025-08-23 01:40:55
S002361,Stadium Tour Promo,True,False,False,False,2025-02-02 10:39:07
S000346,Black Friday Store,True,True,False,False,2025-08-26 07:36:28
S004973,Stadium Tour Promo,True,False,False,False,2025-02-10 11:01:08
S004084,Re-engagement Winback,True,False,False,False,2025-06-21 07:00:10
S001633,International Fan Club,True,True,True,False,2025-05-16 09:28:46
S001709,Season Ticket Renewal,True,True,True,False,2025-03-01 20:41:33
S002933,Season Ticket Renewal,True,True,False,False,2025-03-20 04:10:51
S002310,Matchday Ticket Alert,True,False,False,False,2025-04-22 19:31:40
S004095,Champions League Hospitality,True,False,False,False,2025-07-28 14:28:34
S002170,Champions League Hospitality,True,False,False,False,2024-12-10 19:20:06
S001430,Champions League Hospitality,True,False,False,False,2025-08-24 01:40:06
S001949,New Home Kit Launch,True,False,False,False,2025-06-11 08:00:11
S004096,Champions League Hospitality,True,True,True,False,2025-03-29 13:41:47
S001830,Re-engagement Winback,True,True,False,False,2025-05-14 13:56:19
S002832,International Fan Club,True,True,False,False,2025-09-03 08:22:24
S003668,Champions League Hospitality,True,False,False,False,2025-06-10 01:05:07
S002599,Matchday Ticket Alert,True,False,False,False,2025-08-25 09:15:09
S003443,International Fan Club,True,False,False,False,2025-06-06 11:44:28
S001257,Membership Drive,True,True,True,False,2025-05-27 01:27:17
S002129,Champions League Hospitality,True,True,True,False,2025-09-20 06:10:32
S004248,Black Friday Store,True,False,False,False,2025-09-16 15:09:57
S000323,International Fan Club,True,True,False,False,2025-06-05 15:30:50
S001833,New Home Kit Launch,True,False,False,False,2024-10-26 22:31:39
S001690,Matchday Ticket Alert,True,False,False,False,2025-09-14 19:41:51
S003542,Stadium Tour Promo,True,True,False,False,2025-03-22 21:24:08
S002495,Matchday Ticket Alert,True,False,False,False,2025-09-13 18:33:36
S003980,Matchday Ticket Alert,True,False,False,False,2025-07-13 19:01:31
S004409,Black Friday Store,True,False,False,False,2025-08-31 03:00:15
S000100,Re-engagement Winback,True,True,False,False,2025-09-12 04:51:22
S002681,International Fan Club,True,True,True,False,2024-12-22 00:21:37
S000335,International Fan Club,True,True,False,False,2025-09-10 19:30:21
S004917,Black Friday Store,True,True,False,False,2025-08-23 12:16:31
S001430,Champions League Hospitality,True,True,False,False,2025-05-21 00:28:44
S002915,Membership Drive,True,False,False,False,2025-06-14 07:13:59
S002373,Matchday Ticket Alert,True,False,False,False,2024-11-23 06:12:11
S003819,New Home Kit Launch,True,False,False,False,2024-11-17 00:48:47
S004293,International Fan Club,True,False,False,False,2025-09-19 01:08:05
S001141,International Fan Club,True,False,False,False,2025-09-18 21:20:30
S001577,Champions League Hospitality,True,False,False,False,2025-08-26 21:34:51
S001240,Matchday Ticket Alert,True,False,False,False,2025-08-29 16:08:06
S001588,New Home Kit Launch,True,True,True,True,2025-09-14 16:05:37
S001045,Black Friday Store,True,True,False,False,2025-08-23 19:28:11
S002367,Matchday Ticket Alert,True,False,False,False,2025-06-21 20:41:23
S001796,Season Ticket Renewal,True,False,False,False,2024-12-26 06:49:59
S003504,Re-engagement Winback,True,False,False,False,2025-01-15 16:05:52
S003381,Champions League Hospitality,True,True,False,False,2025-09-17 09:12:17
S004934,Champions League Hospitality,True,False,False,False,2025-02-27 08:06:58
S002870,Re-engagement Winback,True,True,False,False,2025-08-28 17:01:07
S001894,International Fan Club,True,False,False,False,2025-07-06 00:59:49
S002079,International Fan Club,True,True,False,False,2025-09-09 08:09:57
S002226,Champions League Hospitality,True,False,False,False,2024-10-07 20:31:02
S004812,International Fan Club,True,False,False,False,2025-02-26 04:30:54
S002898,Membership Drive,True,True,True,False,2025-09-14 03:22:51
S000169,Black Friday Store,True,False,False,False,2025-08-26 16:23:54
S004970,New Home Kit Launch,True,True,True,False,2025-05-19 05:06:05
S004953,Membership Drive,True,False,False,False,2025-05-28 06:39:19
S001138,Season Ticket Renewal,True,True,False,False,2025-04-03 03:53:53
S003183,Stadium Tour Promo,True,False,False,False,2025-05-24 09:28:36
S000595,Black Friday Store,True,False,False,False,2025-09-03 10:42:59
S001570,Re-engagement Winback,True,False,False,False,2025-09-05 07:37:40
S000495,Season Ticket Renewal,True,False,False,False,2025-09-20 08:56:07
S004259,Season Ticket Renewal,True,False,False,False,2025-06-26 00:25:07
S003005,Black Friday Store,True,False,False,False,2024-11-30 08:57:13
S001634,Matchday Ticket Alert,True,True,False,False,2025-08-27 10:33:50
S000131,Re-engagement Winback,True,False,False,False,2025-07-15 03:27:41
S001429,Stadium Tour Promo,True,False,False,False,2025-09-03 22:07:41
S001733,International Fan Club,True,False,False,False,2025-09-12 08:56:44
S001363,Stadium Tour Promo,True,True,True,False,2024-11-13 18:30:38
S001547,Re-engagement Winback,True,False,False,False,2024-10-27 00:24:46
S002756,Stadium Tour Promo,True,True,False,False,2025-09-17 14:37:37
S002803,Stadium Tour Promo,True,True,False,False,2025-08-29 05:06:59
S001933,Season Ticket Renewal,True,False,False,False,2025-07-11 23:46:29
S003487,Champions League Hospitality,True,True,False,False,2025-08-22 10:37:26
S004575,Stadium Tour Promo,True,False,False,False,2025-08-29 13:50:27
S003340,Stadium Tour Promo,True,False,False,False,2024-11-03 16:01:07
S004465,New Home Kit Launch,True,False,False,False,2025-08-23 17:08:13
S003538,Matchday Ticket Alert,True,False,False,False,2025-08-28 20:32:11
S004016,International Fan Club,True,True,True,True,2025-08-25 12:57:58
S004393,Membership Drive,True,True,True,False,2025-09-17 14:34:19
S003432,Black Friday Store,True,False,False,False,2025-08-29 05:50:58
S002900,Matchday Ticket Alert,True,False,False,False,2025-04-19 00:23:02
S001234,Re-engagement Winback,True,True,False,False,2025-05-29 19:51:28
S004995,Stadium Tour Promo,True,False,False,False,2025-05-03 15:26:04
S001358,New Home Kit Launch,True,True,False,False,2025-05-16 14:34:00
S000178,Matchday Ticket Alert,True,False,False,False,2025-01-17 17:50:53
S000608,Re-engagement Winback,True,False,False,False,2025-09-06 07:08:17
S002384,International Fan Club,True,False,False,False,2025-09-09 05:17:21
S001126,Champions League Hospitality,True,True,True,True,2025-09-08 16:09:22
S000109,Membership Drive,True,False,False,False,2025-08-28 14:11:00
S003739,Season Ticket Renewal,True,False,False,False,2025-04-21 02:32:10
S004947,Matchday Ticket Alert,True,False,False,False,2024-09-20 14:35:56
S001580,Membership Drive,True,False,False,False,2025-04-11 13:56:44
S001107,Re-engagement Winback,True,False,False,False,2025-04-08 00:56:50
S000811,Matchday Ticket Alert,True,True,True,True,2025-02-09 21:11:18
S000316,Season Ticket Renewal,True,False,False,False,2025-06-04 06:08:33
S001639,Stadium Tour Promo,True,False,False,False,2025-05-17 03:57:06
S001101,Re-engagement Winback,True,False,False,False,2025-08-05 14:29:35
S004828,New Home Kit Launch,True,True,False,False,2025-09-03 06:36:20
S003489,New Home Kit Launch,True,False,False,False,2025-08-18 08:57:43
S004733,Matchday Ticket Alert,True,True,False,False,2025-03-21 20:08:45
S004530,Matchday Ticket Alert,True,True,False,False,2025-08-27 09:55:37
S003743,New Home Kit Launch,True,True,True,False,2025-03-02 13:06:37
S003475,New Home Kit Launch,True,True,True,False,2025-07-26 23:05:30
S002171,International Fan Club,True,False,False,False,2025-08-24 18:39:52
S004201,International Fan Club,True,False,False,False,2024-12-19 08:55:11
S001974,Champions League Hospitality,True,False,False,False,2025-03-10 23:54:53
S001630,New Home Kit Launch,True,False,False,False,2024-12-30 15:08:12
S002063,Season Ticket Renewal,True,False,False,False,2025-03-05 23:15:07
S002635,Season Ticket Renewal,True,True,False,False,2025-08-25 04:37:34
S000917,Season Ticket Renewal,True,False,False,False,2025-07-13 07:51:42
S000040,International Fan Club,True,False,False,False,2024-12-04 13:29:22
S004407,Re-engagement Winback,True,False,False,False,2025-08-31 04:01:28
S001553,New Home Kit Launch,True,True,False,False,2024-10-28 19:50:43
S002750,Black Friday Store,True,False,False,False,2025-02-07 23:45:06
S002716,Stadium Tour Promo,True,True,False,False,2025-09-02 12:00:46
S000935,New Home Kit Launch,True,True,False,False,2025-04-14 06:28:29
S000351,Champions League Hospitality,True,False,False,False,2025-09-06 01:46:59
S004553,Matchday Ticket Alert,True,False,False,False,2025-01-04 18:45:49
S002686,International Fan Club,True,False,False,False,2025-06-14 07:13:54
S003550,Matchday Ticket Alert,True,True,False,False,2025-08-23 09:52:51
S001039,New Home Kit Launch,True,True,False,False,2025-01-09 07:25:16
S000959,Champions League Hospitality,True,False,False,False,2024-11-11 02:04:30
S000087,Season Ticket Renewal,True,False,False,False,2025-09-13 02:29:01
S002080,Membership Drive,True,False,False,False,2025-08-06 14:57:01
S000779,Matchday Ticket Alert,True,False,False,False,2025-06-03 21:47:21
S002972,New Home Kit Launch,True,True,True,False,2025-09-09 01:29:51
S002104,Membership Drive,True,True,False,False,2025-09-20 10:01:48
S002460,Matchday Ticket Alert,True,False,False,False,2025-05-24 01:45:28
S001385,Re-engagement Winback,True,False,False,False,2025-08-26 15:20:23
S000667,International Fan Club,True,False,False,False,2025-09-03 12:56:41
S002319,Re-engagement Winback,True,False,False,False,2024-09-29 12:06:48
S003128,Re-engagement Winback,True,False,False,False,2025-09-06 19:55:18
S003337,Season Ticket Renewal,True,True,False,False,2025-03-16 22:46:14
S004343,International Fan Club,True,True,False,False,2025-09-12 14:02:40
S003411,New Home Kit Launch,True,True,True,False,2025-09-13 15:16:41
S002327,Membership Drive,True,False,False,False,2024-12-23 11:50:46
S003373,Re-engagement Winback,True,True,False,False,2025-03-14 16:52:02
S004064,Champions League Hospitality,True,False,False,False,2025-09-10 16:56:00
S000793,Champions League Hospitality,True,False,False,False,2025-09-11 04:36:09
S004273,Re-engagement Winback,True,True,True,False,2024-12-21 10:43:31
S000760,Season Ticket Renewal,True,False,False,False,2025-09-03 03:31:46
S000006,Re-engagement Winback,True,False,False,False,2025-05-04 00:24:26
S003279,New Home Kit Launch,True,True,False,False,2025-02-02 17:18:40
S001032,Matchday Ticket Alert,True,True,False,False,2025-09-18 01:25:55
S004221,Champions League Hospitality,True,False,False,False,2025-09-16 15:33:52
S002220,Stadium Tour Promo,True,True,True,True,2025-08-28 14:23:16
S001597,New Home Kit Launch,True,True,False,False,2024-11-01 15:14:48
S004300,Season Ticket Renewal,True,True,True,True,2025-09-06 03:53:32
S000569,Re-engagement Winback,True,False,False,False,2025-02-23 09:52:59
S003103,Black Friday Store,True,False,False,False,2025-02-05 15:02:59
S004472,Stadium Tour Promo,True,False,False,False,2025-09-16 02:18:16
S004945,Season Ticket Renewal,True,True,True,True,2025-05-21 12:05:32
S001720,Matchday Ticket Alert,True,True,True,False,2025-09-09 00:34:45
S000051,International Fan Club,True,False,False,False,2025-03-26 18:56:15
S002024,Membership Drive,True,False,False,False,2024-12-30 16:51:53
S001889,Membership Drive,True,False,False,False,2025-06-22 16:29:32
S003220,Champions League Hospitality,True,True,False,False,2025-09-17 15:31:04
S000377,Stadium Tour Promo,True,False,False,False,2024-12-26 02:22:42
S004980,Stadium Tour Promo,True,True,False,False,2025-08-31 21:36:24
S004048,Membership Drive,True,True,False,False,2025-09-07 06:18:19
S001165,Season Ticket Renewal,True,True,True,False,2025-04-10 18:19:10
S001907,Membership Drive,True,False,False,False,2025-06-24 01:22:11
S001241,Matchday Ticket Alert,True,True,True,False,2025-08-23 04:25:46
S003574,Re-engagement Winback,True,False,False,False,2024-12-30 19:42:00
S003527,New Home Kit Launch,True,True,False,False,2025-01-30 23:16:35
S000727,Stadium Tour Promo,True,False,False,False,2025-01-10 23:36:26
S002906,Matchday Ticket Alert,True,False,False,False,2024-12-05 19:09:15
S004935,Champions League Hospitality,True,False,False,False,2025-02-21 11:03:49
S004310,International Fan Club,True,False,False,False,2024-12-09 07:12:20
S001970,New Home Kit Launch,True,False,False,False,2024-10-17 09:15:53
S001121,Membership Drive,True,False,False,False,2025-08-31 00:29:03
S001800,Champions League Hospitality,True,True,False,False,2025-08-24 00:18:32
S000469,International Fan Club,True,False,False,False,2025-09-15 18:23:54
S003583,Membership Drive,True,True,False,False,2025-03-08 00:41:27
S000763,International Fan Club,True,False,False,False,2025-08-26 05:51:25
S004964,Re-engagement Winback,True,False,False,False,2024-10-05 14:08:17
S004600,New Home Kit Launch,True,False,False,False,2025-09-16 10:23:48
S000023,New Home Kit Launch,True,True,False,False,2025-09-11 18:59:14
S001925,New Home Kit Launch,True,True,False,False,2025-05-21 22:38:04
S002452,International Fan Club,True,False,False,False,2025-09-01 17:26:06
S002067,Matchday Ticket Alert,True,False,False,False,2025-08-26 00:30:27
S004679,Membership Drive,True,False,False,False,2025-09-18 11:55:36
S003075,Black Friday Store,True,False,False,False,2025-02-11 02:02:33
S000839,Season Ticket Renewal,True,True,True,False,2025-09-01 10:21:09
S003539,Season Ticket Renewal,True,False,False,False,2025-06-01 05:57:33
S001325,Season Ticket Renewal,True,False,False,False,2025-05-12 04:39:46
S002305,International Fan Club,True,False,False,False,2025-08-24 17:52:07
S000070,Black Friday Store,True,True,True,False,2025-01-26 09:08:07
S001328,Black Friday Store,True,False,False,False,2025-08-29 12:32:28
S000636,Season Ticket Renewal,True,True,True,False,2025-08-31 02:30:35
S001701,Re-engagement Winback,True,False,False,False,2025-08-22 15:24:18
S003207,Black Friday Store,True,True,True,False,2025-06-01 15:18:54
S001282,Membership Drive,True,False,False,False,2025-01-09 08:32:10
S002609,New Home Kit Launch,True,False,False,False,2025-02-05 02:06:13
S003619,Champions League Hospitality,True,False,False,False,2025-02-24 06:35:10
S001251,Matchday Ticket Alert,True,False,False,False,2024-11-04 09:59:40
S000912,Champions League Hospitality,True,False,False,False,2025-09-01 22:44:36
S003823,Membership Drive,True,False,False,False,2025-03-02 13:33:20
S003176,Black Friday Store,True,True,True,False,2025-03-03 02:16:46
S004470,Stadium Tour Promo,True,False,False,False,2025-07-25 14:32:50
S000210,Membership Drive,True,False,False,False,2025-03-26 10:39:59
S003181,New Home Kit Launch,True,True,True,True,2025-06-22 02:42:51
S001667,Membership Drive,True,True,False,False,2025-09-17 19:55:13
S002404,Stadium Tour Promo,True,False,False,False,2025-07-07 23:26:12
S003183,New Home Kit Launch,True,False,False,False,2025-01-27 05:45:14
S002696,Stadium Tour Promo,True,False,False,False,2025-05-01 16:39:06
S003785,Champions League Hospitality,True,True,False,False,2025-09-15 23:28:24
S001500,International Fan Club,True,False,False,False,2025-07-07 07:01:04
S001180,Champions League Hospitality,True,False,False,False,2025-09-17 06:16:00
S000408,Matchday Ticket Alert,True,False,False,False,2025-06-24 01:33:02
S004639,Champions League Hospitality,True,False,False,False,2025-09-11 03:37:55
S003076,Champions League Hospitality,True,False,False,False,2025-09-01 06:14:32
S004468,Stadium Tour Promo,True,False,False,False,2025-08-23 23:18:14
S000908,New Home Kit Launch,True,True,True,False,2024-09-23 03:18:22
S003117,Re-engagement Winback,True,False,False,False,2025-08-23 09:47:04
S004137,Re-engagement Winback,True,True,False,False,2025-09-12 21:55:15
S001906,Stadium Tour Promo,True,True,False,False,2025-09-13 10:49:15
S003672,International Fan Club,True,True,True,False,2025-08-22 01:06:52
S000083,New Home Kit Launch,True,False,False,False,2025-09-15 13:54:16
S004296,Champions League Hospitality,True,True,False,False,2025-01-09 08:20:56
S003589,Matchday Ticket Alert,True,False,False,False,2025-05-25 06:34:37
S004367,Season Ticket Renewal,True,False,False,False,2025-03-25 18:43:12
S001445,Re-engagement Winback,True,True,False,False,2024-12-19 12:56:23
S001268,Membership Drive,True,True,True,False,2025-08-26 11:41:10
S003477,Season Ticket Renewal,True,True,True,False,2025-09-09 11:50:41
S003674,Black Friday Store,True,True,False,False,2024-11-23 19:54:08
S001165,Season Ticket Renewal,True,False,False,False,2025-09-04 12:25:21
S004557,New Home Kit Launch,True,False,False,False,2025-08-23 15:23:44
S002437,Season Ticket Renewal,True,True,False,False,2025-09-09 23:09:45
S004720,Re-engagement Winback,True,False,False,False,2025-09-18 03:20:35
S004321,New Home Kit Launch,True,False,False,False,2025-08-05 11:16:49
S003494,Season Ticket Renewal,True,False,False,False,2025-09-19 04:13:27
S003118,Stadium Tour Promo,True,True,True,False,2025-04-28 00:33:51
S001083,Black Friday Store,True,True,False,False,2025-01-26 06:05:08
S001900,Black Friday Store,True,False,False,False,2025-05-30 11:15:18
S004900,Champions League Hospitality,True,True,True,False,2025-02-13 16:40:34
S001665,International Fan Club,True,True,False,False,2025-09-15 21:38:05
S001185,Season Ticket Renewal,True,False,False,False,2025-05-07 07:48:11
S003975,Season Ticket Renewal,True,False,False,False,2025-09-05 12:19:45
S000215,Matchday Ticket Alert,True,False,False,False,2024-10-13 13:37:52
S002752,Black Friday Store,True,False,False,False,2025-05-25 07:54:15
S003018,Stadium Tour Promo,True,False,False,False,2024-09-30 20:03:34
S003488,Membership Drive,True,False,False,False,2025-08-13 04:30:36
S002177,Re-engagement Winback,True,True,False,False,2025-08-27 20:52:29
S001778,Season Ticket Renewal,True,True,True,True,2025-09-18 09:44:15
S000012,Stadium Tour Promo,True,False,False,False,2024-10-25 11:27:50
S003449,Matchday Ticket Alert,True,False,False,False,2025-09-17 02:38:37
S004778,Membership Drive,True,False,False,False,2025-09-14 01:01:31
S001582,International Fan Club,True,False,False,False,2025-09-16 03:58:57
S003882,Black Friday Store,True,False,False,False,2025-06-07 15:39:52
S002751,Champions League Hospitality,True,True,True,False,2025-08-18 05:10:08
S002109,Season Ticket Renewal,True,False,False,False,2025-09-06 02:09:05
S003448,Matchday Ticket Alert,True,False,False,False,2025-08-23 11:39:04
S002918,International Fan Club,True,True,False,False,2025-09-07 04:56:30
S001161,Black Friday Store,True,False,False,False,2025-04-21 09:46:38
S002905,International Fan Club,True,True,True,False,2025-04-02 04:07:31
S000576,Membership Drive,True,True,True,False,2025-04-05 19:35:26
S003700,Season Ticket Renewal,True,True,False,False,2025-08-08 03:41:16
S003144,Stadium Tour Promo,True,False,False,False,2024-10-30 02:00:05
S002570,Membership Drive,True,True,False,False,2025-03-18 07:55:58
S004455,Membership Drive,True,True,False,False,2025-03-31 18:45:40
S000902,Black Friday Store,True,False,False,False,2025-03-12 07:40:19
S004706,Season Ticket Renewal,True,False,False,False,2025-07-28 16:26:57
S002926,Season Ticket Renewal,True,True,False,False,2024-09-20 21:49:20
S002953,Re-engagement Winback,True,False,False,False,2025-08-29 07:00:21
S000395,Champions League Hospitality,True,False,False,False,2025-07-22 04:25:50
S004418,Matchday Ticket Alert,True,True,True,False,2025-02-11 07:07:57
S000853,Re-engagement Winback,True,True,True,False,2025-08-09 02:23:28
S002400,Champions League Hospitality,True,True,False,False,2025-09-03 05:00:06
S003634,Matchday Ticket Alert,True,True,True,False,2024-10-06 10:13:30
S000131,Membership Drive,True,False,False,False,2025-08-21 19:37:59
S004378,Stadium Tour Promo,True,False,False,False,2025-08-21 17:47:26
S004074,Stadium Tour Promo,True,False,False,False,2024-11-06 16:52:14
S001694,Re-engagement Winback,True,False,False,False,2024-10-20 07:56:29
S000858,Champions League Hospitality,True,True,False,False,2025-09-04 03:03:25
S000617,Season Ticket Renewal,True,True,False,False,2025-09-05 15:38:20
S000649,Membership Drive,True,False,False,False,2024-10-25 19:48:42
S001702,Stadium Tour Promo,True,True,True,False,2025-08-27 10:12:01
S002991,New Home Kit Launch,True,True,True,False,2025-01-27 17:41:42
S004612,Membership Drive,True,True,True,False,2025-09-12 08:23:37
S002543,Matchday Ticket Alert,True,False,False,False,2025-03-14 07:18:24
S002451,International Fan Club,True,True,True,False,2025-07-14 12:00:57
S001952,Champions League Hospitality,True,True,True,False,2025-02-19 14:41:21
S004573,Re-engagement Winback,True,False,False,False,2024-12-21 15:13:29
S004844,Champions League Hospitality,True,True,True,False,2025-08-23 07:40:52
S003324,Re-engagement Winback,True,False,False,False,2025-07-18 15:32:54
S001510,International Fan Club,True,True,False,False,2025-07-07 08:39:22
S002043,Membership Drive,True,True,False,False,2025-09-09 00:24:44
S003590,Membership Drive,True,False,False,False,2024-10-25 22:33:31
S000114,Black Friday Store,True,False,False,False,2024-09-22 16:56:01
S002012,Black Friday Store,True,True,True,True,2025-09-16 09:00:52
S002383,Re-engagement Winback,True,True,False,False,2025-08-26 05:31:20
S002134,Matchday Ticket Alert,True,True,True,False,2024-12-22 15:28:32
S002674,Season Ticket Renewal,True,True,True,False,2025-08-24 14:36:33
S004983,Black Friday Store,True,False,False,False,2025-09-02 18:41:42
S002199,Black Friday Store,True,False,False,False,2025-09-09 15:03:11
S003355,Re-engagement Winback,True,False,False,False,2024-11-13 12:27:08
S004667,Matchday Ticket Alert,True,False,False,False,2025-05-12 07:26:48
S003335,Black Friday Store,True,False,False,False,2025-09-07 17:49:48
S001578,International Fan Club,True,False,False,False,2025-08-22 19:47:16
S001817,Black Friday Store,True,False,False,False,2025-09-18 17:15:41
S001667,Re-engagement Winback,True,True,True,False,2025-05-13 07:12:15
S002998,Champions League Hospitality,True,True,False,False,2025-08-29 12:18:26
S004130,Membership Drive,True,False,False,False,2025-08-22 22:57:50
S001738,Matchday Ticket Alert,True,False,False,False,2025-05-22 14:36:36
S001823,Champions League Hospitality,True,True,True,True,2025-02-05 08:29:11
S002499,Re-engagement Winback,True,True,False,False,2025-08-21 13:16:18
S004953,Black Friday Store,True,False,False,False,2025-06-10 07:02:39
S001604,Matchday Ticket Alert,True,True,True,False,2025-09-12 18:03:47
S002141,Re-engagement Winback,True,True,False,False,2025-09-10 18:49:07
S003970,Season Ticket Renewal,True,True,False,False,2025-07-24 08:00:18
S001298,Re-engagement Winback,True,False,False,False,2025-09-09 16:28:28
S004462,Matchday Ticket Alert,True,False,False,False,2025-06-08 05:32:26
S000704,Season Ticket Renewal,True,True,True,False,2025-08-22 13:13:38
S000642,Membership Drive,True,False,False,False,2025-08-02 06:55:39
S000264,Champions League Hospitality,True,True,True,False,2025-05-09 15:24:28
S002341,Black Friday Store,True,True,False,False,2025-09-12 10:48:44
S000119,Season Ticket Renewal,True,True,True,False,2025-08-27 15:14:21
S002046,Matchday Ticket Alert,True,False,False,False,2025-01-03 02:15:59
S003770,Champions League Hospitality,True,False,False,False,2025-03-30 09:07:38
S003553,Membership Drive,True,True,False,False,2024-11-08 15:11:47
S002219,Black Friday Store,True,True,False,False,2025-08-31 22:15:32
S001080,International Fan Club,True,False,False,False,2025-09-19 02:44:32
S002238,Membership Drive,True,True,False,False,2024-09-25 11:15:56
S002811,Black Friday Store,True,False,False,False,2024-10-21 06:01:50
S001529,Champions League Hospitality,True,False,False,False,2025-03-31 09:39:33
S004341,New Home Kit Launch,True,False,False,False,2025-09-01 11:21:13
S003228,Season Ticket Renewal,True,False,False,False,2025-08-23 02:18:41
S000832,International Fan Club,True,True,False,False,2025-08-22 22:07:36
S000149,Champions League Hospitality,True,False,False,False,2025-03-25 01:18:00
S003419,Matchday Ticket Alert,True,False,False,False,2025-09-01 23:05:48
S002763,Membership Drive,True,False,False,False,2024-11-12 20:49:16
S004146,Stadium Tour Promo,True,True,True,False,2024-12-05 08:22:07
S001051,Stadium Tour Promo,True,False,False,False,2025-02-07 02:19:37
S003576,Champions League Hospitality,True,False,False,False,2025-09-17 13:44:52
S001592,Stadium Tour Promo,True,False,False,False,2025-04-03 01:22:05
S001989,New Home Kit Launch,True,False,False,False,2025-06-11 13:04:44
S001339,Season Ticket Renewal,True,False,False,False,2025-09-11 14:56:39
S002120,Matchday Ticket Alert,True,True,True,False,2025-08-27 13:10:50
S004987,Re-engagement Winback,True,True,False,False,2025-03-01 14:14:44
S004463,New Home Kit Launch,True,True,False,False,2024-12-09 05:03:37
S000617,International Fan Club,True,False,False,False,2025-09-11 14:04:34
S000608,Stadium Tour Promo,True,True,True,False,2025-08-31 22:41:53
S000043,International Fan Club,True,False,False,False,2025-09-01 04:31:54
S004303,International Fan Club,True,True,True,False,2025-05-05 19:42:27
S000273,Stadium Tour Promo,True,True,False,False,2025-03-11 13:29:47
S004846,Season Ticket Renewal,True,True,False,False,2024-11-01 02:46:32
S001326,Stadium Tour Promo,True,False,False,False,2025-09-11 09:38:38
S001956,Season Ticket Renewal,True,False,False,False,2025-06-06 04:11:06
S003866,Black Friday Store,True,False,False,False,2025-08-25 02:36:40
S001747,Champions League Hospitality,True,True,True,True,2025-03-08 02:29:36
S002711,Black Friday Store,True,True,False,False,2025-06-27 20:40:01
S001063,New Home Kit Launch,True,False,False,False,2025-08-23 19:06:02
S003601,Black Friday Store,True,True,False,False,2025-09-04 22:22:26
S003121,Black Friday Store,True,False,False,False,2025-09-04 10:02:08
S000207,International Fan Club,True,False,False,False,2024-10-07 19:32:52
S004675,Membership Drive,True,False,False,False,2024-12-06 05:12:16
S003379,Champions League Hospitality,True,True,True,False,2025-09-16 05:36:42
S000914,Matchday Ticket Alert,True,True,False,False,2025-09-12 18:09:26
S001190,Re-engagement Winback,True,False,False,False,2025-09-06 19:25:10
S000532,Season Ticket Renewal,True,False,False,False,2025-08-23 03:37:39
S000733,International Fan Club,True,False,False,False,2025-09-14 15:24:37
S003900,Black Friday Store,True,True,True,False,2025-09-08 21:33:44
S004917,Season Ticket Renewal,True,True,True,False,2025-09-02 17:25:03
S001205,New Home Kit Launch,True,False,False,False,2025-02-14 04:23:30
S004479,Black Friday Store,True,True,True,True,2025-07-18 05:53:49
S003715,Season Ticket Renewal,True,False,False,False,2025-05-14 07:21:55
S000241,Champions League Hospitality,True,False,False,False,2025-03-06 04:33:52
S001015,Matchday Ticket Alert,True,True,True,True,2025-07-06 11:37:02
S004141,Membership Drive,True,True,False,False,2025-01-15 22:48:33
S004810,Season Ticket Renewal,True,True,False,False,2025-09-13 01:56:40
S002659,Season Ticket Renewal,True,False,False,False,2025-01-06 19:13:12
S001203,Re-engagement Winback,True,True,False,False,2025-09-09 15:08:02
S003877,Champions League Hospitality,True,False,False,False,2025-09-02 06:43:19
S004849,Stadium Tour Promo,True,False,False,False,2025-09-13 03:12:22
S002171,Season Ticket Renewal,True,False,False,False,2025-04-20 06:58:20
S000871,International Fan Club,True,False,False,False,2025-09-17 18:11:23
S001805,International Fan Club,True,False,False,False,2025-08-28 13:07:23
S002830,International Fan Club,True,True,True,False,2025-08-31 11:23:55
S002155,Matchday Ticket Alert,True,True,False,False,2024-12-06 11:55:31
S000833,Stadium Tour Promo,True,False,False,False,2025-08-21 04:53:34
S002012,Season Ticket Renewal,True,False,False,False,2025-07-24 08:59:54
S003232,Matchday Ticket Alert,True,False,False,False,2025-05-29 08:03:43
S002514,New Home Kit Launch,True,True,True,True,2025-08-28 06:01:15
S004980,International Fan Club,True,False,False,False,2024-12-09 02:04:36
S001794,International Fan Club,True,False,False,False,2025-02-15 13:27:27
S004379,Re-engagement Winback,True,True,False,False,2025-02-27 00:22:29
S004613,Membership Drive,True,False,False,False,2025-06-25 19:52:48
S000550,Black Friday Store,True,True,False,False,2025-09-12 13:45:06
S002797,New Home Kit Launch,True,False,False,False,2024-12-08 01:29:41
S004466,Stadium Tour Promo,True,True,False,False,2025-01-13 16:07:42
S004220,Season Ticket Renewal,True,False,False,False,2025-08-28 19:05:04
S000601,International Fan Club,True,True,False,False,2024-10-29 06:39:59
S001713,Matchday Ticket Alert,True,False,False,False,2025-06-03 20:23:56
S002833,Black Friday Store,True,True,True,False,2025-09-12 11:37:30
S004606,Champions League Hospitality,True,False,False,False,2025-03-24 02:56:49
S003903,Champions League Hospitality,True,False,False,False,2025-01-19 15:30:02
S002530,International Fan Club,True,False,False,False,2025-08-08 22:51:40
S003902,Re-engagement Winback,True,False,False,False,2025-07-03 15:50:55
S003212,Black Friday Store,True,True,True,False,2025-08-23 03:21:14
S000554,Matchday Ticket Alert,True,False,False,False,2025-09-03 13:54:40
S000712,Season Ticket Renewal,True,False,False,False,2025-03-16 08:51:11
S001726,Stadium Tour Promo,True,False,False,False,2024-12-25 20:21:48
S001319,New Home Kit Launch,True,False,False,False,2025-08-30 18:22:55
S002313,Matchday Ticket Alert,True,False,False,False,2025-02-10 20:40:25
S000593,Re-engagement Winback,True,False,False,False,2025-09-08 22:38:51
S004300,Stadium Tour Promo,True,False,False,False,2025-09-09 11:47:40
S003639,New Home Kit Launch,True,False,False,False,2025-09-09 12:17:46
S000477,Champions League Hospitality,True,True,False,False,2024-11-12 19:09:20
S004800,Stadium Tour Promo,True,False,False,False,2025-09-04 18:18:42
S004915,International Fan Club,True,True,False,False,2025-08-26 12:16:57
S003585,Membership Drive,True,True,False,False,2025-08-22 02:10:15
S004036,New Home Kit Launch,True,False,False,False,2025-08-25 03:15:45
S002835,Matchday Ticket Alert,True,True,True,False,2025-09-04 11:59:40
S002387,Membership Drive,True,False,False,False,2025-08-30 07:08:39
S002861,International Fan Club,True,True,False,False,2025-09-09 09:27:12
S001350,Black Friday Store,True,False,False,False,2025-08-23 22:40:49
S000890,Champions League Hospitality,True,False,False,False,2025-04-08 02:37:09
S004568,Matchday Ticket Alert,True,True,False,False,2025-09-19 05:55:38
S004378,Black Friday Store,True,True,False,False,2025-09-17 02:50:33
S002197,Re-engagement Winback,True,False,False,False,2025-08-07 03:38:33
S002394,Membership Drive,True,False,False,False,2025-01-31 10:49:35
S002610,International Fan Club,True,False,False,False,2025-02-21 23:04:30
S000486,New Home Kit Launch,True,False,False,False,2025-09-17 11:35:09
S004164,Matchday Ticket Alert,True,True,True,True,2024-10-11 11:42:18
S004213,Champions League Hospitality,True,False,False,False,2024-12-24 04:08:29
S000329,New Home Kit Launch,True,True,True,False,2025-09-04 16:09:52
S001484,Black Friday Store,True,True,False,False,2025-02-26 11:59:49
S003673,Matchday Ticket Alert,True,False,False,False,2024-10-08 07:57:18
S001957,Season Ticket Renewal,True,True,True,False,2025-09-03 19:03:30
S001500,Membership Drive,True,True,False,False,2025-08-26 19:52:07
S001516,Stadium Tour Promo,True,False,False,False,2025-08-25 13:00:44
S003914,Membership Drive,True,False,False,False,2025-04-26 15:23:32
S000087,Membership Drive,True,False,False,False,2025-08-27 01:06:27
S001578,Membership Drive,True,False,False,False,2025-01-04 13:42:20
S003430,Black Friday Store,True,False,False,False,2024-12-02 18:09:57
S000750,International Fan Club,True,False,False,False,2025-04-17 12:57:05
S004981,Black Friday Store,True,False,False,False,2025-08-07 09:55:26
S001310,Stadium Tour Promo,True,True,True,False,2025-08-10 08:03:50
S004072,International Fan Club,True,True,False,False,2025-09-01 23:07:43
S003206,International Fan Club,True,True,False,False,2025-09-04 23:51:39
S002237,International Fan Club,True,True,False,False,2025-05-25 15:37:14
S004889,Membership Drive,True,True,True,False,2025-08-22 11:56:12
S001589,International Fan Club,True,True,True,True,2025-09-05 03:15:12
S002626,New Home Kit Launch,True,False,False,False,2025-07-14 04:39:08
S001072,Membership Drive,True,False,False,False,2025-09-11 05:03:38
S003106,Matchday Ticket Alert,True,True,False,False,2025-08-30 22:00:59
S002677,Re-engagement Winback,True,False,False,False,2025-08-29 02:28:38
S001724,Season Ticket Renewal,True,False,False,False,2025-02-26 04:01:52
S003124,Re-engagement Winback,True,False,False,False,2025-09-16 08:03:16
S003777,New Home Kit Launch,True,False,False,False,2025-08-08 02:09:48
S000511,Black Friday Store,True,False,False,False,2025-09-08 09:51:43
S002017,International Fan Club,True,False,False,False,2024-09-24 12:24:30
S004799,International Fan Club,True,False,False,False,2025-09-12 01:36:45
S000212,Re-engagement Winback,True,True,False,False,2025-09-17 02:01:49
S004870,Membership Drive,True,False,False,False,2025-09-15 08:10:15
S002341,New Home Kit Launch,True,False,False,False,2025-09-04 13:55:24
S001154,Champions League Hospitality,True,True,True,True,2025-09-04 16:33:00
S002259,Re-engagement Winback,True,False,False,False,2024-10-09 04:38:21
S000102,Stadium Tour Promo,True,False,False,False,2025-08-23 13:53:26
S002533,Re-engagement Winback,True,False,False,False,2025-07-24 08:04:19
S001269,Stadium Tour Promo,True,False,False,False,2024-12-12 01:42:35
S002635,International Fan Club,True,False,False,False,2025-02-11 17:21:29
S003560,Stadium Tour Promo,True,False,False,False,2025-05-07 03:56:02
S001649,International Fan Club,True,False,False,False,2025-03-19 01:27:21
S004053,Re-engagement Winback,True,True,True,True,2025-09-02 08:50:56
S004065,New Home Kit Launch,True,False,False,False,2025-09-02 03:56:49
S002603,Stadium Tour Promo,True,False,False,False,2024-11-05 12:56:02
S001959,Matchday Ticket Alert,True,False,False,False,2024-12-28 16:39:44
S001804,International Fan Club,True,True,False,False,2025-04-21 22:52:43
S000713,Matchday Ticket Alert,True,True,False,False,2025-09-19 18:58:54
S002479,Champions League Hospitality,True,False,False,False,2024-12-20 13:16:31
S000725,Stadium Tour Promo,True,False,False,False,2025-09-02 11:09:55
S002029,Champions League Hospitality,True,False,False,False,2025-07-29 20:15:31
S004966,Re-engagement Winback,True,True,True,False,2025-09-09 20:10:24
S004073,Stadium Tour Promo,True,True,True,True,2025-09-07 14:06:12
S004486,Re-engagement Winback,True,False,False,False,2024-12-07 18:51:40
S001706,New Home Kit Launch,True,False,False,False,2024-11-11 11:25:54
S003825,Champions League Hospitality,True,False,False,False,2025-01-07 04:32:32
S000970,Re-engagement Winback,True,False,False,False,2024-11-13 11:36:51
S002238,Black Friday Store,True,False,False,False,2025-02-21 01:56:11
S003708,Re-engagement Winback,True,True,False,False,2025-09-07 16:20:08
S001224,Re-engagement Winback,True,False,False,False,2025-07-02 13:22:33
S000123,International Fan Club,True,False,False,False,2025-05-03 02:29:52
S002744,Re-engagement Winback,True,True,True,False,2025-09-19 05:09:38
S001182,Black Friday Store,True,True,True,True,2024-11-01 13:57:41
S004899,Re-engagement Winback,True,True,False,False,2025-09-07 12:19:07
S003331,Re-engagement Winback,True,False,False,False,2025-06-12 19:06:38
S002857,Season Ticket Renewal,True,True,True,False,2025-01-01 18:32:50
S003438,Champions League Hospitality,True,False,False,False,2025-08-28 13:57:58
S001967,Champions League Hospitality,True,True,True,True,2025-09-16 15:41:02
S001797,Membership Drive,True,False,False,False,2025-03-10 20:08:26
S001481,Membership Drive,True,True,True,False,2025-09-15 12:07:00
S003827,Black Friday Store,True,True,False,False,2025-09-02 04:14:36
S002098,Stadium Tour Promo,True,False,False,False,2025-09-13 23:46:03
S000419,Re-engagement Winback,True,True,True,False,2025-09-17 23:02:21
S004872,New Home Kit Launch,True,False,False,False,2024-09-27 19:00:31
S003512,Matchday Ticket Alert,True,True,False,False,2025-05-17 22:37:04
S004243,Matchday Ticket Alert,True,False,False,False,2025-05-01 20:51:42
S001855,New Home Kit Launch,True,False,False,False,2024-11-08 20:53:30
S002301,Champions League Hospitality,True,True,False,False,2025-08-31 05:42:16
S004426,Re-engagement Winback,True,False,False,False,2024-12-11 06:04:42
S001328,Re-engagement Winback,True,False,False,False,2025-08-24 02:48:32
S000352,Matchday Ticket Alert,True,False,False,False,2024-10-05 09:01:50
S003961,Membership Drive,True,True,True,True,2025-09-07 00:03:15
S004033,Black Friday Store,True,True,True,False,2025-08-28 07:53:00
S000982,International Fan Club,True,False,False,False,2025-07-24 19:36:36
S000505,Re-engagement Winback,True,False,False,False,2025-08-23 12:43:24
S002136,Stadium Tour Promo,True,True,False,False,2025-09-12 04:47:59
S002083,Season Ticket Renewal,True,False,False,False,2025-06-09 01:51:02
S004568,Membership Drive,True,False,False,False,2025-08-22 19:10:04
S002872,Matchday Ticket Alert,True,True,True,False,2025-08-17 07:12:50
S002223,International Fan Club,True,False,False,False,2024-12-16 09:32:51
S000054,Matchday Ticket Alert,True,False,False,False,2025-09-01 23:49:59
S002354,Membership Drive,True,True,False,False,2025-09-03 15:03:50
S003626,International Fan Club,True,False,False,False,2025-07-22 07:51:43
S001106,Re-engagement Winback,True,False,False,False,2025-08-28 15:30:20
S004250,International Fan Club,True,True,False,False,2025-07-08 15:18:55
S002080,Re-engagement Winback,True,True,False,False,2024-12-18 00:29:27
S001234,Season Ticket Renewal,True,False,False,False,2024-12-22 16:14:56
S000576,Season Ticket Renewal,True,False,False,False,2025-03-18 14:35:53
S002400,International Fan Club,True,True,False,False,2025-07-26 21:18:42
S004741,Champions League Hospitality,True,False,False,False,2025-08-22 16:55:00
S001334,Season Ticket Renewal,True,True,False,False,2024-11-15 17:28:41
S001331,International Fan Club,True,False,False,False,2024-10-31 14:00:17
S003290,Stadium Tour Promo,True,True,False,False,2025-08-31 16:06:08
S002530,Black Friday Store,True,False,False,False,2024-11-18 03:07:32
S001455,Matchday Ticket Alert,True,True,False,False,2025-07-29 07:30:25
S002982,Stadium Tour Promo,True,False,False,False,2024-10-30 14:25:42
S001320,Membership Drive,True,True,False,False,2025-01-20 08:24:48
S003024,Matchday Ticket Alert,True,False,False,False,2024-12-23 07:54:16
S001822,Stadium Tour Promo,True,True,True,False,2025-04-04 20:26:52
S001782,International Fan Club,True,True,False,False,2025-09-13 10:28:45
S002334,Season Ticket Renewal,True,False,False,False,2025-03-09 02:46:19
S004183,Matchday Ticket Alert,True,False,False,False,2025-01-20 01:10:22
S003135,Re-engagement Winback,True,False,False,False,2024-09-26 22:36:43
S000436,Re-engagement Winback,True,False,False,False,2025-02-22 02:27:34
S004859,International Fan Club,True,False,False,False,2025-02-19 19:05:21
S002238,Season Ticket Renewal,True,False,False,False,2025-08-29 17:36:24
S002617,Season Ticket Renewal,True,True,False,False,2025-09-18 15:12:44
S002001,Matchday Ticket Alert,True,False,False,False,2025-08-25 06:54:25
S004568,International Fan Club,True,False,False,False,2025-07-06 16:44:01
S004003,Matchday Ticket Alert,True,False,False,False,2024-12-03 23:22:08
S001150,New Home Kit Launch,True,False,False,False,2025-08-27 09:28:20
S001029,Re-engagement Winback,True,False,False,False,2025-08-24 10:55:51
S001571,Black Friday Store,True,True,True,False,2025-02-22 22:59:32
S001511,Matchday Ticket Alert,True,True,True,False,2025-05-02 10:44:05
S002971,Season Ticket Renewal,True,True,True,False,2025-06-01 23:19:14
S004704,Black Friday Store,True,True,False,False,2024-11-06 11:42:07
S003277,Matchday Ticket Alert,True,True,True,True,2025-08-10 04:41:44
S000505,Season Ticket Renewal,True,False,False,False,2025-07-09 10:09:28
S003062,Stadium Tour Promo,True,False,False,False,2025-08-31 13:35:45
S000377,Season Ticket Renewal,True,True,False,False,2024-11-14 17:34:05
S003921,Season Ticket Renewal,True,True,True,False,2025-06-05 00:47:43
S001156,International Fan Club,True,False,False,False,2025-08-24 23:56:31
S000720,Re-engagement Winback,True,False,False,False,2025-06-11 17:08:01
S004933,Membership Drive,True,False,False,False,2025-09-12 18:27:40
S004167,Season Ticket Renewal,True,False,False,False,2025-09-14 01:01:36
S000457,Matchday Ticket Alert,True,False,False,False,2025-08-29 19:57:21
S004090,International Fan Club,True,False,False,False,2025-08-24 23:26:08
S003324,Black Friday Store,True,True,False,False,2024-10-06 00:57:34
S000508,Black Friday Store,True,False,False,False,2024-12-30 23:39:54
S001661,Champions League Hospitality,True,True,False,False,2025-09-16 01:48:40
S002090,Champions League Hospitality,True,False,False,False,2025-09-15 05:08:28
S002028,International Fan Club,True,True,True,False,2024-09-30 06:27:53
S002196,Membership Drive,True,True,False,False,2025-05-26 03:13:55
S002756,Black Friday Store,True,True,False,False,2025-04-10 19:50:36
S003117,Re-engagement Winback,True,False,False,False,2025-08-31 01:21:55
S003541,Re-engagement Winback,True,True,True,True,2025-02-06 22:08:29
S004064,International Fan Club,True,False,False,False,2025-09-11 01:34:37
S004428,International Fan Club,True,False,False,False,2025-09-11 08:42:42
S002612,Re-engagement Winback,True,True,False,False,2025-08-31 10:40:52
S004942,Matchday Ticket Alert,True,True,True,True,2025-09-08 15:39:03
S003979,Season Ticket Renewal,True,False,False,False,2025-09-09 16:50:20
S002405,Season Ticket Renewal,True,False,False,False,2025-09-05 17:34:04
S000883,International Fan Club,True,False,False,False,2025-08-21 23:23:50
S003242,Re-engagement Winback,True,False,False,False,2025-06-25 16:43:56
S002947,Matchday Ticket Alert,True,False,False,False,2025-01-03 03:22:50
S002634,Season Ticket Renewal,True,False,False,False,2025-02-16 05:09:05
S002097,Re-engagement Winback,True,True,False,False,2025-03-25 13:19:03
S004731,Stadium Tour Promo,True,True,True,False,2025-09-02 12:53:33
S000819,Champions League Hospitality,True,False,False,False,2025-06-26 22:53:56
S003552,Matchday Ticket Alert,True,True,False,False,2025-05-23 21:38:29
S002687,Stadium Tour Promo,True,True,True,True,2025-09-14 03:18:25
S001029,New Home Kit Launch,True,True,True,False,2025-06-20 21:39:09
S001727,Black Friday Store,True,False,False,False,2025-09-15 04:38:06
S001921,Matchday Ticket Alert,True,False,False,False,2025-09-02 23:53:02
S001724,Membership Drive,True,True,False,False,2024-11-08 08:43:01
S002458,International Fan Club,True,False,False,False,2025-08-22 16:18:13
S002242,Season Ticket Renewal,True,True,False,False,2025-07-11 18:16:17
S004021,Membership Drive,True,False,False,False,2024-10-08 22:08:36
S001156,Stadium Tour Promo,True,True,True,False,2025-09-10 13:41:02
S004426,Membership Drive,True,False,False,False,2025-09-12 11:32:50
S001453,Matchday Ticket Alert,True,True,False,False,2025-09-10 05:12:12
S000980,New Home Kit Launch,True,True,True,False,2025-08-31 11:40:01
S002949,New Home Kit Launch,True,False,False,False,2025-08-25 08:21:44
S001848,New Home Kit Launch,True,True,False,False,2025-08-28 16:56:28
S002685,International Fan Club,True,False,False,False,2025-09-10 23:52:48
S004917,Re-engagement Winback,True,False,False,False,2025-09-04 03:12:38
S003789,New Home Kit Launch,True,False,False,False,2025-09-01 03:42:49
S002316,Stadium Tour Promo,True,False,False,False,2025-08-24 08:43:42
S001093,New Home Kit Launch,True,True,False,False,2024-11-30 18:22:35
S000603,International Fan Club,True,True,False,False,2025-09-06 14:20:57
S000423,International Fan Club,True,True,False,False,2025-04-21 19:40:09
S000131,Re-engagement Winback,True,True,True,False,2025-05-05 07:20:29
S000698,Black Friday Store,True,True,True,False,2024-12-04 18:56:57
S002339,Season Ticket Renewal,True,False,False,False,2024-10-14 15:48:59
S002976,International Fan Club,True,False,False,False,2025-09-16 13:22:41
S002887,Membership Drive,True,False,False,False,2025-09-14 05:32:01
S001915,Re-engagement Winback,True,False,False,False,2025-02-22 22:51:10
S001755,Black Friday Store,True,False,False,False,2025-01-27 23:15:46
S004108,Membership Drive,True,False,False,False,2025-07-05 16:04:05
S002067,New Home Kit Launch,True,False,False,False,2024-12-28 19:32:18
S003017,International Fan Club,True,True,True,False,2024-11-25 20:03:48
S004569,International Fan Club,True,False,False,False,2025-05-22 10:11:03
S002260,Champions League Hospitality,True,True,True,True,2025-09-14 05:10:19
S004154,Matchday Ticket Alert,True,True,True,False,2025-03-20 14:25:09
S000138,Re-engagement Winback,True,True,True,False,2025-08-25 12:45:26
S001972,International Fan Club,True,True,False,False,2025-09-19 04:59:40
S004548,New Home Kit Launch,True,False,False,False,2025-09-03 17:09:08
S004614,Black Friday Store,True,False,False,False,2025-08-22 19:21:59
S004215,Black Friday Store,True,False,False,False,2025-06-24 21:30:02
S000309,Re-engagement Winback,True,True,True,False,2024-11-20 06:08:19
S001442,New Home Kit Launch,True,True,False,False,2025-09-10 22:53:28
S002244,Matchday Ticket Alert,True,False,False,False,2025-09-13 07:52:58
S002946,Stadium Tour Promo,True,True,False,False,2025-08-26 07:46:17
S004121,Champions League Hospitality,True,False,False,False,2025-09-13 00:37:35
S001400,Black Friday Store,True,False,False,False,2025-09-06 10:51:06
S000354,Stadium Tour Promo,True,False,False,False,2025-09-15 06:28:13
S004878,Black Friday Store,True,False,False,False,2025-03-20 15:13:56
S000152,New Home Kit Launch,True,False,False,False,2025-03-19 00:28:18
S002614,Champions League Hospitality,True,True,True,False,2025-09-20 09:23:44
S001014,New Home Kit Launch,True,False,False,False,2025-04-23 20:05:39
S000897,International Fan Club,True,False,False,False,2025-09-19 01:30:01
S004337,International Fan Club,True,False,False,False,2025-05-15 00:48:25
S001803,Matchday Ticket Alert,True,True,True,False,2025-04-29 03:27:06
S003044,Membership Drive,True,True,False,False,2024-10-07 17:46:12
S000121,Stadium Tour Promo,True,False,False,False,2025-09-04 03:31:13
S004784,Matchday Ticket Alert,True,True,False,False,2025-08-25 04:01:27
S002999,Membership Drive,True,False,False,False,2025-04-05 14:41:36
S001157,Season Ticket Renewal,True,False,False,False,2025-09-16 03:19:56
S002552,Stadium Tour Promo,True,True,False,False,2024-10-22 22:10:20
S002366,Re-engagement Winback,True,False,False,False,2025-08-31 07:46:19
S001102,Stadium Tour Promo,True,False,False,False,2025-07-23 06:21:38
S003883,Black Friday Store,True,False,False,False,2025-07-25 17:51:07
S003549,Matchday Ticket Alert,True,False,False,False,2025-05-21 13:31:14
S001663,Black Friday Store,True,False,False,False,2024-12-22 05:20:48
S001840,Black Friday Store,True,True,True,False,2024-10-05 07:07:00
S004799,New Home Kit Launch,True,False,False,False,2025-08-08 10:33:36
S000545,Champions League Hospitality,True,True,False,False,2025-08-28 15:23:29
S004803,Black Friday Store,True,False,False,False,2025-09-12 06:31:55
S001479,Champions League Hospitality,True,True,False,False,2025-09-12 08:28:48
S002751,International Fan Club,True,True,True,False,2024-11-10 11:21:03
S001672,Matchday Ticket Alert,True,False,False,False,2024-12-23 06:45:00
S002869,Stadium Tour Promo,True,False,False,False,2025-04-11 03:23:16
S002821,Stadium Tour Promo,True,False,False,False,2025-05-03 01:04:21
S002168,Stadium Tour Promo,True,False,False,False,2025-05-06 21:02:37
S002728,Membership Drive,True,True,True,False,2024-10-19 15:02:05
S002880,Black Friday Store,True,True,False,False,2024-10-18 00:29:37
S002198,Re-engagement Winback,True,True,True,False,2024-10-26 02:28:44
S003673,International Fan Club,True,False,False,False,2024-12-30 06:46:31
S004392,New Home Kit Launch,True,True,True,False,2024-10-05 00:21:46
S004718,Re-engagement Winback,True,False,False,False,2025-06-05 23:56:09
S000700,Champions League Hospitality,True,True,False,False,2025-08-27 17:44:29
S000961,Matchday Ticket Alert,True,True,False,False,2025-08-26 10:29:31
S001252,Champions League Hospitality,True,False,False,False,2025-09-03 16:13:43
S001229,Stadium Tour Promo,True,True,True,False,2025-08-30 19:45:21
S000742,Champions League Hospitality,True,True,True,False,2025-02-02 01:33:57
S003043,Matchday Ticket Alert,True,True,True,False,2025-06-28 04:25:28
S001945,Re-engagement Winback,True,True,False,False,2025-09-09 02:44:27
S002355,Black Friday Store,True,False,False,False,2025-09-11 23:25:37
S004065,New Home Kit Launch,True,True,False,False,2024-12-25 08:48:47
S000915,Membership Drive,True,False,False,False,2024-10-05 18:17:33
S001076,Re-engagement Winback,True,True,False,False,2024-10-23 22:13:15
S003836,Stadium Tour Promo,True,True,False,False,2025-09-06 14:17:37
S004191,International Fan Club,True,True,False,False,2025-08-23 07:44:45
S001946,Season Ticket Renewal,True,False,False,False,2025-06-28 10:08:01
S002541,Membership Drive,True,True,False,False,2025-09-11 19:46:27
S003649,Stadium Tour Promo,True,False,False,False,2025-02-10 13:14:06
S002174,Season Ticket Renewal,True,True,False,False,2025-06-07 15:05:40
S002302,New Home Kit Launch,True,False,False,False,2025-02-21 04:26:09
S004526,Matchday Ticket Alert,True,False,False,False,2025-06-11 17:26:19
S000226,Champions League Hospitality,True,True,False,False,2025-01-04 03:57:26
S002611,New Home Kit Launch,True,True,False,False,2024-11-21 06:50:04
S000490,Re-engagement Winback,True,False,False,False,2025-09-05 14:36:38
S000061,Re-engagement Winback,True,True,False,False,2025-09-11 17:33:54
S002822,Re-engagement Winback,True,False,False,False,2025-08-31 06:58:22
S004168,Matchday Ticket Alert,True,False,False,False,2025-09-06 14:10:50
S004438,Matchday Ticket Alert,True,True,False,False,2025-09-16 06:25:44
S003371,Re-engagement Winback,True,False,False,False,2024-10-05 19:12:31
S000671,Champions League Hospitality,True,True,False,False,2025-09-20 01:58:52
S004499,New Home Kit Launch,True,False,False,False,2025-09-11 16:37:06
S003083,Black Friday Store,True,False,False,False,2025-09-08 07:13:42
S004380,Season Ticket Renewal,True,False,False,False,2025-01-28 19:23:00
S000694,Matchday Ticket Alert,True,True,False,False,2025-09-19 05:29:30
S004283,Matchday Ticket Alert,True,True,False,False,2024-09-23 20:16:39
S003691,New Home Kit Launch,True,True,True,False,2025-08-16 08:42:34
S000276,Re-engagement Winback,True,False,False,False,2025-09-10 16:04:24
S001977,New Home Kit Launch,True,False,False,False,2025-04-14 23:27:21
S000353,Re-engagement Winback,True,True,True,False,2025-09-01 16:15:48
S002859,Matchday Ticket Alert,True,False,False,False,2025-09-09 03:16:41
S003980,Black Friday Store,True,True,False,False,2025-02-24 13:04:30
S002360,Matchday Ticket Alert,True,False,False,False,2025-06-20 19:02:26
S002357,International Fan Club,True,False,False,False,2025-06-25 02:20:12
S004048,Re-engagement Winback,True,False,False,False,2025-03-20 18:53:48
S004922,International Fan Club,True,True,True,False,2025-02-22 03:27:54
S003100,International Fan Club,True,False,False,False,2025-03-20 05:08:20
S004559,Re-engagement Winback,True,False,False,False,2025-08-28 14:38:20
S004261,Membership Drive,True,False,False,False,2024-12-09 16:23:48
S004867,Black Friday Store,True,False,False,False,2025-02-08 02:01:20
S001639,Season Ticket Renewal,True,False,False,False,2024-11-14 08:41:42
S000622,Champions League Hospitality,True,False,False,False,2025-03-17 11:14:47
S000215,Membership Drive,True,False,False,False,2025-08-31 22:10:40
S000321,International Fan Club,True,False,False,False,2025-08-02 17:34:06
S003833,Stadium Tour Promo,True,True,False,False,2025-09-17 09:11:16
S004328,Champions League Hospitality,True,False,False,False,2024-10-20 21:28:56
S003872,Membership Drive,True,False,False,False,2025-09-11 22:28:54
S001987,International Fan Club,True,False,False,False,2025-01-18 14:49:23
S004335,Champions League Hospitality,True,True,True,True,2025-08-25 03:56:11
S003398,Champions League Hospitality,True,False,False,False,2024-11-15 03:07:17
S001435,International Fan Club,True,False,False,False,2025-06-19 19:27:04
S002128,Season Ticket Renewal,True,True,False,False,2025-09-03 12:10:04
S002307,Champions League Hospitality,True,False,False,False,2025-01-01 10:48:10
S004170,Champions League Hospitality,True,True,True,True,2025-09-18 23:28:44
S002136,Champions League Hospitality,True,False,False,False,2025-09-15 10:26:55
S001359,Stadium Tour Promo,True,True,True,False,2025-01-20 21:44:56
S002657,New Home Kit Launch,True,False,False,False,2025-09-07 13:30:46
S003646,International Fan Club,True,False,False,False,2025-08-31 16:28:53
S001687,Season Ticket Renewal,True,True,True,False,2025-05-05 06:26:54
S004509,Season Ticket Renewal,True,True,True,False,2025-09-01 21:10:46
S001619,New Home Kit Launch,True,False,False,False,2025-08-25 06:16:43
S001732,Black Friday Store,True,True,False,False,2025-09-16 23:27:27
S004528,Membership Drive,True,True,False,False,2025-08-04 22:14:22
S003271,International Fan Club,True,True,False,False,2025-08-26 16:01:24
S004580,Black Friday Store,True,True,False,False,2024-09-30 01:16:17
S003247,Re-engagement Winback,True,False,False,False,2025-08-29 05:44:31
S000215,Stadium Tour Promo,True,False,False,False,2025-06-04 08:31:51
S002765,Matchday Ticket Alert,True,True,False,False,2024-12-14 23:19:12
S004030,Champions League Hospitality,True,True,False,False,2025-02-21 06:13:34
S004520,Re-engagement Winback,True,False,False,False,2025-07-22 05:58:11
S000075,Re-engagement Winback,True,True,True,False,2025-02-06 03:36:31
S002145,New Home Kit Launch,True,True,False,False,2025-01-02 05:49:32
S004851,Re-engagement Winback,True,False,False,False,2025-08-27 08:44:22
S004618,New Home Kit Launch,True,False,False,False,2024-10-06 01:12:42
S001628,Membership Drive,True,False,False,False,2025-09-14 16:59:57
S002605,Season Ticket Renewal,True,True,False,False,2025-09-14 18:27:20
S000770,Re-engagement Winback,True,False,False,False,2025-04-10 12:48:25
S000198,Matchday Ticket Alert,True,False,False,False,2025-03-19 17:38:07
S004506,Matchday Ticket Alert,True,True,True,False,2025-04-26 12:54:09
S003780,Re-engagement Winback,True,False,False,False,2025-01-13 14:33:26
S002719,Stadium Tour Promo,True,True,True,True,2024-11-14 22:23:10
S000478,International Fan Club,True,False,False,False,2024-12-13 05:34:31
S001315,Black Friday Store,True,False,False,False,2025-06-09 19:19:08
S002054,Matchday Ticket Alert,True,False,False,False,2025-06-28 17:16:02
S000433,International Fan Club,True,False,False,False,2025-09-03 00:18:32
S000900,Season Ticket Renewal,True,False,False,False,2025-02-24 19:13:14
S002412,Matchday Ticket Alert,True,False,False,False,2025-07-15 05:28:49
S004557,Champions League Hospitality,True,True,False,False,2024-11-04 09:55:10
S004062,International Fan Club,True,False,False,False,2025-09-03 15:16:49
S003466,Matchday Ticket Alert,True,False,False,False,2024-10-31 01:25:39
S002445,Stadium Tour Promo,True,False,False,False,2025-09-04 17:11:29
S000201,Membership Drive,True,False,False,False,2024-11-09 17:51:57
S002268,Re-engagement Winback,True,True,True,False,2025-08-25 04:08:32
S001604,Champions League Hospitality,True,True,True,False,2025-08-16 15:42:10
S002638,New Home Kit Launch,True,False,False,False,2025-08-28 12:01:00
S002677,Champions League Hospitality,True,False,False,False,2025-08-04 00:32:23
S003183,Matchday Ticket Alert,True,False,False,False,2025-01-31 11:17:27
S004329,Black Friday Store,True,False,False,False,2025-09-15 05:39:54
S001228,Matchday Ticket Alert,True,False,False,False,2024-12-02 00:03:32
S001730,Black Friday Store,True,False,False,False,2025-09-14 23:10:56
S003790,Matchday Ticket Alert,True,True,False,False,2025-09-11 17:57:38
S001904,International Fan Club,True,False,False,False,2025-03-09 07:29:36
S002473,Re-engagement Winback,True,True,False,False,2025-09-15 02:46:21
S003968,Champions League Hospitality,True,True,True,False,2025-09-12 18:00:14
S000699,New Home Kit Launch,True,False,False,False,2024-11-27 17:35:23
S003687,New Home Kit Launch,True,False,False,False,2025-09-01 22:55:24
S002061,Matchday Ticket Alert,True,True,True,False,2025-06-26 04:30:50
S001286,Membership Drive,True,False,False,False,2025-09-08 04:26:39
S000233,Black Friday Store,True,False,False,False,2024-10-28 01:54:59
S004000,Membership Drive,True,False,False,False,2025-09-16 12:15:19
S002272,Membership Drive,True,False,False,False,2025-05-01 20:38:08
S003971,Black Friday Store,True,True,False,False,2025-08-11 06:52:37
S002739,Re-engagement Winback,True,True,False,False,2025-07-23 20:44:34
S000481,Champions League Hospitality,True,False,False,False,2025-05-04 22:54:39
S001397,Membership Drive,True,True,False,False,2025-06-11 13:48:36
S000363,Membership Drive,True,False,False,False,2025-08-27 01:42:17
S002353,Re-engagement Winback,True,False,False,False,2025-08-25 00:08:14
S002016,Season Ticket Renewal,True,False,False,False,2024-12-10 00:34:29
S004171,Re-engagement Winback,True,True,False,False,2025-04-15 04:39:45
S004049,Season Ticket Renewal,True,False,False,False,2025-04-25 21:57:25
S002008,Season Ticket Renewal,True,False,False,False,2024-10-28 00:46:45
S004900,Matchday Ticket Alert,True,True,True,False,2024-10-12 23:00:40
S003783,Membership Drive,True,True,True,False,2024-10-11 00:35:20
S001562,Black Friday Store,True,True,True,False,2025-06-22 04:53:55
S003823,Re-engagement Winback,True,False,False,False,2025-08-29 00:10:30
S001721,Re-engagement Winback,True,False,False,False,2025-01-16 15:22:59
S004342,Champions League Hospitality,True,False,False,False,2025-09-04 16:21:52
S001144,New Home Kit Launch,True,False,False,False,2025-06-20 07:18:26
S001441,Matchday Ticket Alert,True,False,False,False,2024-11-04 18:34:46
S003421,New Home Kit Launch,True,True,False,False,2024-10-05 03:35:42
S000438,Stadium Tour Promo,True,True,True,False,2025-04-22 17:05:39
S000874,Stadium Tour Promo,True,True,True,True,2024-09-27 01:25:51
S000221,Champions League Hospitality,True,True,True,False,2025-09-19 17:34:58
S004680,Champions League Hospitality,True,False,False,False,2025-07-16 08:55:15
S002001,Champions League Hospitality,True,False,False,False,2025-02-26 12:12:59
S000344,International Fan Club,True,True,False,False,2025-06-20 19:33:59
S001410,Stadium Tour Promo,True,True,True,False,2025-08-31 08:57:33
S001860,Champions League Hospitality,True,False,False,False,2025-08-28 09:33:03
S003757,Membership Drive,True,True,False,False,2024-10-27 16:12:46
S004481,Stadium Tour Promo,True,False,False,False,2025-09-04 18:27:38
S004390,Stadium Tour Promo,True,False,False,False,2025-02-15 17:26:33
S003434,Membership Drive,True,False,False,False,2025-08-14 22:36:54
S002340,New Home Kit Launch,True,False,False,False,2025-09-20 03:54:49
S002721,Champions League Hospitality,True,True,False,False,2025-09-18 11:53:33
S002979,International Fan Club,True,False,False,False,2025-03-29 09:35:25
S002065,Re-engagement Winback,True,False,False,False,2025-01-28 14:31:05
S004123,International Fan Club,True,True,True,False,2025-08-30 23:06:05
S001892,Black Friday Store,True,False,False,False,2025-09-03 13:37:30
S001068,Membership Drive,True,False,False,False,2025-01-10 13:11:42
S004590,New Home Kit Launch,True,False,False,False,2025-09-09 08:14:21
S001340,New Home Kit Launch,True,True,False,False,2024-10-19 02:26:29
S001025,Season Ticket Renewal,True,True,False,False,2025-09-12 17:34:21
S000704,Re-engagement Winback,True,True,True,True,2025-09-07 07:59:23
S001167,Matchday Ticket Alert,True,True,True,False,2025-09-07 08:52:58
S004071,New Home Kit Launch,True,False,False,False,2025-02-18 12:47:51
S004812,Stadium Tour Promo,True,True,False,False,2025-02-06 12:12:14
S003481,Black Friday Store,True,True,False,False,2025-06-30 09:07:42
S004975,Re-engagement Winback,True,False,False,False,2024-11-27 16:29:31
S001157,Re-engagement Winback,True,False,False,False,2025-05-10 05:51:55
S004054,Re-engagement Winback,True,False,False,False,2025-01-16 12:33:20
S000600,Season Ticket Renewal,True,False,False,False,2025-07-24 04:50:12
S004439,Re-engagement Winback,True,False,False,False,2025-07-27 15:41:38
S004433,New Home Kit Launch,True,True,True,False,2024-11-18 06:58:48
S000905,New Home Kit Launch,True,False,False,False,2025-02-19 18:05:23
S003160,New Home Kit Launch,True,True,False,False,2025-08-28 18:17:05
S000913,Season Ticket Renewal,True,True,True,False,2025-02-27 08:33:04
S002699,Stadium Tour Promo,True,False,False,False,2025-06-24 09:14:52
S003058,Black Friday Store,True,True,True,False,2025-09-18 14:40:23
S000935,Black Friday Store,True,False,False,False,2024-10-12 20:47:43
S001711,Matchday Ticket Alert,True,False,False,False,2024-12-31 14:56:57
S003082,Stadium Tour Promo,True,True,True,False,2024-09-29 12:22:48
S002088,Season Ticket Renewal,True,False,False,False,2025-09-18 14:29:41
S000942,Matchday Ticket Alert,True,False,False,False,2024-10-06 03:29:22
S000044,New Home Kit Launch,True,True,False,False,2024-10-23 04:45:49
S004508,Champions League Hospitality,True,True,False,False,2024-10-20 07:19:44
S003081,Champions League Hospitality,True,False,False,False,2025-09-04 08:15:08
S004198,Champions League Hospitality,True,False,False,False,2025-08-22 23:22:01
S003934,Membership Drive,True,True,False,False,2024-12-05 09:21:02
S004178,Re-engagement Winback,True,False,False,False,2025-08-07 09:19:03
S001282,Black Friday Store,True,False,False,False,2025-07-01 01:47:04
S001623,Re-engagement Winback,True,False,False,False,2025-09-14 22:02:02
S003238,International Fan Club,True,False,False,False,2025-01-19 09:53:56
S002797,Stadium Tour Promo,True,False,False,False,2025-09-01 03:08:59
S002363,Season Ticket Renewal,True,True,True,False,2025-05-29 01:03:43
S002197,International Fan Club,True,True,True,True,2024-12-13 02:09:22
S003019,New Home Kit Launch,True,False,False,False,2025-07-11 21:22:33
S002829,Champions League Hospitality,True,False,False,False,2025-09-05 16:37:36
S002951,New Home Kit Launch,True,True,False,False,2025-05-14 12:29:20
S001775,Membership Drive,True,False,False,False,2025-03-20 05:21:46
S000228,Matchday Ticket Alert,True,False,False,False,2025-08-23 22:53:21
S003386,International Fan Club,True,True,True,True,2025-07-08 04:03:47
S004135,Re-engagement Winback,True,True,False,False,2025-09-06 00:26:43
S001287,Champions League Hospitality,True,True,False,False,2025-01-29 13:17:33
S002832,Matchday Ticket Alert,True,True,False,False,2025-09-11 18:34:40
S001473,International Fan Club,True,True,False,False,2024-11-27 19:06:33
S000730,International Fan Club,True,False,False,False,2025-08-28 19:57:07
S004577,International Fan Club,True,True,False,False,2025-01-19 04:34:28
S000751,New Home Kit Launch,True,False,False,False,2025-08-02 08:55:40
S003001,Black Friday Store,True,True,False,False,2025-08-31 16:07:55
S000270,Champions League Hospitality,True,True,True,False,2024-10-18 15:32:50
S000360,Stadium Tour Promo,True,False,False,False,2025-07-10 08:06:55
S000396,Season Ticket Renewal,True,False,False,False,2024-11-02 23:55:15
S002290,Stadium Tour Promo,True,False,False,False,2025-09-18 21:02:06
S001808,New Home Kit Launch,True,True,False,False,2025-09-11 14:10:51
S000393,Season Ticket Renewal,True,False,False,False,2025-02-04 05:01:24
S003373,Black Friday Store,True,False,False,False,2025-04-30 19:02:57
S003475,Re-engagement Winback,True,False,False,False,2025-04-05 15:16:40
S003083,International Fan Club,True,False,False,False,2025-01-08 10:25:54
S001710,Black Friday Store,True,True,False,False,2025-09-10 15:06:59
S004342,Membership Drive,True,False,False,False,2025-08-26 23:34:21
S000665,Membership Drive,True,False,False,False,2025-06-21 13:50:32
S002946,New Home Kit Launch,True,True,False,False,2025-07-08 18:40:55
S001696,Matchday Ticket Alert,True,False,False,False,2025-08-14 21:35:10
S004825,Season Ticket Renewal,True,True,False,False,2025-04-24 14:11:29
S003246,Champions League Hospitality,True,False,False,False,2025-05-08 00:32:06
S000459,Matchday Ticket Alert,True,False,False,False,2025-02-13 22:51:30
S001458,Re-engagement Winback,True,False,False,False,2025-09-12 21:21:51
S000340,Season Ticket Renewal,True,False,False,False,2025-05-30 02:45:14
S003627,Season Ticket Renewal,True,True,True,True,2024-12-11 22:11:27
S000338,Membership Drive,True,False,False,False,2025-02-23 10:27:17
S000697,Matchday Ticket Alert,True,False,False,False,2025-04-28 19:27:27
S003412,Champions League Hospitality,True,False,False,False,2025-09-15 21:00:43
S003145,Black Friday Store,True,False,False,False,2025-09-12 11:52:31
S002153,Stadium Tour Promo,True,False,False,False,2025-01-07 10:50:36
S002274,Season Ticket Renewal,True,True,True,False,2025-01-30 12:43:08
S004738,Membership Drive,True,True,True,False,2024-12-31 10:58:51
S001243,Re-engagement Winback,True,False,False,False,2025-09-14 00:04:08
S004346,Black Friday Store,True,True,False,False,2025-04-21 17:18:46
S004117,Re-engagement Winback,True,True,False,False,2024-10-23 04:29:07
S004922,Stadium Tour Promo,True,False,False,False,2025-09-01 00:09:15
S000590,Season Ticket Renewal,True,True,True,False,2025-09-09 18:28:14
S002258,Champions League Hospitality,True,True,True,False,2025-09-05 21:07:36
S003679,Black Friday Store,True,False,False,False,2025-08-09 12:34:57
S004320,Season Ticket Renewal,True,True,True,False,2025-07-23 21:56:00
S000888,Membership Drive,True,False,False,False,2025-09-14 20:09:12
S000964,Matchday Ticket Alert,True,False,False,False,2025-01-19 11:26:08
S002697,Black Friday Store,True,False,False,False,2025-02-27 17:18:07
S004453,Stadium Tour Promo,True,False,False,False,2025-02-19 06:32:10
S004991,Black Friday Store,True,False,False,False,2024-12-30 07:59:14
S002058,Black Friday Store,True,False,False,False,2025-09-10 07:21:13
S000873,Matchday Ticket Alert,True,False,False,False,2025-07-29 09:55:10
S001899,Champions League Hospitality,True,False,False,False,2025-03-16 03:09:04
S003205,Membership Drive,True,False,False,False,2024-12-22 22:03:08
S004262,Black Friday Store,True,True,True,False,2025-01-20 12:26:51
S004199,Membership Drive,True,True,True,False,2025-09-15 01:39:19
S003695,Stadium Tour Promo,True,False,False,False,2025-08-17 02:19:17
S001446,Season Ticket Renewal,True,True,True,False,2025-07-09 00:14:19
S001475,Black Friday Store,True,False,False,False,2025-04-23 23:56:08
S001995,New Home Kit Launch,True,False,False,False,2025-01-01 02:36:41
S004636,Champions League Hospitality,True,False,False,False,2025-09-19 09:40:35
S004352,International Fan Club,True,True,True,True,2025-07-05 07:20:22
S001611,Membership Drive,True,False,False,False,2025-06-01 17:25:00
S002611,Matchday Ticket Alert,True,True,False,False,2025-09-12 01:27:43
S004485,Stadium Tour Promo,True,False,False,False,2025-09-06 09:34:42
S002055,International Fan Club,True,False,False,False,2024-11-09 11:08:22
S000859,Season Ticket Renewal,True,False,False,False,2025-03-08 06:08:54
S003493,Season Ticket Renewal,True,False,False,False,2024-12-08 05:17:23
S003837,International Fan Club,True,True,False,False,2025-06-01 12:01:52
S000234,Champions League Hospitality,True,True,True,False,2025-08-31 10:17:35
S001476,Season Ticket Renewal,True,True,False,False,2024-10-23 22:36:25
S002133,Matchday Ticket Alert,True,True,False,False,2025-09-18 03:00:56
S002389,Season Ticket Renewal,True,False,False,False,2025-08-29 03:16:28
S004250,Champions League Hospitality,True,True,True,False,2025-05-15 10:24:08
S003627,Matchday Ticket Alert,True,True,True,True,2025-09-01 11:29:37
S003311,Black Friday Store,True,False,False,False,2025-08-20 20:05:17
S003947,International Fan Club,True,False,False,False,2025-09-17 13:41:50
S004547,Stadium Tour Promo,True,True,False,False,2025-05-13 16:20:06
S002789,Stadium Tour Promo,True,False,False,False,2024-12-04 07:11:13
S003349,Membership Drive,True,False,False,False,2024-11-24 05:08:58
S002542,Season Ticket Renewal,True,True,False,False,2024-12-12 13:13:27
S000512,Black Friday Store,True,True,True,False,2025-09-15 05:34:13
S003706,Membership Drive,True,False,False,False,2025-08-22 10:59:41
S003977,Black Friday Store,True,True,True,False,2025-03-29 09:21:04
S004300,Membership Drive,True,True,True,True,2025-09-13 03:10:24
S001689,New Home Kit Launch,True,True,False,False,2025-09-14 17:17:05
S001467,New Home Kit Launch,True,False,False,False,2025-04-18 08:47:34
S001408,Re-engagement Winback,True,False,False,False,2025-07-05 21:35:19
S000590,New Home Kit Launch,True,False,False,False,2025-08-27 08:38:43
S004476,Black Friday Store,True,False,False,False,2025-09-18 05:33:47
S003664,Stadium Tour Promo,True,False,False,False,2025-08-21 22:16:10
S001524,Membership Drive,True,False,False,False,2024-10-16 00:57:21
S000086,Black Friday Store,True,False,False,False,2025-06-28 03:55:27
S002154,Matchday Ticket Alert,True,False,False,False,2025-05-17 02:28:27
S004965,Season Ticket Renewal,True,True,True,True,2024-11-05 02:45:10
S001268,Matchday Ticket Alert,True,True,False,False,2025-09-19 23:00:01
S000184,Matchday Ticket Alert,True,False,False,False,2025-08-29 17:29:16
S002768,Season Ticket Renewal,True,True,False,False,2024-12-15 02:52:36
S004511,International Fan Club,True,False,False,False,2025-09-02 12:42:07
S004940,Re-engagement Winback,True,False,False,False,2025-09-14 12:50:18
S002172,International Fan Club,True,False,False,False,2025-02-07 08:16:59
S000801,Champions League Hospitality,True,False,False,False,2025-07-18 09:25:35
S004089,Black Friday Store,True,True,False,False,2025-09-12 15:58:32
S002589,Stadium Tour Promo,True,False,False,False,2024-09-23 21:42:01
S004605,Champions League Hospitality,True,True,False,False,2025-08-08 02:02:06
S001622,Season Ticket Renewal,True,True,False,False,2025-08-08 02:14:06
S003173,International Fan Club,True,True,False,False,2025-07-24 21:33:48
S002068,New Home Kit Launch,True,False,False,False,2025-08-27 00:55:27
S003673,Season Ticket Renewal,True,False,False,False,2025-06-25 14:24:38
S000033,New Home Kit Launch,True,True,True,False,2025-09-19 03:49:10
S000064,International Fan Club,True,True,False,False,2025-09-11 13:16:16
S001757,Re-engagement Winback,True,False,False,False,2024-11-18 05:22:56
S004124,Stadium Tour Promo,True,False,False,False,2025-08-28 23:55:07
S004089,Re-engagement Winback,True,True,False,False,2025-06-17 09:17:58
S000885,Re-engagement Winback,True,True,True,False,2025-09-08 16:15:37
S004283,Stadium Tour Promo,True,False,False,False,2025-04-24 19:48:18
S000857,Season Ticket Renewal,True,False,False,False,2025-09-14 09:34:26
S000290,Season Ticket Renewal,True,False,False,False,2025-02-02 04:50:51
S001735,Stadium Tour Promo,True,True,False,False,2025-09-01 22:42:04
S004822,Season Ticket Renewal,True,False,False,False,2025-09-07 10:52:21
S001226,Matchday Ticket Alert,True,False,False,False,2025-08-28 03:49:30
S004109,Champions League Hospitality,True,False,False,False,2025-09-02 11:54:40
S002656,Membership Drive,True,False,False,False,2025-03-03 13:46:06
S004900,Matchday Ticket Alert,True,False,False,False,2025-09-09 08:33:44
S000769,International Fan Club,True,False,False,False,2025-09-01 16:22:18
S004024,Champions League Hospitality,True,False,False,False,2025-07-25 20:50:13
S003213,Re-engagement Winback,True,False,False,False,2025-09-08 19:17:11
S003558,Season Ticket Renewal,True,False,False,False,2024-12-25 15:59:06
S004996,New Home Kit Launch,True,False,False,False,2024-12-29 16:37:45
S000652,Re-engagement Winback,True,True,True,True,2024-10-17 00:08:28
S001167,Season Ticket Renewal,True,True,False,False,2025-06-10 01:20:38
S002900,Black Friday Store,True,True,False,False,2024-12-24 11:33:56
S001997,Stadium Tour Promo,True,False,False,False,2025-09-07 03:14:33
S000055,International Fan Club,True,False,False,False,2025-08-29 00:04:44
S002781,Stadium Tour Promo,True,True,False,False,2025-08-24 15:22:49
S001164,Matchday Ticket Alert,True,False,False,False,2025-02-15 12:10:36
S002412,New Home Kit Launch,True,False,False,False,2024-11-01 03:12:56
S004948,Re-engagement Winback,True,False,False,False,2025-08-24 01:08:23
S003705,International Fan Club,True,True,False,False,2025-06-22 08:21:00
S001362,Season Ticket Renewal,True,False,False,False,2025-06-02 22:35:03
S004790,New Home Kit Launch,True,False,False,False,2025-09-19 15:54:57
S002764,Membership Drive,True,False,False,False,2024-11-03 03:24:28
S000839,New Home Kit Launch,True,True,False,False,2024-12-13 11:52:35
S003463,Re-engagement Winback,True,True,True,False,2025-08-20 17:25:48
S001850,Champions League Hospitality,True,False,False,False,2025-06-18 20:57:49
S003081,Black Friday Store,True,True,True,False,2024-12-18 04:09:43
S001724,Black Friday Store,True,False,False,False,2025-09-04 13:17:36
S002873,International Fan Club,True,True,False,False,2025-05-23 19:28:16
S004565,Season Ticket Renewal,True,False,False,False,2025-06-12 11:35:53
S003416,Champions League Hospitality,True,True,False,False,2025-05-29 20:35:45
S003674,Membership Drive,True,True,True,False,2025-08-23 02:41:52
S000229,Stadium Tour Promo,True,False,False,False,2025-09-12 04:09:46
S002672,New Home Kit Launch,True,False,False,False,2025-04-03 10:59:29
S001650,Stadium Tour Promo,True,False,False,False,2024-12-26 13:28:28
S003832,Stadium Tour Promo,True,False,False,False,2025-07-07 17:37:01
S002762,Season Ticket Renewal,True,False,False,False,2025-09-07 21:14:08
S003974,Champions League Hospitality,True,False,False,False,2024-11-13 10:08:25
S002078,Season Ticket Renewal,True,False,False,False,2025-02-22 00:36:16
S004083,Membership Drive,True,False,False,False,2025-07-05 07:16:01
S000004,New Home Kit Launch,True,False,False,False,2025-08-28 22:47:22
S002038,Black Friday Store,True,False,False,False,2025-08-24 06:18:31
S002075,Membership Drive,True,False,False,False,2025-08-21 23:13:24
S003310,New Home Kit Launch,True,False,False,False,2025-04-28 09:27:00
S003842,Champions League Hospitality,True,False,False,False,2025-06-06 02:39:53
S002214,Membership Drive,True,True,False,False,2025-08-23 23:25:23
S002582,Re-engagement Winback,True,False,False,False,2025-08-29 16:59:30
S001870,International Fan Club,True,False,False,False,2025-02-13 10:52:05
S001022,Champions League Hospitality,True,False,False,False,2025-01-15 02:35:38
S004620,Matchday Ticket Alert,True,True,False,False,2025-03-16 00:53:05
S002700,Membership Drive,True,False,False,False,2025-09-14 11:00:43
S001184,Membership Drive,True,False,False,False,2025-08-11 01:01:44
S003779,International Fan Club,True,False,False,False,2025-09-15 04:26:45
S002544,Membership Drive,True,False,False,False,2025-08-25 17:42:37
S001450,Re-engagement Winback,True,False,False,False,2025-08-23 00:13:47
S004997,Stadium Tour Promo,True,False,False,False,2025-09-12 09:53:16
S001330,Re-engagement Winback,True,True,False,False,2024-11-14 00:10:06
S002573,Season Ticket Renewal,True,False,False,False,2025-04-15 11:45:47
S002459,Champions League Hospitality,True,True,False,False,2025-05-16 04:03:41
S004030,Champions League Hospitality,True,False,False,False,2024-09-23 16:14:19
S003488,New Home Kit Launch,True,True,False,False,2025-09-13 17:28:23
S003815,Matchday Ticket Alert,True,True,True,False,2025-08-23 05:20:55
S003981,International Fan Club,True,False,False,False,2025-01-12 19:39:54
S002960,Stadium Tour Promo,True,False,False,False,2024-11-10 11:01:38
S004233,Champions League Hospitality,True,False,False,False,2025-09-04 03:12:29
S004201,Champions League Hospitality,True,True,False,False,2025-02-17 05:29:55
S004050,New Home Kit Launch,True,True,True,True,2025-04-02 09:59:37
S003518,Matchday Ticket Alert,True,True,True,False,2025-01-22 20:28:41
S003789,International Fan Club,True,False,False,False,2025-08-31 04:40:13
S002651,Matchday Ticket Alert,True,True,False,False,2025-09-10 05:23:42
S001042,Stadium Tour Promo,True,False,False,False,2025-08-29 09:45:03
S004052,Stadium Tour Promo,True,True,False,False,2024-09-23 12:54:04
S003905,Black Friday Store,True,True,False,False,2025-05-13 23:13:14
S003996,Champions League Hospitality,True,True,False,False,2025-05-31 11:20:42
S001807,Champions League Hospitality,True,False,False,False,2025-02-26 21:42:43
S000532,Season Ticket Renewal,True,False,False,False,2025-05-22 21:38:09
S004097,Black Friday Store,True,True,True,False,2025-08-29 17:07:31
S001412,Champions League Hospitality,True,True,True,True,2025-09-06 01:03:43
S004714,Champions League Hospitality,True,False,False,False,2025-03-16 22:39:55
S003996,Black Friday Store,True,True,False,False,2025-09-03 04:01:18
S003290,Re-engagement Winback,True,True,False,False,2025-09-06 03:39:20
S001081,International Fan Club,True,True,False,False,2025-06-10 09:52:26
S002444,New Home Kit Launch,True,False,False,False,2025-05-16 19:44:52
S003116,International Fan Club,True,True,False,False,2025-09-12 09:03:11
S001635,Black Friday Store,True,True,True,False,2025-08-31 15:35:40
S003654,International Fan Club,True,False,False,False,2025-09-09 14:09:31
S004264,Stadium Tour Promo,True,True,False,False,2024-11-07 23:11:19
S002765,Champions League Hospitality,True,False,False,False,2025-04-03 02:32:16
S001999,International Fan Club,True,True,False,False,2025-05-02 15:07:25
S002363,Membership Drive,True,False,False,False,2025-08-23 02:34:24
S004012,Black Friday Store,True,True,False,False,2025-05-19 20:40:54
S003985,International Fan Club,True,False,False,False,2025-05-12 06:30:14
S003384,Membership Drive,True,False,False,False,2025-09-18 08:56:52
S004447,Re-engagement Winback,True,True,True,True,2025-04-13 15:53:37
S000706,Matchday Ticket Alert,True,True,False,False,2025-08-23 23:47:47
S001877,Membership Drive,True,True,True,True,2025-09-07 00:54:28
S004196,International Fan Club,True,False,False,False,2024-12-22 21:47:49
S002163,Re-engagement Winback,True,False,False,False,2025-05-25 16:57:22
S000005,Champions League Hospitality,True,False,False,False,2024-12-01 02:06:52
S001956,Champions League Hospitality,True,False,False,False,2025-09-09 15:31:06
S002336,Season Ticket Renewal,True,True,True,False,2025-08-29 13:04:47
S002564,Re-engagement Winback,True,True,False,False,2024-11-04 16:14:32
S000255,Membership Drive,True,False,False,False,2025-02-11 14:00:28
S003989,Re-engagement Winback,True,False,False,False,2025-08-14 14:17:48
S002740,Re-engagement Winback,True,False,False,False,2025-02-04 13:38:57
S003373,Black Friday Store,True,False,False,False,2025-08-24 03:11:46
S000342,Re-engagement Winback,True,True,False,False,2025-08-29 07:49:31
S002849,New Home Kit Launch,True,False,False,False,2025-09-17 12:17:15
S000948,New Home Kit Launch,True,False,False,False,2025-09-01 23:55:21
S000541,Membership Drive,True,False,False,False,2025-07-06 10:22:15
S003882,Stadium Tour Promo,True,True,False,False,2025-08-22 08:46:11
S003908,Black Friday Store,True,False,False,False,2025-09-13 08:17:05
S004581,Membership Drive,True,True,False,False,2025-03-06 05:07:05
S004087,Champions League Hospitality,True,True,False,False,2025-09-09 17:24:54
S004104,Matchday Ticket Alert,True,True,True,False,2025-09-08 08:28:02
S001580,Black Friday Store,True,False,False,False,2025-07-21 01:59:45
S004520,Champions League Hospitality,True,False,False,False,2025-08-22 18:11:25
S000488,Champions League Hospitality,True,False,False,False,2025-05-30 05:55:13
S004909,Champions League Hospitality,True,False,False,False,2025-04-22 18:52:05
S002693,Re-engagement Winback,True,True,False,False,2025-08-23 14:08:36
S004557,Champions League Hospitality,True,True,True,False,2025-09-03 20:16:36
S000798,Black Friday Store,True,False,False,False,2025-03-23 14:05:54
S000779,Stadium Tour Promo,True,False,False,False,2025-09-18 02:59:34
S002113,Champions League Hospitality,True,True,False,False,2025-09-14 11:56:36
S002697,Black Friday Store,True,False,False,False,2025-03-12 18:31:21
S003533,Black Friday Store,True,False,False,False,2025-08-24 04:03:58
S004058,International Fan Club,True,True,True,True,2024-10-23 04:10:53
S004150,Membership Drive,True,False,False,False,2025-09-14 15:14:57
S004547,Season Ticket Renewal,True,True,False,False,2025-09-05 06:21:37
S002226,Black Friday Store,True,True,False,False,2024-12-29 10:20:33
S003203,Champions League Hospitality,True,False,False,False,2025-07-22 08:40:03
S001915,Matchday Ticket Alert,True,True,False,False,2025-08-30 03:50:04
S004977,Matchday Ticket Alert,True,False,False,False,2024-10-07 18:34:32
S004432,New Home Kit Launch,True,True,True,True,2025-06-22 09:41:06
S001945,Black Friday Store,True,True,True,False,2025-08-27 04:50:53
S002593,Black Friday Store,True,True,False,False,2024-10-06 00:48:30
S004877,Membership Drive,True,True,True,True,2024-11-11 20:13:54
S001460,Champions League Hospitality,True,True,True,False,2025-08-29 22:50:02
S004676,Black Friday Store,True,False,False,False,2024-10-25 13:34:39
S003797,New Home Kit Launch,True,True,False,False,2025-08-28 11:01:06
S001448,Re-engagement Winback,True,True,True,False,2025-09-03 20:29:27
S000124,Re-engagement Winback,True,False,False,False,2025-09-19 20:36:32
S000671,Membership Drive,True,False,False,False,2025-09-15 15:36:43
S000481,Black Friday Store,True,False,False,False,2025-07-19 00:23:10
S004254,Membership Drive,True,True,False,False,2024-11-05 23:27:49
S001837,International Fan Club,True,False,False,False,2025-03-01 04:12:40
S001096,New Home Kit Launch,True,True,False,False,2025-06-26 21:18:53
S004770,Stadium Tour Promo,True,True,False,False,2025-09-14 13:03:23
S004993,Season Ticket Renewal,True,False,False,False,2025-08-23 03:55:26
S004684,Season Ticket Renewal,True,False,False,False,2025-03-01 13:07:40
S000587,Matchday Ticket Alert,True,False,False,False,2025-08-22 06:24:43
S003901,Membership Drive,True,False,False,False,2024-10-05 07:37:14
S003300,Season Ticket Renewal,True,True,False,False,2025-09-12 02:55:27
S002476,Champions League Hospitality,True,False,False,False,2024-11-29 07:10:29
S004823,International Fan Club,True,False,False,False,2025-08-15 05:41:00
S002928,Black Friday Store,True,True,False,False,2024-12-27 00:21:37
S003196,Membership Drive,True,True,False,False,2025-09-01 04:46:34
S004567,Membership Drive,True,True,True,False,2025-08-25 02:17:31
S003652,Membership Drive,True,True,True,False,2025-08-31 22:13:27
S004577,Re-engagement Winback,True,False,False,False,2025-08-30 15:27:36
S004371,New Home Kit Launch,True,False,False,False,2025-03-21 03:48:11
S001324,Matchday Ticket Alert,True,False,False,False,2025-09-07 01:41:21
S002192,International Fan Club,True,False,False,False,2024-09-21 02:47:13
S004746,International Fan Club,True,False,False,False,2025-09-13 11:03:32
S004023,Matchday Ticket Alert,True,False,False,False,2025-09-07 08:44:09
S000943,Champions League Hospitality,True,False,False,False,2025-03-28 04:03:18
S003790,Black Friday Store,True,False,False,False,2025-09-12 19:14:03
S000352,Champions League Hospitality,True,False,False,False,2025-06-04 17:33:13
S001120,International Fan Club,True,True,True,False,2025-06-03 14:28:23
S004401,Re-engagement Winback,True,True,False,False,2025-09-09 00:30:09
S003223,Stadium Tour Promo,True,False,False,False,2025-09-01 04:47:00
S004557,New Home Kit Launch,True,True,False,False,2025-07-13 00:53:04
S002466,Re-engagement Winback,True,False,False,False,2025-04-15 14:24:12
S000364,Membership Drive,True,True,True,False,2025-08-21 19:33:01
S004844,International Fan Club,True,True,True,False,2025-09-10 16:40:40
S004927,Season Ticket Renewal,True,False,False,False,2025-06-21 17:18:42
S000744,Champions League Hospitality,True,True,False,False,2025-01-19 12:01:41
S000840,Matchday Ticket Alert,True,False,False,False,2025-09-13 21:37:50
S001948,Champions League Hospitality,True,False,False,False,2024-11-07 17:43:40
S004859,Matchday Ticket Alert,True,True,True,False,2024-10-11 16:56:45
S000052,Matchday Ticket Alert,True,True,True,True,2024-11-24 14:35:03
S002487,Black Friday Store,True,False,False,False,2025-05-27 09:46:32
S002851,New Home Kit Launch,True,False,False,False,2024-10-09 09:40:56
S002078,Champions League Hospitality,True,False,False,False,2025-02-10 01:15:21
S004451,New Home Kit Launch,True,True,True,False,2025-09-18 04:57:06
S003198,Champions League Hospitality,True,False,False,False,2025-03-22 05:11:26
S000316,Membership Drive,True,True,False,False,2025-09-04 15:45:27
S002197,International Fan Club,True,False,False,False,2025-05-22 22:41:53
S004980,Black Friday Store,True,False,False,False,2025-08-25 20:04:54
S003825,Champions League Hospitality,True,False,False,False,2024-10-17 06:03:51
S003823,Membership Drive,True,False,False,False,2025-08-30 07:13:04
S004501,Champions League Hospitality,True,True,True,False,2024-10-12 07:07:01
S001239,International Fan Club,True,True,False,False,2025-08-24 20:03:10
S002649,Champions League Hospitality,True,False,False,False,2025-01-07 00:17:37
S003342,Champions League Hospitality,True,True,False,False,2025-06-15 19:48:49
S003100,New Home Kit Launch,True,False,False,False,2025-09-02 10:50:27
S002237,Membership Drive,True,False,False,False,2025-04-21 14:43:54
S002247,Season Ticket Renewal,True,False,False,False,2025-07-07 15:50:37
S004168,Matchday Ticket Alert,True,False,False,False,2025-08-25 00:08:36
S001963,Season Ticket Renewal,True,False,False,False,2025-08-23 09:56:53
S003113,Stadium Tour Promo,True,False,False,False,2025-02-27 19:23:12
S004351,Matchday Ticket Alert,True,False,False,False,2024-12-22 04:01:18
S002296,Stadium Tour Promo,True,False,False,False,2024-12-30 18:28:26
S003600,New Home Kit Launch,True,False,False,False,2025-05-10 09:58:49
S004802,Matchday Ticket Alert,True,False,False,False,2024-10-20 09:56:33
S002664,Membership Drive,True,False,False,False,2025-05-31 16:41:43
S004083,Season Ticket Renewal,True,True,False,False,2025-02-16 06:56:46
S002447,Black Friday Store,True,True,True,False,2025-09-06 12:43:38
S000236,Season Ticket Renewal,True,True,False,False,2025-09-19 03:56:01
S000781,Matchday Ticket Alert,True,False,False,False,2025-08-22 20:42:40
S002775,Matchday Ticket Alert,True,False,False,False,2025-08-23 00:12:44
S003266,Matchday Ticket Alert,True,False,False,False,2025-03-17 01:57:39
S001995,Matchday Ticket Alert,True,False,False,False,2025-07-04 00:12:14
S003119,New Home Kit Launch,True,False,False,False,2025-09-12 01:56:41
S002450,New Home Kit Launch,True,False,False,False,2025-05-28 12:06:59
S004845,Membership Drive,True,True,False,False,2025-08-10 21:15:49
S004070,Matchday Ticket Alert,True,True,False,False,2024-12-13 21:04:34
S000227,Black Friday Store,True,False,False,False,2024-12-29 22:19:59
S002511,Matchday Ticket Alert,True,False,False,False,2024-11-14 02:47:00
S000093,Champions League Hospitality,True,True,False,False,2025-07-25 15:43:19
S001295,Stadium Tour Promo,True,False,False,False,2025-08-22 13:41:13
S003319,Champions League Hospitality,True,True,False,False,2025-09-02 18:41:58
S003225,Champions League Hospitality,True,False,False,False,2025-09-17 10:22:47
S002292,Season Ticket Renewal,True,True,True,True,2025-09-08 04:35:57
S004194,Champions League Hospitality,True,False,False,False,2024-12-24 04:35:52
S004661,Season Ticket Renewal,True,False,False,False,2025-09-07 06:10:34
S003279,Matchday Ticket Alert,True,True,True,False,2025-06-02 09:12:00
S004201,Membership Drive,True,False,False,False,2025-05-06 10:11:12
S000871,Stadium Tour Promo,True,False,False,False,2025-09-11 02:47:37
S001179,Season Ticket Renewal,True,False,False,False,2025-09-09 17:34:48
S003844,Black Friday Store,True,False,False,False,2024-10-10 21:45:06
S000765,International Fan Club,True,True,False,False,2025-06-15 21:01:16
S004252,Matchday Ticket Alert,True,True,False,False,2025-08-07 21:34:46
S003780,Stadium Tour Promo,True,False,False,False,2025-06-22 08:06:21
S001232,International Fan Club,True,False,False,False,2025-03-19 15:56:37
S003804,Season Ticket Renewal,True,True,False,False,2025-05-16 13:33:01
S000842,Champions League Hospitality,True,False,False,False,2025-09-15 02:12:40
S002764,Champions League Hospitality,True,True,True,False,2024-12-05 09:03:57
S003373,International Fan Club,True,True,False,False,2025-01-26 03:32:30
S003783,International Fan Club,True,False,False,False,2024-11-03 14:54:01
S001039,Champions League Hospitality,True,True,False,False,2025-09-11 09:12:04
S000284,Stadium Tour Promo,True,False,False,False,2025-09-14 20:07:13
S003853,Champions League Hospitality,True,False,False,False,2025-09-07 21:48:12
S004733,Champions League Hospitality,True,True,True,True,2025-07-11 20:08:48
S002130,International Fan Club,True,False,False,False,2024-11-21 00:05:31
S004180,International Fan Club,True,False,False,False,2025-09-15 06:38:42
S001618,Season Ticket Renewal,True,False,False,False,2024-12-05 20:51:17
S001500,Stadium Tour Promo,True,True,False,False,2025-07-27 05:31:48
S001732,Membership Drive,True,False,False,False,2025-09-06 04:40:40
S003881,Matchday Ticket Alert,True,False,False,False,2025-09-11 11:51:52
S003730,Matchday Ticket Alert,True,True,False,False,2025-09-05 13:19:42
S000711,New Home Kit Launch,True,True,False,False,2025-09-18 22:03:48
S000163,Matchday Ticket Alert,True,False,False,False,2025-04-29 03:29:32
S001958,Re-engagement Winback,True,False,False,False,2025-06-04 02:53:33
S002697,International Fan Club,True,True,True,False,2025-07-23 23:26:00
S000151,Stadium Tour Promo,True,True,False,False,2025-08-29 06:42:19
S002462,Stadium Tour Promo,True,True,False,False,2024-11-08 02:58:33
S003924,International Fan Club,True,True,True,True,2025-09-06 07:05:12
S002563,New Home Kit Launch,True,False,False,False,2025-01-30 20:29:14
S004904,Season Ticket Renewal,True,True,False,False,2025-05-20 18:41:10
S001377,Black Friday Store,True,True,False,False,2025-08-28 04:47:45
S000965,Black Friday Store,True,True,False,False,2025-09-15 05:24:06
S003432,Champions League Hospitality,True,True,False,False,2025-09-07 17:34:54
S004455,International Fan Club,True,True,True,False,2025-07-22 07:24:43
S000009,International Fan Club,True,True,True,False,2025-09-04 00:22:42
S002151,Champions League Hospitality,True,True,True,False,2025-08-23 11:06:18
S002258,Re-engagement Winback,True,False,False,False,2025-08-01 11:15:55
S001843,Re-engagement Winback,True,False,False,False,2025-02-19 14:27:20
S000969,Matchday Ticket Alert,True,False,False,False,2025-04-22 18:38:09
S002490,New Home Kit Launch,True,False,False,False,2025-08-24 13:36:01
S002523,New Home Kit Launch,True,False,False,False,2025-08-25 12:58:29
S002149,Champions League Hospitality,True,True,False,False,2025-09-02 19:27:49
S003421,Black Friday Store,True,False,False,False,2025-09-01 06:14:03
S001450,Season Ticket Renewal,True,False,False,False,2024-11-28 17:40:23
S002638,Re-engagement Winback,True,True,False,False,2025-01-12 01:51:16
S004915,New Home Kit Launch,True,True,False,False,2025-08-29 23:26:15
S001774,New Home Kit Launch,True,False,False,False,2025-07-11 03:45:19
S004565,Black Friday Store,True,False,False,False,2025-01-27 00:22:20
S001581,Season Ticket Renewal,True,False,False,False,2025-09-18 12:24:23
S001920,Season Ticket Renewal,True,False,False,False,2025-09-19 12:56:16
S004167,Membership Drive,True,True,False,False,2025-06-10 17:40:48
S003613,Stadium Tour Promo,True,False,False,False,2025-06-18 19:23:05
S001820,Black Friday Store,True,False,False,False,2025-09-20 04:04:58
S003616,Champions League Hospitality,True,True,False,False,2025-02-24 12:03:16
S003606,Champions League Hospitality,True,False,False,False,2025-02-01 19:53:39
S001001,Season Ticket Renewal,True,False,False,False,2025-03-07 01:58:08
S002695,International Fan Club,True,True,False,False,2025-08-23 20:47:57
S003522,Season Ticket Renewal,True,True,False,False,2025-06-13 01:29:40
S001861,International Fan Club,True,False,False,False,2025-08-21 12:54:58
S004034,International Fan Club,True,False,False,False,2025-07-17 07:39:28
S003645,Stadium Tour Promo,True,True,False,False,2025-09-02 10:21:54
S002636,Re-engagement Winback,True,True,False,False,2025-09-01 04:41:13
S003746,Champions League Hospitality,True,True,False,False,2025-02-24 08:12:34
S000530,Membership Drive,True,True,False,False,2025-04-14 16:58:27
S000418,International Fan Club,True,True,True,True,2025-02-14 17:56:15
S002441,New Home Kit Launch,True,True,False,False,2025-08-21 18:42:44
S003757,International Fan Club,True,True,True,False,2025-02-23 14:17:02
S001889,Matchday Ticket Alert,True,False,False,False,2024-09-26 00:23:06
S000298,Champions League Hospitality,True,True,True,True,2025-02-03 10:14:59
S003903,Matchday Ticket Alert,True,False,False,False,2024-11-05 03:59:19
S003962,Black Friday Store,True,False,False,False,2025-09-17 16:14:30
S002290,Membership Drive,True,False,False,False,2025-08-30 23:02:44
S003593,Stadium Tour Promo,True,False,False,False,2025-08-30 16:54:10
S002679,Champions League Hospitality,True,True,True,False,2025-08-27 03:33:17
S001852,Black Friday Store,True,False,False,False,2025-08-27 12:34:21
S002725,Season Ticket Renewal,True,False,False,False,2025-07-04 16:23:22
S002165,Champions League Hospitality,True,False,False,False,2025-08-22 21:17:18
S004031,International Fan Club,True,True,False,False,2025-08-21 22:26:35
S001558,Champions League Hospitality,True,False,False,False,2025-09-09 18:53:06
S003899,Black Friday Store,True,False,False,False,2024-09-30 19:15:56
S001422,Black Friday Store,True,False,False,False,2025-02-25 01:05:19
S004745,New Home Kit Launch,True,True,True,True,2025-03-20 15:20:53
S000056,Stadium Tour Promo,True,True,False,False,2025-08-25 10:28:42
S003232,Re-engagement Winback,True,False,False,False,2025-03-12 21:12:54
S004945,Stadium Tour Promo,True,True,False,False,2025-09-12 14:42:43
S003053,Matchday Ticket Alert,True,False,False,False,2025-01-04 15:52:11
S000185,Stadium Tour Promo,True,True,False,False,2025-09-01 00:23:02
S004512,New Home Kit Launch,True,True,True,False,2025-08-30 02:56:35
S001672,Membership Drive,True,False,False,False,2025-02-08 20:46:26
S003808,Champions League Hospitality,True,False,False,False,2025-01-02 09:16:35
S002983,Re-engagement Winback,True,False,False,False,2025-09-09 17:25:45
S000939,Champions League Hospitality,True,True,True,False,2025-09-20 10:02:55
S001680,Membership Drive,True,False,False,False,2025-08-31 09:51:35
S001621,New Home Kit Launch,True,False,False,False,2024-11-29 03:29:55
S001625,Membership Drive,True,True,True,True,2025-09-07 08:47:39
S004791,Re-engagement Winback,True,False,False,False,2025-06-04 02:23:50
S004781,Membership Drive,True,True,False,False,2025-08-24 07:41:50
S003226,Season Ticket Renewal,True,True,True,True,2025-09-07 01:37:30
S004435,Season Ticket Renewal,True,False,False,False,2025-03-06 15:45:40
S000145,Stadium Tour Promo,True,True,False,False,2025-06-03 20:14:09
S000479,Re-engagement Winback,True,True,True,False,2025-09-08 07:34:13
S003355,Champions League Hospitality,True,False,False,False,2025-03-04 19:45:03
S000031,Matchday Ticket Alert,True,False,False,False,2025-06-08 11:27:05
S004419,New Home Kit Launch,True,False,False,False,2024-11-12 19:16:32
S003075,New Home Kit Launch,True,False,False,False,2025-03-18 14:05:32
S001386,New Home Kit Launch,True,False,False,False,2025-09-06 14:03:47
S001513,Re-engagement Winback,True,True,False,False,2025-01-23 00:42:36
S001849,International Fan Club,True,False,False,False,2025-03-06 09:00:22
S000714,Matchday Ticket Alert,True,True,False,False,2025-09-11 16:17:22
S003254,Membership Drive,True,False,False,False,2025-09-20 03:07:11
S000561,Re-engagement Winback,True,False,False,False,2024-11-25 02:01:37
S000441,Black Friday Store,True,False,False,False,2025-09-03 12:20:36
S004466,Champions League Hospitality,True,True,True,False,2024-11-25 15:45:06
S003350,New Home Kit Launch,True,True,False,False,2025-08-29 06:37:54
S000687,Matchday Ticket Alert,True,True,False,False,2024-12-27 17:06:22
S001566,Membership Drive,True,True,True,True,2025-02-19 04:43:32
S000634,Stadium Tour Promo,True,False,False,False,2025-08-31 00:00:09
S001270,Season Ticket Renewal,True,True,True,False,2025-08-31 11:42:47
S001373,Champions League Hospitality,True,False,False,False,2025-08-31 01:30:04
S004901,Black Friday Store,True,True,False,False,2025-09-10 15:47:33
S003603,Black Friday Store,True,True,True,False,2025-05-25 18:46:49
S002382,New Home Kit Launch,True,False,False,False,2025-02-25 02:36:11
S001539,Stadium Tour Promo,True,False,False,False,2025-09-02 14:11:56
S000429,Matchday Ticket Alert,True,True,False,False,2025-08-27 20:50:12
S001599,Membership Drive,True,True,False,False,2025-09-18 08:10:25
S000766,Champions League Hospitality,True,True,True,False,2025-07-14 00:22:07
S003397,New Home Kit Launch,True,False,False,False,2024-10-19 12:06:07
S000237,Black Friday Store,True,False,False,False,2025-08-25 20:55:57
S000370,Stadium Tour Promo,True,True,True,False,2025-01-17 21:36:38
S003205,Membership Drive,True,False,False,False,2025-03-13 04:54:32
S003508,Black Friday Store,True,False,False,False,2025-08-25 07:48:01
S000035,Membership Drive,True,False,False,False,2024-10-31 19:35:03
S000690,Stadium Tour Promo,True,False,False,False,2024-11-19 12:50:43
S004040,Season Ticket Renewal,True,False,False,False,2024-09-23 06:21:11
S001433,International Fan Club,True,True,False,False,2024-10-22 09:56:43
S001028,Stadium Tour Promo,True,False,False,False,2025-08-23 20:49:01
S002091,Matchday Ticket Alert,True,False,False,False,2025-08-21 21:43:52
S001219,Stadium Tour Promo,True,False,False,False,2025-04-01 23:56:35
S001816,Champions League Hospitality,True,True,False,False,2025-09-19 02:39:08
S000273,Season Ticket Renewal,True,False,False,False,2025-09-02 02:22:33
S004107,Stadium Tour Promo,True,True,False,False,2024-12-10 01:13:39
S003681,Season Ticket Renewal,True,False,False,False,2025-09-12 05:17:57
S001911,Stadium Tour Promo,True,False,False,False,2024-11-15 09:49:12
S001383,New Home Kit Launch,True,False,False,False,2025-02-09 14:20:08
S003779,International Fan Club,True,True,False,False,2025-06-12 16:26:51
S004085,Champions League Hospitality,True,True,False,False,2025-09-16 14:52:04
S004247,Black Friday Store,True,True,True,False,2025-07-19 04:28:23
S001522,New Home Kit Launch,True,True,False,False,2025-02-25 04:17:39
S000004,Stadium Tour Promo,True,True,False,False,2025-09-11 18:48:29
S003273,Matchday Ticket Alert,True,False,False,False,2025-03-17 14:24:37
S000985,Membership Drive,True,False,False,False,2025-08-22 03:55:58
S003115,Matchday Ticket Alert,True,False,False,False,2025-09-01 23:16:20
S000868,Black Friday Store,True,False,False,False,2025-09-13 10:36:11
S000908,Stadium Tour Promo,True,False,False,False,2025-06-29 15:05:28
S000261,Membership Drive,True,False,False,False,2025-09-02 20:49:54
S004841,New Home Kit Launch,True,True,False,False,2025-09-04 05:34:46
S004437,Membership Drive,True,True,True,False,2025-06-06 10:42:08
S004798,Season Ticket Renewal,True,True,True,False,2025-08-30 01:51:18
S001937,Matchday Ticket Alert,True,False,False,False,2025-06-03 02:48:57
S002903,Black Friday Store,True,False,False,False,2024-10-24 22:58:12
S000854,Stadium Tour Promo,True,True,False,False,2025-09-13 01:46:19
S002970,International Fan Club,True,False,False,False,2025-09-17 06:21:49
S004813,Season Ticket Renewal,True,True,True,True,2025-08-29 04:28:58
S002780,Season Ticket Renewal,True,False,False,False,2024-10-14 01:15:14
S002495,Champions League Hospitality,True,False,False,False,2025-09-01 21:37:49
S004933,Champions League Hospitality,True,True,False,False,2025-09-18 16:47:13
S004314,Membership Drive,True,True,False,False,2025-08-22 20:24:45
S004420,Stadium Tour Promo,True,True,True,False,2025-08-29 13:33:35
S001214,International Fan Club,True,False,False,False,2025-09-03 02:54:43
S004296,Membership Drive,True,True,True,False,2025-04-28 20:04:45
S000037,New Home Kit Launch,True,False,False,False,2025-06-24 22:17:15
S000262,Season Ticket Renewal,True,False,False,False,2025-08-22 09:30:09
S000164,New Home Kit Launch,True,True,False,False,2025-09-17 04:58:23
S000439,New Home Kit Launch,True,False,False,False,2024-10-30 05:25:50
S000865,New Home Kit Launch,True,False,False,False,2025-04-21 16:12:16
S003087,Black Friday Store,True,False,False,False,2025-06-03 05:42:48
S001338,Stadium Tour Promo,True,True,False,False,2025-09-16 22:44:47
S004558,Champions League Hospitality,True,True,True,True,2025-08-30 07:19:30
S004894,Season Ticket Renewal,True,False,False,False,2024-12-09 07:34:09
S000783,Membership Drive,True,True,False,False,2024-11-26 07:06:01
S002481,Stadium Tour Promo,True,False,False,False,2024-12-01 01:41:29
S004819,Champions League Hospitality,True,False,False,False,2024-12-10 00:59:51
S000180,Membership Drive,True,True,False,False,2025-09-05 10:59:32
S004356,Black Friday Store,True,True,False,False,2025-02-14 19:54:07
S004259,Black Friday Store,True,False,False,False,2025-08-28 10:56:48
S003230,Champions League Hospitality,True,True,True,True,2024-12-27 02:03:45
S003098,New Home Kit Launch,True,False,False,False,2025-08-24 07:12:46
S002953,Membership Drive,True,False,False,False,2025-05-13 18:14:31
S000811,Champions League Hospitality,True,True,True,True,2024-10-26 00:15:21
S003698,Black Friday Store,True,False,False,False,2024-12-07 20:24:40
S001425,Membership Drive,True,True,False,False,2024-11-15 06:04:03
S000278,New Home Kit Launch,True,True,False,False,2025-01-23 01:25:38
S001405,Stadium Tour Promo,True,True,False,False,2025-02-15 22:06:34
S004461,Champions League Hospitality,True,True,False,False,2025-08-26 00:35:16
S001492,Stadium Tour Promo,True,False,False,False,2025-09-04 22:24:57
S002075,Stadium Tour Promo,True,False,False,False,2025-06-19 06:17:59
S003852,Re-engagement Winback,True,False,False,False,2025-04-20 18:52:38
S002441,Re-engagement Winback,True,False,False,False,2025-09-06 22:49:54
S000218,International Fan Club,True,False,False,False,2025-02-22 10:00:50
S003405,Re-engagement Winback,True,False,False,False,2025-09-07 00:09:32
S004877,Re-engagement Winback,True,False,False,False,2024-12-05 19:02:29
S002110,Black Friday Store,True,True,False,False,2024-11-05 00:31:11
S003476,New Home Kit Launch,True,False,False,False,2025-06-26 07:02:48
S000092,Matchday Ticket Alert,True,False,False,False,2025-08-17 19:08:27
S004602,International Fan Club,True,False,False,False,2025-08-25 17:26:50
S000004,International Fan Club,True,False,False,False,2025-09-02 21:41:48
S000275,New Home Kit Launch,True,True,True,False,2025-08-27 10:38:19
S001436,Black Friday Store,True,False,False,False,2025-02-23 14:41:17
S000511,Matchday Ticket Alert,True,True,False,False,2025-09-14 14:48:34
S002104,Champions League Hospitality,True,True,False,False,2024-11-11 05:23:27
S000084,International Fan Club,True,False,False,False,2024-09-21 15:55:15
S002873,Re-engagement Winback,True,False,False,False,2024-12-24 16:04:35
S002929,New Home Kit Launch,True,True,False,False,2025-01-27 12:52:54
S002744,International Fan Club,True,False,False,False,2025-09-15 18:27:41
S004535,International Fan Club,True,True,False,False,2025-08-27 05:07:24
S001140,Season Ticket Renewal,True,False,False,False,2025-09-07 06:07:14
S000060,Matchday Ticket Alert,True,True,False,False,2025-08-28 03:34:50
S004948,Champions League Hospitality,True,False,False,False,2025-09-18 01:07:44
S002953,Stadium Tour Promo,True,False,False,False,2024-12-16 18:22:00
S000057,New Home Kit Launch,True,False,False,False,2025-06-11 04:16:59
S002583,Season Ticket Renewal,True,True,False,False,2025-09-04 15:18:11
S000435,New Home Kit Launch,True,False,False,False,2024-12-08 00:59:12
S003543,International Fan Club,True,False,False,False,2024-11-15 11:35:45
S004762,Black Friday Store,True,False,False,False,2025-05-14 17:20:56
S004639,Stadium Tour Promo,True,True,False,False,2025-08-29 21:18:21
S001239,Stadium Tour Promo,True,False,False,False,2024-09-25 00:27:12
S001613,Season Ticket Renewal,True,False,False,False,2025-08-22 21:18:36
S000355,Re-engagement Winback,True,False,False,False,2025-05-20 18:15:44
S002570,Re-engagement Winback,True,True,True,False,2025-08-28 05:52:08
S001381,Re-engagement Winback,True,False,False,False,2025-09-05 13:33:56
S002465,New Home Kit Launch,True,False,False,False,2025-08-25 18:05:17
S001029,Stadium Tour Promo,True,True,True,False,2025-08-28 06:20:54
S001842,Champions League Hospitality,True,True,True,False,2025-09-17 09:48:04
S003780,Re-engagement Winback,True,False,False,False,2024-11-19 13:11:52
S002388,Champions League Hospitality,True,False,False,False,2025-08-29 19:27:08
S001642,Matchday Ticket Alert,True,True,True,False,2025-01-18 16:10:57
S003372,Season Ticket Renewal,True,True,False,False,2025-08-27 18:45:45
S001942,Matchday Ticket Alert,True,True,True,False,2025-08-27 20:12:19
S004711,Re-engagement Winback,True,True,False,False,2024-10-18 16:00:12
S002640,Membership Drive,True,False,False,False,2025-01-25 20:23:31
S001377,Black Friday Store,True,False,False,False,2025-08-24 04:16:54
S004531,Membership Drive,True,True,False,False,2025-09-17 16:26:28
S000231,Membership Drive,True,False,False,False,2025-09-18 22:36:33
S004493,Black Friday Store,True,False,False,False,2025-01-28 02:55:19
S000346,Matchday Ticket Alert,True,True,True,False,2025-09-16 18:02:13
S001164,New Home Kit Launch,True,True,True,True,2025-09-01 02:40:57
S003184,Stadium Tour Promo,True,False,False,False,2025-05-19 17:09:05
S003119,Membership Drive,True,False,False,False,2025-07-03 11:23:17
S002554,International Fan Club,True,False,False,False,2025-07-28 01:26:50
S001162,Champions League Hospitality,True,False,False,False,2025-09-07 01:00:41
S002609,International Fan Club,True,True,True,False,2025-05-05 06:14:30
S004574,Champions League Hospitality,True,False,False,False,2025-08-25 20:53:20
S000673,International Fan Club,True,True,True,False,2025-06-16 16:11:45
S001413,Membership Drive,True,True,False,False,2025-08-28 00:02:39
S003324,Champions League Hospitality,True,False,False,False,2025-06-06 11:40:20
S003282,Re-engagement Winback,True,False,False,False,2025-09-10 19:55:47
S002280,Re-engagement Winback,True,False,False,False,2024-10-21 22:57:11
S000776,Season Ticket Renewal,True,True,False,False,2025-09-06 03:26:44
S002381,International Fan Club,True,False,False,False,2025-08-25 16:18:23
S000871,International Fan Club,True,False,False,False,2024-12-11 19:00:20
S002088,International Fan Club,True,True,False,False,2024-12-05 14:50:34
S000431,Black Friday Store,True,False,False,False,2025-05-30 10:35:53
S004947,Stadium Tour Promo,True,False,False,False,2024-10-14 00:35:03
S001761,International Fan Club,True,False,False,False,2025-05-31 19:08:01
S000137,Champions League Hospitality,True,True,False,False,2025-08-24 04:02:20
S002658,Champions League Hospitality,True,False,False,False,2024-10-12 15:02:55
S002113,Champions League Hospitality,True,True,False,False,2025-09-07 05:55:39
S003757,New Home Kit Launch,True,True,False,False,2025-08-21 13:41:57
S003699,International Fan Club,True,False,False,False,2025-01-09 21:34:27
S004416,Champions League Hospitality,True,False,False,False,2025-09-20 09:47:19
S002961,Matchday Ticket Alert,True,True,False,False,2025-09-11 02:37:28
S004429,Season Ticket Renewal,True,False,False,False,2025-07-28 19:20:35
S002441,Matchday Ticket Alert,True,False,False,False,2025-08-23 04:13:33
S000738,Stadium Tour Promo,True,True,True,False,2024-11-01 03:26:13
S004666,Champions League Hospitality,True,True,True,False,2025-03-07 22:56:35
S004060,International Fan Club,True,True,False,False,2025-05-17 11:28:45
S000882,Champions League Hospitality,True,False,False,False,2025-02-09 03:32:03
S002030,Champions League Hospitality,True,False,False,False,2025-06-12 05:43:30
S004098,Black Friday Store,True,False,False,False,2025-02-13 03:33:45
S001378,Season Ticket Renewal,True,True,False,False,2025-06-15 20:47:43
S003377,Stadium Tour Promo,True,True,False,False,2025-08-25 20:26:20
S004004,Season Ticket Renewal,True,False,False,False,2025-06-02 05:27:14
S003386,Stadium Tour Promo,True,False,False,False,2025-08-29 15:00:02
S000247,Stadium Tour Promo,True,True,False,False,2025-07-11 02:10:15
S002327,Black Friday Store,True,False,False,False,2024-11-13 04:36:19
S000219,Membership Drive,True,True,True,True,2025-09-09 14:46:13
S000099,Season Ticket Renewal,True,False,False,False,2025-04-12 14:23:03
S002854,New Home Kit Launch,True,False,False,False,2025-08-26 10:15:11
S004024,Re-engagement Winback,True,True,False,False,2024-10-03 20:20:00
S001160,New Home Kit Launch,True,True,False,False,2025-08-23 03:41:31
S002210,Black Friday Store,True,False,False,False,2024-10-02 20:34:42
S000246,Champions League Hospitality,True,True,True,True,2025-09-05 13:31:47
S000347,Black Friday Store,True,True,True,False,2024-11-18 00:07:55
S000655,Membership Drive,True,False,False,False,2024-09-24 09:18:36
S002033,Champions League Hospitality,True,False,False,False,2025-08-13 16:41:01
S000827,International Fan Club,True,False,False,False,2025-09-05 00:16:05
S001995,Stadium Tour Promo,True,False,False,False,2024-09-27 16:35:12
S003492,New Home Kit Launch,True,True,True,False,2024-11-13 15:31:16
S000166,Champions League Hospitality,True,True,True,False,2025-09-10 05:07:58
S003535,Champions League Hospitality,True,False,False,False,2025-03-26 13:26:32
S002982,Champions League Hospitality,True,True,False,False,2025-02-05 04:00:43
S002997,Re-engagement Winback,True,True,True,True,2025-09-17 23:31:36
S002051,Champions League Hospitality,True,False,False,False,2025-01-16 04:50:36
S001451,Membership Drive,True,True,False,False,2025-09-11 09:43:46
S002763,International Fan Club,True,False,False,False,2024-11-15 18:06:02
S003157,New Home Kit Launch,True,True,False,False,2025-07-17 11:29:57
S001863,Membership Drive,True,False,False,False,2025-09-12 14:32:18
S000331,Black Friday Store,True,True,False,False,2025-09-07 11:08:25
S000146,Stadium Tour Promo,True,False,False,False,2025-05-01 15:05:00
S003171,Matchday Ticket Alert,True,False,False,False,2025-06-29 10:57:49
S003578,Season Ticket Renewal,True,True,False,False,2024-12-08 19:24:00
S004688,Re-engagement Winback,True,True,True,True,2025-09-12 06:08:19
S000753,International Fan Club,True,False,False,False,2025-09-07 21:09:17
S004325,Membership Drive,True,False,False,False,2025-01-27 13:53:32
S000213,Champions League Hospitality,True,False,False,False,2025-05-06 13:34:21
S001725,Stadium Tour Promo,True,True,True,False,2025-08-29 10:19:38
S001398,Champions League Hospitality,True,False,False,False,2025-08-22 12:17:58
S003116,Re-engagement Winback,True,False,False,False,2025-09-04 15:55:35
S001022,Membership Drive,True,True,False,False,2024-12-27 05:04:41
S004808,International Fan Club,True,False,False,False,2025-08-27 01:26:06
S004296,Stadium Tour Promo,True,True,False,False,2025-07-28 23:44:20
S002101,Membership Drive,True,False,False,False,2025-09-06 06:31:04
S004098,Black Friday Store,True,False,False,False,2025-09-15 11:46:57
S002680,Membership Drive,True,False,False,False,2025-04-03 02:36:23
S002517,Stadium Tour Promo,True,False,False,False,2024-12-03 22:31:59
S000789,Stadium Tour Promo,True,False,False,False,2025-05-13 23:56:16
S004351,Season Ticket Renewal,True,False,False,False,2024-11-02 05:08:04
S000635,Membership Drive,True,False,False,False,2025-07-19 20:54:24
S003037,Stadium Tour Promo,True,False,False,False,2025-02-20 19:26:04
S000892,Matchday Ticket Alert,True,False,False,False,2025-09-10 02:58:32
S003806,Matchday Ticket Alert,True,True,False,False,2025-06-03 05:44:49
S003501,Season Ticket Renewal,True,False,False,False,2025-09-13 08:16:25
S003759,Re-engagement Winback,True,False,False,False,2025-03-20 13:32:30
S002071,Champions League Hospitality,True,False,False,False,2025-09-08 11:01:57
S000400,Champions League Hospitality,True,False,False,False,2025-08-25 10:56:21
S002749,Season Ticket Renewal,True,False,False,False,2025-04-01 02:45:55
S003786,Champions League Hospitality,True,False,False,False,2024-11-29 03:17:52
S003333,Re-engagement Winback,True,True,False,False,2025-08-12 07:20:08
S004473,Re-engagement Winback,True,True,True,False,2025-09-04 05:38:34
S000962,Season Ticket Renewal,True,False,False,False,2025-01-23 17:46:42
S002674,Re-engagement Winback,True,False,False,False,2025-08-29 00:24:02
S003881,Re-engagement Winback,True,False,False,False,2025-09-12 21:53:06
S002064,Matchday Ticket Alert,True,False,False,False,2025-02-11 12:55:16
S004963,Champions League Hospitality,True,False,False,False,2024-12-19 10:05:57
S000016,Re-engagement Winback,True,False,False,False,2024-10-09 03:02:51
S002455,Black Friday Store,True,True,True,True,2025-08-30 17:31:26
S001529,International Fan Club,True,True,True,False,2024-11-26 05:38:12
S001926,Membership Drive,True,True,False,False,2025-08-29 03:59:39
S001700,International Fan Club,True,False,False,False,2025-02-27 22:37:58
S003808,Re-engagement Winback,True,True,False,False,2025-05-20 20:53:33
S001170,Champions League Hospitality,True,False,False,False,2025-07-17 07:20:16
S003330,Membership Drive,True,False,False,False,2025-06-23 21:33:19
S004913,Re-engagement Winback,True,True,False,False,2025-05-28 14:20:03
S004617,Re-engagement Winback,True,True,True,False,2025-03-30 15:00:11
S002870,Black Friday Store,True,True,False,False,2025-09-06 20:42:28
S000207,International Fan Club,True,False,False,False,2025-02-12 11:07:38
S002818,Stadium Tour Promo,True,False,False,False,2024-10-09 09:01:01
S001471,Season Ticket Renewal,True,False,False,False,2025-07-18 12:06:21
S000903,Stadium Tour Promo,True,False,False,False,2025-09-18 17:39:32
S003290,Champions League Hospitality,True,False,False,False,2025-06-16 16:14:38
S003423,Stadium Tour Promo,True,False,False,False,2024-10-11 17:52:34
S001948,New Home Kit Launch,True,False,False,False,2025-09-08 01:01:02
S000968,Membership Drive,True,True,False,False,2025-08-22 06:56:54
S002601,Season Ticket Renewal,True,False,False,False,2024-10-18 13:58:58
S004239,Matchday Ticket Alert,True,True,False,False,2025-09-13 20:53:01
S000583,International Fan Club,True,False,False,False,2025-09-04 03:57:45
S001802,New Home Kit Launch,True,False,False,False,2025-09-11 02:59:03
S000784,Champions League Hospitality,True,True,True,False,2025-05-22 22:46:02
S000940,Season Ticket Renewal,True,True,True,True,2025-08-05 09:30:09
S003484,International Fan Club,True,True,False,False,2025-02-08 00:55:09
S002004,Stadium Tour Promo,True,True,True,False,2024-12-18 15:16:09
S004768,Re-engagement Winback,True,False,False,False,2025-09-02 11:13:59
S004458,Champions League Hospitality,True,True,True,False,2025-09-04 03:36:43
S002212,International Fan Club,True,False,False,False,2025-07-17 05:10:32
S003154,Stadium Tour Promo,True,False,False,False,2025-09-06 21:18:25
S000244,Black Friday Store,True,True,True,True,2025-09-04 05:37:11
S002646,International Fan Club,True,False,False,False,2025-04-10 07:20:45
S001178,Re-engagement Winback,True,True,False,False,2025-09-15 19:23:44
S000978,Membership Drive,True,False,False,False,2025-06-22 14:20:10
S002090,International Fan Club,True,True,False,False,2024-12-21 02:08:48
S001761,Black Friday Store,True,False,False,False,2025-02-05 13:41:28
S000918,Black Friday Store,True,True,True,False,2025-05-11 16:47:52
S001462,Season Ticket Renewal,True,False,False,False,2025-03-27 04:55:40
S002578,Champions League Hospitality,True,True,False,False,2025-08-30 08:19:17
S004198,Stadium Tour Promo,True,False,False,False,2025-08-31 19:02:59
S000201,Matchday Ticket Alert,True,False,False,False,2025-04-15 22:50:04
S001031,Matchday Ticket Alert,True,False,False,False,2024-11-02 23:35:47
S001847,International Fan Club,True,True,False,False,2025-02-13 03:01:11
S004680,Matchday Ticket Alert,True,True,True,False,2024-11-19 12:35:42
S003406,Champions League Hospitality,True,False,False,False,2024-10-11 12:24:27
S003814,Matchday Ticket Alert,True,True,False,False,2025-09-10 22:58:26
S000021,Season Ticket Renewal,True,True,True,False,2025-09-09 20:35:48
S004006,Re-engagement Winback,True,True,False,False,2025-08-22 05:46:59
S001882,Matchday Ticket Alert,True,False,False,False,2025-09-18 10:15:00
S003447,Season Ticket Renewal,True,False,False,False,2025-05-18 08:55:51
S002467,Membership Drive,True,True,False,False,2024-11-01 08:56:48
S000044,Matchday Ticket Alert,True,False,False,False,2024-10-07 12:26:10
S003461,Membership Drive,True,True,False,False,2025-02-27 05:17:09
S000350,Black Friday Store,True,True,False,False,2025-02-11 10:44:04
S003427,Season Ticket Renewal,True,True,True,False,2025-04-21 08:10:22
S002634,Champions League Hospitality,True,False,False,False,2025-07-17 14:30:13
S004542,Stadium Tour Promo,True,True,True,False,2025-09-01 18:12:45
S004167,Matchday Ticket Alert,True,False,False,False,2024-11-30 08:32:25
S000025,Stadium Tour Promo,True,False,False,False,2025-09-09 03:13:59
S000835,New Home Kit Launch,True,False,False,False,2025-04-30 20:51:17
S002040,Champions League Hospitality,True,False,False,False,2024-10-24 09:55:19
S001949,Re-engagement Winback,True,False,False,False,2025-09-07 10:44:00
S002019,Black Friday Store,True,False,False,False,2025-09-17 18:33:01
S002954,Season Ticket Renewal,True,True,True,True,2025-06-21 14:48:02
S000354,New Home Kit Launch,True,False,False,False,2025-07-20 12:47:09
S001518,Black Friday Store,True,False,False,False,2025-03-02 09:04:45
S001053,Membership Drive,True,False,False,False,2025-09-06 02:52:40
S003432,Season Ticket Renewal,True,True,True,False,2025-02-08 09:27:18
S002309,Stadium Tour Promo,True,False,False,False,2024-10-29 17:05:36
S003425,International Fan Club,True,False,False,False,2025-08-27 23:00:52
S000470,Re-engagement Winback,True,False,False,False,2025-05-14 17:38:27
S002833,Stadium Tour Promo,True,False,False,False,2024-11-05 14:08:43
S004548,Re-engagement Winback,True,False,False,False,2025-09-11 21:06:46
S004302,Membership Drive,True,False,False,False,2025-08-30 23:09:56
S000793,International Fan Club,True,False,False,False,2025-05-15 04:29:52
S001536,Black Friday Store,True,False,False,False,2025-07-06 10:53:38
S003037,International Fan Club,True,False,False,False,2025-05-09 04:10:44
S002060,New Home Kit Launch,True,True,False,False,2025-09-10 19:07:18
S001849,International Fan Club,True,False,False,False,2025-08-30 19:08:45
S001655,Stadium Tour Promo,True,True,False,False,2025-09-08 04:14:07
S000259,Re-engagement Winback,True,True,False,False,2025-06-25 17:32:57
S004361,Black Friday Store,True,False,False,False,2025-06-09 21:50:18
S002293,Champions League Hospitality,True,True,True,False,2025-08-13 00:28:28
S004277,Champions League Hospitality,True,False,False,False,2025-02-07 00:59:20
S003934,Champions League Hospitality,True,True,True,False,2025-02-08 18:44:05
S001451,Re-engagement Winback,True,True,False,False,2025-06-14 02:48:23
S001047,International Fan Club,True,False,False,False,2025-08-25 11:03:37
S001305,International Fan Club,True,True,True,False,2025-09-14 21:56:00
S001796,New Home Kit Launch,True,False,False,False,2025-04-08 05:34:07
S004906,International Fan Club,True,False,False,False,2025-02-23 09:38:34
S003818,Black Friday Store,True,True,False,False,2025-09-06 00:41:26
S001262,Stadium Tour Promo,True,True,False,False,2025-07-17 05:38:41
S003891,Matchday Ticket Alert,True,True,False,False,2025-08-28 15:34:13
S001011,Membership Drive,True,False,False,False,2025-09-07 08:36:22
S001629,Stadium Tour Promo,True,False,False,False,2025-09-15 10:52:52
S001066,Stadium Tour Promo,True,True,True,True,2025-07-16 19:39:00
S002245,Black Friday Store,True,True,True,False,2025-03-11 03:16:19
S000200,International Fan Club,True,True,True,False,2025-09-07 14:17:18
S001043,Re-engagement Winback,True,False,False,False,2025-08-01 13:35:38
S001158,Matchday Ticket Alert,True,False,False,False,2025-08-27 10:24:02
S003824,Matchday Ticket Alert,True,False,False,False,2025-09-14 00:44:04
S004601,International Fan Club,True,True,False,False,2025-07-16 15:54:05
S003637,International Fan Club,True,True,False,False,2025-08-30 11:17:37
S004167,Membership Drive,True,True,False,False,2025-09-16 17:59:22
S002762,International Fan Club,True,False,False,False,2025-09-18 19:24:29
S001992,Season Ticket Renewal,True,True,True,False,2025-08-19 13:49:25
S000482,Membership Drive,True,False,False,False,2025-06-03 15:48:42
S003177,Re-engagement Winback,True,False,False,False,2025-09-16 10:51:23
S004795,Champions League Hospitality,True,True,True,False,2025-08-30 09:37:01
S000140,New Home Kit Launch,True,False,False,False,2025-08-21 14:49:43
S002415,Matchday Ticket Alert,True,False,False,False,2024-11-19 22:50:13
S003859,Stadium Tour Promo,True,True,False,False,2024-11-19 03:26:13
S004887,New Home Kit Launch,True,False,False,False,2025-09-13 02:35:23
S000058,Season Ticket Renewal,True,False,False,False,2025-09-11 13:22:45
S000636,Champions League Hospitality,True,False,False,False,2024-11-01 00:42:55
S001880,New Home Kit Launch,True,False,False,False,2025-05-13 10:11:06
S004077,Stadium Tour Promo,True,True,True,True,2025-08-01 20:10:36
S002951,Season Ticket Renewal,True,False,False,False,2024-09-21 09:54:25
S001455,Black Friday Store,True,False,False,False,2025-08-25 19:35:19
S004499,International Fan Club,True,False,False,False,2025-09-20 07:07:06
S001890,International Fan Club,True,True,True,False,2025-09-12 05:05:35
S004860,Black Friday Store,True,False,False,False,2025-09-03 19:51:44
S002251,New Home Kit Launch,True,True,False,False,2025-07-18 00:05:58
S003694,Matchday Ticket Alert,True,True,False,False,2025-01-03 00:42:15
S003014,International Fan Club,True,True,False,False,2025-03-28 15:46:42
S000690,Season Ticket Renewal,True,True,False,False,2025-08-27 04:17:05
S002998,New Home Kit Launch,True,True,True,False,2025-07-17 17:39:43
S000126,Season Ticket Renewal,True,False,False,False,2025-08-25 15:44:16
S000248,Stadium Tour Promo,True,True,True,True,2025-01-17 17:59:32
S003999,Champions League Hospitality,True,True,True,False,2024-10-03 10:03:02
S002557,Stadium Tour Promo,True,False,False,False,2024-12-01 20:55:42
S002679,Season Ticket Renewal,True,True,False,False,2025-01-03 23:07:36
S002167,Season Ticket Renewal,True,True,True,True,2024-10-14 13:34:35
S001381,Black Friday Store,True,True,True,False,2025-04-28 07:02:59
S002219,Membership Drive,True,True,False,False,2025-02-21 20:19:05
S004024,New Home Kit Launch,True,True,True,False,2025-08-18 16:07:41
S000346,Season Ticket Renewal,True,True,True,False,2025-09-11 09:12:45
S002480,Stadium Tour Promo,True,True,False,False,2025-08-26 04:49:25
S004262,Membership Drive,True,False,False,False,2024-12-13 03:50:25
S000408,Membership Drive,True,False,False,False,2025-09-04 01:28:36
S002610,Black Friday Store,True,True,False,False,2025-08-25 23:30:44
S001120,Membership Drive,True,True,True,False,2025-09-05 23:30:49
S003851,International Fan Club,True,False,False,False,2025-08-01 02:57:53
S002547,International Fan Club,True,False,False,False,2025-09-10 09:16:00
S001595,New Home Kit Launch,True,True,False,False,2025-09-15 02:17:34
S000250,Membership Drive,True,True,False,False,2025-06-09 10:59:23
S001511,Champions League Hospitality,True,True,False,False,2025-09-18 00:20:42
S001865,Black Friday Store,True,True,True,False,2025-01-05 01:09:55
S003938,International Fan Club,True,False,False,False,2025-04-16 17:12:14
S000658,Re-engagement Winback,True,False,False,False,2025-09-08 13:47:42
S002860,Matchday Ticket Alert,True,False,False,False,2025-08-23 03:22:48
S001320,New Home Kit Launch,True,True,False,False,2025-07-04 21:17:51
S000910,Champions League Hospitality,True,False,False,False,2025-09-13 04:23:23
S003139,Matchday Ticket Alert,True,True,True,False,2025-09-17 01:56:41
S002343,Re-engagement Winback,True,True,True,True,2025-08-21 22:34:45
S001488,Black Friday Store,True,True,False,False,2025-09-19 00:41:20
S004697,New Home Kit Launch,True,False,False,False,2025-08-21 23:09:39
S004920,International Fan Club,True,False,False,False,2025-02-26 19:58:41
S003919,Membership Drive,True,False,False,False,2025-07-11 11:53:21
S001692,Black Friday Store,True,True,False,False,2025-04-17 03:00:39
S001022,Black Friday Store,True,True,False,False,2024-12-08 07:36:25
S001456,Membership Drive,True,True,False,False,2025-08-31 18:38:05
S001583,Membership Drive,True,True,False,False,2025-09-18 15:45:14
S004576,International Fan Club,True,False,False,False,2024-10-12 18:18:41
S000416,Matchday Ticket Alert,True,True,True,False,2025-01-19 08:52:29
S003903,Stadium Tour Promo,True,True,False,False,2025-03-26 21:03:10
S002548,New Home Kit Launch,True,False,False,False,2025-02-25 06:05:46
S002531,Membership Drive,True,True,False,False,2025-08-22 09:58:00
S000259,International Fan Club,True,False,False,False,2025-07-13 13:30:56
S002610,New Home Kit Launch,True,True,True,False,2025-08-29 10:45:43
S002743,Champions League Hospitality,True,True,True,False,2025-09-09 20:41:40
S001599,Stadium Tour Promo,True,True,False,False,2025-09-14 12:24:21
S000218,Black Friday Store,True,False,False,False,2025-08-11 07:18:53
S002087,Re-engagement Winback,True,False,False,False,2025-06-10 03:45:10
S002987,Season Ticket Renewal,True,False,False,False,2024-11-12 13:56:31
S004284,Matchday Ticket Alert,True,True,False,False,2025-08-31 22:02:27
S004092,Membership Drive,True,False,False,False,2025-09-07 07:54:15
S004775,Membership Drive,True,False,False,False,2025-07-15 22:54:51
S001162,Stadium Tour Promo,True,True,True,False,2025-06-23 06:03:12
S001447,Re-engagement Winback,True,False,False,False,2025-03-06 17:12:56
S003188,Matchday Ticket Alert,True,True,False,False,2025-08-23 02:24:16
S000390,Membership Drive,True,False,False,False,2025-06-16 17:43:33
S000550,Stadium Tour Promo,True,False,False,False,2025-08-22 07:45:12
S002045,Membership Drive,True,True,True,False,2025-08-21 17:25:06
S000677,Black Friday Store,True,True,False,False,2025-09-17 14:05:17
S002824,New Home Kit Launch,True,False,False,False,2025-09-09 14:55:24
S003669,Champions League Hospitality,True,True,True,False,2025-08-26 02:58:27
S001479,Black Friday Store,True,False,False,False,2025-07-17 00:11:44
S002329,Re-engagement Winback,True,False,False,False,2025-06-19 07:30:13
S003498,Black Friday Store,True,False,False,False,2025-05-08 19:51:32
S001108,International Fan Club,True,False,False,False,2025-09-16 00:25:56
S001926,Champions League Hospitality,True,True,False,False,2025-08-24 02:12:49
S002961,Champions League Hospitality,True,True,False,False,2024-09-21 05:24:21
S003359,Re-engagement Winback,True,False,False,False,2025-09-10 17:43:14
S004581,New Home Kit Launch,True,True,True,False,2025-09-02 14:01:47
S004528,Matchday Ticket Alert,True,False,False,False,2025-08-26 12:51:42
S001008,Re-engagement Winback,True,True,False,False,2025-09-15 09:48:13
S004831,Membership Drive,True,True,False,False,2025-09-03 21:11:49
S001165,Season Ticket Renewal,True,True,False,False,2025-08-28 18:09:38
S001282,Matchday Ticket Alert,True,False,False,False,2024-11-30 15:57:27
S000189,Champions League Hospitality,True,False,False,False,2025-02-05 19:36:13
S000273,Re-engagement Winback,True,True,True,False,2025-09-13 16:16:31
S000556,Matchday Ticket Alert,True,True,False,False,2025-02-03 02:34:56
S004012,Season Ticket Renewal,True,True,True,False,2025-01-14 20:43:14
S001004,International Fan Club,True,True,False,False,2024-09-26 00:35:06
S000862,Re-engagement Winback,True,False,False,False,2025-04-04 17:12:25
S001336,Matchday Ticket Alert,True,True,True,False,2025-08-31 14:08:22
S002682,Champions League Hospitality,True,False,False,False,2025-05-26 23:44:18
S001413,Champions League Hospitality,True,True,False,False,2024-10-13 19:45:59
S002633,Membership Drive,True,False,False,False,2024-11-03 00:40:30
S003187,Matchday Ticket Alert,True,False,False,False,2025-08-14 13:58:26
S004574,New Home Kit Launch,True,False,False,False,2025-09-03 08:58:57
S002699,Re-engagement Winback,True,False,False,False,2025-08-25 07:34:10
S000949,Black Friday Store,True,True,True,False,2025-08-22 21:16:37
S000594,Matchday Ticket Alert,True,True,True,False,2025-09-05 21:14:02
S004972,Stadium Tour Promo,True,True,True,False,2025-08-22 10:11:40
S001996,Stadium Tour Promo,True,False,False,False,2025-03-14 20:01:14
S004133,International Fan Club,True,True,True,True,2025-09-18 06:42:04
S002322,Champions League Hospitality,True,False,False,False,2025-02-25 15:34:12
S003786,Membership Drive,True,False,False,False,2025-01-07 23:15:04
S001151,Season Ticket Renewal,True,True,True,False,2025-08-23 07:55:30
S003701,Black Friday Store,True,False,False,False,2025-09-15 17:32:23
S003146,Season Ticket Renewal,True,True,False,False,2025-06-03 03:29:23
S002145,Re-engagement Winback,True,False,False,False,2025-04-24 09:54:55
S003694,Re-engagement Winback,True,True,False,False,2025-03-08 01:09:46
S001528,Champions League Hospitality,True,False,False,False,2025-09-07 02:28:58
S004058,Season Ticket Renewal,True,True,False,False,2024-12-07 05:40:22
S002608,Stadium Tour Promo,True,False,False,False,2025-09-09 23:01:04
S002128,Season Ticket Renewal,True,True,False,False,2025-02-04 21:22:01
S004874,Stadium Tour Promo,True,True,True,False,2025-02-27 15:42:45
S001359,Matchday Ticket Alert,True,False,False,False,2025-09-01 05:51:38
S003085,Re-engagement Winback,True,False,False,False,2025-09-09 07:01:11
S002665,Stadium Tour Promo,True,True,True,True,2025-01-09 13:44:04
S000345,Membership Drive,True,True,True,False,2025-08-27 03:15:49
S004363,Season Ticket Renewal,True,True,True,False,2025-05-31 08:44:22
S003956,Matchday Ticket Alert,True,True,True,False,2025-09-08 19:02:28
S000991,New Home Kit Launch,True,False,False,False,2025-09-05 17:44:48
S002942,Matchday Ticket Alert,True,False,False,False,2025-01-06 08:35:56
S003919,International Fan Club,True,True,True,False,2025-08-08 08:32:35
S004477,International Fan Club,True,True,True,False,2025-08-23 21:35:26
S004986,Season Ticket Renewal,True,True,True,True,2025-09-12 21:17:40
S000773,International Fan Club,True,True,True,False,2025-01-14 15:25:04
S001264,Black Friday Store,True,True,False,False,2025-09-13 11:31:19
S001259,Membership Drive,True,True,False,False,2025-01-27 09:08:11
S002694,New Home Kit Launch,True,True,True,True,2025-05-11 13:57:11
S004547,Champions League Hospitality,True,False,False,False,2025-08-27 17:22:00
S000031,Black Friday Store,True,False,False,False,2025-09-10 22:17:36
S002353,Champions League Hospitality,True,True,True,False,2025-04-01 03:05:22
S003827,Re-engagement Winback,True,True,True,False,2024-11-11 20:21:00
S000594,Membership Drive,True,True,False,False,2025-09-08 12:48:17
S003190,Season Ticket Renewal,True,True,False,False,2025-08-14 15:42:18
S000388,Membership Drive,True,False,False,False,2025-03-29 07:21:15
S001883,Stadium Tour Promo,True,False,False,False,2025-02-12 01:20:32
S003675,International Fan Club,True,True,False,False,2024-10-20 14:04:06
S002798,International Fan Club,True,True,True,False,2025-03-15 19:01:12
S002873,Black Friday Store,True,False,False,False,2025-07-11 00:07:36
S003593,Stadium Tour Promo,True,True,True,False,2025-04-21 13:50:17
S004737,Black Friday Store,True,False,False,False,2024-12-25 14:57:12
S002818,Matchday Ticket Alert,True,False,False,False,2025-01-05 15:56:45
S001354,Stadium Tour Promo,True,False,False,False,2025-09-17 04:12:21
S004068,New Home Kit Launch,True,True,False,False,2025-05-09 06:52:52
S003536,Champions League Hospitality,True,False,False,False,2025-06-27 23:12:52
S001538,Stadium Tour Promo,True,True,False,False,2025-01-27 21:00:46
S003450,Black Friday Store,True,False,False,False,2025-04-25 16:50:58
S000695,Stadium Tour Promo,True,False,False,False,2025-01-31 20:12:03
S001989,Membership Drive,True,False,False,False,2024-10-03 13:49:42
S003221,Champions League Hospitality,True,False,False,False,2025-09-13 15:22:55
S004384,Season Ticket Renewal,True,True,True,False,2025-09-17 03:12:01
S004765,Re-engagement Winback,True,False,False,False,2025-06-24 22:02:58
S000226,Re-engagement Winback,True,True,False,False,2025-04-29 11:21:57
S003078,Matchday Ticket Alert,True,True,True,False,2025-05-18 07:49:28
S004335,Season Ticket Renewal,True,True,True,False,2025-08-30 03:47:04
S003423,Membership Drive,True,True,False,False,2025-04-13 03:49:16
S000700,Season Ticket Renewal,True,True,False,False,2025-09-05 20:24:54
S000592,New Home Kit Launch,True,True,True,True,2025-02-10 09:01:18
S002976,Season Ticket Renewal,True,False,False,False,2025-09-02 08:20:52
S000852,Black Friday Store,True,False,False,False,2025-02-26 05:03:49
S002153,Black Friday Store,True,False,False,False,2025-09-01 10:23:45
S001534,New Home Kit Launch,True,False,False,False,2025-05-24 22:43:08
S000803,New Home Kit Launch,True,False,False,False,2024-10-21 23:59:48
S004226,Membership Drive,True,False,False,False,2025-09-06 22:07:07
S002328,Stadium Tour Promo,True,False,False,False,2024-11-26 16:43:52
S002343,Stadium Tour Promo,True,True,False,False,2025-08-25 14:26:28
S003115,Champions League Hospitality,True,True,True,False,2025-05-01 02:25:04
S001262,Re-engagement Winback,True,True,True,False,2025-09-11 18:35:46
S000927,Champions League Hospitality,True,True,False,False,2025-08-02 17:23:36
S002255,Stadium Tour Promo,True,False,False,False,2025-09-09 21:41:31
S003980,Champions League Hospitality,True,False,False,False,2025-08-29 00:12:50
S004129,Season Ticket Renewal,True,True,False,False,2025-08-27 08:55:10
S000749,Matchday Ticket Alert,True,False,False,False,2025-09-08 19:16:59
S001063,Stadium Tour Promo,True,False,False,False,2025-09-06 10:20:17
S001318,Black Friday Store,True,False,False,False,2024-12-11 23:36:27
S003229,Membership Drive,True,False,False,False,2025-09-03 18:19:57
S000425,Season Ticket Renewal,True,True,False,False,2025-09-16 16:36:34
S000217,Champions League Hospitality,True,False,False,False,2025-07-08 09:25:36
S000684,Stadium Tour Promo,True,True,True,False,2025-07-01 23:10:45
S002911,Champions League Hospitality,True,False,False,False,2024-12-03 20:15:19
S004025,International Fan Club,True,False,False,False,2025-09-12 09:46:28
S002234,Matchday Ticket Alert,True,True,False,False,2025-08-27 09:47:32
S003819,Season Ticket Renewal,True,True,True,False,2024-12-22 10:27:19
S000340,Champions League Hospitality,True,True,False,False,2024-09-27 14:06:50
S000879,New Home Kit Launch,True,True,True,False,2025-09-02 05:24:39
S001379,Membership Drive,True,True,False,False,2025-09-20 03:25:15
S004536,Re-engagement Winback,True,True,True,False,2025-08-23 03:48:31
S003194,International Fan Club,True,True,True,True,2025-09-08 06:14:58
S004907,Season Ticket Renewal,True,False,False,False,2025-09-18 05:23:50
S002112,Stadium Tour Promo,True,False,False,False,2025-02-22 09:22:34
S003987,Membership Drive,True,False,False,False,2025-03-12 10:17:58
S003450,Season Ticket Renewal,True,False,False,False,2025-08-22 01:53:18
S001023,Black Friday Store,True,False,False,False,2025-01-12 16:10:19
S001817,Membership Drive,True,False,False,False,2025-09-16 18:48:30
S004410,Membership Drive,True,True,True,False,2025-09-15 13:52:42
S004440,Black Friday Store,True,False,False,False,2025-09-16 07:43:15
S004363,Black Friday Store,True,True,False,False,2025-08-07 20:28:24
S003739,Re-engagement Winback,True,False,False,False,2025-01-20 06:05:55
S004390,International Fan Club,True,False,False,False,2025-09-11 13:46:41
S002104,Membership Drive,True,False,False,False,2025-04-16 04:20:26
S000254,Champions League Hospitality,True,True,False,False,2024-11-29 22:54:58
S003953,Season Ticket Renewal,True,False,False,False,2025-08-24 20:49:20
S001423,Black Friday Store,True,True,False,False,2025-09-06 05:46:12
S000775,New Home Kit Launch,True,False,False,False,2025-04-26 19:20:02
S001666,Stadium Tour Promo,True,False,False,False,2025-08-31 19:04:51
S000012,New Home Kit Launch,True,False,False,False,2024-12-09 14:24:28
S001898,New Home Kit Launch,True,False,False,False,2025-09-18 10:04:03
S003489,Stadium Tour Promo,True,False,False,False,2025-08-30 04:52:12
S001504,Black Friday Store,True,False,False,False,2024-10-04 17:47:42
S001375,Stadium Tour Promo,True,True,False,False,2025-09-08 00:55:14
S004526,Stadium Tour Promo,True,False,False,False,2024-09-23 20:35:17
S000232,Matchday Ticket Alert,True,True,False,False,2024-12-23 01:32:47
S000761,Matchday Ticket Alert,True,True,False,False,2025-09-02 16:32:38
S004239,International Fan Club,True,False,False,False,2025-08-23 23:08:22
S004799,Black Friday Store,True,False,False,False,2025-09-06 01:21:28
S000289,Season Ticket Renewal,True,True,True,False,2025-09-10 06:45:05
S000953,Re-engagement Winback,True,False,False,False,2024-12-09 19:21:49
S002479,Matchday Ticket Alert,True,False,False,False,2025-08-26 05:59:42
S000672,New Home Kit Launch,True,False,False,False,2025-04-10 07:26:46
S003534,Re-engagement Winback,True,True,False,False,2025-02-24 07:40:13
S004779,Stadium Tour Promo,True,False,False,False,2025-08-26 10:00:36
S004484,Membership Drive,True,False,False,False,2025-09-07 00:13:30
S002008,Membership Drive,True,False,False,False,2025-07-21 03:19:13
S004208,Champions League Hospitality,True,True,True,False,2025-08-26 09:42:23
S004576,Membership Drive,True,True,False,False,2025-09-14 03:50:45
S004967,Matchday Ticket Alert,True,True,False,False,2025-09-01 12:18:07
S000821,New Home Kit Launch,True,False,False,False,2025-09-12 13:21:56
S002708,Champions League Hospitality,True,False,False,False,2025-05-12 20:48:46
S000314,International Fan Club,True,False,False,False,2025-06-25 23:51:56
S000079,Re-engagement Winback,True,True,True,False,2025-09-17 13:46:57
S003011,Matchday Ticket Alert,True,False,False,False,2025-09-06 09:34:39
S002723,New Home Kit Launch,True,False,False,False,2025-01-15 10:56:53
S004480,Season Ticket Renewal,True,False,False,False,2025-06-15 01:09:20
S004163,Membership Drive,True,False,False,False,2024-09-27 15:35:08
S000658,International Fan Club,True,True,True,True,2025-09-14 21:22:08
S004720,Stadium Tour Promo,True,False,False,False,2025-05-14 05:13:52
S003948,Champions League Hospitality,True,True,True,False,2025-03-14 05:21:49
S001501,Champions League Hospitality,True,False,False,False,2024-12-05 12:26:25
S004446,Black Friday Store,True,False,False,False,2025-09-05 06:59:25
S004701,Re-engagement Winback,True,False,False,False,2025-09-04 00:23:12
S002982,Matchday Ticket Alert,True,False,False,False,2025-04-26 02:03:12
S002806,Black Friday Store,True,False,False,False,2025-01-15 05:50:38
S004159,Season Ticket Renewal,True,True,False,False,2025-07-15 02:03:32
S004746,New Home Kit Launch,True,True,False,False,2025-09-17 21:35:52
S003831,Re-engagement Winback,True,True,False,False,2025-09-13 06:01:55
S004278,New Home Kit Launch,True,True,True,False,2025-08-21 10:54:18
S000887,Stadium Tour Promo,True,False,False,False,2024-10-22 06:22:46
S004356,Membership Drive,True,True,False,False,2025-09-08 11:55:13
S002617,Membership Drive,True,True,False,False,2025-08-27 17:34:41
S003657,Black Friday Store,True,False,False,False,2025-06-24 23:45:28
S003940,New Home Kit Launch,True,True,False,False,2025-08-30 19:57:30
S003004,International Fan Club,True,True,True,False,2025-09-01 17:30:57
S002334,Champions League Hospitality,True,False,False,False,2024-12-05 11:27:30
S003356,Season Ticket Renewal,True,False,False,False,2025-01-16 15:34:12
S004514,Stadium Tour Promo,True,True,False,False,2025-08-22 05:01:38
S002145,Black Friday Store,True,True,False,False,2025-08-27 06:56:29
S003739,Black Friday Store,True,True,False,False,2025-07-23 01:17:56
S000017,Black Friday Store,True,False,False,False,2025-07-09 13:56:04
S001817,Champions League Hospitality,True,False,False,False,2025-08-27 20:51:55
S002485,New Home Kit Launch,True,False,False,False,2024-12-13 01:05:30
S001873,Stadium Tour Promo,True,True,False,False,2025-08-29 05:59:58
S001710,Re-engagement Winback,True,False,False,False,2025-09-09 01:52:39
S004096,New Home Kit Launch,True,False,False,False,2025-02-24 18:27:42
S002981,Season Ticket Renewal,True,True,False,False,2025-09-18 07:46:25
S000064,Black Friday Store,True,False,False,False,2025-09-11 03:48:51
S000024,Matchday Ticket Alert,True,False,False,False,2025-09-06 16:08:10
S002393,International Fan Club,True,True,False,False,2025-09-02 01:26:15
S003902,Re-engagement Winback,True,False,False,False,2025-07-20 01:18:44
S004644,Black Friday Store,True,True,False,False,2025-08-30 14:54:58
S002396,International Fan Club,True,True,False,False,2025-09-15 00:11:46
S000008,Season Ticket Renewal,True,True,False,False,2025-09-17 02:01:47
S000823,Membership Drive,True,True,True,False,2025-09-04 05:37:23
S000333,Matchday Ticket Alert,True,False,False,False,2025-08-27 21:13:30
S003211,Matchday Ticket Alert,True,True,True,True,2025-08-31 22:24:20
S002467,Re-engagement Winback,True,False,False,False,2025-04-26 12:56:07
S003201,Stadium Tour Promo,True,True,False,False,2024-12-10 21:37:07
S004683,Season Ticket Renewal,True,False,False,False,2025-02-04 12:33:00
S004521,Stadium Tour Promo,True,True,False,False,2024-11-14 07:22:13
S000075,Black Friday Store,True,False,False,False,2025-02-28 22:30:29
S003708,International Fan Club,True,True,True,False,2025-02-09 16:22:07
S002039,Re-engagement Winback,True,False,False,False,2025-09-20 09:13:17
S002570,Black Friday Store,True,True,False,False,2024-12-27 22:47:09
S003883,Matchday Ticket Alert,True,False,False,False,2025-02-20 18:12:39
S000579,Membership Drive,True,False,False,False,2025-01-11 07:17:20
S002022,Black Friday Store,True,True,True,False,2025-09-09 15:45:09
S003328,Black Friday Store,True,False,False,False,2025-06-08 00:58:04
S004059,Re-engagement Winback,True,False,False,False,2024-10-23 16:08:51
S000639,Stadium Tour Promo,True,False,False,False,2025-09-02 09:03:24
S001214,Champions League Hospitality,True,True,False,False,2025-03-10 13:31:01
S001792,Stadium Tour Promo,True,False,False,False,2025-06-27 19:38:37
S004651,Season Ticket Renewal,True,True,True,False,2025-08-31 11:28:03
S000581,Membership Drive,True,True,True,False,2025-09-16 19:15:06
S002434,Matchday Ticket Alert,True,False,False,False,2024-11-29 12:37:40
S002164,Stadium Tour Promo,True,True,True,False,2025-09-07 14:40:42
S002326,New Home Kit Launch,True,True,False,False,2024-11-22 17:23:12
S000826,International Fan Club,True,False,False,False,2025-04-20 21:09:19
S001544,Stadium Tour Promo,True,False,False,False,2025-09-09 06:42:04
S003938,Stadium Tour Promo,True,False,False,False,2024-10-08 03:47:25
S003823,Champions League Hospitality,True,False,False,False,2025-09-10 09:25:01
S002825,New Home Kit Launch,True,True,False,False,2025-08-21 21:02:51
S004416,Black Friday Store,True,True,False,False,2025-09-15 08:10:07
S001108,Black Friday Store,True,False,False,False,2024-10-01 17:08:00
S004484,Champions League Hospitality,True,False,False,False,2025-08-26 08:33:34
S003501,Matchday Ticket Alert,True,True,False,False,2025-09-09 23:55:57
S000372,New Home Kit Launch,True,False,False,False,2025-02-28 14:06:13
S000884,Champions League Hospitality,True,False,False,False,2024-10-29 11:21:56
S001029,New Home Kit Launch,True,True,True,False,2025-09-08 20:48:11
S002530,Season Ticket Renewal,True,False,False,False,2025-03-15 19:19:43
S000033,Champions League Hospitality,True,True,False,False,2025-09-14 02:04:52
S001793,Matchday Ticket Alert,True,False,False,False,2024-12-19 03:56:29
S003215,Black Friday Store,True,False,False,False,2025-09-06 06:13:27
S003448,Matchday Ticket Alert,True,False,False,False,2025-03-03 09:06:37
S004400,Membership Drive,True,True,False,False,2025-09-12 05:31:54
S001636,Matchday Ticket Alert,True,True,False,False,2025-09-08 08:43:06
S003729,Stadium Tour Promo,True,False,False,False,2025-07-05 21:49:04
S000208,Matchday Ticket Alert,True,False,False,False,2025-08-31 13:33:05
S004065,Re-engagement Winback,True,True,True,False,2025-08-14 00:31:34
S001639,New Home Kit Launch,True,False,False,False,2025-04-14 09:48:21
S000003,Membership Drive,True,True,True,False,2025-09-14 23:49:28
S003467,Champions League Hospitality,True,False,False,False,2025-09-14 21:25:54
S004328,Membership Drive,True,False,False,False,2024-10-25 04:55:49
S003647,Re-engagement Winback,True,False,False,False,2025-01-08 01:27:04
S000511,Black Friday Store,True,False,False,False,2025-08-27 00:31:47
S004307,Season Ticket Renewal,True,False,False,False,2025-09-16 06:33:44
S003570,Season Ticket Renewal,True,False,False,False,2025-06-23 00:34:10
S004418,New Home Kit Launch,True,True,False,False,2024-12-21 17:37:30
S002211,Matchday Ticket Alert,True,False,False,False,2025-01-27 04:56:32
S000796,Champions League Hospitality,True,False,False,False,2025-09-19 12:23:05
S000887,Re-engagement Winback,True,False,False,False,2025-02-10 11:27:49
S002355,Black Friday Store,True,False,False,False,2025-08-07 07:30:04
S002858,Season Ticket Renewal,True,False,False,False,2025-07-26 16:28:34
S000774,Black Friday Store,True,False,False,False,2025-08-27 13:42:55
S001418,Stadium Tour Promo,True,True,True,False,2025-08-27 05:03:41
S003523,Black Friday Store,True,False,False,False,2024-10-27 23:02:02
S003016,New Home Kit Launch,True,True,False,False,2025-02-08 12:44:14
S004937,Season Ticket Renewal,True,True,False,False,2025-09-07 13:40:10
S000176,Stadium Tour Promo,True,False,False,False,2024-10-06 10:05:18
S002172,International Fan Club,True,False,False,False,2024-10-03 16:01:33
S001935,New Home Kit Launch,True,True,True,False,2025-08-28 21:41:24
S000925,International Fan Club,True,False,False,False,2025-09-01 20:48:44
S000814,Season Ticket Renewal,True,True,False,False,2024-09-28 05:14:17
S003269,International Fan Club,True,False,False,False,2024-11-09 16:07:10
S000442,Champions League Hospitality,True,True,False,False,2025-09-14 22:55:53
S004135,Membership Drive,True,True,True,False,2025-05-26 08:42:04
S000406,International Fan Club,True,False,False,False,2025-02-28 04:08:24
S004048,Matchday Ticket Alert,True,False,False,False,2025-09-16 11:55:02
S003037,Champions League Hospitality,True,False,False,False,2024-11-15 01:27:15
S003730,Re-engagement Winback,True,False,False,False,2025-09-12 23:58:44
S003413,Re-engagement Winback,True,True,True,False,2024-12-11 20:47:32
S002551,Stadium Tour Promo,True,False,False,False,2025-08-24 05:38:59
S001756,Re-engagement Winback,True,True,True,False,2025-08-29 13:05:38
S000587,Matchday Ticket Alert,True,True,True,True,2025-01-04 03:56:31
S003328,Stadium Tour Promo,True,True,False,False,2025-06-12 21:27:10
S001373,Re-engagement Winback,True,True,True,False,2024-10-30 00:43:56
S001639,Stadium Tour Promo,True,False,False,False,2024-12-23 17:46:52
S002342,Champions League Hospitality,True,False,False,False,2025-09-10 11:25:27
S001483,New Home Kit Launch,True,False,False,False,2025-03-12 03:08:46
S004150,Black Friday Store,True,True,True,False,2024-12-14 19:20:59
S002741,Black Friday Store,True,True,False,False,2025-08-26 21:15:07
S002050,International Fan Club,True,False,False,False,2025-09-03 04:09:06
S001751,Stadium Tour Promo,True,False,False,False,2025-09-08 08:34:13
S004646,Season Ticket Renewal,True,True,True,True,2025-08-27 15:47:54
S003655,Champions League Hospitality,True,False,False,False,2024-11-16 21:20:55
S003932,Membership Drive,True,True,False,False,2025-08-28 23:12:31
S003631,Champions League Hospitality,True,False,False,False,2025-01-05 20:24:38
S000532,Matchday Ticket Alert,True,False,False,False,2025-09-05 02:43:12
S000431,Season Ticket Renewal,True,True,False,False,2025-09-12 17:10:55
S004126,Champions League Hospitality,True,False,False,False,2025-08-23 17:30:58
S002660,Season Ticket Renewal,True,True,True,True,2024-11-13 09:07:01
S000015,Membership Drive,True,True,False,False,2025-09-11 14:18:33
S003308,New Home Kit Launch,True,True,False,False,2025-08-31 22:00:10
S002869,Membership Drive,True,False,False,False,2025-02-16 20:15:17
S003486,Membership Drive,True,False,False,False,2025-08-26 22:23:37
S001336,Membership Drive,True,True,False,False,2025-02-04 10:24:57
S003910,Black Friday Store,True,True,True,False,2025-09-01 10:42:13
S004234,Matchday Ticket Alert,True,False,False,False,2025-09-08 14:02:55
S000600,Matchday Ticket Alert,True,True,True,True,2025-08-02 16:22:49
S004661,Season Ticket Renewal,True,True,True,True,2025-08-25 06:44:02
S001470,Stadium Tour Promo,True,True,False,False,2025-01-28 19:12:38
S001915,Re-engagement Winback,True,False,False,False,2025-09-19 09:56:09
S000707,Champions League Hospitality,True,False,False,False,2025-09-05 06:40:39
S000218,Season Ticket Renewal,True,False,False,False,2025-08-28 03:43:49
S000557,Black Friday Store,True,True,False,False,2025-09-05 10:32:21
S000564,Matchday Ticket Alert,True,False,False,False,2024-12-25 03:49:04
S004235,International Fan Club,True,False,False,False,2025-08-22 07:49:38
S002482,Re-engagement Winback,True,True,True,False,2025-08-30 19:51:24
S004284,Matchday Ticket Alert,True,True,False,False,2025-08-31 09:14:35
S004835,Champions League Hospitality,True,True,False,False,2024-11-24 18:08:32
S002307,Black Friday Store,True,False,False,False,2025-05-22 20:45:46
S001107,Champions League Hospitality,True,False,False,False,2025-01-05 03:19:49
S000484,Season Ticket Renewal,True,True,False,False,2025-08-31 18:02:19
S001510,Black Friday Store,True,False,False,False,2025-08-26 01:08:05
S001123,Black Friday Store,True,True,False,False,2025-05-15 07:04:50
S004299,Stadium Tour Promo,True,False,False,False,2025-09-12 06:17:21
S004149,Champions League Hospitality,True,False,False,False,2025-03-11 20:10:17
S004665,Matchday Ticket Alert,True,True,False,False,2024-09-21 09:28:16
S003778,Re-engagement Winback,True,True,True,False,2025-09-03 09:47:11
S002344,Re-engagement Winback,True,False,False,False,2025-03-27 07:28:09
S004710,Stadium Tour Promo,True,True,True,False,2025-06-05 05:50:32
S003353,New Home Kit Launch,True,False,False,False,2025-05-30 20:14:47
S004966,Re-engagement Winback,True,False,False,False,2025-09-18 20:28:07
S002612,Black Friday Store,True,True,False,False,2025-09-03 16:55:17
S002608,Stadium Tour Promo,True,False,False,False,2024-10-15 11:56:13
S002475,Matchday Ticket Alert,True,False,False,False,2024-11-06 03:42:26
S004540,Membership Drive,True,False,False,False,2025-07-26 14:57:10
S004226,Matchday Ticket Alert,True,False,False,False,2025-09-02 08:50:25
S001902,New Home Kit Launch,True,False,False,False,2025-06-30 05:45:27
S004005,Black Friday Store,True,False,False,False,2025-03-04 19:57:36
S001928,New Home Kit Launch,True,False,False,False,2025-08-25 20:14:54
S000502,Black Friday Store,True,False,False,False,2025-09-08 16:50:48
S001813,Champions League Hospitality,True,False,False,False,2025-08-29 04:21:19
S003242,Matchday Ticket Alert,True,False,False,False,2025-09-10 05:27:57
S000650,Black Friday Store,True,False,False,False,2025-08-31 16:42:38
S003354,Re-engagement Winback,True,False,False,False,2025-09-10 20:37:07
S001805,Stadium Tour Promo,True,False,False,False,2025-02-27 19:11:54
S001544,Membership Drive,True,False,False,False,2025-09-07 14:26:14
S002222,Black Friday Store,True,True,False,False,2025-01-29 19:14:55
S000398,New Home Kit Launch,True,True,False,False,2025-03-04 04:54:32
S000102,Matchday Ticket Alert,True,True,True,True,2025-01-11 05:28:19
S001795,International Fan Club,True,False,False,False,2025-08-24 03:33:47
S002370,Champions League Hospitality,True,True,False,False,2025-09-06 16:11:26
S003629,Matchday Ticket Alert,True,False,False,False,2025-08-22 02:56:54
S001250,Stadium Tour Promo,True,True,False,False,2025-03-04 19:35:55
S003764,Re-engagement Winback,True,True,True,False,2025-01-18 18:43:01
S003061,Membership Drive,True,False,False,False,2025-09-08 13:38:57
S002668,Champions League Hospitality,True,True,True,False,2025-07-11 08:57:57
S003991,Black Friday Store,True,False,False,False,2025-08-23 00:39:38
S003561,Matchday Ticket Alert,True,True,False,False,2025-03-21 11:44:00
S000004,New Home Kit Launch,True,True,False,False,2025-09-02 14:25:34
S004437,Stadium Tour Promo,True,False,False,False,2025-08-28 05:15:41
S002753,Re-engagement Winback,True,False,False,False,2025-06-05 08:30:49
S000274,Re-engagement Winback,True,False,False,False,2024-09-29 07:53:06
S001301,Black Friday Store,True,False,False,False,2025-09-09 00:28:44
S001140,New Home Kit Launch,True,True,True,False,2025-09-13 17:17:26
S002063,Black Friday Store,True,False,False,False,2025-05-14 01:09:38
S001725,Season Ticket Renewal,True,False,False,False,2025-02-13 20:53:27
S000408,Re-engagement Winback,True,False,False,False,2025-08-30 00:49:27
S003962,Re-engagement Winback,True,False,False,False,2024-11-19 12:13:48
S002887,Champions League Hospitality,True,False,False,False,2025-09-01 14:44:24
S000824,International Fan Club,True,True,True,True,2024-10-10 08:16:01
S001436,Matchday Ticket Alert,True,False,False,False,2025-09-19 06:26:35
S000844,Champions League Hospitality,True,False,False,False,2025-05-10 05:58:37
S004205,Black Friday Store,True,True,False,False,2025-01-15 18:43:29
S004510,Season Ticket Renewal,True,False,False,False,2025-09-12 13:10:09
S003161,Matchday Ticket Alert,True,True,True,False,2025-02-27 18:45:48
S002033,Re-engagement Winback,True,True,True,False,2025-06-18 01:11:12
S003609,Membership Drive,True,True,True,False,2024-12-21 11:59:44
S001614,Re-engagement Winback,True,False,False,False,2025-03-01 10:43:57
S003216,Matchday Ticket Alert,True,True,False,False,2024-09-30 01:52:01
S002838,Stadium Tour Promo,True,False,False,False,2025-09-13 23:50:07
S004054,Re-engagement Winback,True,True,True,False,2025-09-08 21:22:38
S002780,Champions League Hospitality,True,False,False,False,2025-08-31 01:50:36
S004327,Re-engagement Winback,True,False,False,False,2025-01-08 08:20:26
S001464,Champions League Hospitality,True,False,False,False,2025-02-25 18:30:08
S002191,International Fan Club,True,False,False,False,2025-09-13 03:45:29
S004823,Membership Drive,True,False,False,False,2024-12-11 22:09:58
S000737,Stadium Tour Promo,True,False,False,False,2025-09-16 06:42:22
S004842,Membership Drive,True,True,False,False,2025-08-26 03:30:22
S003048,Stadium Tour Promo,True,False,False,False,2025-09-06 07:15:15
S004050,Season Ticket Renewal,True,True,True,False,2025-08-16 08:34:41
S002258,Matchday Ticket Alert,True,False,False,False,2025-01-28 23:31:08
S004924,Re-engagement Winback,True,True,True,True,2025-02-28 02:33:53
S002633,Matchday Ticket Alert,True,False,False,False,2025-01-21 00:14:19
S003475,Champions League Hospitality,True,False,False,False,2025-09-08 00:22:26
S002201,Matchday Ticket Alert,True,False,False,False,2025-09-16 23:32:16
S000674,International Fan Club,True,False,False,False,2024-09-26 10:53:27
S004224,Season Ticket Renewal,True,False,False,False,2024-12-15 05:22:08
S004831,International Fan Club,True,False,False,False,2025-08-30 04:16:09
S000299,Champions League Hospitality,True,True,True,True,2025-06-26 00:58:04
S002058,Black Friday Store,True,True,True,False,2025-08-26 07:55:37
S003475,International Fan Club,True,True,False,False,2025-09-11 15:01:15
S003490,Season Ticket Renewal,True,True,False,False,2025-09-12 23:12:49
S004759,New Home Kit Launch,True,True,False,False,2025-08-25 08:35:36
S003401,Season Ticket Renewal,True,True,False,False,2025-01-27 11:24:48
S004464,International Fan Club,True,False,False,False,2025-09-11 00:05:19
S004806,Champions League Hospitality,True,True,False,False,2025-05-06 07:14:41
S000232,Membership Drive,True,False,False,False,2025-09-07 18:22:08
S000120,Champions League Hospitality,True,True,False,False,2025-02-24 06:18:51
S000515,Stadium Tour Promo,True,True,False,False,2025-08-11 03:03:02
S003046,Stadium Tour Promo,True,False,False,False,2025-08-09 14:12:31
S002656,New Home Kit Launch,True,True,True,False,2025-03-27 14:44:41
S002213,Re-engagement Winback,True,False,False,False,2025-08-27 18:57:20
S000944,Black Friday Store,True,False,False,False,2025-09-06 06:56:13
S000027,Season Ticket Renewal,True,False,False,False,2025-02-01 11:42:55
S001338,Re-engagement Winback,True,True,True,True,2025-09-01 14:35:41
S004486,Season Ticket Renewal,True,False,False,False,2024-10-21 20:50:05
S000499,International Fan Club,True,True,False,False,2025-08-09 06:15:16
S001628,Champions League Hospitality,True,True,False,False,2025-09-06 11:07:23
S003525,Re-engagement Winback,True,False,False,False,2025-08-28 03:09:59
S000111,Black Friday Store,True,True,True,False,2025-03-16 05:08:00
S004849,Champions League Hospitality,True,True,False,False,2025-09-04 14:07:32
S003324,Matchday Ticket Alert,True,False,False,False,2024-11-12 08:04:23
S000672,Membership Drive,True,True,True,False,2025-03-25 08:49:52
S000773,Matchday Ticket Alert,True,False,False,False,2025-09-15 18:49:21
S004717,Matchday Ticket Alert,True,False,False,False,2025-05-14 22:29:08
S000470,Season Ticket Renewal,True,False,False,False,2025-09-02 14:20:36
S002915,Season Ticket Renewal,True,False,False,False,2025-08-15 21:04:32
S004542,New Home Kit Launch,True,False,False,False,2025-06-09 23:56:08
S001186,Stadium Tour Promo,True,False,False,False,2025-09-04 14:44:51
S002758,Stadium Tour Promo,True,False,False,False,2025-09-15 22:53:59
S003798,Stadium Tour Promo,True,False,False,False,2025-09-07 01:18:18
S004148,Membership Drive,True,True,False,False,2025-09-01 16:14:08
S000655,International Fan Club,True,False,False,False,2025-04-21 21:27:47
S004043,Re-engagement Winback,True,True,True,False,2025-09-03 13:29:45
S002035,Re-engagement Winback,True,False,False,False,2025-09-07 02:56:02
S004191,Membership Drive,True,False,False,False,2025-08-31 05:49:15
S003795,Black Friday Store,True,False,False,False,2025-05-01 11:48:47
S001261,Champions League Hospitality,True,True,False,False,2024-10-11 16:27:22
S002537,Black Friday Store,True,True,False,False,2025-08-23 18:53:27
S000481,Champions League Hospitality,True,True,False,False,2025-07-23 00:07:11
S002249,Champions League Hospitality,True,True,False,False,2025-01-12 14:11:19
S003914,New Home Kit Launch,True,True,False,False,2025-09-02 10:06:23
S002905,Re-engagement Winback,True,False,False,False,2024-12-02 21:37:43
S002180,Re-engagement Winback,True,False,False,False,2025-09-17 12:34:51
S004986,Membership Drive,True,False,False,False,2025-09-01 17:28:22
S004249,New Home Kit Launch,True,True,False,False,2025-09-14 20:42:30
S000822,New Home Kit Launch,True,True,False,False,2025-08-25 13:59:48
S004806,Re-engagement Winback,True,False,False,False,2025-03-08 08:34:18
S001832,Stadium Tour Promo,True,False,False,False,2025-09-06 07:00:21
S003831,Champions League Hospitality,True,True,False,False,2025-09-03 11:12:35
S001150,International Fan Club,True,False,False,False,2025-04-26 16:04:09
S003997,Matchday Ticket Alert,True,True,False,False,2025-09-02 04:47:32
S000491,Black Friday Store,True,False,False,False,2025-09-10 03:21:19
S002136,Membership Drive,True,True,True,False,2025-09-05 18:18:52
S003876,New Home Kit Launch,True,False,False,False,2025-08-30 22:38:24
S004396,Stadium Tour Promo,True,False,False,False,2025-09-09 04:01:52
S004679,New Home Kit Launch,True,False,False,False,2025-09-07 09:34:25
S002478,Membership Drive,True,True,True,False,2024-11-03 17:26:01
S000842,Stadium Tour Promo,True,True,True,False,2025-02-27 13:19:56
S003823,Matchday Ticket Alert,True,True,False,False,2025-09-13 13:42:19
S003257,Re-engagement Winback,True,True,False,False,2025-05-20 10:59:44
S004558,Re-engagement Winback,True,False,False,False,2025-09-12 00:04:53
S000115,Matchday Ticket Alert,True,True,True,False,2024-09-21 12:54:31
S000296,Champions League Hospitality,True,True,False,False,2025-08-15 01:36:15
S002537,Re-engagement Winback,True,True,False,False,2025-02-27 16:41:14
S002969,Champions League Hospitality,True,False,False,False,2025-09-06 23:44:11
S001095,Matchday Ticket Alert,True,True,True,False,2025-09-02 15:37:44
S003152,Season Ticket Renewal,True,True,True,False,2025-08-31 04:42:08
S003626,International Fan Club,True,False,False,False,2024-10-12 00:28:35
S000287,International Fan Club,True,False,False,False,2025-09-03 20:37:09
S002989,Stadium Tour Promo,True,True,True,False,2025-08-27 12:25:47
S001859,New Home Kit Launch,True,False,False,False,2025-08-29 16:44:52
S004203,Membership Drive,True,False,False,False,2025-09-19 15:45:23
S002628,International Fan Club,True,False,False,False,2025-03-25 22:21:58
S002693,Champions League Hospitality,True,False,False,False,2025-03-16 04:54:38
S001155,Membership Drive,True,False,False,False,2025-08-25 07:52:21
S002731,Season Ticket Renewal,True,True,True,False,2024-12-31 18:08:42
S001103,New Home Kit Launch,True,False,False,False,2025-09-02 22:19:49
S002006,Matchday Ticket Alert,True,False,False,False,2025-08-26 07:37:53
S002301,Champions League Hospitality,True,False,False,False,2025-01-02 00:50:22
S002323,Season Ticket Renewal,True,False,False,False,2025-09-18 07:21:00
S002175,Membership Drive,True,False,False,False,2025-01-06 15:07:57
S001639,Matchday Ticket Alert,True,False,False,False,2024-11-01 12:59:36
S001933,Stadium Tour Promo,True,True,True,False,2025-08-27 07:39:57
S004144,Re-engagement Winback,True,False,False,False,2024-12-02 12:46:34
S003652,Re-engagement Winback,True,True,False,False,2025-07-10 16:33:16
S002021,International Fan Club,True,True,False,False,2025-09-16 22:24:34
S001182,Membership Drive,True,False,False,False,2025-08-25 07:20:10
S004442,Stadium Tour Promo,True,True,False,False,2025-04-15 22:41:05
S003429,Black Friday Store,True,False,False,False,2025-06-08 10:41:10
S002983,International Fan Club,True,True,True,False,2024-10-04 18:49:26
S002067,Matchday Ticket Alert,True,False,False,False,2025-08-29 07:08:06
S004398,Black Friday Store,True,False,False,False,2024-11-26 08:50:01
S003958,Matchday Ticket Alert,True,True,True,False,2025-09-14 21:21:52
S004990,Stadium Tour Promo,True,True,True,True,2025-01-28 05:00:36
S001047,Matchday Ticket Alert,True,True,True,False,2025-09-18 04:36:09
S001944,Matchday Ticket Alert,True,True,False,False,2025-08-28 01:31:32
S000055,Re-engagement Winback,True,False,False,False,2025-09-01 09:31:57
S003234,Membership Drive,True,False,False,False,2025-09-07 02:06:44
S002880,Matchday Ticket Alert,True,False,False,False,2025-09-16 05:02:01
S002723,Champions League Hospitality,True,False,False,False,2025-06-01 21:53:01
S001472,Season Ticket Renewal,True,True,False,False,2025-01-07 08:53:07
S002231,Membership Drive,True,True,True,True,2025-03-01 19:24:12
S001479,Stadium Tour Promo,True,True,True,False,2025-09-18 07:59:19
S000656,Black Friday Store,True,False,False,False,2025-05-06 13:55:15
S002010,Membership Drive,True,False,False,False,2024-11-05 15:19:58
S002206,Season Ticket Renewal,True,False,False,False,2025-09-08 01:32:52
S001905,Membership Drive,True,False,False,False,2025-09-18 23:40:58
S000542,International Fan Club,True,False,False,False,2025-02-01 15:22:37
S002372,Matchday Ticket Alert,True,True,False,False,2025-09-05 20:26:42
S004010,Black Friday Store,True,True,True,False,2025-05-26 02:15:20
S003219,Matchday Ticket Alert,True,False,False,False,2025-02-07 19:48:07
S002834,New Home Kit Launch,True,False,False,False,2025-09-08 11:07:02
S001373,Membership Drive,True,False,False,False,2025-09-01 08:14:36
S002771,Stadium Tour Promo,True,False,False,False,2024-12-11 07:20:05
S003596,Membership Drive,True,False,False,False,2025-08-30 14:38:12
S004677,Stadium Tour Promo,True,False,False,False,2025-09-13 21:21:03
S003533,Black Friday Store,True,False,False,False,2025-03-25 10:54:15
S000044,Black Friday Store,True,False,False,False,2025-08-31 01:25:44
S004442,New Home Kit Launch,True,False,False,False,2025-09-06 18:21:20
S001036,Membership Drive,True,False,False,False,2024-11-21 12:09:58
S002901,International Fan Club,True,False,False,False,2025-09-13 23:03:08
S000552,Season Ticket Renewal,True,True,True,False,2024-12-18 14:55:59
S004223,Stadium Tour Promo,True,False,False,False,2024-11-12 06:28:43
S001949,Season Ticket Renewal,True,False,False,False,2025-03-03 11:43:25
S000466,Black Friday Store,True,False,False,False,2025-06-12 04:35:21
S003908,Champions League Hospitality,True,False,False,False,2025-05-24 05:28:59
S001190,International Fan Club,True,False,False,False,2025-05-17 10:24:13
S002681,Season Ticket Renewal,True,False,False,False,2024-10-19 15:26:30
S002577,Re-engagement Winback,True,False,False,False,2024-11-13 22:07:16
S002282,Black Friday Store,True,False,False,False,2025-09-07 08:54:19
S002750,Black Friday Store,True,False,False,False,2025-09-07 07:36:52
S000194,New Home Kit Launch,True,True,False,False,2025-09-20 02:48:33
S002417,Season Ticket Renewal,True,True,False,False,2025-09-05 02:18:29
S002772,Season Ticket Renewal,True,False,False,False,2025-06-10 09:25:38
S001721,Black Friday Store,True,True,True,False,2024-11-24 19:34:03
S003473,Champions League Hospitality,True,False,False,False,2025-09-14 16:48:14
S003467,Matchday Ticket Alert,True,True,True,False,2025-09-13 07:15:29
S002460,Black Friday Store,True,False,False,False,2025-03-30 14:20:03
S003095,Matchday Ticket Alert,True,False,False,False,2025-09-03 22:25:48
S001052,New Home Kit Launch,True,True,False,False,2025-07-12 10:31:21
S001833,Membership Drive,True,False,False,False,2025-09-12 22:02:26
S000085,Black Friday Store,True,True,False,False,2025-01-16 15:04:07
S002327,International Fan Club,True,False,False,False,2025-05-18 02:46:05
S001764,New Home Kit Launch,True,False,False,False,2025-09-16 18:29:13
S003059,Matchday Ticket Alert,True,True,False,False,2025-09-01 22:25:44
S003985,Season Ticket Renewal,True,False,False,False,2024-11-17 19:30:06
S004017,International Fan Club,True,True,False,False,2025-02-15 18:01:19
S004663,International Fan Club,True,False,False,False,2025-09-04 04:28:16
S002504,Stadium Tour Promo,True,False,False,False,2025-08-11 17:13:12
S004951,Re-engagement Winback,True,False,False,False,2024-09-29 08:57:10
S002008,Black Friday Store,True,True,False,False,2024-10-15 12:57:36
S000564,Membership Drive,True,False,False,False,2025-04-18 21:32:58
S004755,Champions League Hospitality,True,False,False,False,2025-08-25 15:38:28
S002319,Stadium Tour Promo,True,False,False,False,2025-09-11 22:41:40
S002591,International Fan Club,True,False,False,False,2024-10-18 06:23:52
S001003,Black Friday Store,True,False,False,False,2025-08-29 05:20:54
S003128,Membership Drive,True,False,False,False,2025-09-17 08:08:17
S004975,New Home Kit Launch,True,False,False,False,2025-07-23 00:47:24
S004086,Membership Drive,True,False,False,False,2024-10-28 05:30:09
S002157,Champions League Hospitality,True,False,False,False,2024-11-15 13:36:40
S002019,Stadium Tour Promo,True,True,False,False,2025-04-16 02:57:12
S003524,New Home Kit Launch,True,True,True,False,2025-09-10 22:26:55
S004940,Black Friday Store,True,False,False,False,2025-04-24 06:26:50
S000558,Stadium Tour Promo,True,True,True,True,2024-12-22 09:34:39
S002248,Black Friday Store,True,False,False,False,2025-08-27 11:34:59
S000353,Membership Drive,True,True,False,False,2025-09-18 02:54:46
S003914,Re-engagement Winback,True,True,False,False,2024-12-12 06:04:10
S004339,Stadium Tour Promo,True,True,True,True,2025-08-25 14:28:11
S002477,Black Friday Store,True,False,False,False,2025-08-31 19:44:33
S002882,Black Friday Store,True,True,False,False,2024-11-28 07:13:46
S003194,Matchday Ticket Alert,True,True,True,True,2025-02-26 03:22:55
S002072,Re-engagement Winback,True,True,True,True,2025-06-22 12:00:45
S001674,Season Ticket Renewal,True,True,True,False,2024-12-08 23:35:55
S004923,International Fan Club,True,True,False,False,2025-09-18 07:32:17
S000164,Stadium Tour Promo,True,True,False,False,2025-08-25 04:22:23
S001858,Season Ticket Renewal,True,False,False,False,2025-02-02 20:06:53
S003123,Black Friday Store,True,False,False,False,2025-05-07 21:59:45
S004013,Membership Drive,True,True,True,False,2025-04-02 09:21:52
S000399,New Home Kit Launch,True,False,False,False,2025-09-16 04:14:39
S004657,Re-engagement Winback,True,False,False,False,2025-09-10 18:04:41
S001478,Re-engagement Winback,True,False,False,False,2025-04-12 13:43:23
S000306,Stadium Tour Promo,True,True,False,False,2025-08-29 17:22:08
S004940,Stadium Tour Promo,True,False,False,False,2025-09-14 17:06:39
S000681,Re-engagement Winback,True,False,False,False,2025-08-27 22:17:45
S001248,Matchday Ticket Alert,True,False,False,False,2025-04-05 02:10:16
S000606,New Home Kit Launch,True,True,False,False,2025-08-25 02:37:56
S000737,Membership Drive,True,True,False,False,2025-08-31 07:52:31
S002697,Champions League Hospitality,True,True,True,True,2025-08-04 10:13:07
S004673,Champions League Hospitality,True,False,False,False,2025-05-27 05:34:29
S004744,Season Ticket Renewal,True,True,False,False,2024-09-21 11:51:32
S002835,Matchday Ticket Alert,True,False,False,False,2025-07-18 09:14:31
S002538,Re-engagement Winback,True,False,False,False,2025-03-29 02:42:25
S000606,Champions League Hospitality,True,False,False,False,2025-08-31 17:05:48
S003878,New Home Kit Launch,True,False,False,False,2025-08-01 21:22:10
S003437,Champions League Hospitality,True,False,False,False,2025-08-25 05:28:16
S004417,Season Ticket Renewal,True,True,False,False,2025-09-08 15:23:19
S004017,International Fan Club,True,False,False,False,2025-08-21 22:08:08
S000011,Matchday Ticket Alert,True,False,False,False,2025-03-10 19:42:30
S004066,Stadium Tour Promo,True,True,True,False,2025-08-27 19:02:51
S001814,Matchday Ticket Alert,True,False,False,False,2025-05-29 22:41:55
S002513,Matchday Ticket Alert,True,True,True,False,2025-09-10 17:14:27
S002561,Re-engagement Winback,True,True,False,False,2025-09-19 09:40:43
S004277,Membership Drive,True,False,False,False,2025-08-04 02:30:59
S001151,Stadium Tour Promo,True,True,False,False,2024-12-13 13:16:03
S004666,Re-engagement Winback,True,True,False,False,2025-09-06 04:58:19
S003802,Black Friday Store,True,True,False,False,2025-09-08 06:46:14
S000950,Re-engagement Winback,True,False,False,False,2025-09-17 09:03:14
S000045,Matchday Ticket Alert,True,False,False,False,2025-06-26 08:43:08
S003798,Champions League Hospitality,True,False,False,False,2025-09-18 10:36:08
S001537,Membership Drive,True,True,False,False,2025-01-31 10:03:07
S003782,Black Friday Store,True,False,False,False,2025-03-18 14:15:08
S004320,Membership Drive,True,True,False,False,2025-08-23 09:58:34
S003601,Re-engagement Winback,True,False,False,False,2025-09-04 07:59:50
S004184,Black Friday Store,True,False,False,False,2025-09-07 20:49:28
S004745,Stadium Tour Promo,True,False,False,False,2024-11-21 20:01:58
S001249,Matchday Ticket Alert,True,False,False,False,2024-10-30 02:21:45
S002329,Matchday Ticket Alert,True,True,True,False,2025-09-05 05:22:25
S004182,Membership Drive,True,False,False,False,2025-09-13 09:01:18
S001122,Stadium Tour Promo,True,True,True,False,2025-07-01 10:29:10
S002054,Membership Drive,True,True,False,False,2025-03-25 02:29:38
S000429,New Home Kit Launch,True,False,False,False,2025-07-11 21:22:30
S002423,Stadium Tour Promo,True,False,False,False,2025-03-20 16:33:15
S001033,International Fan Club,True,False,False,False,2025-09-11 22:37:18
S002445,Matchday Ticket Alert,True,True,True,False,2025-05-10 01:26:04
S002267,Re-engagement Winback,True,False,False,False,2025-03-28 04:44:53
S002016,Champions League Hospitality,True,False,False,False,2024-11-08 09:15:56
S002588,Re-engagement Winback,True,False,False,False,2024-11-02 09:13:23
S000087,Season Ticket Renewal,True,True,False,False,2025-08-31 00:06:32
S004996,New Home Kit Launch,True,False,False,False,2024-10-05 22:40:59
S002695,Season Ticket Renewal,True,False,False,False,2025-07-13 15:04:41
S000813,Black Friday Store,True,True,False,False,2025-09-05 19:05:05
S000993,New Home Kit Launch,True,False,False,False,2025-09-11 16:56:09
S001813,Stadium Tour Promo,True,False,False,False,2025-09-20 07:53:35
S002210,Season Ticket Renewal,True,False,False,False,2025-08-28 07:43:37
S001893,Champions League Hospitality,True,True,False,False,2025-09-07 00:35:56
S000228,International Fan Club,True,True,False,False,2025-05-19 03:31:21
S001647,Black Friday Store,True,False,False,False,2025-04-03 23:29:49
S002705,Re-engagement Winback,True,False,False,False,2025-08-10 21:12:30
S002953,Season Ticket Renewal,True,False,False,False,2025-03-24 02:49:57
S002445,Black Friday Store,True,False,False,False,2025-09-09 16:37:47
S004930,International Fan Club,True,False,False,False,2025-09-01 22:45:22
S003958,Champions League Hospitality,True,True,False,False,2024-10-29 11:12:26
S002230,Re-engagement Winback,True,False,False,False,2025-01-28 01:19:13
S000446,Black Friday Store,True,False,False,False,2025-09-07 23:26:38
S001097,Stadium Tour Promo,True,False,False,False,2025-08-23 00:33:21
S003736,New Home Kit Launch,True,False,False,False,2025-07-22 13:48:55
S004022,International Fan Club,True,False,False,False,2025-09-07 06:26:03
S001871,Matchday Ticket Alert,True,True,True,False,2025-09-13 22:29:28
S000726,Matchday Ticket Alert,True,True,False,False,2025-01-15 02:15:22
S004745,Membership Drive,True,True,False,False,2024-11-13 17:49:39
S002378,Membership Drive,True,True,False,False,2024-12-05 06:35:13
S002776,Stadium Tour Promo,True,False,False,False,2025-06-07 16:41:57
S004317,Membership Drive,True,False,False,False,2024-12-05 00:52:30
S003913,Black Friday Store,True,True,True,False,2025-08-28 02:28:10
S004127,Membership Drive,True,True,False,False,2025-06-28 12:28:08
S004130,Season Ticket Renewal,True,False,False,False,2025-09-02 06:31:33
S001067,New Home Kit Launch,True,False,False,False,2024-09-26 23:37:19
S002856,International Fan Club,True,False,False,False,2024-11-07 03:00:34
S000507,Membership Drive,True,False,False,False,2025-01-12 11:20:53
S000509,New Home Kit Launch,True,False,False,False,2025-08-06 17:55:48
S003565,New Home Kit Launch,True,True,False,False,2025-08-30 11:50:12
S004295,Re-engagement Winback,True,False,False,False,2025-08-24 20:17:55
S002931,Matchday Ticket Alert,True,True,True,True,2025-08-10 23:54:51
S000691,Stadium Tour Promo,True,False,False,False,2025-09-08 03:38:46
S002118,Black Friday Store,True,False,False,False,2025-09-19 10:51:22
S000707,Re-engagement Winback,True,True,False,False,2024-12-30 23:39:17
S000760,Champions League Hospitality,True,True,False,False,2024-10-03 09:37:34
S004881,International Fan Club,True,False,False,False,2024-11-30 20:18:16
S001017,Stadium Tour Promo,True,False,False,False,2025-09-06 07:23:54
S002205,Black Friday Store,True,True,True,False,2025-09-02 19:56:42
S004810,Membership Drive,True,True,False,False,2024-11-07 05:59:08
S000548,International Fan Club,True,False,False,False,2025-09-14 16:59:07
S002565,Champions League Hospitality,True,False,False,False,2025-08-18 15:11:36
S001615,Champions League Hospitality,True,False,False,False,2024-10-13 15:25:18
S001558,Re-engagement Winback,True,False,False,False,2025-01-25 00:34:37
S004620,New Home Kit Launch,True,True,True,False,2025-09-07 05:53:10
S003805,Stadium Tour Promo,True,False,False,False,2025-07-24 04:30:05
S000060,Re-engagement Winback,True,False,False,False,2025-09-01 02:14:35
S002104,Season Ticket Renewal,True,True,True,False,2025-01-03 05:48:54
S001238,Champions League Hospitality,True,False,False,False,2025-08-30 23:36:44
S003397,International Fan Club,True,False,False,False,2025-06-13 02:34:11
S001870,New Home Kit Launch,True,False,False,False,2024-12-01 21:51:24
S000489,Black Friday Store,True,False,False,False,2025-04-18 07:34:47
S002746,Champions League Hospitality,True,False,False,False,2025-04-13 15:59:11
S000035,Season Ticket Renewal,True,False,False,False,2025-04-09 02:34:42
S000045,Membership Drive,True,True,False,False,2025-01-22 04:27:32
S002107,Season Ticket Renewal,True,False,False,False,2025-08-22 05:47:42
S003221,New Home Kit Launch,True,True,False,False,2025-08-21 19:13:51
S004887,Champions League Hospitality,True,True,False,False,2024-12-10 21:59:58
S003864,Membership Drive,True,True,False,False,2025-09-16 16:16:53
S002464,International Fan Club,True,False,False,False,2025-07-09 19:01:24
S001331,Season Ticket Renewal,True,True,False,False,2025-08-28 08:16:41
S001615,Membership Drive,True,False,False,False,2025-05-05 02:54:17
S000878,Re-engagement Winback,True,False,False,False,2025-09-04 11:59:33
S001364,New Home Kit Launch,True,False,False,False,2025-03-17 23:50:01
S001984,Champions League Hospitality,True,True,False,False,2025-09-07 00:22:13
S000289,Re-engagement Winback,True,False,False,False,2025-09-02 15:55:58
S004583,Champions League Hospitality,True,False,False,False,2025-08-29 15:10:39
S004235,Black Friday Store,True,False,False,False,2025-08-29 09:40:45
S000738,Season Ticket Renewal,True,True,False,False,2025-08-21 18:47:27
S003037,Season Ticket Renewal,True,False,False,False,2025-05-17 04:13:00
S000640,International Fan Club,True,True,False,False,2025-09-11 04:48:41
S001667,Black Friday Store,True,False,False,False,2025-09-03 08:22:48
S004261,Matchday Ticket Alert,True,True,True,False,2025-09-08 18:41:46
S000743,International Fan Club,True,False,False,False,2025-06-13 04:04:55
S002900,Membership Drive,True,False,False,False,2025-03-16 05:27:39
S003514,Re-engagement Winback,True,False,False,False,2025-08-22 15:53:05
S000236,Matchday Ticket Alert,True,False,False,False,2025-08-27 06:43:21
S003859,Stadium Tour Promo,True,True,False,False,2025-09-17 17:29:53
S001433,Matchday Ticket Alert,True,True,True,False,2025-04-12 19:02:18
S001883,Season Ticket Renewal,True,False,False,False,2025-01-06 07:49:47
S001692,Re-engagement Winback,True,True,True,False,2025-08-30 11:28:53
S004032,Stadium Tour Promo,True,False,False,False,2024-10-30 11:16:21
S004282,Matchday Ticket Alert,True,False,False,False,2025-09-08 02:24:07
S002500,Champions League Hospitality,True,True,False,False,2024-12-08 22:02:22
S001056,Champions League Hospitality,True,False,False,False,2025-08-24 14:33:05
S003555,International Fan Club,True,True,True,False,2025-01-27 18:15:31
S004908,Membership Drive,True,True,False,False,2025-08-30 19:03:44
S001538,New Home Kit Launch,True,True,False,False,2025-08-23 17:07:39
S002196,International Fan Club,True,False,False,False,2025-09-01 00:16:19
S003427,Season Ticket Renewal,True,False,False,False,2025-03-31 13:44:15
S004879,Re-engagement Winback,True,False,False,False,2024-11-23 08:41:28
S001501,Matchday Ticket Alert,True,True,True,True,2025-05-23 12:50:27
S002554,Matchday Ticket Alert,True,False,False,False,2024-10-16 10:56:39
S001363,Matchday Ticket Alert,True,True,False,False,2025-09-16 08:36:47
S001494,Re-engagement Winback,True,False,False,False,2024-10-15 07:17:30
S004976,Black Friday Store,True,False,False,False,2025-06-26 23:47:39
S003211,Stadium Tour Promo,True,False,False,False,2025-04-26 16:13:59
S003786,Champions League Hospitality,True,False,False,False,2025-04-08 01:41:31
S002070,New Home Kit Launch,True,True,False,False,2025-04-12 15:25:19
S000805,New Home Kit Launch,True,False,False,False,2025-03-19 20:13:11
S000213,Re-engagement Winback,True,False,False,False,2025-01-08 08:46:00
S002743,Season Ticket Renewal,True,False,False,False,2025-08-30 21:36:06
S002388,Season Ticket Renewal,True,True,False,False,2025-03-24 18:20:41
S001383,Champions League Hospitality,True,False,False,False,2024-10-27 16:05:50
S002944,Season Ticket Renewal,True,False,False,False,2025-09-16 14:26:08
S001914,Season Ticket Renewal,True,False,False,False,2024-11-05 15:35:12
S004010,Matchday Ticket Alert,True,False,False,False,2025-03-14 09:36:43
S000862,Champions League Hospitality,True,False,False,False,2025-02-11 20:24:10
S000884,New Home Kit Launch,True,False,False,False,2025-01-03 16:19:51
S004470,Season Ticket Renewal,True,False,False,False,2024-10-21 03:19:37
S003834,Matchday Ticket Alert,True,True,False,False,2025-05-12 18:45:26
S002626,Black Friday Store,True,False,False,False,2024-11-28 18:42:09
S000493,Champions League Hospitality,True,False,False,False,2025-09-13 19:06:35
S001030,International Fan Club,True,True,False,False,2025-09-18 11:18:27
S003637,Matchday Ticket Alert,True,False,False,False,2025-04-04 17:05:06
S003093,International Fan Club,True,False,False,False,2025-04-10 19:35:02
S002720,Membership Drive,True,False,False,False,2025-07-12 03:27:13
S002285,Stadium Tour Promo,True,True,True,False,2024-12-20 18:16:00
S002305,Membership Drive,True,True,True,True,2025-09-12 17:02:51
S001043,International Fan Club,True,True,True,False,2025-03-01 13:12:35
S000862,Membership Drive,True,False,False,False,2025-03-01 18:50:41
S004970,Re-engagement Winback,True,True,True,False,2024-12-05 20:33:16
S001901,Season Ticket Renewal,True,True,False,False,2024-11-02 20:31:10
S002122,Season Ticket Renewal,True,False,False,False,2025-09-08 11:34:49
S002804,Season Ticket Renewal,True,False,False,False,2025-09-12 21:50:54
S000038,Champions League Hospitality,True,True,False,False,2025-08-27 20:49:04
S003091,Black Friday Store,True,False,False,False,2025-05-20 01:54:05
S000461,Black Friday Store,True,True,False,False,2025-05-19 15:25:46
S001344,Stadium Tour Promo,True,False,False,False,2025-09-09 09:49:09
S003094,Season Ticket Renewal,True,True,False,False,2025-09-15 16:50:08
S001172,Season Ticket Renewal,True,False,False,False,2025-05-10 13:45:38
S003326,International Fan Club,True,True,False,False,2025-08-22 22:30:56
S001953,Membership Drive,True,False,False,False,2025-08-22 13:03:55
S000173,New Home Kit Launch,True,False,False,False,2025-09-19 19:00:28
S002567,Stadium Tour Promo,True,True,False,False,2025-08-30 10:00:26
S004423,Re-engagement Winback,True,True,False,False,2025-09-13 17:17:35
S000533,International Fan Club,True,False,False,False,2025-04-27 19:52:27
S002752,Season Ticket Renewal,True,False,False,False,2024-11-05 18:48:00
S002213,Season Ticket Renewal,True,True,False,False,2025-09-17 00:57:24
S001887,Black Friday Store,True,False,False,False,2025-08-27 21:15:50
S000960,Champions League Hospitality,True,False,False,False,2025-05-08 15:09:15
S001585,Membership Drive,True,True,True,False,2024-11-25 12:23:13
S004368,Season Ticket Renewal,True,True,True,False,2025-08-29 06:46:00
S000433,Membership Drive,True,True,True,False,2025-09-12 12:54:27
S001802,Membership Drive,True,False,False,False,2024-09-30 19:51:58
S000303,New Home Kit Launch,True,False,False,False,2025-03-01 11:55:30
S004253,Membership Drive,True,True,False,False,2024-12-12 16:06:00
S002027,Black Friday Store,True,False,False,False,2025-09-20 09:59:25
S003050,Stadium Tour Promo,True,False,False,False,2025-09-07 05:50:01
S003644,Black Friday Store,True,False,False,False,2025-02-03 20:38:33
S002328,Season Ticket Renewal,True,False,False,False,2025-08-31 09:53:02
S000800,Matchday Ticket Alert,True,True,True,False,2025-06-06 21:39:55
S000879,Stadium Tour Promo,True,True,True,True,2025-05-30 22:47:32
S000312,Membership Drive,True,True,False,False,2025-08-27 14:41:44
S004370,Black Friday Store,True,False,False,False,2025-08-28 21:36:09
S002663,Season Ticket Renewal,True,False,False,False,2025-09-05 19:38:30
S004120,Re-engagement Winback,True,False,False,False,2025-09-05 13:27:26
S004291,Matchday Ticket Alert,True,True,False,False,2025-05-11 17:09:31
S000959,Matchday Ticket Alert,True,False,False,False,2025-08-26 12:34:19
S004387,Black Friday Store,True,True,True,True,2025-02-13 19:52:28
S003202,Stadium Tour Promo,True,True,False,False,2024-09-23 10:44:27
S003260,New Home Kit Launch,True,False,False,False,2025-09-05 16:59:13
S004854,Re-engagement Winback,True,True,False,False,2025-08-22 07:24:57
S001593,Membership Drive,True,False,False,False,2025-09-11 18:34:35
S004418,Re-engagement Winback,True,False,False,False,2025-09-16 19:50:23
S002755,Champions League Hospitality,True,False,False,False,2025-08-23 23:27:17
S000907,New Home Kit Launch,True,True,True,False,2025-09-10 02:01:13
S001535,Matchday Ticket Alert,True,False,False,False,2025-06-20 22:31:39
S004517,International Fan Club,True,False,False,False,2025-02-27 20:40:29
S003221,New Home Kit Launch,True,False,False,False,2025-09-19 10:17:50
S000593,New Home Kit Launch,True,False,False,False,2024-11-08 05:57:05
S001981,Matchday Ticket Alert,True,False,False,False,2025-05-12 11:45:44
S001998,Re-engagement Winback,True,True,False,False,2025-08-26 10:06:14
S004462,Stadium Tour Promo,True,True,False,False,2025-09-13 15:33:49
S004427,Stadium Tour Promo,True,False,False,False,2025-09-02 19:26:48
S003156,Matchday Ticket Alert,True,True,True,False,2025-08-13 15:08:25
S002570,Re-engagement Winback,True,True,False,False,2025-09-20 01:36:59
S000879,Season Ticket Renewal,True,False,False,False,2025-09-01 17:34:24
S003929,Membership Drive,True,False,False,False,2025-08-15 21:45:29
S000058,Matchday Ticket Alert,True,False,False,False,2025-05-01 13:19:21
S000993,Re-engagement Winback,True,True,True,True,2024-10-12 14:38:43
S001311,Season Ticket Renewal,True,False,False,False,2025-08-23 10:21:41
S002788,New Home Kit Launch,True,False,False,False,2025-08-25 04:11:41
S002918,Champions League Hospitality,True,False,False,False,2024-10-30 22:11:43
S001191,New Home Kit Launch,True,False,False,False,2025-08-22 09:06:32
S000124,Season Ticket Renewal,True,False,False,False,2025-01-11 11:54:31
S002075,Champions League Hospitality,True,False,False,False,2025-09-11 07:32:17
S001964,Matchday Ticket Alert,True,False,False,False,2025-09-05 03:53:53
S000413,Stadium Tour Promo,True,False,False,False,2025-09-08 12:17:03
S000525,Membership Drive,True,True,True,True,2025-09-17 01:48:56
S000433,Membership Drive,True,True,True,False,2025-09-14 20:10:17
S004355,Membership Drive,True,True,False,False,2025-03-03 03:11:02
S001167,Champions League Hospitality,True,True,True,False,2025-09-07 11:53:55
S002817,Membership Drive,True,False,False,False,2025-07-16 10:42:07
S002177,Champions League Hospitality,True,False,False,False,2024-11-06 00:54:03
S000937,Season Ticket Renewal,True,True,False,False,2025-08-27 05:52:15
S003551,Stadium Tour Promo,True,True,False,False,2025-08-29 22:05:05
S002454,Matchday Ticket Alert,True,False,False,False,2025-09-06 10:16:20
S001842,New Home Kit Launch,True,False,False,False,2025-09-07 07:25:27
S000061,Season Ticket Renewal,True,True,False,False,2025-08-22 22:45:45
S000976,Black Friday Store,True,True,True,False,2025-01-22 16:06:10
S004971,Champions League Hospitality,True,True,False,False,2024-12-02 04:28:27
S002828,Membership Drive,True,True,True,False,2025-09-02 18:06:05
S001064,Season Ticket Renewal,True,False,False,False,2025-09-04 14:02:53
S002723,Stadium Tour Promo,True,False,False,False,2025-09-07 06:17:46
S004560,Season Ticket Renewal,True,True,False,False,2025-09-18 16:10:21
S001750,New Home Kit Launch,True,False,False,False,2025-09-02 06:54:11
S004008,New Home Kit Launch,True,False,False,False,2025-03-27 15:24:02
S000689,Champions League Hospitality,True,False,False,False,2025-02-09 23:43:46
S003043,International Fan Club,True,False,False,False,2025-06-03 12:29:23
S002456,Black Friday Store,True,True,False,False,2024-11-19 03:08:12
S000281,New Home Kit Launch,True,False,False,False,2025-01-28 00:20:52
S003745,Season Ticket Renewal,True,False,False,False,2024-09-22 00:59:49
S003149,New Home Kit Launch,True,True,True,False,2025-08-26 23:16:42
S002200,Season Ticket Renewal,True,False,False,False,2024-12-18 16:00:17
S002422,International Fan Club,True,False,False,False,2025-08-09 00:11:35
S004204,Re-engagement Winback,True,False,False,False,2025-09-18 16:31:47
S004608,Membership Drive,True,False,False,False,2024-11-21 15:41:47
S000691,Matchday Ticket Alert,True,False,False,False,2025-03-03 22:30:39
S003168,New Home Kit Launch,True,True,False,False,2025-09-14 23:05:31
S004036,Matchday Ticket Alert,True,False,False,False,2025-09-11 17:48:54
S000303,New Home Kit Launch,True,False,False,False,2025-07-03 15:05:57
S001238,International Fan Club,True,True,False,False,2025-03-04 19:51:08
S002761,Re-engagement Winback,True,False,False,False,2024-10-22 05:54:28
S001128,Black Friday Store,True,True,True,False,2025-08-23 10:30:02
S002110,Membership Drive,True,False,False,False,2025-09-03 09:40:14
S002746,International Fan Club,True,False,False,False,2025-09-01 16:38:44
S004887,New Home Kit Launch,True,True,True,False,2025-09-05 09:21:10
S003959,Black Friday Store,True,False,False,False,2025-05-12 15:43:45
S001650,Matchday Ticket Alert,True,False,False,False,2025-05-20 07:00:24
S003114,Matchday Ticket Alert,True,True,False,False,2025-09-14 04:18:50
S003084,Membership Drive,True,False,False,False,2025-09-12 18:32:45
S000256,Re-engagement Winback,True,False,False,False,2025-08-03 05:11:37
S004211,Matchday Ticket Alert,True,False,False,False,2025-08-29 09:28:36
S000428,Season Ticket Renewal,True,True,True,False,2025-09-04 00:36:08
S004701,New Home Kit Launch,True,False,False,False,2025-09-13 10:56:06
S004305,Re-engagement Winback,True,True,True,False,2024-11-19 00:40:18
S000591,Matchday Ticket Alert,True,True,True,False,2025-09-02 05:22:34
S001777,Stadium Tour Promo,True,False,False,False,2025-09-01 19:57:27
S003131,Stadium Tour Promo,True,False,False,False,2024-09-20 16:58:00
S001229,Black Friday Store,True,False,False,False,2025-09-15 01:22:11
S002256,Membership Drive,True,True,True,False,2025-07-11 05:00:35
S002182,Membership Drive,True,True,True,False,2024-10-18 14:35:02
S003400,Membership Drive,True,False,False,False,2025-08-30 16:49:05
S001096,International Fan Club,True,False,False,False,2024-11-18 02:49:18
S001557,Stadium Tour Promo,True,False,False,False,2025-02-20 11:11:40
S001690,Champions League Hospitality,True,False,False,False,2025-08-25 08:51:50
S001499,Matchday Ticket Alert,True,True,True,False,2024-11-02 06:12:23
S002619,Matchday Ticket Alert,True,False,False,False,2025-02-21 09:53:31
S003245,Season Ticket Renewal,True,True,True,True,2025-03-20 07:41:03
S003389,Membership Drive,True,True,True,False,2025-06-18 06:17:58
S002641,International Fan Club,True,True,True,True,2025-09-05 06:43:32
S004911,Champions League Hospitality,True,True,True,False,2025-01-06 00:31:46
S001565,Stadium Tour Promo,True,False,False,False,2025-07-25 12:55:35
S001719,Membership Drive,True,True,True,False,2025-09-06 04:30:49
S004988,Membership Drive,True,False,False,False,2025-01-30 01:39:16
S000924,Champions League Hospitality,True,False,False,False,2025-08-25 13:57:27
S004137,Matchday Ticket Alert,True,False,False,False,2025-07-20 05:37:43
S001259,Stadium Tour Promo,True,False,False,False,2025-04-01 16:34:44
S000452,Re-engagement Winback,True,False,False,False,2025-09-13 13:12:09
S000091,New Home Kit Launch,True,True,True,False,2025-07-20 11:16:13
S004636,Champions League Hospitality,True,False,False,False,2025-09-12 03:39:24
S004068,International Fan Club,True,True,True,False,2025-09-08 10:28:58
S002492,Black Friday Store,True,False,False,False,2025-04-27 20:21:48
S001407,Matchday Ticket Alert,True,True,True,False,2025-08-28 04:27:56
S000430,Black Friday Store,True,True,True,False,2025-04-27 02:40:56
S004928,Stadium Tour Promo,True,True,False,False,2025-08-28 15:05:58
S003470,Stadium Tour Promo,True,True,False,False,2025-09-07 11:53:26
S003988,Black Friday Store,True,False,False,False,2025-08-30 14:02:39
S002490,Matchday Ticket Alert,True,True,True,False,2025-01-08 11:49:54
S001993,Stadium Tour Promo,True,False,False,False,2025-09-04 11:02:36
S000241,Membership Drive,True,False,False,False,2025-09-03 04:12:01
S000734,Champions League Hospitality,True,False,False,False,2025-01-24 06:35:14
S001165,Re-engagement Winback,True,True,False,False,2025-08-24 02:49:49
S001434,Champions League Hospitality,True,False,False,False,2025-09-17 05:54:16
S000521,New Home Kit Launch,True,False,False,False,2024-11-20 08:18:38
S001284,Matchday Ticket Alert,True,False,False,False,2025-08-31 16:25:09
S003565,New Home Kit Launch,True,False,False,False,2025-06-25 20:08:26
S000108,Membership Drive,True,True,False,False,2025-08-14 16:25:51
S000189,Champions League Hospitality,True,False,False,False,2025-01-05 18:27:43
S003581,New Home Kit Launch,True,False,False,False,2025-09-02 09:22:33
S001098,Membership Drive,True,False,False,False,2025-09-19 12:15:11
S003606,Membership Drive,True,False,False,False,2024-11-09 19:05:58
S001279,Season Ticket Renewal,True,True,False,False,2025-08-22 19:00:58
S000177,Stadium Tour Promo,True,True,True,False,2025-07-13 12:48:48
S003947,Black Friday Store,True,False,False,False,2025-09-10 18:25:14
S002435,Stadium Tour Promo,True,False,False,False,2025-09-13 02:20:56
S001844,Re-engagement Winback,True,False,False,False,2025-08-23 00:53:52
S001279,Re-engagement Winback,True,False,False,False,2025-09-02 05:28:41
S000701,New Home Kit Launch,True,False,False,False,2025-09-05 20:22:16
S002554,International Fan Club,True,False,False,False,2025-09-03 00:00:25
S004019,Stadium Tour Promo,True,False,False,False,2025-09-14 02:58:27
S004958,New Home Kit Launch,True,True,False,False,2025-08-24 11:03:31
S004176,New Home Kit Launch,True,False,False,False,2025-09-18 09:43:43
S003461,Re-engagement Winback,True,True,False,False,2025-09-14 16:54:12
S001556,Champions League Hospitality,True,False,False,False,2025-04-13 03:42:31
S001333,New Home Kit Launch,True,True,False,False,2025-09-17 22:35:19
S002592,Champions League Hospitality,True,True,True,True,2025-02-10 22:25:12
S001906,Black Friday Store,True,True,True,True,2025-08-28 13:43:12
S002682,New Home Kit Launch,True,True,True,True,2025-04-07 00:52:17
S003986,New Home Kit Launch,True,False,False,False,2025-06-01 14:54:07
S003723,Matchday Ticket Alert,True,True,False,False,2025-09-18 06:28:44
S000112,Season Ticket Renewal,True,False,False,False,2025-04-23 01:00:33
S004448,International Fan Club,True,False,False,False,2025-09-18 13:10:03
S003072,Membership Drive,True,False,False,False,2025-09-13 21:44:21
S002036,Stadium Tour Promo,True,False,False,False,2024-10-11 05:16:59
S001184,Champions League Hospitality,True,True,True,False,2025-08-22 06:29:10
S002746,Champions League Hospitality,True,False,False,False,2025-09-13 09:34:20
S003607,Membership Drive,True,True,True,False,2025-09-04 22:23:25
S000010,Matchday Ticket Alert,True,True,False,False,2025-04-20 15:44:09
S003489,Membership Drive,True,False,False,False,2025-03-23 10:02:24
S004314,Membership Drive,True,False,False,False,2025-09-07 13:10:43
S001172,International Fan Club,True,False,False,False,2024-10-06 15:16:38
S000364,International Fan Club,True,True,False,False,2025-04-11 09:08:29
S004446,Matchday Ticket Alert,True,True,True,True,2025-08-24 18:19:35
S004326,Black Friday Store,True,True,True,False,2025-04-04 08:23:20
S001212,Black Friday Store,True,False,False,False,2025-09-09 03:32:48
S004433,Black Friday Store,True,False,False,False,2025-03-12 10:26:51
S004727,Stadium Tour Promo,True,False,False,False,2025-09-19 09:54:31
S004893,Stadium Tour Promo,True,True,False,False,2025-06-07 13:38:21
S002676,New Home Kit Launch,True,False,False,False,2025-04-04 13:57:51
S002739,Matchday Ticket Alert,True,False,False,False,2025-05-29 14:00:34
S001601,Season Ticket Renewal,True,False,False,False,2025-01-26 13:56:07
S001996,Matchday Ticket Alert,True,False,False,False,2025-01-08 05:34:43
S002693,Black Friday Store,True,False,False,False,2025-09-03 22:18:07
S003021,Re-engagement Winback,True,False,False,False,2025-01-29 07:00:27
S003470,Black Friday Store,True,True,True,False,2024-09-25 22:03:05
S000502,Membership Drive,True,False,False,False,2025-08-26 06:38:00
S001643,Membership Drive,True,False,False,False,2025-03-18 00:11:26
S001440,Membership Drive,True,False,False,False,2025-09-13 12:37:55
S004616,Matchday Ticket Alert,True,True,True,False,2025-05-22 00:11:38
S003005,Black Friday Store,True,True,True,False,2025-01-27 01:40:46
S002054,New Home Kit Launch,True,True,True,False,2025-08-25 15:08:01
S004681,New Home Kit Launch,True,False,False,False,2025-08-23 08:53:46
S002404,Black Friday Store,True,False,False,False,2025-04-02 11:51:21
S004029,Matchday Ticket Alert,True,False,False,False,2025-01-12 23:35:27
S004075,Membership Drive,True,False,False,False,2024-10-21 18:26:24
S002503,Re-engagement Winback,True,False,False,False,2025-08-08 04:25:03
S003273,Season Ticket Renewal,True,False,False,False,2025-09-10 03:33:54
S003069,New Home Kit Launch,True,True,False,False,2025-05-30 08:52:26
S000786,Black Friday Store,True,True,False,False,2025-08-28 14:20:01
S002302,Re-engagement Winback,True,False,False,False,2025-05-04 23:44:32
S004296,Black Friday Store,True,True,False,False,2025-02-09 20:37:40
S003094,Black Friday Store,True,False,False,False,2025-09-10 09:34:11
S000765,Membership Drive,True,False,False,False,2025-08-17 14:42:01
S003636,International Fan Club,True,False,False,False,2025-01-04 18:36:00
S003902,Membership Drive,True,True,True,False,2025-07-02 23:35:35
S000803,Stadium Tour Promo,True,False,False,False,2025-02-03 00:34:48
S004416,Black Friday Store,True,True,True,False,2025-09-10 12:24:15
S000605,New Home Kit Launch,True,True,False,False,2025-09-05 18:50:07
S001327,Stadium Tour Promo,True,False,False,False,2025-01-23 04:29:53
S004464,Re-engagement Winback,True,True,False,False,2025-09-02 21:39:10
S002835,Black Friday Store,True,True,True,True,2025-09-03 04:11:40
S004605,Matchday Ticket Alert,True,False,False,False,2025-09-09 00:05:31
S002139,Black Friday Store,True,True,False,False,2025-09-19 15:01:25
S001542,Stadium Tour Promo,True,False,False,False,2025-09-07 18:15:53
S000588,Matchday Ticket Alert,True,False,False,False,2025-02-04 02:52:58
S000707,Season Ticket Renewal,True,False,False,False,2024-12-09 06:38:30
S002407,Re-engagement Winback,True,False,False,False,2025-08-31 07:40:29
S003574,International Fan Club,True,False,False,False,2025-01-11 16:14:24
S001723,Membership Drive,True,False,False,False,2025-01-08 18:10:01
S000627,Black Friday Store,True,False,False,False,2025-08-24 23:44:18
S004935,Black Friday Store,True,False,False,False,2025-09-09 15:20:16
S003896,Stadium Tour Promo,True,False,False,False,2025-01-18 14:58:23
S003532,New Home Kit Launch,True,False,False,False,2025-08-19 02:54:50
S004300,Re-engagement Winback,True,True,False,False,2025-09-06 08:18:09
S000417,Matchday Ticket Alert,True,False,False,False,2025-04-24 06:28:26
S003020,Membership Drive,True,False,False,False,2025-08-23 00:56:24
S004403,Champions League Hospitality,True,False,False,False,2024-11-07 18:36:23
S004741,Season Ticket Renewal,True,True,False,False,2025-05-14 04:22:06
S004478,Re-engagement Winback,True,False,False,False,2024-11-28 12:17:50
S002547,Season Ticket Renewal,True,False,False,False,2025-06-05 15:39:20
S001737,Champions League Hospitality,True,True,False,False,2025-07-01 23:11:57
S000040,Matchday Ticket Alert,True,True,True,False,2025-09-03 18:19:58
S003552,Re-engagement Winback,True,True,True,False,2025-06-24 10:00:09
S003702,Matchday Ticket Alert,True,True,False,False,2025-01-06 16:16:03
S002803,New Home Kit Launch,True,False,False,False,2025-03-17 16:06:48
S001696,New Home Kit Launch,True,False,False,False,2025-09-04 11:06:23
S003095,Champions League Hospitality,True,True,True,False,2025-09-07 14:45:38
S003303,Membership Drive,True,False,False,False,2025-08-29 12:07:50
S001536,Re-engagement Winback,True,False,False,False,2025-02-03 03:54:31
S004609,Stadium Tour Promo,True,True,False,False,2025-08-31 22:07:07
S001270,Matchday Ticket Alert,True,False,False,False,2025-07-25 11:12:54
S004171,Black Friday Store,True,False,False,False,2025-08-31 03:37:08
S003184,International Fan Club,True,False,False,False,2025-05-31 04:45:36
S000341,Re-engagement Winback,True,False,False,False,2024-11-16 10:27:01
S004282,New Home Kit Launch,True,True,True,False,2024-11-24 13:04:16
S002983,Matchday Ticket Alert,True,False,False,False,2025-07-18 22:26:51
S002307,Champions League Hospitality,True,False,False,False,2025-02-16 22:49:16
S002878,Champions League Hospitality,True,False,False,False,2025-06-13 03:03:07
S004265,Black Friday Store,True,False,False,False,2025-09-12 21:19:31
S002619,Re-engagement Winback,True,False,False,False,2024-12-28 19:37:09
S004180,Re-engagement Winback,True,True,True,False,2025-09-04 03:25:17
S000922,Re-engagement Winback,True,False,False,False,2024-11-02 16:22:18
S000999,International Fan Club,True,False,False,False,2025-06-12 20:18:19
S000638,New Home Kit Launch,True,False,False,False,2025-09-09 06:04:18
S002865,Stadium Tour Promo,True,True,False,False,2025-09-08 07:33:51
S000478,Season Ticket Renewal,True,True,True,False,2024-11-22 16:53:28
S004450,Black Friday Store,True,True,True,False,2025-09-12 01:26:16
S002696,Re-engagement Winback,True,False,False,False,2025-06-01 08:41:37
S003803,Champions League Hospitality,True,False,False,False,2025-05-06 06:27:52
S003294,Membership Drive,True,True,False,False,2025-08-18 20:35:35
S000748,New Home Kit Launch,True,False,False,False,2024-10-24 23:35:55
S001485,Champions League Hospitality,True,True,False,False,2024-11-22 07:01:00
S004696,Champions League Hospitality,True,True,True,False,2024-11-14 01:45:15
S003669,Season Ticket Renewal,True,True,True,False,2025-08-29 17:21:32
S000956,New Home Kit Launch,True,False,False,False,2025-08-27 08:01:10
S003285,Season Ticket Renewal,True,True,False,False,2024-11-06 17:10:56
S002849,New Home Kit Launch,True,False,False,False,2025-09-07 19:40:53
S000471,Black Friday Store,True,False,False,False,2025-02-14 07:09:13
S003742,Stadium Tour Promo,True,True,False,False,2025-08-17 04:27:20
S003853,International Fan Club,True,False,False,False,2025-09-08 04:22:44
S002333,Matchday Ticket Alert,True,False,False,False,2025-02-14 15:35:26
S004838,International Fan Club,True,True,False,False,2025-07-18 07:11:27
S003485,Champions League Hospitality,True,False,False,False,2025-08-27 18:20:53
S003215,Black Friday Store,True,True,True,False,2025-04-12 14:10:44
S004328,New Home Kit Launch,True,False,False,False,2024-10-10 09:50:44
S001184,Membership Drive,True,False,False,False,2025-06-13 14:55:54
S003543,Black Friday Store,True,False,False,False,2025-04-28 21:59:45
S004580,Stadium Tour Promo,True,True,False,False,2025-03-30 19:47:16
S002999,International Fan Club,True,False,False,False,2025-06-19 02:17:45
S001500,Matchday Ticket Alert,True,False,False,False,2025-08-20 01:22:41
S000235,New Home Kit Launch,True,False,False,False,2025-09-19 06:45:00
S000624,New Home Kit Launch,True,False,False,False,2025-09-02 02:11:32
S002125,Season Ticket Renewal,True,False,False,False,2025-08-26 05:21:43
S003693,Matchday Ticket Alert,True,True,True,True,2025-06-30 12:21:42
S001493,New Home Kit Launch,True,True,False,False,2025-08-23 05:52:50
S002747,Champions League Hospitality,True,True,True,False,2025-06-13 06:50:16
S002587,Membership Drive,True,False,False,False,2025-09-05 18:06:53
S004759,International Fan Club,True,True,True,False,2025-06-22 23:54:55
S001768,Black Friday Store,True,False,False,False,2025-09-07 19:42:35
S003393,Matchday Ticket Alert,True,False,False,False,2025-08-23 18:32:41
S004324,Matchday Ticket Alert,True,False,False,False,2025-01-02 19:45:26
S002343,Matchday Ticket Alert,True,True,False,False,2025-08-27 08:46:40
S002617,Re-engagement Winback,True,True,True,False,2025-09-02 10:00:42
S000959,Champions League Hospitality,True,True,False,False,2025-08-31 15:35:32
S000003,New Home Kit Launch,True,False,False,False,2025-08-28 07:58:30
S001477,Season Ticket Renewal,True,False,False,False,2025-09-18 13:05:37
S000412,Membership Drive,True,True,True,False,2025-09-15 10:37:08
S003926,Stadium Tour Promo,True,True,False,False,2025-06-22 10:09:56
S004328,Re-engagement Winback,True,False,False,False,2024-11-24 05:15:16
S000449,Champions League Hospitality,True,False,False,False,2025-05-13 05:45:52
S004668,Re-engagement Winback,True,True,True,False,2025-07-05 07:29:36
S004099,Re-engagement Winback,True,True,False,False,2025-03-16 18:16:19
S003930,Stadium Tour Promo,True,True,True,False,2025-06-11 01:06:37
S000636,Re-engagement Winback,True,True,False,False,2025-08-29 04:03:01
S002600,Season Ticket Renewal,True,False,False,False,2025-06-04 08:12:47
S002017,Season Ticket Renewal,True,False,False,False,2025-05-26 09:17:12
S002059,New Home Kit Launch,True,True,False,False,2025-09-02 22:43:02
S000822,Re-engagement Winback,True,False,False,False,2024-10-11 10:12:38
S002234,International Fan Club,True,False,False,False,2025-04-21 10:00:23
S002170,Champions League Hospitality,True,False,False,False,2024-12-11 00:35:45
S001587,Membership Drive,True,False,False,False,2025-03-11 06:14:24
S000974,Stadium Tour Promo,True,False,False,False,2025-03-26 13:38:44
S003160,Black Friday Store,True,True,False,False,2025-09-20 07:53:31
S003418,New Home Kit Launch,True,False,False,False,2025-09-17 01:27:39
S001560,Matchday Ticket Alert,True,False,False,False,2025-06-18 04:26:05
S003769,Black Friday Store,True,False,False,False,2025-09-13 09:54:34
S000023,Season Ticket Renewal,True,False,False,False,2024-12-19 23:47:52
S004244,Membership Drive,True,False,False,False,2024-10-25 17:33:29
S001130,New Home Kit Launch,True,False,False,False,2025-08-21 15:06:10
S002782,Black Friday Store,True,True,False,False,2025-08-22 03:57:58
S003839,Re-engagement Winback,True,False,False,False,2025-08-09 18:16:56
S003876,Membership Drive,True,True,False,False,2024-11-18 00:31:44
S004526,Champions League Hospitality,True,False,False,False,2025-09-03 19:51:34
S002966,Membership Drive,True,True,False,False,2025-08-14 09:33:37
S001516,Membership Drive,True,True,False,False,2025-09-05 16:54:17
S004481,Champions League Hospitality,True,False,False,False,2025-08-27 17:51:26
S002182,International Fan Club,True,False,False,False,2025-08-30 12:42:37
S002597,Matchday Ticket Alert,True,True,False,False,2025-09-03 20:04:58
S004161,Season Ticket Renewal,True,False,False,False,2025-01-29 05:24:48
S002864,Champions League Hospitality,True,False,False,False,2025-07-21 20:19:56
S004825,Champions League Hospitality,True,True,False,False,2025-08-22 05:28:29
S002834,Black Friday Store,True,False,False,False,2025-03-09 07:38:45
S004329,Black Friday Store,True,True,False,False,2025-08-26 04:24:59
S001567,Stadium Tour Promo,True,False,False,False,2025-09-12 14:33:27
S004295,New Home Kit Launch,True,False,False,False,2025-09-18 16:37:20
S002580,Matchday Ticket Alert,True,True,True,False,2025-07-22 02:16:05
S001949,Re-engagement Winback,True,True,False,False,2024-12-14 12:05:44
S002262,Stadium Tour Promo,True,False,False,False,2025-09-06 11:42:01
S003925,International Fan Club,True,False,False,False,2025-09-17 08:06:54
S003408,Matchday Ticket Alert,True,False,False,False,2025-03-01 03:54:34
S001150,Season Ticket Renewal,True,False,False,False,2025-08-15 19:25:00
S003388,International Fan Club,True,False,False,False,2025-09-03 04:27:10
S001314,International Fan Club,True,False,False,False,2025-09-11 07:58:17
S004718,Membership Drive,True,True,False,False,2025-08-24 07:55:29
S003874,New Home Kit Launch,True,True,False,False,2025-09-02 05:58:39
S000540,Re-engagement Winback,True,True,False,False,2025-06-09 21:07:11
S002964,Champions League Hospitality,True,False,False,False,2025-09-03 18:16:01
S004775,Re-engagement Winback,True,True,False,False,2025-08-27 21:23:36
S002883,International Fan Club,True,False,False,False,2025-09-02 02:07:20
S001907,Matchday Ticket Alert,True,False,False,False,2025-04-10 03:54:53
S003980,Membership Drive,True,True,False,False,2024-10-10 09:28:43
S000627,International Fan Club,True,False,False,False,2025-02-07 04:17:45
S004389,Re-engagement Winback,True,True,False,False,2025-09-16 11:39:36
S003301,Membership Drive,True,True,False,False,2025-05-07 15:01:54
S001503,Season Ticket Renewal,True,True,False,False,2025-09-10 16:51:09
S004084,Season Ticket Renewal,True,False,False,False,2025-01-17 12:28:28
S004659,Matchday Ticket Alert,True,False,False,False,2025-09-14 20:43:58
S001168,Matchday Ticket Alert,True,True,True,False,2025-01-11 23:40:54
S004274,Season Ticket Renewal,True,True,False,False,2025-09-03 21:56:41
S004141,Season Ticket Renewal,True,True,False,False,2025-02-14 22:11:23
S004668,Season Ticket Renewal,True,True,False,False,2024-10-25 05:27:38
S004672,International Fan Club,True,False,False,False,2024-11-22 01:34:39
S002225,Membership Drive,True,False,False,False,2024-10-22 10:05:35
S003681,Stadium Tour Promo,True,True,False,False,2025-05-16 13:03:16
S002107,Stadium Tour Promo,True,True,True,False,2025-09-05 03:49:02
S000524,Season Ticket Renewal,True,False,False,False,2025-09-03 15:01:56
S002574,Re-engagement Winback,True,False,False,False,2025-04-27 21:22:01
S003727,Black Friday Store,True,False,False,False,2025-09-19 07:01:49
S004445,Re-engagement Winback,True,False,False,False,2025-09-03 15:46:00
S004432,New Home Kit Launch,True,False,False,False,2025-09-13 11:30:41
S004065,Black Friday Store,True,True,False,False,2025-08-04 21:30:36
S004909,New Home Kit Launch,True,True,False,False,2025-09-11 02:12:08
S000359,Matchday Ticket Alert,True,True,True,False,2025-09-02 10:17:16
S000414,Black Friday Store,True,True,False,False,2025-09-13 00:21:39
S003935,Re-engagement Winback,True,True,True,False,2025-08-24 03:41:21
S001461,International Fan Club,True,True,False,False,2025-06-04 21:39:57
S003059,Stadium Tour Promo,True,False,False,False,2025-09-10 20:12:43
S002215,Champions League Hospitality,True,True,False,False,2025-08-27 05:32:12
S000616,Season Ticket Renewal,True,False,False,False,2025-05-12 23:35:49
S000081,Black Friday Store,True,False,False,False,2025-03-10 02:48:49
S003672,Stadium Tour Promo,True,True,True,False,2025-09-18 15:18:28
S002084,New Home Kit Launch,True,False,False,False,2025-06-28 16:59:56
S004644,Matchday Ticket Alert,True,False,False,False,2025-08-27 16:18:32
S002840,Season Ticket Renewal,True,True,True,False,2025-09-03 11:16:51
S002294,Champions League Hospitality,True,False,False,False,2025-09-01 06:16:44
S004323,Champions League Hospitality,True,False,False,False,2025-02-14 11:30:51
S000196,Black Friday Store,True,True,False,False,2025-09-02 02:49:53
S000527,Season Ticket Renewal,True,True,False,False,2025-09-19 08:29:40
S002440,Champions League Hospitality,True,True,True,False,2025-09-08 11:51:41
S003214,Re-engagement Winback,True,False,False,False,2025-01-31 20:12:16
S001037,New Home Kit Launch,True,False,False,False,2025-08-05 07:18:14
S002962,Champions League Hospitality,True,False,False,False,2025-09-06 19:44:32
S004516,Matchday Ticket Alert,True,False,False,False,2024-10-11 04:10:48
S001095,Champions League Hospitality,True,False,False,False,2025-06-29 18:50:41
S002294,Re-engagement Winback,True,True,True,False,2025-07-03 02:44:10
S003709,New Home Kit Launch,True,True,False,False,2025-08-30 03:20:42
S000431,Season Ticket Renewal,True,False,False,False,2025-07-06 22:53:52
S001265,New Home Kit Launch,True,True,False,False,2025-08-29 16:35:32
S004483,Membership Drive,True,True,False,False,2025-08-29 21:49:47
S003451,International Fan Club,True,False,False,False,2025-01-17 08:27:06
S002742,International Fan Club,True,False,False,False,2025-08-29 04:25:11
S000202,Season Ticket Renewal,True,False,False,False,2025-09-14 11:54:54
S000811,New Home Kit Launch,True,False,False,False,2025-05-12 23:01:58
S004439,Black Friday Store,True,False,False,False,2025-04-27 09:26:32
S000725,Season Ticket Renewal,True,False,False,False,2024-10-08 19:58:13
S004260,Champions League Hospitality,True,True,True,True,2024-09-30 07:53:50
S000376,Season Ticket Renewal,True,False,False,False,2025-07-01 02:10:58
S003728,New Home Kit Launch,True,True,True,False,2025-09-09 02:40:16
S000025,New Home Kit Launch,True,True,True,False,2025-02-05 03:35:04
S003618,Membership Drive,True,False,False,False,2025-04-12 01:17:30
S000834,Stadium Tour Promo,True,False,False,False,2025-04-21 05:12:07
S001596,Champions League Hospitality,True,True,False,False,2024-12-16 19:06:48
S003948,Re-engagement Winback,True,False,False,False,2025-06-26 02:09:50
S004506,Champions League Hospitality,True,False,False,False,2024-11-05 01:20:07
S000637,Matchday Ticket Alert,True,True,True,False,2024-10-30 07:44:56
S000052,Stadium Tour Promo,True,False,False,False,2025-01-01 20:12:32
S004443,International Fan Club,True,False,False,False,2025-07-03 06:04:41
S001635,Stadium Tour Promo,True,True,True,True,2025-03-22 23:19:47
S000127,Re-engagement Winback,True,False,False,False,2024-10-08 18:07:35
S004965,Black Friday Store,True,False,False,False,2025-07-09 09:22:05
S001355,Black Friday Store,True,True,False,False,2025-08-26 10:59:30
S004616,Champions League Hospitality,True,False,False,False,2025-06-10 22:13:34
S001483,New Home Kit Launch,True,False,False,False,2025-09-03 23:18:11
S003951,Stadium Tour Promo,True,False,False,False,2025-09-02 09:21:25
S002337,Champions League Hospitality,True,False,False,False,2025-06-04 06:19:22
S001304,International Fan Club,True,True,False,False,2025-09-03 19:08:29
S003366,International Fan Club,True,True,True,True,2025-09-06 02:08:41
S000782,International Fan Club,True,False,False,False,2025-01-11 20:43:49
S002229,Matchday Ticket Alert,True,False,False,False,2024-11-07 03:32:29
S002825,New Home Kit Launch,True,False,False,False,2024-11-17 02:26:09
S001786,Membership Drive,True,False,False,False,2025-04-05 06:39:06
S000289,Matchday Ticket Alert,True,False,False,False,2025-08-29 03:48:53
S000950,Re-engagement Winback,True,False,False,False,2024-11-04 09:26:41
S002053,Stadium Tour Promo,True,False,False,False,2025-03-31 19:30:24
S000181,Re-engagement Winback,True,False,False,False,2025-05-17 20:25:04
S001471,Champions League Hospitality,True,False,False,False,2025-07-24 11:54:08
S003929,International Fan Club,True,False,False,False,2025-03-24 11:19:59
S001694,Matchday Ticket Alert,True,False,False,False,2024-12-23 17:28:47
S004744,International Fan Club,True,False,False,False,2025-09-18 15:09:06
S002498,Matchday Ticket Alert,True,False,False,False,2025-01-31 19:17:32
S002943,Re-engagement Winback,True,False,False,False,2025-09-06 01:01:59
S001622,Stadium Tour Promo,True,True,True,False,2024-12-22 05:46:30
S002344,Matchday Ticket Alert,True,False,False,False,2025-09-03 23:31:34
S003779,New Home Kit Launch,True,True,False,False,2025-01-05 06:19:18
S001947,Re-engagement Winback,True,True,False,False,2025-06-15 00:21:17
S000497,Membership Drive,True,False,False,False,2025-09-19 12:33:26
S001175,Stadium Tour Promo,True,False,False,False,2024-12-17 16:26:38
S004585,Re-engagement Winback,True,False,False,False,2025-09-07 23:58:46
S001502,Champions League Hospitality,True,True,True,False,2025-09-04 22:13:02
S002567,Re-engagement Winback,True,True,False,False,2025-08-30 10:19:56
S001757,Black Friday Store,True,True,True,False,2025-09-05 12:19:12
S002792,International Fan Club,True,True,True,True,2024-11-22 10:06:59
S001896,New Home Kit Launch,True,True,False,False,2025-09-19 11:02:23
S000498,Re-engagement Winback,True,False,False,False,2025-02-18 13:06:15
S004681,Season Ticket Renewal,True,False,False,False,2025-08-24 14:36:11
S000611,International Fan Club,True,False,False,False,2025-08-27 20:31:40
S004018,Season Ticket Renewal,True,True,True,False,2025-04-07 10:00:35
S004358,Membership Drive,True,False,False,False,2025-08-28 18:22:48
S002926,International Fan Club,True,False,False,False,2025-01-11 20:11:03
S004044,Matchday Ticket Alert,True,False,False,False,2025-08-31 14:25:54
S001314,Stadium Tour Promo,True,False,False,False,2025-09-07 13:37:53
S001445,Re-engagement Winback,True,False,False,False,2025-09-05 09:41:51
S003843,Matchday Ticket Alert,True,False,False,False,2025-08-23 11:47:24
S003482,Stadium Tour Promo,True,False,False,False,2025-05-07 18:38:36
S002313,Stadium Tour Promo,True,False,False,False,2025-04-14 13:15:51
S003829,Membership Drive,True,False,False,False,2025-09-14 00:22:47
S001425,Black Friday Store,True,True,True,True,2025-07-03 17:29:56
S002902,Membership Drive,True,False,False,False,2025-04-29 13:20:10
S000093,International Fan Club,True,False,False,False,2025-08-29 01:33:00
S000719,Champions League Hospitality,True,False,False,False,2025-08-13 03:29:17
S000125,Re-engagement Winback,True,True,True,False,2024-09-28 09:58:28
S000143,Champions League Hospitality,True,True,False,False,2025-09-12 22:14:37
S002288,Season Ticket Renewal,True,False,False,False,2025-09-15 00:24:08
S000567,Stadium Tour Promo,True,True,False,False,2025-07-30 08:42:02
S003233,New Home Kit Launch,True,True,True,False,2025-09-05 20:44:06
S004136,International Fan Club,True,False,False,False,2025-09-17 14:16:39
S003692,Black Friday Store,True,False,False,False,2025-08-31 02:06:18
S002614,International Fan Club,True,False,False,False,2024-10-20 10:22:56
S000728,Stadium Tour Promo,True,False,False,False,2025-04-14 16:28:43
S002056,Season Ticket Renewal,True,True,True,False,2025-09-19 23:14:07
S000054,Re-engagement Winback,True,True,False,False,2025-09-07 01:20:37
S002060,Season Ticket Renewal,True,True,False,False,2025-02-22 10:06:44
S000583,International Fan Club,True,True,False,False,2025-02-05 20:15:51
S001184,Matchday Ticket Alert,True,False,False,False,2025-08-31 06:02:19
S001008,International Fan Club,True,False,False,False,2024-11-19 00:23:01
S002262,International Fan Club,True,True,False,False,2025-06-21 06:26:21
S004116,Black Friday Store,True,False,False,False,2025-02-13 18:36:46
S002564,Matchday Ticket Alert,True,True,False,False,2025-09-14 16:47:12
S002230,Season Ticket Renewal,True,True,True,True,2025-07-13 13:59:32
S002308,Re-engagement Winback,True,False,False,False,2025-09-16 01:48:09
S002832,International Fan Club,True,True,False,False,2025-08-27 00:09:30
S000764,New Home Kit Launch,True,True,True,False,2025-07-05 13:19:25
S003400,Stadium Tour Promo,True,True,False,False,2025-08-01 18:50:36
S004114,Matchday Ticket Alert,True,True,False,False,2025-02-16 06:26:18
S002132,New Home Kit Launch,True,False,False,False,2025-08-30 04:01:54
S003336,Matchday Ticket Alert,True,False,False,False,2024-09-22 11:19:24
S004124,Season Ticket Renewal,True,False,False,False,2025-08-26 18:33:59
S002707,Season Ticket Renewal,True,False,False,False,2025-08-30 13:24:17
S000519,Re-engagement Winback,True,True,True,False,2025-04-22 08:19:56
S000036,Matchday Ticket Alert,True,False,False,False,2025-09-03 01:22:13
S002652,International Fan Club,True,False,False,False,2025-09-13 01:35:57
S000715,Season Ticket Renewal,True,False,False,False,2025-09-05 09:26:09
S000109,Champions League Hospitality,True,False,False,False,2025-09-14 04:38:11
S003572,Black Friday Store,True,False,False,False,2025-03-09 11:40:28
S000016,International Fan Club,True,True,False,False,2025-01-03 04:42:16
S002135,Re-engagement Winback,True,False,False,False,2025-04-11 08:16:47
S003066,Membership Drive,True,True,True,True,2025-09-08 16:41:25
S004345,Membership Drive,True,True,False,False,2025-08-25 00:47:56
S004521,Membership Drive,True,False,False,False,2025-09-14 12:37:45
S003579,Season Ticket Renewal,True,True,False,False,2025-08-27 20:21:04
S004491,New Home Kit Launch,True,True,False,False,2024-12-24 03:29:15
S003580,Black Friday Store,True,False,False,False,2024-10-16 18:30:16
S004496,Champions League Hospitality,True,False,False,False,2025-09-05 21:07:11
S001633,Membership Drive,True,False,False,False,2025-09-10 02:31:56
S004763,New Home Kit Launch,True,False,False,False,2025-08-27 10:58:59
S000304,International Fan Club,True,False,False,False,2025-09-06 14:58:28
S002228,Black Friday Store,True,False,False,False,2025-08-04 08:41:09
S004664,Season Ticket Renewal,True,False,False,False,2025-07-27 20:35:15
S000565,Matchday Ticket Alert,True,False,False,False,2024-12-03 04:09:53
S003555,New Home Kit Launch,True,False,False,False,2025-08-16 00:27:05
S002193,Champions League Hospitality,True,False,False,False,2025-08-07 06:54:27
S000067,Matchday Ticket Alert,True,True,False,False,2025-08-30 18:34:33
S004460,Black Friday Store,True,False,False,False,2025-06-01 18:58:41
S001232,Stadium Tour Promo,True,True,True,False,2025-08-27 03:53:31
S002188,Membership Drive,True,True,True,True,2025-08-30 22:35:11
S001634,Membership Drive,True,True,True,False,2025-07-07 06:57:24
S001408,Stadium Tour Promo,True,True,True,False,2024-10-03 06:00:24
S001690,International Fan Club,True,False,False,False,2025-09-19 20:55:35
S000163,Re-engagement Winback,True,True,True,True,2025-02-15 15:55:18
S002918,Stadium Tour Promo,True,False,False,False,2025-08-24 06:05:32
S003284,International Fan Club,True,True,False,False,2025-05-15 17:48:29
S001894,Season Ticket Renewal,True,False,False,False,2025-01-20 00:06:17
S004936,Re-engagement Winback,True,False,False,False,2025-08-31 00:16:00
S001392,Matchday Ticket Alert,True,False,False,False,2025-05-02 23:01:21
S000887,Stadium Tour Promo,True,False,False,False,2025-01-09 08:49:41
S004855,Stadium Tour Promo,True,False,False,False,2024-12-12 14:50:15
S004888,Season Ticket Renewal,True,False,False,False,2025-09-14 06:14:03
S002310,Matchday Ticket Alert,True,False,False,False,2024-11-19 09:14:03
S004313,Black Friday Store,True,False,False,False,2025-05-26 10:56:12
S004052,Matchday Ticket Alert,True,False,False,False,2025-08-31 08:28:44
S004800,Champions League Hospitality,True,True,False,False,2025-09-05 13:34:40
S000077,International Fan Club,True,False,False,False,2025-06-19 12:44:00
S002995,Champions League Hospitality,True,True,True,True,2025-09-03 15:18:42
S002216,New Home Kit Launch,True,True,True,False,2025-08-24 23:52:59
S003072,Champions League Hospitality,True,False,False,False,2024-10-26 11:45:55
S000776,Matchday Ticket Alert,True,True,True,True,2025-07-05 23:38:35
S002423,New Home Kit Launch,True,False,False,False,2024-12-31 09:41:37
S002009,Matchday Ticket Alert,True,True,False,False,2024-10-06 05:37:03
S001336,International Fan Club,True,True,False,False,2024-10-20 05:33:49
S000081,International Fan Club,True,True,False,False,2024-11-25 18:21:30
S004676,Champions League Hospitality,True,False,False,False,2025-09-07 07:20:48
S004336,Champions League Hospitality,True,False,False,False,2025-09-20 11:31:24
S001323,Re-engagement Winback,True,False,False,False,2024-10-27 00:14:45
S002596,New Home Kit Launch,True,False,False,False,2025-01-31 07:27:13
S001709,Champions League Hospitality,True,False,False,False,2025-08-31 15:05:05
S003272,Stadium Tour Promo,True,False,False,False,2024-10-14 14:27:29
S003076,Membership Drive,True,False,False,False,2025-08-28 14:36:18
S002386,Black Friday Store,True,False,False,False,2025-09-17 19:13:53
S004454,Champions League Hospitality,True,False,False,False,2025-02-23 04:26:33
S004805,Stadium Tour Promo,True,False,False,False,2025-09-19 04:32:05
S002324,Champions League Hospitality,True,False,False,False,2025-08-26 16:33:03
S003449,Re-engagement Winback,True,True,True,True,2025-09-03 07:09:39
S000302,Stadium Tour Promo,True,True,False,False,2025-07-22 11:21:27
S004360,Black Friday Store,True,False,False,False,2025-08-24 13:19:31
S003552,New Home Kit Launch,True,False,False,False,2025-09-02 00:34:14
S002586,Season Ticket Renewal,True,True,True,False,2025-09-20 11:16:09
S004296,Black Friday Store,True,True,True,False,2025-09-06 00:58:49
S000497,International Fan Club,True,True,False,False,2025-09-02 20:28:33
S000304,Black Friday Store,True,True,True,False,2025-07-13 08:53:16
S001801,International Fan Club,True,True,True,False,2025-08-24 19:24:09
S002695,Re-engagement Winback,True,True,True,False,2025-08-28 11:56:44
S002213,New Home Kit Launch,True,False,False,False,2025-04-18 15:22:13
S000835,Membership Drive,True,False,False,False,2025-07-15 22:52:24
S004750,Champions League Hospitality,True,True,False,False,2025-08-30 10:04:01
S003536,New Home Kit Launch,True,False,False,False,2025-09-19 16:59:09
S002746,New Home Kit Launch,True,True,False,False,2025-09-13 18:28:24
S000441,Stadium Tour Promo,True,True,False,False,2024-11-28 23:02:45
S000635,New Home Kit Launch,True,False,False,False,2025-03-09 09:53:57
S002584,Season Ticket Renewal,True,False,False,False,2025-02-07 06:07:13
S000847,International Fan Club,True,False,False,False,2025-03-27 02:38:52
S000485,International Fan Club,True,False,False,False,2025-01-06 11:43:34
S004372,Matchday Ticket Alert,True,True,False,False,2025-09-06 06:48:10
S001133,Matchday Ticket Alert,True,False,False,False,2025-08-26 05:42:09
S000100,Membership Drive,True,False,False,False,2025-09-16 08:24:04
S001577,International Fan Club,True,False,False,False,2025-08-26 19:45:34
S000588,New Home Kit Launch,True,True,False,False,2025-08-10 11:58:37
S004786,Black Friday Store,True,True,True,True,2025-09-11 12:36:25
S001540,Membership Drive,True,False,False,False,2024-11-19 19:21:57
S003777,Stadium Tour Promo,True,True,False,False,2025-09-15 01:38:08
S003960,Black Friday Store,True,False,False,False,2025-02-03 11:41:05
S003106,Membership Drive,True,True,False,False,2025-08-29 22:33:09
S000088,Champions League Hospitality,True,False,False,False,2025-09-17 16:52:57
S002839,Re-engagement Winback,True,True,True,False,2025-09-12 14:04:43
S003922,Champions League Hospitality,True,False,False,False,2025-01-31 10:05:30
S000149,Champions League Hospitality,True,False,False,False,2025-07-30 14:48:39
S000290,Champions League Hospitality,True,True,True,False,2025-07-25 17:49:48
S003839,Stadium Tour Promo,True,True,False,False,2025-09-02 23:29:58
S001496,Champions League Hospitality,True,False,False,False,2025-08-25 01:25:05
S004349,Black Friday Store,True,False,False,False,2025-08-11 20:19:22
S003304,Season Ticket Renewal,True,False,False,False,2025-09-17 13:45:36
S004053,Black Friday Store,True,True,True,False,2025-03-15 12:10:38
S000530,New Home Kit Launch,True,True,True,False,2024-10-06 19:54:38
S003835,New Home Kit Launch,True,True,True,False,2025-09-11 11:33:12
S000112,International Fan Club,True,False,False,False,2024-11-05 20:04:53
S002819,New Home Kit Launch,True,False,False,False,2025-09-06 00:20:52
S002462,Re-engagement Winback,True,True,False,False,2025-02-13 04:38:16
S003649,Matchday Ticket Alert,True,False,False,False,2024-12-22 21:03:03
S000756,New Home Kit Launch,True,True,False,False,2024-12-23 06:32:38
S002702,Season Ticket Renewal,True,True,True,True,2025-06-18 14:14:46
S000621,New Home Kit Launch,True,False,False,False,2025-08-21 21:03:49
S000894,Black Friday Store,True,True,True,False,2025-08-29 08:14:42
S001230,Black Friday Store,True,True,True,False,2025-09-15 10:32:23
S002525,New Home Kit Launch,True,False,False,False,2025-06-29 22:46:36
S002486,Black Friday Store,True,False,False,False,2025-03-04 16:47:57
S000105,Stadium Tour Promo,True,True,False,False,2025-08-28 09:08:56
S002118,Champions League Hospitality,True,False,False,False,2025-08-24 00:10:29
S001728,Champions League Hospitality,True,False,False,False,2025-09-03 07:12:09
S004210,Matchday Ticket Alert,True,True,True,False,2025-05-20 02:18:51
S003058,Season Ticket Renewal,True,True,True,True,2025-08-26 07:53:21
S002539,New Home Kit Launch,True,False,False,False,2025-06-07 11:11:30
S002484,Stadium Tour Promo,True,True,True,False,2025-08-19 11:49:48
S004084,Champions League Hospitality,True,False,False,False,2025-09-06 02:43:17
S000941,Matchday Ticket Alert,True,False,False,False,2025-02-17 06:08:03
S002663,International Fan Club,True,False,False,False,2025-08-23 08:11:06
S000792,Black Friday Store,True,False,False,False,2025-07-06 16:56:36
S001937,Champions League Hospitality,True,False,False,False,2025-03-08 09:34:07
S002086,Season Ticket Renewal,True,False,False,False,2025-06-22 20:48:15
S004494,New Home Kit Launch,True,True,False,False,2025-09-01 15:13:25
S002631,Champions League Hospitality,True,False,False,False,2024-12-13 10:23:53
S000743,International Fan Club,True,False,False,False,2025-08-26 17:17:19
S004170,Season Ticket Renewal,True,True,False,False,2025-01-31 21:26:54
S000181,Membership Drive,True,False,False,False,2025-02-13 06:28:32
S000781,Membership Drive,True,False,False,False,2025-09-12 18:50:43
S000949,Re-engagement Winback,True,False,False,False,2025-09-15 08:13:11
S001309,Matchday Ticket Alert,True,False,False,False,2025-07-01 03:16:24
S003656,Season Ticket Renewal,True,False,False,False,2025-05-09 17:20:28
S001754,Stadium Tour Promo,True,False,False,False,2025-02-19 10:45:50
S004878,Membership Drive,True,False,False,False,2025-09-10 09:04:26
S004407,Re-engagement Winback,True,False,False,False,2025-02-28 14:13:45
S004536,Champions League Hospitality,True,False,False,False,2025-08-26 14:31:28
S002251,New Home Kit Launch,True,False,False,False,2025-08-06 07:06:26
S001632,International Fan Club,True,False,False,False,2025-09-04 01:03:21
S003062,Champions League Hospitality,True,True,True,False,2025-08-24 06:21:16
S000626,Re-engagement Winback,True,True,False,False,2025-09-06 04:26:40
S001139,Stadium Tour Promo,True,False,False,False,2025-08-24 07:02:53
S004393,Season Ticket Renewal,True,True,True,True,2025-09-19 07:29:27
S004245,Stadium Tour Promo,True,True,False,False,2024-12-14 01:27:50
S001390,Black Friday Store,True,True,True,False,2025-08-27 09:42:17
S002407,Re-engagement Winback,True,False,False,False,2025-08-26 02:40:04
S000151,Black Friday Store,True,True,True,False,2025-03-01 20:44:16
S003483,Black Friday Store,True,True,True,False,2025-01-10 08:06:36
S004104,Stadium Tour Promo,True,False,False,False,2025-09-12 12:23:56
S004989,Black Friday Store,True,False,False,False,2025-08-30 15:44:58
S000692,Black Friday Store,True,False,False,False,2025-04-22 02:46:26
S001846,New Home Kit Launch,True,False,False,False,2025-09-20 01:22:43
S001690,Season Ticket Renewal,True,True,False,False,2025-09-17 20:32:23
S000762,New Home Kit Launch,True,False,False,False,2025-05-25 00:12:58
S002061,Matchday Ticket Alert,True,False,False,False,2025-01-25 22:12:47
S002427,Stadium Tour Promo,True,True,True,True,2025-09-14 20:41:17
S000661,Champions League Hospitality,True,True,False,False,2025-05-21 05:37:05
S000479,Re-engagement Winback,True,False,False,False,2025-09-07 11:14:21
S003956,Season Ticket Renewal,True,False,False,False,2025-01-07 22:38:15
S004309,Season Ticket Renewal,True,False,False,False,2025-01-05 16:18:31
S002770,Season Ticket Renewal,True,True,False,False,2025-09-15 06:52:37
S003590,International Fan Club,True,True,True,False,2024-11-27 09:07:31
S004543,International Fan Club,True,False,False,False,2025-09-11 14:51:41
S004888,Black Friday Store,True,False,False,False,2024-11-03 09:42:10
S001102,Season Ticket Renewal,True,False,False,False,2025-03-16 22:29:32
S003317,International Fan Club,True,False,False,False,2025-03-02 12:57:44
S004734,Matchday Ticket Alert,True,True,False,False,2024-12-24 15:45:23
S003615,Stadium Tour Promo,True,True,False,False,2025-08-25 13:11:09
S000349,Membership Drive,True,True,True,False,2025-08-22 10:30:40
S000033,Season Ticket Renewal,True,True,False,False,2025-09-14 20:11:06
S003294,Matchday Ticket Alert,True,False,False,False,2025-09-20 01:11:33
S002765,International Fan Club,True,True,False,False,2025-09-02 05:06:59
S003993,Black Friday Store,True,False,False,False,2025-04-20 00:49:06
S001741,Season Ticket Renewal,True,True,False,False,2025-09-01 11:35:29
S002079,Re-engagement Winback,True,True,False,False,2025-09-12 13:21:00
S001619,International Fan Club,True,True,False,False,2025-08-29 23:43:27
S001295,Black Friday Store,True,True,False,False,2025-08-28 15:18:42
S004820,New Home Kit Launch,True,False,False,False,2025-09-16 00:02:39
S002940,Matchday Ticket Alert,True,True,False,False,2025-09-08 21:15:23
S000285,Re-engagement Winback,True,True,False,False,2024-11-27 15:03:13
S001709,Stadium Tour Promo,True,False,False,False,2025-08-27 15:31:13
S001049,Season Ticket Renewal,True,True,False,False,2025-06-07 12:41:59
S000578,Champions League Hospitality,True,True,False,False,2025-09-14 10:08:47
S002284,Season Ticket Renewal,True,False,False,False,2025-09-16 00:19:30
S002796,International Fan Club,True,False,False,False,2025-01-09 00:57:13
S003693,Membership Drive,True,True,False,False,2025-05-18 05:02:04
S000039,Champions League Hospitality,True,False,False,False,2025-08-27 04:41:10
S000487,Champions League Hospitality,True,True,False,False,2025-08-23 11:40:12
S003033,Black Friday Store,True,True,False,False,2025-09-18 09:13:41
S003357,Black Friday Store,True,False,False,False,2025-03-03 16:01:59
S000163,Champions League Hospitality,True,True,False,False,2025-09-15 18:09:39
S001318,New Home Kit Launch,True,False,False,False,2025-08-04 02:37:25
S002153,International Fan Club,True,False,False,False,2024-09-22 14:56:24
S003793,Matchday Ticket Alert,True,True,True,False,2025-04-20 02:58:19
S002300,Black Friday Store,True,False,False,False,2025-07-19 00:47:54
S000415,New Home Kit Launch,True,False,False,False,2024-12-15 09:21:35
S003494,International Fan Club,True,False,False,False,2025-09-09 01:55:09
S004697,Champions League Hospitality,True,True,True,False,2025-08-26 08:46:37
S000129,International Fan Club,True,True,True,True,2025-03-11 04:55:26
S002196,Re-engagement Winback,True,False,False,False,2025-04-07 11:10:03
S002677,Season Ticket Renewal,True,True,False,False,2025-08-23 18:05:26
S001536,Black Friday Store,True,True,True,False,2025-09-04 10:43:24
S002574,Matchday Ticket Alert,True,False,False,False,2025-07-09 11:00:59
S002319,Matchday Ticket Alert,True,True,False,False,2025-08-22 19:32:25
S003990,Season Ticket Renewal,True,False,False,False,2025-09-19 02:59:48
S001415,Stadium Tour Promo,True,False,False,False,2025-09-03 10:27:48
S004229,Membership Drive,True,True,False,False,2025-08-13 18:38:04
S001756,Re-engagement Winback,True,True,False,False,2025-09-10 22:48:59
S002580,Matchday Ticket Alert,True,False,False,False,2025-09-10 01:24:25
S000479,Re-engagement Winback,True,False,False,False,2025-08-29 05:38:00
S004732,Matchday Ticket Alert,True,False,False,False,2025-05-28 11:51:56
S004947,Season Ticket Renewal,True,False,False,False,2024-12-06 12:45:17
S002456,Champions League Hospitality,True,False,False,False,2025-08-22 10:03:21
S000776,Stadium Tour Promo,True,True,True,False,2025-07-02 09:55:34
S002541,Matchday Ticket Alert,True,False,False,False,2025-02-11 19:02:45
S004689,Re-engagement Winback,True,False,False,False,2025-09-08 07:36:57
S000405,Membership Drive,True,False,False,False,2025-09-18 19:23:10
S001002,Re-engagement Winback,True,False,False,False,2025-03-10 23:15:19
S001815,Matchday Ticket Alert,True,True,False,False,2025-08-30 05:43:15
S002503,Stadium Tour Promo,True,False,False,False,2025-09-05 13:45:59
S000592,Champions League Hospitality,True,True,True,False,2025-03-02 19:27:49
S001158,International Fan Club,True,True,False,False,2025-09-09 20:35:52
S004081,Champions League Hospitality,True,False,False,False,2025-08-26 19:04:19
S001165,Re-engagement Winback,True,True,False,False,2024-09-24 21:36:34
S001772,Champions League Hospitality,True,False,False,False,2024-11-30 08:44:24
S004214,Stadium Tour Promo,True,False,False,False,2025-08-27 23:15:22
S001195,Matchday Ticket Alert,True,False,False,False,2025-03-30 01:48:16
S000417,Membership Drive,True,False,False,False,2025-04-02 20:15:03
S002006,Re-engagement Winback,True,False,False,False,2025-09-14 03:21:45
S002535,Membership Drive,True,False,False,False,2025-03-22 10:13:41
S003265,Re-engagement Winback,True,False,False,False,2025-04-13 12:34:41
S001675,International Fan Club,True,False,False,False,2024-09-30 13:15:30
S004413,Stadium Tour Promo,True,False,False,False,2025-01-24 00:13:50
S002616,Membership Drive,True,True,True,False,2025-07-01 16:46:55
S001353,Membership Drive,True,False,False,False,2025-06-24 08:17:46
S004305,Membership Drive,True,False,False,False,2025-04-30 12:56:03
S002193,Re-engagement Winback,True,True,True,True,2025-09-06 15:41:58
S001515,Champions League Hospitality,True,False,False,False,2024-09-26 22:17:36
S003779,Re-engagement Winback,True,True,False,False,2025-09-15 00:58:56
S003340,Season Ticket Renewal,True,False,False,False,2025-02-14 04:21:37
S003278,Membership Drive,True,False,False,False,2024-12-25 06:23:14
S003123,International Fan Club,True,True,False,False,2025-08-14 23:00:31
S001078,Stadium Tour Promo,True,True,True,False,2025-09-08 00:48:51
S004681,Season Ticket Renewal,True,True,False,False,2025-09-06 22:20:57
S004109,Re-engagement Winback,True,False,False,False,2025-09-02 08:03:33
S000877,Membership Drive,True,False,False,False,2025-09-08 14:03:34
S002132,New Home Kit Launch,True,False,False,False,2024-12-26 10:07:16
S002231,Re-engagement Winback,True,False,False,False,2025-09-17 21:39:55
S002263,Black Friday Store,True,False,False,False,2024-11-24 01:49:52
S000853,Black Friday Store,True,True,True,False,2025-09-07 20:59:05
S003381,Matchday Ticket Alert,True,True,True,False,2024-11-07 01:48:25
S001069,Membership Drive,True,True,True,False,2025-09-11 10:49:10
S004346,International Fan Club,True,False,False,False,2025-08-01 07:45:19
S000962,Membership Drive,True,False,False,False,2025-09-19 20:02:23
S004332,International Fan Club,True,True,True,False,2025-08-22 08:39:03
S000577,Membership Drive,True,True,False,False,2025-06-16 03:54:08
S000865,Membership Drive,True,False,False,False,2025-02-12 16:03:01
S001902,Re-engagement Winback,True,False,False,False,2025-02-10 19:41:01
S001154,New Home Kit Launch,True,True,True,False,2025-08-28 11:10:48
S002933,New Home Kit Launch,True,False,False,False,2025-09-02 05:13:46
S003638,International Fan Club,True,False,False,False,2025-02-22 11:35:40
S003660,New Home Kit Launch,True,True,True,True,2025-09-20 11:38:29
S003705,New Home Kit Launch,True,True,False,False,2025-05-26 11:47:57
S002597,Season Ticket Renewal,True,False,False,False,2025-03-26 00:18:21
S001294,Stadium Tour Promo,True,False,False,False,2025-08-25 07:38:17
S003137,Stadium Tour Promo,True,True,False,False,2025-09-04 21:25:34
S000731,Membership Drive,True,False,False,False,2025-09-07 14:43:02
S000653,Stadium Tour Promo,True,False,False,False,2025-05-05 01:41:12
S001017,Matchday Ticket Alert,True,True,False,False,2025-09-10 16:02:37
S004730,Re-engagement Winback,True,True,False,False,2025-02-04 12:04:02
S000128,New Home Kit Launch,True,False,False,False,2025-08-30 07:52:18
S004788,Season Ticket Renewal,True,False,False,False,2025-03-15 02:15:36
S004313,Champions League Hospitality,True,False,False,False,2025-09-16 11:15:51
S002946,Membership Drive,True,True,False,False,2025-07-27 05:02:02
S003117,International Fan Club,True,False,False,False,2024-10-16 14:34:06
S002026,International Fan Club,True,False,False,False,2024-10-04 22:56:44
S000047,International Fan Club,True,False,False,False,2025-02-20 17:48:43
S001796,Membership Drive,True,False,False,False,2025-01-10 05:11:00
S001534,International Fan Club,True,True,False,False,2025-09-06 04:29:18
S004833,New Home Kit Launch,True,True,False,False,2025-08-23 09:41:51
S000131,New Home Kit Launch,True,True,False,False,2024-10-20 01:43:46
S000966,Season Ticket Renewal,True,True,True,True,2025-08-30 10:29:55
S004232,New Home Kit Launch,True,False,False,False,2025-05-15 11:56:35
S002568,Membership Drive,True,False,False,False,2025-01-29 10:45:43
S003137,New Home Kit Launch,True,False,False,False,2025-09-08 13:16:22
S002504,Season Ticket Renewal,True,False,False,False,2025-04-23 17:22:41
S000914,International Fan Club,True,True,True,True,2025-01-05 16:37:16
S004861,Stadium Tour Promo,True,True,False,False,2024-10-11 15:39:51
S004937,Matchday Ticket Alert,True,False,False,False,2025-03-02 03:30:26
S001235,Membership Drive,True,False,False,False,2025-03-08 09:18:42
S002752,Matchday Ticket Alert,True,False,False,False,2025-09-09 18:23:02
S000158,Black Friday Store,True,True,False,False,2025-09-09 08:32:51
S000258,Season Ticket Renewal,True,False,False,False,2024-09-25 20:08:31
S004978,New Home Kit Launch,True,True,False,False,2025-06-20 12:33:32
S004238,Black Friday Store,True,False,False,False,2025-09-04 08:38:17
S004556,Matchday Ticket Alert,True,True,True,False,2025-08-23 19:40:14
S004873,Re-engagement Winback,True,True,True,False,2025-08-23 01:50:56
S002202,Stadium Tour Promo,True,True,False,False,2025-06-06 20:58:41
S003565,New Home Kit Launch,True,True,False,False,2024-11-16 07:17:14
S003285,Season Ticket Renewal,True,False,False,False,2025-03-05 04:00:45
S001048,Black Friday Store,True,True,False,False,2025-09-04 11:04:43
S002790,Black Friday Store,True,True,False,False,2025-05-25 18:07:08
S001036,Membership Drive,True,False,False,False,2025-09-08 21:44:19
S002984,Matchday Ticket Alert,True,False,False,False,2025-08-23 14:09:49
S001982,Matchday Ticket Alert,True,False,False,False,2025-06-07 20:21:02
S003443,Matchday Ticket Alert,True,False,False,False,2025-08-27 21:49:20
S002270,Champions League Hospitality,True,False,False,False,2025-04-25 10:32:25
S003427,International Fan Club,True,False,False,False,2024-12-15 00:27:46
S000419,Black Friday Store,True,False,False,False,2025-09-02 17:35:40
S004616,Re-engagement Winback,True,False,False,False,2025-09-08 17:31:52
S003677,Re-engagement Winback,True,False,False,False,2024-10-13 16:51:38
S003711,Stadium Tour Promo,True,True,False,False,2025-09-09 21:24:06
S004906,Black Friday Store,True,True,True,False,2025-09-18 11:26:31
S000466,Re-engagement Winback,True,False,False,False,2025-01-09 01:34:55
S004379,Stadium Tour Promo,True,True,False,False,2025-09-17 16:31:09
S001228,Black Friday Store,True,True,False,False,2025-03-21 10:56:47
S003228,Season Ticket Renewal,True,False,False,False,2025-08-30 11:54:35
S000607,Matchday Ticket Alert,True,False,False,False,2025-07-13 16:25:42
S004000,New Home Kit Launch,True,False,False,False,2025-05-19 18:46:55
S002906,Membership Drive,True,False,False,False,2024-11-28 15:48:18
S004410,Champions League Hospitality,True,True,True,True,2025-09-05 05:36:51
S000097,New Home Kit Launch,True,False,False,False,2024-12-28 19:18:28
S001376,Black Friday Store,True,False,False,False,2024-09-26 20:30:13
S001966,Champions League Hospitality,True,False,False,False,2025-08-24 07:15:37
S004743,Champions League Hospitality,True,False,False,False,2025-09-12 04:22:44
S004808,Champions League Hospitality,True,True,True,False,2025-09-06 23:21:12
S003317,Stadium Tour Promo,True,False,False,False,2024-12-27 12:11:38
S001558,Black Friday Store,True,False,False,False,2025-08-24 03:16:33
S004233,Membership Drive,True,True,False,False,2024-11-03 22:59:30
S001068,Black Friday Store,True,False,False,False,2024-11-22 05:12:08
S002843,Membership Drive,True,True,False,False,2025-03-03 15:41:56
S003695,Champions League Hospitality,True,False,False,False,2025-06-24 20:44:29
S000633,Stadium Tour Promo,True,False,False,False,2025-06-22 12:06:20
S002384,Stadium Tour Promo,True,False,False,False,2025-06-15 20:53:12
S001352,Re-engagement Winback,True,False,False,False,2025-06-05 10:19:29
S001946,Champions League Hospitality,True,True,False,False,2025-09-04 22:01:39
S000249,Champions League Hospitality,True,True,False,False,2025-03-05 01:34:57
S002370,Re-engagement Winback,True,False,False,False,2025-09-13 06:51:15
S001378,Champions League Hospitality,True,True,False,False,2025-09-13 17:55:44
S001995,Membership Drive,True,False,False,False,2024-10-23 21:42:48
S002338,Re-engagement Winback,True,False,False,False,2025-04-24 21:47:17
S001524,International Fan Club,True,False,False,False,2024-11-03 17:25:42
S004701,International Fan Club,True,False,False,False,2025-08-22 11:27:08
S001583,Re-engagement Winback,True,False,False,False,2025-09-11 11:13:10
S003779,Matchday Ticket Alert,True,True,False,False,2025-09-07 13:50:56
S000982,Membership Drive,True,False,False,False,2024-12-20 22:56:14
S003676,Season Ticket Renewal,True,True,False,False,2025-03-15 15:01:40
S000066,Season Ticket Renewal,True,True,False,False,2024-11-18 14:48:11
S002480,Membership Drive,True,True,True,True,2025-01-29 10:08:18
S004757,Season Ticket Renewal,True,False,False,False,2025-03-29 13:22:59
S003428,International Fan Club,True,True,True,False,2025-09-20 00:10:14
S000174,New Home Kit Launch,True,True,False,False,2025-04-30 14:30:15
S000927,Black Friday Store,True,True,False,False,2025-09-11 00:06:17
S001853,Membership Drive,True,False,False,False,2025-06-10 21:45:42
S001763,New Home Kit Launch,True,False,False,False,2025-06-13 10:15:15
S003246,New Home Kit Launch,True,False,False,False,2025-05-07 00:22:13
S000266,International Fan Club,True,False,False,False,2025-09-16 22:37:48
S004954,New Home Kit Launch,True,False,False,False,2025-09-15 20:34:30
S001328,Matchday Ticket Alert,True,False,False,False,2024-10-08 23:17:20
S004322,Matchday Ticket Alert,True,True,False,False,2025-02-03 22:28:11
S004919,Season Ticket Renewal,True,True,True,False,2025-09-02 09:50:24
S001746,Stadium Tour Promo,True,True,False,False,2025-08-30 21:45:39
S001481,International Fan Club,True,False,False,False,2025-06-03 09:51:36
S000426,International Fan Club,True,True,True,False,2024-10-16 11:34:36
S003467,Matchday Ticket Alert,True,True,False,False,2024-10-23 21:51:54
S001452,Champions League Hospitality,True,False,False,False,2024-11-02 19:49:49
S001571,International Fan Club,True,True,True,False,2025-08-30 05:53:44
S000594,Season Ticket Renewal,True,True,False,False,2025-09-10 05:33:12
S002184,International Fan Club,True,False,False,False,2025-08-25 18:03:03
S003820,Matchday Ticket Alert,True,False,False,False,2024-11-12 13:40:41
S000504,Membership Drive,True,True,False,False,2025-09-15 04:08:11
S000165,Matchday Ticket Alert,True,False,False,False,2025-08-25 17:29:56
S002472,International Fan Club,True,False,False,False,2025-09-19 15:53:50
S002792,Re-engagement Winback,True,True,False,False,2025-04-16 16:46:46
S004594,Champions League Hospitality,True,True,False,False,2025-08-12 17:48:38
S004980,Champions League Hospitality,True,True,True,False,2025-08-29 01:45:38
S001124,Season Ticket Renewal,True,True,False,False,2025-09-03 04:16:15
S002885,International Fan Club,True,False,False,False,2025-07-22 14:46:09
S002546,Matchday Ticket Alert,True,False,False,False,2025-08-05 23:20:58
S002309,Champions League Hospitality,True,True,False,False,2025-08-02 08:29:11
S002648,Black Friday Store,True,False,False,False,2025-08-27 01:19:39
S004992,Season Ticket Renewal,True,False,False,False,2025-07-13 22:27:03
S004941,Champions League Hospitality,True,False,False,False,2024-11-26 01:42:08
S003346,Stadium Tour Promo,True,True,False,False,2025-08-30 13:36:29
S000667,Champions League Hospitality,True,False,False,False,2025-09-11 01:53:45
S002206,Stadium Tour Promo,True,False,False,False,2025-02-04 15:02:37
S001213,Champions League Hospitality,True,False,False,False,2025-09-04 13:05:39
S001752,Black Friday Store,True,True,False,False,2025-09-19 04:07:29
S000240,Season Ticket Renewal,True,True,False,False,2024-09-30 06:21:41
S001840,Champions League Hospitality,True,False,False,False,2025-09-08 02:46:02
S004202,New Home Kit Launch,True,False,False,False,2025-05-12 01:25:44
S000919,Membership Drive,True,False,False,False,2025-06-06 20:57:25
S001049,New Home Kit Launch,True,False,False,False,2025-07-15 19:22:52
S004478,Re-engagement Winback,True,False,False,False,2025-09-10 10:20:39
S002551,Black Friday Store,True,True,False,False,2025-04-10 11:31:41
S001748,New Home Kit Launch,True,False,False,False,2025-03-02 23:21:14
S003479,Champions League Hospitality,True,False,False,False,2025-08-02 02:21:18
S001868,Membership Drive,True,False,False,False,2025-05-20 20:02:32
S004158,Season Ticket Renewal,True,False,False,False,2025-09-18 20:53:40
S002881,Stadium Tour Promo,True,False,False,False,2024-09-23 20:01:09
S001887,Black Friday Store,True,False,False,False,2025-09-03 07:50:31
S001705,Membership Drive,True,False,False,False,2025-03-22 03:09:58
S004018,International Fan Club,True,False,False,False,2025-02-22 09:24:25
S004664,Matchday Ticket Alert,True,False,False,False,2025-01-02 09:18:12
S003212,Champions League Hospitality,True,True,False,False,2025-04-16 09:18:49
S003696,New Home Kit Launch,True,False,False,False,2025-03-10 16:13:57
S001541,Season Ticket Renewal,True,True,True,False,2025-02-05 06:30:26
S004136,International Fan Club,True,False,False,False,2025-09-06 03:17:34
S001961,New Home Kit Launch,True,False,False,False,2025-09-19 18:40:49
S003942,Season Ticket Renewal,True,True,False,False,2025-09-07 16:27:50
S004048,New Home Kit Launch,True,False,False,False,2025-07-10 05:51:18
S003538,Membership Drive,True,False,False,False,2025-09-01 19:38:34
S003045,Black Friday Store,True,False,False,False,2025-09-03 12:44:21
S003967,Stadium Tour Promo,True,False,False,False,2025-01-10 00:09:30
S004282,Matchday Ticket Alert,True,False,False,False,2024-12-10 02:08:29
S001631,Champions League Hospitality,True,False,False,False,2025-08-29 15:41:57
S004221,Season Ticket Renewal,True,False,False,False,2025-01-25 15:25:58
S000234,International Fan Club,True,True,False,False,2025-08-26 13:29:03
S000919,Season Ticket Renewal,True,True,True,True,2025-09-15 10:09:31
S004497,New Home Kit Launch,True,True,False,False,2025-08-25 20:22:14
S002093,New Home Kit Launch,True,False,False,False,2025-08-31 22:02:35
S001147,Black Friday Store,True,True,True,True,2025-05-18 13:39:49
S002232,International Fan Club,True,True,False,False,2025-04-12 04:01:28
S002403,Stadium Tour Promo,True,False,False,False,2025-03-26 02:44:57
S003926,Champions League Hospitality,True,False,False,False,2025-09-04 22:14:47
S002170,Membership Drive,True,False,False,False,2025-05-16 21:33:49
S001229,Champions League Hospitality,True,False,False,False,2024-12-04 23:45:38
S001470,Matchday Ticket Alert,True,False,False,False,2025-09-17 04:17:44
S000634,Champions League Hospitality,True,False,False,False,2025-09-20 09:56:33
S000876,Season Ticket Renewal,True,True,False,False,2025-07-13 14:36:21
S004040,Matchday Ticket Alert,True,False,False,False,2024-10-14 23:27:45
S003957,Matchday Ticket Alert,True,False,False,False,2025-08-26 03:26:19
S003119,Membership Drive,True,False,False,False,2025-03-29 04:38:05
S000853,Matchday Ticket Alert,True,True,False,False,2025-09-12 07:15:57
S000724,Black Friday Store,True,False,False,False,2025-09-19 12:19:52
S004747,Champions League Hospitality,True,False,False,False,2025-06-10 22:09:30
S002062,New Home Kit Launch,True,False,False,False,2025-08-23 05:10:15
S002662,New Home Kit Launch,True,True,False,False,2024-10-15 06:50:23
S000639,Stadium Tour Promo,True,False,False,False,2025-05-23 23:26:08
S003815,Membership Drive,True,True,False,False,2024-10-30 07:12:51
S001198,New Home Kit Launch,True,True,True,False,2025-09-13 00:39:57
S003117,Champions League Hospitality,True,True,False,False,2025-09-07 16:31:54
S001336,Matchday Ticket Alert,True,True,True,False,2025-09-12 01:25:03
S001427,Black Friday Store,True,True,False,False,2025-09-10 04:53:53
S000213,International Fan Club,True,False,False,False,2025-09-15 11:27:59
S000232,Stadium Tour Promo,True,True,False,False,2024-10-12 16:37:11
S002084,New Home Kit Launch,True,False,False,False,2024-12-28 22:25:20
S000394,Champions League Hospitality,True,True,True,True,2024-10-21 17:57:29
S000404,Black Friday Store,True,False,False,False,2025-07-24 08:01:37
S001688,Season Ticket Renewal,True,False,False,False,2025-07-11 12:35:47
S003569,Stadium Tour Promo,True,True,False,False,2025-04-20 10:07:50
S003572,Champions League Hospitality,True,False,False,False,2024-10-16 03:54:24
S004735,Champions League Hospitality,True,False,False,False,2025-08-23 05:20:44
S004224,Black Friday Store,True,False,False,False,2024-10-17 17:55:16
S002572,Black Friday Store,True,True,False,False,2024-09-24 01:20:42
S000659,Membership Drive,True,False,False,False,2024-09-25 22:38:59
S003454,Re-engagement Winback,True,True,False,False,2025-08-29 09:25:36
S000091,Membership Drive,True,True,False,False,2025-08-25 03:02:06
S000551,Re-engagement Winback,True,False,False,False,2025-06-09 20:35:36
S004263,Stadium Tour Promo,True,True,True,True,2025-05-07 21:58:23
S002518,Black Friday Store,True,False,False,False,2025-08-30 16:46:48
S004712,Matchday Ticket Alert,True,False,False,False,2024-12-05 05:53:51
S003100,Membership Drive,True,True,False,False,2024-11-25 15:52:36
S003658,Matchday Ticket Alert,True,False,False,False,2025-06-02 05:18:44
S000255,New Home Kit Launch,True,False,False,False,2025-04-13 10:05:58
S004384,Membership Drive,True,False,False,False,2025-01-06 18:28:07
S000121,Membership Drive,True,True,True,False,2025-06-28 09:29:13
S000674,Membership Drive,True,True,True,True,2025-07-29 09:39:07
S004914,Stadium Tour Promo,True,True,True,False,2025-05-17 02:25:08
S002883,Champions League Hospitality,True,False,False,False,2024-09-30 02:04:17
S000042,International Fan Club,True,True,False,False,2024-12-16 12:56:36
S002543,Season Ticket Renewal,True,False,False,False,2025-02-10 15:10:14
S000657,Matchday Ticket Alert,True,True,False,False,2025-09-10 03:05:33
S002039,Membership Drive,True,True,False,False,2025-09-17 18:02:54
S001532,Membership Drive,True,True,False,False,2025-02-26 07:32:43
S000989,Champions League Hospitality,True,False,False,False,2024-12-05 22:12:50
S001146,International Fan Club,True,False,False,False,2025-09-14 23:46:07
S002774,Stadium Tour Promo,True,False,False,False,2025-03-01 19:36:27
S004874,Stadium Tour Promo,True,True,True,False,2025-08-14 21:11:17
S001915,Re-engagement Winback,True,True,False,False,2025-08-28 06:21:28
S002351,Re-engagement Winback,True,False,False,False,2025-09-08 07:14:54
S003667,Stadium Tour Promo,True,True,False,False,2025-09-02 13:35:28
S003203,Black Friday Store,True,True,False,False,2024-12-05 21:31:12
S000762,Matchday Ticket Alert,True,True,True,True,2025-01-10 21:43:41
S004192,Membership Drive,True,False,False,False,2025-08-23 11:26:42
S000725,Champions League Hospitality,True,True,False,False,2025-09-10 13:15:03
S003881,International Fan Club,True,False,False,False,2025-02-04 15:35:11
S002492,Stadium Tour Promo,True,False,False,False,2025-07-17 10:56:19
S002429,Membership Drive,True,False,False,False,2025-09-01 20:48:13
S002468,Stadium Tour Promo,True,False,False,False,2025-08-24 00:22:10
S004240,Matchday Ticket Alert,True,False,False,False,2025-09-04 21:47:26
S000313,Membership Drive,True,False,False,False,2025-03-24 09:34:10
S002090,Stadium Tour Promo,True,False,False,False,2025-05-09 07:10:57
S000388,Matchday Ticket Alert,True,True,True,True,2024-10-06 18:26:40
S004428,Membership Drive,True,False,False,False,2025-08-30 14:30:25
S000626,International Fan Club,True,True,False,False,2025-09-08 15:02:19
S003051,Stadium Tour Promo,True,True,True,False,2025-09-04 16:13:09
S001762,Membership Drive,True,False,False,False,2024-09-22 03:04:10
S003105,New Home Kit Launch,True,True,False,False,2024-10-30 14:22:11
S003886,Season Ticket Renewal,True,False,False,False,2025-09-16 06:36:15
S001979,International Fan Club,True,False,False,False,2025-06-03 21:26:13
S001226,Matchday Ticket Alert,True,True,False,False,2025-06-19 17:15:50
S000962,Membership Drive,True,False,False,False,2025-08-18 00:22:51
S000487,Champions League Hospitality,True,False,False,False,2025-04-28 14:00:27
S003984,Membership Drive,True,False,False,False,2025-02-05 11:52:20
S000820,New Home Kit Launch,True,False,False,False,2025-08-31 21:34:01
S001854,Matchday Ticket Alert,True,True,False,False,2025-02-01 03:55:04
S003541,New Home Kit Launch,True,False,False,False,2025-08-24 12:17:25
S004629,Champions League Hospitality,True,True,False,False,2025-08-11 04:03:19
S004712,Membership Drive,True,False,False,False,2025-05-28 17:41:29
S003445,International Fan Club,True,False,False,False,2025-08-31 18:27:23
S001629,Matchday Ticket Alert,True,False,False,False,2024-11-23 02:40:07
S003936,Black Friday Store,True,True,True,False,2025-09-03 10:45:22
S003593,New Home Kit Launch,True,False,False,False,2025-09-19 15:49:26
S002286,Stadium Tour Promo,True,False,False,False,2025-02-26 03:17:37
S002720,Matchday Ticket Alert,True,True,True,True,2025-09-13 00:58:50
S002358,Membership Drive,True,True,False,False,2025-08-22 13:38:15
S001565,Black Friday Store,True,False,False,False,2025-01-03 10:14:05
S002452,Black Friday Store,True,False,False,False,2025-09-09 05:20:12
S002185,Stadium Tour Promo,True,False,False,False,2025-09-07 23:25:09
S001193,Champions League Hospitality,True,False,False,False,2025-08-25 11:51:48
S002774,Stadium Tour Promo,True,False,False,False,2025-06-01 17:38:36
S000753,Matchday Ticket Alert,True,False,False,False,2025-04-15 15:13:23
S004446,Re-engagement Winback,True,False,False,False,2025-09-02 10:14:50
S004083,Re-engagement Winback,True,True,False,False,2025-04-04 11:55:40
S001086,International Fan Club,True,False,False,False,2025-09-01 15:16:19
S002205,New Home Kit Launch,True,True,False,False,2025-01-08 02:40:20
S001280,Stadium Tour Promo,True,True,False,False,2025-02-28 21:40:38
S001974,Champions League Hospitality,True,False,False,False,2025-02-21 20:19:09
S003812,New Home Kit Launch,True,True,True,False,2025-08-27 10:19:31
S000559,New Home Kit Launch,True,False,False,False,2024-09-28 20:44:54
S004720,Champions League Hospitality,True,False,False,False,2025-06-08 07:57:09
S000594,Black Friday Store,True,False,False,False,2025-09-16 08:01:06
S000377,International Fan Club,True,True,False,False,2025-08-28 01:55:38
S000771,Membership Drive,True,False,False,False,2024-10-27 20:10:19
S002606,Matchday Ticket Alert,True,False,False,False,2025-06-06 02:07:08
S000845,Champions League Hospitality,True,False,False,False,2025-03-29 23:00:38
S001077,International Fan Club,True,True,False,False,2025-09-09 01:44:44
S002454,Membership Drive,True,True,False,False,2025-07-27 08:36:24
S000641,Black Friday Store,True,True,False,False,2025-09-14 02:51:29
S002758,International Fan Club,True,False,False,False,2025-09-02 17:50:50
S003524,Black Friday Store,True,True,False,False,2025-07-25 05:52:26
S002717,New Home Kit Launch,True,False,False,False,2025-06-14 00:29:29
S002826,International Fan Club,True,False,False,False,2025-06-01 08:00:42
S001526,Stadium Tour Promo,True,True,True,False,2025-06-13 19:30:46
S004335,Matchday Ticket Alert,True,True,False,False,2025-09-15 08:11:05
S004042,New Home Kit Launch,True,False,False,False,2025-08-27 10:51:21
S001119,Black Friday Store,True,True,False,False,2025-08-26 12:20:03
S001879,Membership Drive,True,False,False,False,2024-11-03 17:55:45
S003672,Black Friday Store,True,True,True,False,2025-09-06 07:14:36
S002714,Champions League Hospitality,True,False,False,False,2025-09-12 04:47:05
S003174,Season Ticket Renewal,True,True,False,False,2025-06-29 18:06:25
S003273,Black Friday Store,True,False,False,False,2025-01-24 19:00:48
S002786,Stadium Tour Promo,True,True,False,False,2024-10-28 13:25:40
S004078,Membership Drive,True,True,False,False,2025-07-11 05:14:37
S000848,Re-engagement Winback,True,True,False,False,2025-06-10 16:11:20
S003174,Stadium Tour Promo,True,True,False,False,2025-09-01 01:54:51
S000846,Black Friday Store,True,False,False,False,2025-08-26 11:51:54
S004901,International Fan Club,True,True,True,False,2025-09-01 15:45:48
S002547,Stadium Tour Promo,True,False,False,False,2025-01-01 05:26:55
S003915,Re-engagement Winback,True,False,False,False,2025-09-07 18:25:47
S004145,Champions League Hospitality,True,False,False,False,2025-09-05 21:33:53
S003235,Re-engagement Winback,True,False,False,False,2025-09-06 11:41:51
S003865,Season Ticket Renewal,True,False,False,False,2025-06-29 22:00:33
S000173,Black Friday Store,True,False,False,False,2025-05-04 07:15:06
S000151,New Home Kit Launch,True,True,False,False,2024-10-16 18:04:34
S002898,Stadium Tour Promo,True,True,False,False,2025-09-19 06:28:19
S004325,Season Ticket Renewal,True,True,False,False,2025-03-09 11:14:17
S004672,New Home Kit Launch,True,True,True,True,2025-01-13 21:23:07
S002410,Membership Drive,True,False,False,False,2025-06-01 04:16:47
S002549,Matchday Ticket Alert,True,False,False,False,2025-08-07 06:48:07
S004452,Stadium Tour Promo,True,True,False,False,2025-08-25 23:54:27
S000475,Stadium Tour Promo,True,True,False,False,2025-09-07 02:35:54
S001643,Membership Drive,True,True,False,False,2025-09-02 19:00:51
S004460,Stadium Tour Promo,True,False,False,False,2024-10-19 00:48:01
S002325,Champions League Hospitality,True,True,False,False,2025-06-06 08:04:54
S000116,Membership Drive,True,False,False,False,2025-06-15 22:41:26
S003681,Season Ticket Renewal,True,False,False,False,2025-09-14 00:51:44
S002817,Stadium Tour Promo,True,True,False,False,2025-08-24 08:00:41
S002991,Membership Drive,True,False,False,False,2025-03-16 23:04:51
S003400,New Home Kit Launch,True,False,False,False,2024-11-13 07:23:49
S004944,Season Ticket Renewal,True,False,False,False,2025-08-30 23:55:29
S003485,Champions League Hospitality,True,False,False,False,2025-09-01 12:52:26
S004275,International Fan Club,True,False,False,False,2025-09-16 11:44:50
S001419,Season Ticket Renewal,True,False,False,False,2025-08-24 14:22:18
S002600,New Home Kit Launch,True,False,False,False,2024-10-19 08:04:50
S002028,Re-engagement Winback,True,False,False,False,2024-10-07 09:58:25
S001572,Champions League Hospitality,True,False,False,False,2025-09-03 02:21:17
S004080,Stadium Tour Promo,True,False,False,False,2025-05-08 00:38:10
S003317,Black Friday Store,True,False,False,False,2024-12-28 07:49:06
S004149,Season Ticket Renewal,True,False,False,False,2025-09-12 17:02:53
S000783,International Fan Club,True,False,False,False,2025-01-26 21:47:12
S000908,Black Friday Store,True,False,False,False,2025-09-16 13:55:51
S003003,Re-engagement Winback,True,False,False,False,2025-09-20 09:34:46
S000632,Matchday Ticket Alert,True,False,False,False,2025-07-12 07:24:47
S000740,International Fan Club,True,False,False,False,2024-10-05 09:19:07
S001218,Season Ticket Renewal,True,False,False,False,2025-09-06 17:35:27
S001042,Stadium Tour Promo,True,True,False,False,2025-08-26 18:21:30
S002473,Season Ticket Renewal,True,True,False,False,2025-06-15 05:16:13
S003969,Champions League Hospitality,True,False,False,False,2025-09-01 04:09:24
S000929,Champions League Hospitality,True,True,False,False,2025-04-19 05:33:37
S003370,Stadium Tour Promo,True,False,False,False,2025-06-09 17:21:00
S002429,Membership Drive,True,True,False,False,2025-09-17 14:59:38
S003137,Season Ticket Renewal,True,True,False,False,2025-09-10 02:16:36
S000920,Season Ticket Renewal,True,False,False,False,2025-06-27 02:10:30
S001730,New Home Kit Launch,True,True,False,False,2025-04-04 23:08:10
S002190,Season Ticket Renewal,True,False,False,False,2025-07-23 02:35:00
S002579,Stadium Tour Promo,True,False,False,False,2025-08-26 22:14:43
S003999,Matchday Ticket Alert,True,False,False,False,2024-10-05 12:51:39
S002229,Stadium Tour Promo,True,False,False,False,2025-09-06 19:02:59
S001995,International Fan Club,True,False,False,False,2024-11-08 06:09:29
S004334,Stadium Tour Promo,True,True,True,False,2025-09-03 03:05:45
S000481,Membership Drive,True,False,False,False,2024-10-08 15:02:56
S002119,International Fan Club,True,True,False,False,2025-08-30 00:55:35
S003311,Matchday Ticket Alert,True,True,False,False,2025-08-28 13:38:40
S002595,International Fan Club,True,False,False,False,2025-08-26 21:22:12
S001107,Matchday Ticket Alert,True,False,False,False,2025-04-17 17:31:47
S001413,Season Ticket Renewal,True,False,False,False,2025-08-31 12:04:34
S000787,New Home Kit Launch,True,True,True,False,2025-09-03 07:27:50
S003906,Membership Drive,True,True,False,False,2025-08-01 15:26:24
S004378,Champions League Hospitality,True,True,False,False,2025-08-24 02:12:58
S002313,Membership Drive,True,False,False,False,2025-03-06 20:42:48
S004787,New Home Kit Launch,True,True,False,False,2025-05-10 15:29:23
S003192,Champions League Hospitality,True,False,False,False,2025-09-18 18:38:41
S004191,Membership Drive,True,False,False,False,2025-09-17 16:03:58
S002450,Matchday Ticket Alert,True,True,False,False,2025-09-13 07:28:23
S001309,Black Friday Store,True,False,False,False,2025-04-16 06:58:44
S004210,Season Ticket Renewal,True,False,False,False,2025-08-29 21:15:00
S000167,Stadium Tour Promo,True,True,True,False,2025-01-15 01:20:15
S003767,Champions League Hospitality,True,True,False,False,2025-08-29 17:18:08
S001335,Membership Drive,True,True,True,False,2025-09-03 14:20:34
S002577,Black Friday Store,True,False,False,False,2025-04-03 04:13:35
S002479,Re-engagement Winback,True,True,True,False,2025-09-15 15:50:51
S001026,International Fan Club,True,False,False,False,2025-06-12 11:44:28
S004073,Black Friday Store,True,False,False,False,2025-04-26 01:31:03
S002866,Membership Drive,True,True,True,False,2025-07-21 00:34:00
S000835,Stadium Tour Promo,True,False,False,False,2024-11-11 09:10:20
S003916,Stadium Tour Promo,True,False,False,False,2024-12-11 00:18:54
S001226,Matchday Ticket Alert,True,False,False,False,2025-05-31 08:00:48
S000469,Re-engagement Winback,True,False,False,False,2025-07-21 13:15:46
S003864,Season Ticket Renewal,True,False,False,False,2025-09-16 06:46:00
S002459,Stadium Tour Promo,True,False,False,False,2025-03-02 09:02:50
S002173,Champions League Hospitality,True,False,False,False,2025-03-30 22:04:41
S001181,International Fan Club,True,False,False,False,2025-08-28 20:31:18
S001908,New Home Kit Launch,True,True,True,True,2024-12-05 21:15:39
S002829,Matchday Ticket Alert,True,False,False,False,2025-08-27 09:18:39
S002420,Black Friday Store,True,False,False,False,2025-09-19 22:20:13
S000831,Champions League Hospitality,True,True,True,True,2024-10-16 05:41:54
S002802,Champions League Hospitality,True,False,False,False,2025-04-11 18:06:45
S003248,Re-engagement Winback,True,False,False,False,2025-09-20 05:09:18
S001930,Re-engagement Winback,True,False,False,False,2025-09-14 03:04:19
S003211,Matchday Ticket Alert,True,True,True,False,2025-09-14 04:50:23
S002047,Season Ticket Renewal,True,True,False,False,2025-04-01 03:39:05
S001568,Matchday Ticket Alert,True,True,False,False,2025-09-15 21:31:45
S001074,Season Ticket Renewal,True,False,False,False,2025-09-16 11:35:02
S001750,New Home Kit Launch,True,True,True,False,2024-12-01 21:28:07
S001883,Stadium Tour Promo,True,False,False,False,2025-06-18 11:07:10
S000954,Black Friday Store,True,False,False,False,2025-01-23 07:23:35
S002951,Champions League Hospitality,True,False,False,False,2025-09-07 06:49:11
S000309,Champions League Hospitality,True,False,False,False,2025-03-15 23:04:25
S001043,Black Friday Store,True,True,False,False,2025-09-17 00:03:24
S001774,Re-engagement Winback,True,True,False,False,2025-04-23 13:50:18
S001502,New Home Kit Launch,True,True,False,False,2025-09-11 10:03:54
S000292,Membership Drive,True,False,False,False,2025-08-30 22:26:32
S002940,Membership Drive,True,False,False,False,2025-09-10 21:27:18
S003326,Re-engagement Winback,True,True,False,False,2025-08-06 12:55:49
S004277,Re-engagement Winback,True,False,False,False,2025-03-20 06:23:59
S002557,New Home Kit Launch,True,False,False,False,2025-06-30 16:35:16
S000564,International Fan Club,True,False,False,False,2025-07-10 00:57:51
S002452,Champions League Hospitality,True,True,True,False,2025-04-23 03:08:04
S003706,Matchday Ticket Alert,True,False,False,False,2025-08-28 06:29:14
S002377,Champions League Hospitality,True,False,False,False,2024-10-24 13:46:49
S003135,Champions League Hospitality,True,True,True,True,2025-09-01 08:23:14
S004231,Re-engagement Winback,True,True,False,False,2024-10-17 08:40:46
S002648,Champions League Hospitality,True,True,True,False,2025-09-15 06:03:57
S003284,Membership Drive,True,False,False,False,2025-07-06 14:18:49
S002389,Matchday Ticket Alert,True,False,False,False,2025-08-23 00:30:51
S003336,Stadium Tour Promo,True,False,False,False,2024-11-07 14:30:34
S003419,Re-engagement Winback,True,True,False,False,2025-09-03 17:41:18
S003885,Matchday Ticket Alert,True,False,False,False,2024-11-23 09:36:15
S003710,New Home Kit Launch,True,True,False,False,2025-09-05 15:03:26
S000007,Membership Drive,True,False,False,False,2025-02-07 03:10:45
S003854,Season Ticket Renewal,True,False,False,False,2025-05-03 09:22:17
S000848,Champions League Hospitality,True,True,False,False,2024-12-31 14:41:56
S002186,Season Ticket Renewal,True,True,True,False,2025-06-20 10:02:17
S002331,International Fan Club,True,False,False,False,2025-09-15 06:04:48
S002099,Season Ticket Renewal,True,True,False,False,2025-09-10 07:41:01
S000225,Champions League Hospitality,True,False,False,False,2025-08-22 09:43:55
S004007,New Home Kit Launch,True,False,False,False,2025-08-24 05:24:36
S002812,Membership Drive,True,False,False,False,2025-03-15 04:07:14
S003339,Stadium Tour Promo,True,False,False,False,2025-02-08 04:23:20
S001430,International Fan Club,True,False,False,False,2025-02-13 15:27:03
S000655,International Fan Club,True,False,False,False,2024-09-23 06:10:08
S004616,New Home Kit Launch,True,False,False,False,2025-01-21 18:22:59
S000495,Matchday Ticket Alert,True,False,False,False,2025-08-27 03:19:13
S002158,New Home Kit Launch,True,True,False,False,2025-04-16 00:45:27
S000395,Champions League Hospitality,True,False,False,False,2025-08-05 01:45:23
S000114,Re-engagement Winback,True,False,False,False,2024-09-28 07:30:17
S004562,Re-engagement Winback,True,False,False,False,2025-03-09 01:44:38
S000462,Black Friday Store,True,False,False,False,2024-10-20 03:33:57
S004592,Stadium Tour Promo,True,False,False,False,2025-09-14 21:42:53
S000251,Re-engagement Winback,True,False,False,False,2024-11-19 01:59:09
S001978,Season Ticket Renewal,True,True,False,False,2025-09-05 14:25:54
S004875,International Fan Club,True,True,False,False,2025-09-13 07:20:00
S001597,Season Ticket Renewal,True,True,False,False,2025-08-26 02:54:00
S003406,Matchday Ticket Alert,True,False,False,False,2025-06-18 05:59:48
S000097,Re-engagement Winback,True,False,False,False,2024-10-28 02:44:07
S002428,Season Ticket Renewal,True,False,False,False,2025-09-02 16:35:07
S000744,Champions League Hospitality,True,False,False,False,2025-06-14 03:03:37
S003461,Matchday Ticket Alert,True,False,False,False,2025-08-25 02:04:32
S002385,Membership Drive,True,True,True,False,2025-09-11 13:48:22
S002432,Matchday Ticket Alert,True,True,False,False,2025-08-08 17:03:38
S004260,Champions League Hospitality,True,False,False,False,2025-09-06 18:39:49
S004327,Membership Drive,True,True,False,False,2025-08-26 05:01:43
S003192,Champions League Hospitality,True,True,True,False,2025-03-30 02:28:49
S000220,Black Friday Store,True,False,False,False,2025-01-05 06:38:42
S000666,Membership Drive,True,False,False,False,2025-04-10 22:30:01
S001302,Season Ticket Renewal,True,False,False,False,2025-05-29 18:37:36
S003734,Champions League Hospitality,True,False,False,False,2025-06-15 16:11:22
S001728,Membership Drive,True,False,False,False,2024-11-16 13:38:41
S002267,Membership Drive,True,True,True,False,2025-09-05 09:23:17
S004619,Matchday Ticket Alert,True,True,True,False,2025-08-29 10:24:14
S000261,Champions League Hospitality,True,True,False,False,2024-12-04 16:51:07
S004795,Season Ticket Renewal,True,True,False,False,2025-08-20 11:20:41
S000744,Black Friday Store,True,True,False,False,2024-11-15 00:40:12
S000813,Black Friday Store,True,True,False,False,2024-12-15 12:33:04
S001656,Season Ticket Renewal,True,True,False,False,2025-09-02 07:07:59
S002632,Black Friday Store,True,False,False,False,2025-09-12 20:43:07
S003418,Membership Drive,True,False,False,False,2025-09-06 02:36:35
S004271,Matchday Ticket Alert,True,False,False,False,2024-10-20 21:17:58
S004597,Season Ticket Renewal,True,True,True,False,2024-11-05 07:06:42
S000080,Stadium Tour Promo,True,True,False,False,2025-09-14 05:42:15
S003124,Matchday Ticket Alert,True,False,False,False,2025-09-01 11:23:36
S000413,Black Friday Store,True,False,False,False,2025-08-26 15:52:14
S002579,Matchday Ticket Alert,True,False,False,False,2024-09-25 05:08:28
S001320,Re-engagement Winback,True,True,True,False,2025-05-13 13:51:53
S001954,Membership Drive,True,False,False,False,2025-05-24 18:53:00
S000529,New Home Kit Launch,True,False,False,False,2025-09-10 19:33:04
S004166,Matchday Ticket Alert,True,False,False,False,2025-08-25 23:48:48
S002456,Season Ticket Renewal,True,False,False,False,2025-08-24 05:00:51
S000107,Re-engagement Winback,True,True,True,False,2025-08-21 18:43:47
S000040,Matchday Ticket Alert,True,True,False,False,2025-08-22 23:41:22
S002054,Champions League Hospitality,True,True,False,False,2025-01-11 07:10:16
S001749,Re-engagement Winback,True,True,False,False,2025-01-20 19:05:10
S003884,Stadium Tour Promo,True,False,False,False,2025-06-19 04:37:59
S002037,Re-engagement Winback,True,False,False,False,2025-08-31 11:29:51
S003297,Champions League Hospitality,True,False,False,False,2024-10-15 14:27:51
S004857,Black Friday Store,True,True,False,False,2025-08-14 09:47:40
S000949,Matchday Ticket Alert,True,False,False,False,2025-09-12 19:40:27
S001726,Re-engagement Winback,True,False,False,False,2025-01-07 02:59:13
S001368,Matchday Ticket Alert,True,False,False,False,2024-12-30 07:28:29
S004543,Matchday Ticket Alert,True,False,False,False,2025-06-11 11:07:39
S001860,International Fan Club,True,True,False,False,2025-09-06 14:01:05
S001650,Re-engagement Winback,True,False,False,False,2024-10-19 16:34:54
S001294,Re-engagement Winback,True,False,False,False,2025-04-29 21:50:56
S004984,Season Ticket Renewal,True,True,True,False,2024-11-04 04:55:49
S004141,Season Ticket Renewal,True,False,False,False,2025-09-02 22:38:58
S003495,Stadium Tour Promo,True,True,False,False,2025-08-24 06:02:59
S002877,Black Friday Store,True,True,False,False,2025-08-26 05:57:31
S003285,Season Ticket Renewal,True,False,False,False,2024-12-26 11:30:21
S001082,Re-engagement Winback,True,False,False,False,2025-02-21 03:00:09
S003009,Champions League Hospitality,True,True,False,False,2025-08-22 10:05:08
S003503,New Home Kit Launch,True,False,False,False,2025-07-16 11:35:50
S003489,Membership Drive,True,True,True,False,2025-05-20 20:37:50
S001985,Stadium Tour Promo,True,False,False,False,2024-11-18 08:16:29
S001448,Champions League Hospitality,True,False,False,False,2025-09-11 11:37:55
S003906,Champions League Hospitality,True,False,False,False,2024-11-08 09:55:03
S002178,New Home Kit Launch,True,False,False,False,2025-09-09 19:27:04
S001245,Black Friday Store,True,False,False,False,2025-08-08 12:46:46
S001208,Stadium Tour Promo,True,False,False,False,2025-09-18 00:59:03
S002161,Matchday Ticket Alert,True,True,False,False,2025-06-24 13:31:26
S003459,Champions League Hospitality,True,False,False,False,2025-09-04 14:48:24
S003818,Re-engagement Winback,True,True,False,False,2025-08-22 16:04:27
S000210,Black Friday Store,True,False,False,False,2025-08-24 13:04:31
S004750,Champions League Hospitality,True,False,False,False,2025-03-30 13:48:00
S001459,Champions League Hospitality,True,False,False,False,2025-08-31 03:24:42
S000863,Re-engagement Winback,True,False,False,False,2024-10-01 20:35:04
S003780,Black Friday Store,True,False,False,False,2025-04-04 08:04:54
S002478,Matchday Ticket Alert,True,True,False,False,2025-03-05 11:16:33
S001386,New Home Kit Launch,True,True,True,True,2025-08-22 16:12:23
S004605,Re-engagement Winback,True,True,False,False,2025-02-06 05:01:07
S001190,Membership Drive,True,True,False,False,2025-03-17 10:04:05
S001397,Champions League Hospitality,True,False,False,False,2025-01-02 04:41:22
S001210,New Home Kit Launch,True,False,False,False,2025-08-26 17:04:13
S000213,Black Friday Store,True,False,False,False,2025-01-09 11:09:57
S004972,New Home Kit Launch,True,True,True,False,2025-01-23 13:33:45
S004632,New Home Kit Launch,True,True,False,False,2025-06-23 04:40:13
S001091,Champions League Hospitality,True,True,False,False,2025-09-03 05:11:34
S000432,Matchday Ticket Alert,True,False,False,False,2025-09-17 03:29:54
S003180,Matchday Ticket Alert,True,True,True,False,2025-09-08 19:29:09
S002947,Season Ticket Renewal,True,False,False,False,2025-02-12 13:24:24
S002729,Membership Drive,True,False,False,False,2025-07-18 04:14:55
S000527,Matchday Ticket Alert,True,False,False,False,2025-09-18 23:03:43
S002943,New Home Kit Launch,True,False,False,False,2025-03-16 08:09:44
S002704,Season Ticket Renewal,True,False,False,False,2025-09-09 15:20:02
S004289,Membership Drive,True,True,True,False,2025-08-12 11:08:05
S001141,Matchday Ticket Alert,True,False,False,False,2025-02-01 14:20:19
S004415,Season Ticket Renewal,True,False,False,False,2025-09-06 04:11:36
S004080,New Home Kit Launch,True,False,False,False,2024-11-12 06:28:18
S001957,Stadium Tour Promo,True,False,False,False,2025-09-01 01:58:19
S003817,New Home Kit Launch,True,True,False,False,2024-11-26 08:39:59
S001659,Season Ticket Renewal,True,False,False,False,2025-09-13 16:51:51
S000057,Matchday Ticket Alert,True,False,False,False,2025-01-23 22:19:53
S003824,Matchday Ticket Alert,True,False,False,False,2025-01-14 07:02:06
S001790,Stadium Tour Promo,True,True,True,False,2025-04-22 20:39:54
S002399,Membership Drive,True,False,False,False,2025-06-25 06:49:57
S001619,Membership Drive,True,False,False,False,2024-12-17 17:34:47
S001039,Membership Drive,True,True,False,False,2025-07-26 03:05:27
S002794,New Home Kit Launch,True,True,True,False,2025-01-15 14:33:31
S001682,Matchday Ticket Alert,True,False,False,False,2025-04-26 05:33:59
S000858,Stadium Tour Promo,True,False,False,False,2024-10-11 09:44:34
S001408,Season Ticket Renewal,True,True,False,False,2025-09-11 05:13:19
S003503,Season Ticket Renewal,True,False,False,False,2025-08-30 15:37:57
S001403,Black Friday Store,True,False,False,False,2025-03-18 02:23:29
S004464,Membership Drive,True,False,False,False,2025-06-19 11:10:31
S003918,International Fan Club,True,False,False,False,2025-05-05 00:40:21
S001704,New Home Kit Launch,True,False,False,False,2025-09-02 10:35:36
S000279,Black Friday Store,True,False,False,False,2025-09-11 14:40:26
S001885,Season Ticket Renewal,True,True,False,False,2025-09-15 22:48:33
S000993,Black Friday Store,True,False,False,False,2025-09-13 08:53:37
S000304,Champions League Hospitality,True,False,False,False,2025-09-14 01:45:21
S000725,Black Friday Store,True,False,False,False,2025-08-24 16:09:51
S000849,Stadium Tour Promo,True,False,False,False,2025-09-12 21:02:08
S003486,International Fan Club,True,False,False,False,2024-12-30 00:42:18
S004982,Black Friday Store,True,False,False,False,2025-08-19 05:09:41
S002764,Re-engagement Winback,True,False,False,False,2025-04-07 14:59:45
S004003,Season Ticket Renewal,True,False,False,False,2025-05-23 11:26:58
S004065,Stadium Tour Promo,True,True,False,False,2025-05-28 22:44:12
S001653,Membership Drive,True,False,False,False,2025-09-12 03:58:10
S002376,Stadium Tour Promo,True,True,True,False,2025-08-23 10:11:29
S004196,Re-engagement Winback,True,False,False,False,2025-06-26 12:57:04
S001488,Champions League Hospitality,True,True,False,False,2025-05-09 14:50:28
S001884,Champions League Hospitality,True,False,False,False,2024-10-24 15:17:50
S004163,Stadium Tour Promo,True,False,False,False,2025-09-16 05:03:13
S001150,Re-engagement Winback,True,False,False,False,2025-02-02 07:48:25
S000566,Season Ticket Renewal,True,True,False,False,2025-08-28 23:33:12
S003817,Stadium Tour Promo,True,False,False,False,2025-06-09 19:39:27
S001491,International Fan Club,True,True,False,False,2025-09-06 18:53:47
S003318,Champions League Hospitality,True,True,False,False,2025-09-09 15:53:27
S001236,Black Friday Store,True,True,True,True,2025-03-10 06:58:19
S003421,Re-engagement Winback,True,True,False,False,2025-08-29 12:08:26
S001076,Season Ticket Renewal,True,True,True,False,2025-08-23 00:08:15
S002149,Membership Drive,True,False,False,False,2025-03-28 15:49:54
S000648,New Home Kit Launch,True,False,False,False,2025-09-12 18:31:32
S003966,Champions League Hospitality,True,True,False,False,2024-11-19 18:09:00
S002064,Re-engagement Winback,True,True,True,True,2025-09-17 06:06:53
S000742,Season Ticket Renewal,True,True,False,False,2025-09-17 02:51:22
S001611,Black Friday Store,True,False,False,False,2025-06-02 21:05:12
S002081,Stadium Tour Promo,True,True,True,False,2025-09-17 05:34:49
S000032,Membership Drive,True,False,False,False,2025-09-07 18:42:45
S004027,New Home Kit Launch,True,False,False,False,2025-09-06 04:08:14
S004961,Matchday Ticket Alert,True,True,True,False,2025-09-07 15:03:30
S004688,Stadium Tour Promo,True,False,False,False,2025-08-28 00:33:55
S000951,International Fan Club,True,True,False,False,2024-11-30 22:27:44
S002724,Re-engagement Winback,True,False,False,False,2025-04-23 19:09:37
S003728,International Fan Club,True,True,False,False,2025-09-14 18:41:19
S003155,Season Ticket Renewal,True,True,False,False,2025-09-03 20:30:05
S001851,Champions League Hospitality,True,True,False,False,2025-09-02 10:48:05
S004452,New Home Kit Launch,True,False,False,False,2025-09-06 21:02:25
S004730,Matchday Ticket Alert,True,False,False,False,2025-02-26 16:42:49
S000246,Matchday Ticket Alert,True,True,True,True,2025-08-25 13:50:19
S002902,Membership Drive,True,False,False,False,2025-06-26 09:09:24
S000990,International Fan Club,True,False,False,False,2025-09-13 14:09:00
S004504,New Home Kit Launch,True,False,False,False,2025-08-24 09:35:28
S000981,Stadium Tour Promo,True,False,False,False,2024-10-24 15:38:37
S000243,Membership Drive,True,True,False,False,2024-10-26 10:38:15
S000678,Champions League Hospitality,True,False,False,False,2025-01-12 00:17:24
S004630,International Fan Club,True,False,False,False,2025-09-17 02:32:59
S004812,Matchday Ticket Alert,True,False,False,False,2025-03-26 21:17:54
S003962,Season Ticket Renewal,True,False,False,False,2025-09-05 20:17:06
S001871,Season Ticket Renewal,True,True,True,True,2025-08-28 09:43:57
S003209,Champions League Hospitality,True,False,False,False,2025-08-26 18:52:26
S002214,Champions League Hospitality,True,True,False,False,2025-09-07 14:50:21
S003111,Champions League Hospitality,True,False,False,False,2025-09-02 05:09:19
S002211,Stadium Tour Promo,True,False,False,False,2025-04-19 04:05:48
S003886,Membership Drive,True,False,False,False,2025-08-24 03:19:13
S002553,Season Ticket Renewal,True,False,False,False,2025-07-06 18:23:10
S003191,Matchday Ticket Alert,True,True,True,False,2025-09-12 16:01:45
S003498,Black Friday Store,True,False,False,False,2025-04-08 13:07:42
S000614,International Fan Club,True,False,False,False,2025-09-15 10:21:16
S004163,Re-engagement Winback,True,False,False,False,2025-09-17 22:42:31
S004483,Stadium Tour Promo,True,True,False,False,2025-04-13 08:36:45
S004064,Champions League Hospitality,True,False,False,False,2025-08-24 12:19:55
S000277,Re-engagement Winback,True,True,True,False,2025-08-26 23:59:26
S002417,International Fan Club,True,True,False,False,2025-08-27 14:28:20
S003395,Matchday Ticket Alert,True,True,True,False,2025-09-15 22:09:21
S000636,Champions League Hospitality,True,False,False,False,2025-09-18 00:45:24
S000262,International Fan Club,True,False,False,False,2025-09-02 14:22:34
S000152,International Fan Club,True,False,False,False,2025-09-08 05:08:57
S003751,Matchday Ticket Alert,True,True,False,False,2025-09-06 08:13:57
S004979,Season Ticket Renewal,True,False,False,False,2025-03-28 14:30:01
S002083,Matchday Ticket Alert,True,False,False,False,2024-10-27 03:47:46
S004757,New Home Kit Launch,True,False,False,False,2025-09-03 06:04:53
S003283,Season Ticket Renewal,True,True,True,False,2025-04-20 05:47:22
S000559,Re-engagement Winback,True,True,True,True,2025-02-05 02:12:15
S002431,Stadium Tour Promo,True,True,False,False,2025-09-01 00:08:03
S004107,International Fan Club,True,False,False,False,2025-08-24 14:44:42
S002020,New Home Kit Launch,True,False,False,False,2025-09-13 05:48:03
S000630,Season Ticket Renewal,True,False,False,False,2025-01-02 04:17:13
S004037,New Home Kit Launch,True,True,True,True,2025-08-26 19:44:56
S001394,Stadium Tour Promo,True,False,False,False,2025-04-18 23:11:28
S002201,Black Friday Store,True,False,False,False,2025-09-08 20:00:47
S004306,Matchday Ticket Alert,True,False,False,False,2025-09-13 05:05:06
S002847,Black Friday Store,True,True,True,False,2025-08-22 19:52:27
S000968,Black Friday Store,True,False,False,False,2025-09-19 16:53:49
S003764,International Fan Club,True,True,False,False,2025-09-19 17:07:47
S002222,Re-engagement Winback,True,False,False,False,2025-09-06 16:44:40
S003329,International Fan Club,True,False,False,False,2025-06-17 10:47:50
S001307,Matchday Ticket Alert,True,False,False,False,2025-08-31 02:48:51
S001725,Membership Drive,True,False,False,False,2025-08-30 14:16:00
S000589,International Fan Club,True,True,False,False,2025-09-11 03:55:26
S000348,Black Friday Store,True,False,False,False,2025-05-10 22:51:13
S000508,New Home Kit Launch,True,False,False,False,2025-09-05 14:12:57
S004292,Season Ticket Renewal,True,False,False,False,2024-10-20 11:30:35
S003663,Matchday Ticket Alert,True,True,True,False,2025-08-31 10:03:53
S000119,Membership Drive,True,True,True,False,2025-08-25 03:03:58
S003356,Champions League Hospitality,True,False,False,False,2025-09-19 14:49:13
S000280,International Fan Club,True,False,False,False,2025-06-03 00:59:13
S000801,Season Ticket Renewal,True,False,False,False,2024-11-12 03:13:18
S001649,Season Ticket Renewal,True,False,False,False,2024-11-03 02:35:03
S002808,Stadium Tour Promo,True,False,False,False,2024-09-22 01:46:30
S001830,Champions League Hospitality,True,True,False,False,2025-03-13 16:27:19
S003679,Black Friday Store,True,True,False,False,2025-08-14 16:31:33
S003341,Stadium Tour Promo,True,False,False,False,2025-01-31 23:16:55
S002650,New Home Kit Launch,True,True,False,False,2024-09-23 15:25:00
S000246,Season Ticket Renewal,True,False,False,False,2024-11-30 07:12:22
S002950,New Home Kit Launch,True,False,False,False,2024-12-04 06:14:30
S000478,New Home Kit Launch,True,True,False,False,2025-09-10 15:11:50
S001271,Stadium Tour Promo,True,True,True,False,2025-09-09 01:13:07
S003582,Matchday Ticket Alert,True,False,False,False,2025-09-13 21:47:31
S003665,New Home Kit Launch,True,True,True,False,2024-11-11 16:03:10
S004294,Black Friday Store,True,False,False,False,2025-02-17 19:47:41
S004180,Black Friday Store,True,False,False,False,2025-09-11 22:22:56
S001752,Black Friday Store,True,True,True,False,2025-09-13 07:07:38
S003994,Membership Drive,True,False,False,False,2025-03-29 08:53:01
S002134,Re-engagement Winback,True,False,False,False,2024-10-22 01:29:26
S002242,Membership Drive,True,False,False,False,2025-08-29 07:33:07
S003862,Stadium Tour Promo,True,True,False,False,2025-08-25 04:09:33
S002659,Stadium Tour Promo,True,False,False,False,2025-04-01 07:26:22
S004095,International Fan Club,True,False,False,False,2025-02-03 07:44:03
S002532,Stadium Tour Promo,True,True,True,False,2025-05-09 19:52:20
S003216,Season Ticket Renewal,True,False,False,False,2025-09-03 09:14:47
S004690,Season Ticket Renewal,True,True,False,False,2025-03-12 17:38:23
S003790,Champions League Hospitality,True,False,False,False,2025-09-03 16:40:58
S001223,Membership Drive,True,False,False,False,2025-08-21 15:21:42
S001307,Champions League Hospitality,True,True,False,False,2025-09-08 14:48:38
S003068,International Fan Club,True,False,False,False,2025-09-15 05:29:26
S002938,Matchday Ticket Alert,True,True,True,False,2024-11-28 19:51:08
S002474,Season Ticket Renewal,True,False,False,False,2025-09-18 16:12:23
S000641,Stadium Tour Promo,True,True,False,False,2025-08-11 21:41:37
S004802,Black Friday Store,True,True,False,False,2025-02-05 15:33:37
S000119,Champions League Hospitality,True,False,False,False,2025-08-28 05:31:58
S003915,Black Friday Store,True,True,False,False,2025-05-17 00:29:57
S003028,Matchday Ticket Alert,True,False,False,False,2025-02-21 05:50:25
S004819,Re-engagement Winback,True,False,False,False,2025-09-14 23:42:54
S002157,Black Friday Store,True,True,True,True,2025-09-11 02:42:29
S004518,Stadium Tour Promo,True,False,False,False,2025-03-14 22:15:39
S000212,Membership Drive,True,False,False,False,2025-05-12 02:20:08
S003391,Black Friday Store,True,False,False,False,2025-09-11 11:58:31
S002858,Membership Drive,True,False,False,False,2025-09-13 16:38:51
S003269,International Fan Club,True,True,True,False,2025-04-30 00:12:52
S000486,Season Ticket Renewal,True,True,False,False,2024-11-27 19:24:33
S004181,Re-engagement Winback,True,False,False,False,2025-08-24 17:27:20
S000268,Champions League Hospitality,True,True,True,False,2025-09-09 08:48:27
S002550,International Fan Club,True,True,True,False,2025-09-06 13:48:19
S000463,Stadium Tour Promo,True,True,False,False,2025-08-20 06:59:04
S000406,Season Ticket Renewal,True,False,False,False,2024-11-30 22:10:58
S001100,Re-engagement Winback,True,True,False,False,2025-09-19 20:12:57
S002024,Membership Drive,True,False,False,False,2024-10-06 17:15:53
S002598,Black Friday Store,True,False,False,False,2025-09-20 00:44:48
S000826,International Fan Club,True,True,False,False,2025-09-03 08:15:25
S002240,Membership Drive,True,False,False,False,2025-05-12 15:49:39
S004662,International Fan Club,True,True,True,False,2025-08-31 01:47:47
S001274,Black Friday Store,True,False,False,False,2025-08-30 18:28:33
S001359,Matchday Ticket Alert,True,False,False,False,2024-10-03 16:47:48
S004937,Black Friday Store,True,True,False,False,2025-07-08 12:41:30
S000419,Stadium Tour Promo,True,False,False,False,2025-08-31 01:40:52
S000448,Matchday Ticket Alert,True,True,False,False,2025-04-21 00:18:26
S001295,Matchday Ticket Alert,True,False,False,False,2025-09-12 18:49:43
S004315,New Home Kit Launch,True,False,False,False,2025-08-25 00:37:17
S000877,Champions League Hospitality,True,True,False,False,2025-04-07 00:44:39
S000859,Stadium Tour Promo,True,True,True,False,2024-11-04 14:30:17
S004074,Matchday Ticket Alert,True,False,False,False,2025-08-29 23:59:59
S001932,New Home Kit Launch,True,False,False,False,2025-08-27 12:53:00
S003781,Membership Drive,True,False,False,False,2025-05-03 13:11:26
S001842,International Fan Club,True,False,False,False,2025-09-17 02:03:01
S002199,New Home Kit Launch,True,True,True,False,2025-01-12 14:43:21
S002515,Black Friday Store,True,True,True,False,2025-09-09 17:58:17
S000645,Membership Drive,True,False,False,False,2025-05-11 19:11:49
S004718,International Fan Club,True,False,False,False,2025-08-25 22:16:02
S000675,New Home Kit Launch,True,False,False,False,2025-09-09 10:55:05
S003386,Season Ticket Renewal,True,True,False,False,2025-09-03 06:02:08
S000812,International Fan Club,True,True,True,False,2025-08-30 06:06:56
S000964,Champions League Hospitality,True,True,False,False,2024-10-11 08:20:01
S003463,Matchday Ticket Alert,True,False,False,False,2025-04-25 03:21:29
S001255,Matchday Ticket Alert,True,False,False,False,2025-08-22 09:47:49
S004974,Black Friday Store,True,False,False,False,2025-04-08 08:12:51
S000029,Re-engagement Winback,True,True,False,False,2025-07-02 00:24:25
S003929,Matchday Ticket Alert,True,True,False,False,2025-05-14 06:10:59
S004506,International Fan Club,True,False,False,False,2025-02-08 19:57:40
S002073,International Fan Club,True,True,True,False,2025-09-11 09:55:31
S004723,Matchday Ticket Alert,True,False,False,False,2025-08-23 18:18:19
S001241,Champions League Hospitality,True,True,False,False,2025-01-13 07:45:53
S002961,Stadium Tour Promo,True,False,False,False,2025-02-10 21:47:19
S000376,Season Ticket Renewal,True,False,False,False,2025-06-05 21:03:24
S003479,Season Ticket Renewal,True,True,True,False,2025-03-09 14:24:20
S000759,International Fan Club,True,False,False,False,2025-07-04 02:19:11
S000231,Matchday Ticket Alert,True,True,False,False,2025-06-19 02:06:17
S001608,Membership Drive,True,True,False,False,2025-06-13 04:52:00
S003505,International Fan Club,True,True,False,False,2025-01-30 09:39:42
S004618,Season Ticket Renewal,True,False,False,False,2024-11-29 21:08:16
S002906,Matchday Ticket Alert,True,False,False,False,2025-01-12 20:13:55
S004406,Matchday Ticket Alert,True,False,False,False,2025-02-21 12:01:16
S003420,Matchday Ticket Alert,True,True,True,False,2025-04-21 22:26:01
S002109,Membership Drive,True,True,True,True,2025-09-20 08:57:32
S000537,Membership Drive,True,True,True,False,2025-09-07 02:40:05
S004959,Membership Drive,True,False,False,False,2025-03-08 13:17:33
S003883,Stadium Tour Promo,True,True,False,False,2025-03-31 18:29:19
S004949,Season Ticket Renewal,True,False,False,False,2025-08-23 14:29:13
S001191,Season Ticket Renewal,True,False,False,False,2025-09-01 04:27:09
S003502,Season Ticket Renewal,True,True,False,False,2025-09-01 08:18:38
S000566,Stadium Tour Promo,True,False,False,False,2024-09-24 02:07:15
S002135,Re-engagement Winback,True,True,True,True,2025-09-18 10:03:49
S001954,Matchday Ticket Alert,True,False,False,False,2025-04-21 01:43:54
S001140,Matchday Ticket Alert,True,False,False,False,2025-05-12 19:09:55
S002424,Black Friday Store,True,True,False,False,2025-09-06 04:03:03
S001539,Re-engagement Winback,True,False,False,False,2025-01-11 00:57:59
S003513,Season Ticket Renewal,True,False,False,False,2025-08-24 02:22:28
S004871,Black Friday Store,True,True,True,True,2024-12-13 03:58:01
S001727,Re-engagement Winback,True,False,False,False,2025-09-07 13:10:05
S004597,Re-engagement Winback,True,True,False,False,2025-05-18 20:42:35
S003322,Black Friday Store,True,False,False,False,2025-09-16 08:27:43
S001258,Champions League Hospitality,True,False,False,False,2025-07-07 17:12:05
S003894,Season Ticket Renewal,True,True,True,False,2025-09-04 12:16:35
S004197,Champions League Hospitality,True,True,False,False,2024-09-28 12:31:48
S002300,Re-engagement Winback,True,False,False,False,2025-09-04 09:54:11
S000422,Stadium Tour Promo,True,False,False,False,2025-08-16 06:07:22
S003313,Re-engagement Winback,True,True,False,False,2025-08-25 11:12:48
S003520,International Fan Club,True,False,False,False,2025-09-06 05:37:06
S004099,Season Ticket Renewal,True,False,False,False,2025-09-03 10:10:29
S000192,Champions League Hospitality,True,True,False,False,2025-08-27 22:17:59
S003154,Champions League Hospitality,True,True,True,False,2025-07-10 18:14:26
S001693,International Fan Club,True,True,False,False,2024-11-06 16:19:50
S000285,Re-engagement Winback,True,False,False,False,2025-06-10 02:30:46
S001543,Matchday Ticket Alert,True,False,False,False,2025-04-13 20:15:30
S003794,New Home Kit Launch,True,False,False,False,2025-09-06 19:15:32
S001749,Season Ticket Renewal,True,False,False,False,2025-08-26 06:59:42
S000194,Season Ticket Renewal,True,False,False,False,2025-09-03 22:43:20
S003877,Stadium Tour Promo,True,False,False,False,2025-09-14 23:38:51
S002096,Black Friday Store,True,False,False,False,2025-01-18 03:57:02
S000301,Black Friday Store,True,True,False,False,2025-07-20 07:45:28
S001859,Re-engagement Winback,True,True,True,False,2025-09-20 03:29:11
S000038,Membership Drive,True,False,False,False,2025-01-31 04:13:16
S003243,Champions League Hospitality,True,False,False,False,2024-11-17 12:47:14
S002525,Stadium Tour Promo,True,True,True,False,2025-09-11 00:13:37
S000851,New Home Kit Launch,True,False,False,False,2024-11-21 00:01:14
S001412,Matchday Ticket Alert,True,False,False,False,2024-12-22 22:55:22
S001314,Champions League Hospitality,True,False,False,False,2025-08-24 09:58:30
S004330,Champions League Hospitality,True,False,False,False,2025-05-14 23:17:29
S000581,Membership Drive,True,True,True,False,2024-09-26 23:20:18
S000814,Season Ticket Renewal,True,True,True,False,2025-09-13 20:25:33
S002349,Champions League Hospitality,True,False,False,False,2025-01-14 04:13:14
S004212,Season Ticket Renewal,True,True,True,False,2025-09-09 08:10:31
S000533,New Home Kit Launch,True,False,False,False,2025-01-26 00:12:02
S000112,Stadium Tour Promo,True,False,False,False,2025-01-08 10:15:59
S004092,Stadium Tour Promo,True,False,False,False,2025-08-28 01:24:13
S003604,Matchday Ticket Alert,True,False,False,False,2025-06-02 17:31:58
S001185,Season Ticket Renewal,True,False,False,False,2025-02-21 23:52:55
S001917,Stadium Tour Promo,True,True,True,False,2024-11-18 21:43:50
S003458,Stadium Tour Promo,True,False,False,False,2024-11-21 12:27:57
S003101,Membership Drive,True,False,False,False,2025-09-05 22:26:24
S004074,New Home Kit Launch,True,False,False,False,2025-08-22 03:51:17
S000245,Membership Drive,True,True,True,False,2025-07-07 20:31:41
S004109,Matchday Ticket Alert,True,False,False,False,2025-09-04 01:18:45
S003257,Champions League Hospitality,True,False,False,False,2025-02-08 14:41:20
S000065,New Home Kit Launch,True,True,False,False,2025-09-04 14:31:54
S004526,Matchday Ticket Alert,True,False,False,False,2025-09-13 17:59:52
S002949,Membership Drive,True,True,False,False,2025-06-01 01:06:51
S004614,Champions League Hospitality,True,False,False,False,2025-07-27 20:37:24
S002179,New Home Kit Launch,True,False,False,False,2024-11-26 15:09:52
S001550,Re-engagement Winback,True,True,False,False,2025-09-14 05:22:49
S001366,Champions League Hospitality,True,False,False,False,2025-02-06 09:17:46
S000614,Season Ticket Renewal,True,True,False,False,2025-09-12 07:20:46
S000146,Matchday Ticket Alert,True,False,False,False,2024-11-25 13:08:13
S000929,International Fan Club,True,False,False,False,2024-12-24 16:37:37
S004129,Season Ticket Renewal,True,True,True,False,2025-09-05 11:02:03
S004789,New Home Kit Launch,True,True,True,True,2025-09-06 09:39:12
S003669,International Fan Club,True,True,True,False,2025-09-06 18:32:19
S001554,Season Ticket Renewal,True,False,False,False,2025-06-05 21:04:01
S004919,Season Ticket Renewal,True,False,False,False,2025-02-20 16:22:32
S001250,Stadium Tour Promo,True,False,False,False,2025-09-13 11:14:21
S003614,International Fan Club,True,False,False,False,2025-09-15 10:33:01
S003704,International Fan Club,True,False,False,False,2025-07-28 13:18:02
S002905,Re-engagement Winback,True,False,False,False,2025-05-02 10:21:42
S002999,International Fan Club,True,False,False,False,2024-11-29 09:22:39
S004436,Stadium Tour Promo,True,True,False,False,2025-01-28 17:48:20
S004197,International Fan Club,True,False,False,False,2025-09-12 13:09:35
S003029,Stadium Tour Promo,True,False,False,False,2025-09-09 16:14:02
S001644,Champions League Hospitality,True,True,False,False,2025-09-03 05:24:05
S001080,Membership Drive,True,True,True,False,2025-03-08 10:51:31
S002465,New Home Kit Launch,True,False,False,False,2025-02-24 19:08:06
S001875,International Fan Club,True,False,False,False,2025-02-22 14:11:24
S002955,International Fan Club,True,False,False,False,2024-11-22 12:55:02
S002325,Stadium Tour Promo,True,False,False,False,2025-09-16 22:38:31
S003865,Membership Drive,True,False,False,False,2024-11-22 02:52:49
S001639,Stadium Tour Promo,True,False,False,False,2025-04-13 15:31:41
S000643,International Fan Club,True,True,False,False,2025-08-30 00:55:52
S000143,Stadium Tour Promo,True,True,False,False,2025-09-03 00:52:35
S002032,Stadium Tour Promo,True,False,False,False,2025-08-09 07:08:18
S002179,New Home Kit Launch,True,False,False,False,2024-09-22 05:53:30
S001791,Membership Drive,True,True,False,False,2025-07-24 23:09:56
S000399,Matchday Ticket Alert,True,False,False,False,2025-05-05 04:04:00
S000434,Black Friday Store,True,False,False,False,2025-01-22 03:24:00
S002447,International Fan Club,True,True,False,False,2025-09-06 16:48:17
S000761,New Home Kit Launch,True,False,False,False,2025-06-23 11:13:25
S001205,Re-engagement Winback,True,True,True,True,2025-09-12 17:35:37
S003013,Membership Drive,True,False,False,False,2025-09-19 05:36:47
S002766,Re-engagement Winback,True,False,False,False,2025-09-13 20:10:50
S001100,Season Ticket Renewal,True,False,False,False,2025-09-09 08:36:39
S001380,Black Friday Store,True,True,False,False,2024-10-11 05:22:34
S002919,International Fan Club,True,False,False,False,2025-08-29 07:21:13
S002152,Season Ticket Renewal,True,False,False,False,2025-09-07 17:57:18
S002202,Black Friday Store,True,False,False,False,2024-10-10 21:46:04
S004724,Membership Drive,True,False,False,False,2025-03-31 14:10:12
S004489,Champions League Hospitality,True,True,False,False,2024-10-23 17:44:32
S003577,Matchday Ticket Alert,True,False,False,False,2025-02-18 09:33:15
S001049,New Home Kit Launch,True,False,False,False,2025-09-18 11:30:20
S000356,Black Friday Store,True,False,False,False,2025-09-05 17:46:04
S000364,Membership Drive,True,True,False,False,2025-08-07 03:07:45
S003918,Membership Drive,True,False,False,False,2024-10-31 03:21:49
S000668,International Fan Club,True,True,True,True,2024-09-24 17:10:59
S001303,Stadium Tour Promo,True,True,False,False,2024-10-31 21:54:06
S003313,Membership Drive,True,False,False,False,2025-06-17 12:00:59
S000539,Matchday Ticket Alert,True,False,False,False,2025-04-24 22:59:55
S001435,Stadium Tour Promo,True,False,False,False,2024-11-14 05:59:12
S001333,Black Friday Store,True,False,False,False,2025-09-14 13:11:59
S000191,Season Ticket Renewal,True,False,False,False,2025-06-30 21:09:01
S004083,Black Friday Store,True,False,False,False,2025-07-23 09:09:23
S000415,New Home Kit Launch,True,True,True,False,2025-04-07 06:29:39
S002695,Matchday Ticket Alert,True,True,False,False,2025-09-01 17:49:28
S004898,Champions League Hospitality,True,False,False,False,2024-12-28 11:55:00
S001452,Re-engagement Winback,True,True,False,False,2025-09-18 22:29:24
S001818,International Fan Club,True,True,False,False,2025-06-28 12:32:34
S003338,Re-engagement Winback,True,True,False,False,2025-09-02 17:26:39
S000114,Membership Drive,True,False,False,False,2025-08-31 20:52:14
S004343,Matchday Ticket Alert,True,False,False,False,2025-09-07 15:33:52
S002116,Matchday Ticket Alert,True,False,False,False,2025-03-28 14:38:11
S000156,New Home Kit Launch,True,True,False,False,2025-09-08 20:19:07
S004591,International Fan Club,True,False,False,False,2025-08-22 01:59:07
S002108,Stadium Tour Promo,True,False,False,False,2025-09-13 13:40:15
S004026,International Fan Club,True,True,False,False,2025-07-12 03:47:42
S001731,Black Friday Store,True,False,False,False,2025-06-06 17:31:31
S000745,Matchday Ticket Alert,True,False,False,False,2025-05-13 03:18:29
S003604,Champions League Hospitality,True,False,False,False,2024-10-18 07:45:48
S001059,Matchday Ticket Alert,True,True,False,False,2025-09-01 10:01:38
S000400,Re-engagement Winback,True,False,False,False,2025-05-26 01:00:28
S000922,International Fan Club,True,False,False,False,2025-04-29 02:39:06
S004324,Membership Drive,True,False,False,False,2024-09-26 22:15:37
S001784,International Fan Club,True,False,False,False,2025-08-26 06:52:22
S001111,Black Friday Store,True,True,False,False,2025-08-10 10:16:45
S001309,Black Friday Store,True,False,False,False,2025-01-23 00:24:49
S003566,Stadium Tour Promo,True,True,True,False,2025-09-04 05:10:11
S004590,Re-engagement Winback,True,False,False,False,2025-08-25 14:16:54
S002880,Black Friday Store,True,False,False,False,2025-02-23 19:45:34
S002589,International Fan Club,True,True,False,False,2025-08-22 15:20:36
S004804,Matchday Ticket Alert,True,False,False,False,2025-07-03 19:20:35
S000623,International Fan Club,True,False,False,False,2025-08-28 19:55:05
S000132,Membership Drive,True,False,False,False,2025-08-27 14:43:33
S004799,Champions League Hospitality,True,True,False,False,2024-10-27 16:12:03
S001569,Membership Drive,True,True,False,False,2025-08-17 23:16:22
S002271,International Fan Club,True,True,True,False,2024-10-22 20:58:09
S000984,Champions League Hospitality,True,True,False,False,2025-08-31 07:21:14
S001116,Champions League Hospitality,True,False,False,False,2024-11-02 12:39:33
S004540,Champions League Hospitality,True,True,False,False,2024-09-22 01:45:40
S001527,Champions League Hospitality,True,False,False,False,2024-11-04 05:02:17
S001726,Stadium Tour Promo,True,False,False,False,2024-11-16 02:12:40
S004522,International Fan Club,True,True,False,False,2025-05-18 11:05:25
S002234,Matchday Ticket Alert,True,False,False,False,2025-01-07 12:38:40
S000375,Re-engagement Winback,True,False,False,False,2025-08-21 23:27:51
S003859,New Home Kit Launch,True,False,False,False,2025-02-07 12:33:00
S000683,Stadium Tour Promo,True,False,False,False,2025-03-01 08:05:57
S004803,Re-engagement Winback,True,False,False,False,2025-09-01 01:53:54
S002972,Re-engagement Winback,True,True,True,False,2024-12-05 12:15:02
S004029,Matchday Ticket Alert,True,False,False,False,2024-12-27 09:48:42
S003025,Re-engagement Winback,True,True,False,False,2025-09-01 03:39:52
S002672,New Home Kit Launch,True,False,False,False,2025-04-10 00:54:57
S002775,International Fan Club,True,False,False,False,2025-09-18 13:13:57
S003475,Re-engagement Winback,True,False,False,False,2024-09-30 09:06:32
S003114,Season Ticket Renewal,True,False,False,False,2024-11-22 23:56:20
S004122,Re-engagement Winback,True,False,False,False,2024-12-24 04:37:12
S000757,International Fan Club,True,False,False,False,2025-03-09 06:27:08
S001503,Matchday Ticket Alert,True,False,False,False,2025-01-17 06:34:56
S001012,Matchday Ticket Alert,True,False,False,False,2025-06-09 12:48:06
S001806,Black Friday Store,True,False,False,False,2025-08-27 19:07:36
S000949,Season Ticket Renewal,True,True,True,False,2024-11-13 22:12:38
S002206,Stadium Tour Promo,True,True,True,True,2025-09-17 10:42:59
S003941,Champions League Hospitality,True,True,False,False,2024-10-24 17:40:11
S003733,Stadium Tour Promo,True,False,False,False,2025-09-02 23:24:00
S003618,Matchday Ticket Alert,True,True,False,False,2025-02-24 23:26:02
S004422,Black Friday Store,True,False,False,False,2025-08-26 10:08:12
S001888,International Fan Club,True,False,False,False,2025-09-06 07:09:02
S004412,New Home Kit Launch,True,True,True,False,2025-08-24 20:14:46
S003042,Stadium Tour Promo,True,True,False,False,2025-08-29 00:07:05
S003744,Membership Drive,True,False,False,False,2024-10-20 05:17:04
S002355,Matchday Ticket Alert,True,False,False,False,2025-08-09 16:57:28
S000238,Re-engagement Winback,True,True,True,False,2025-07-30 01:47:39
S003130,Stadium Tour Promo,True,True,False,False,2025-04-11 14:42:30
S000522,Champions League Hospitality,True,True,False,False,2025-09-10 10:41:18
S001081,International Fan Club,True,True,False,False,2025-09-03 21:47:48
S000864,International Fan Club,True,True,False,False,2025-08-23 01:56:17
S000361,Season Ticket Renewal,True,False,False,False,2025-02-04 12:58:59
S003071,International Fan Club,True,False,False,False,2025-09-04 10:23:38
S004389,Re-engagement Winback,True,True,False,False,2025-09-10 04:11:11
S001833,International Fan Club,True,False,False,False,2025-01-19 14:17:44
S004061,International Fan Club,True,True,False,False,2024-12-11 08:07:06
S001593,Champions League Hospitality,True,False,False,False,2025-06-08 10:27:39
S004332,New Home Kit Launch,True,True,False,False,2024-10-28 10:42:58
S003700,Re-engagement Winback,True,False,False,False,2025-07-05 10:07:51
S003665,Membership Drive,True,False,False,False,2025-09-08 05:34:58
S004017,Stadium Tour Promo,True,False,False,False,2024-12-28 18:41:30
S002257,Champions League Hospitality,True,False,False,False,2025-09-05 09:22:48
S004946,Matchday Ticket Alert,True,False,False,False,2025-03-30 18:24:30
S001905,New Home Kit Launch,True,True,True,False,2025-09-10 06:42:33
S004371,Matchday Ticket Alert,True,True,False,False,2025-07-19 11:08:54
S003464,Stadium Tour Promo,True,False,False,False,2025-08-28 08:55:31
S001964,Matchday Ticket Alert,True,True,False,False,2025-09-03 21:23:19
S001792,Stadium Tour Promo,True,False,False,False,2025-04-01 02:06:46
S000454,Season Ticket Renewal,True,True,False,False,2025-04-06 06:11:28
S004669,New Home Kit Launch,True,False,False,False,2025-07-17 13:19:01
S000661,New Home Kit Launch,True,True,True,False,2025-03-04 13:19:14
S000166,Membership Drive,True,False,False,False,2025-09-17 11:19:39
S004636,Stadium Tour Promo,True,True,False,False,2025-08-31 13:23:29
S000939,Season Ticket Renewal,True,True,True,False,2024-09-27 13:09:29
S002054,Stadium Tour Promo,True,True,False,False,2024-09-25 18:02:38
S001554,New Home Kit Launch,True,False,False,False,2025-03-03 23:46:24
S001746,Champions League Hospitality,True,True,False,False,2025-09-06 20:32:02
S003337,Re-engagement Winback,True,False,False,False,2025-05-29 19:23:22
S004932,Membership Drive,True,False,False,False,2025-08-22 13:24:52
S002978,Season Ticket Renewal,True,False,False,False,2024-11-14 09:06:37
S002753,Re-engagement Winback,True,False,False,False,2024-12-25 01:14:31
S001090,Re-engagement Winback,True,True,False,False,2024-10-05 13:13:54
S003364,Black Friday Store,True,True,True,False,2025-09-06 23:26:32
S001214,Membership Drive,True,False,False,False,2025-08-25 06:16:30
S002409,Re-engagement Winback,True,True,True,False,2025-09-09 22:56:50
S002596,Stadium Tour Promo,True,True,False,False,2025-01-09 00:51:26
S002487,Membership Drive,True,False,False,False,2025-06-10 14:23:52
S003890,Re-engagement Winback,True,True,True,False,2025-07-07 00:05:41
S001202,Black Friday Store,True,True,False,False,2025-09-08 20:55:35
S003028,Champions League Hospitality,True,True,False,False,2024-10-28 06:16:18
S000992,Champions League Hospitality,True,True,False,False,2025-05-02 02:46:09
S004162,New Home Kit Launch,True,True,True,False,2025-06-21 18:09:14
S001768,New Home Kit Launch,True,True,True,False,2025-09-19 08:54:20
S003554,Stadium Tour Promo,True,False,False,False,2024-11-08 23:57:23
S003355,Season Ticket Renewal,True,False,False,False,2025-01-24 07:00:06
S003055,Matchday Ticket Alert,True,False,False,False,2025-09-15 14:52:06
S000170,Membership Drive,True,False,False,False,2025-09-09 23:04:26
S001654,Matchday Ticket Alert,True,False,False,False,2025-09-18 08:41:25
S000953,Re-engagement Winback,True,True,False,False,2025-09-12 00:38:33
S003344,Season Ticket Renewal,True,True,True,False,2025-09-09 08:02:45
S001767,International Fan Club,True,False,False,False,2025-09-12 18:12:42
S003006,Re-engagement Winback,True,False,False,False,2025-09-16 15:27:35
S003036,Membership Drive,True,True,False,False,2025-08-03 09:18:42
S002460,International Fan Club,True,False,False,False,2025-08-15 16:30:26
S004575,Matchday Ticket Alert,True,True,True,False,2025-09-14 05:53:44
S001361,Matchday Ticket Alert,True,True,False,False,2024-11-18 09:30:42
S004079,Stadium Tour Promo,True,True,False,False,2025-09-14 15:53:47
S002571,Re-engagement Winback,True,True,False,False,2025-09-18 04:17:56
S004607,Champions League Hospitality,True,True,True,False,2025-09-10 15:16:54
S000557,Black Friday Store,True,True,False,False,2025-09-13 10:43:17
S004999,Stadium Tour Promo,True,False,False,False,2024-09-27 07:09:03
S001408,Black Friday Store,True,True,True,False,2025-08-30 12:58:31
S004787,Season Ticket Renewal,True,True,False,False,2024-10-06 23:28:46
S003581,Season Ticket Renewal,True,True,False,False,2025-09-09 06:15:18
S002098,International Fan Club,True,False,False,False,2025-09-12 23:34:37
S002839,Membership Drive,True,True,False,False,2025-09-05 04:40:53
S001907,Black Friday Store,True,False,False,False,2024-11-25 13:03:54
S001987,Membership Drive,True,True,False,False,2025-01-01 19:50:47
S004533,Season Ticket Renewal,True,False,False,False,2025-09-11 18:50:51
S001703,Membership Drive,True,False,False,False,2025-02-06 00:29:55
S001487,Re-engagement Winback,True,True,False,False,2025-09-08 01:12:26
S004711,Re-engagement Winback,True,True,False,False,2025-09-14 03:02:22
S003351,Champions League Hospitality,True,False,False,False,2025-08-30 14:50:57
S002156,Champions League Hospitality,True,False,False,False,2025-01-27 04:38:37
S001377,New Home Kit Launch,True,False,False,False,2025-08-11 20:27:59
S002982,International Fan Club,True,False,False,False,2024-09-29 20:06:51
S003831,Champions League Hospitality,True,False,False,False,2025-03-24 08:42:06
S003526,International Fan Club,True,False,False,False,2024-10-28 04:40:25
S001549,Membership Drive,True,True,False,False,2025-09-14 20:58:21
S002015,Matchday Ticket Alert,True,False,False,False,2025-08-31 10:21:41
S001118,Black Friday Store,True,True,False,False,2025-07-09 15:10:10
S001729,Re-engagement Winback,True,False,False,False,2025-06-20 22:34:20
S003677,Black Friday Store,True,False,False,False,2025-06-26 02:11:13
S000267,Membership Drive,True,False,False,False,2025-09-09 02:38:36
S004844,Membership Drive,True,True,False,False,2025-04-03 03:33:34
S001940,Re-engagement Winback,True,False,False,False,2024-12-22 18:03:08
S002558,Membership Drive,True,True,True,False,2025-09-06 17:49:07
S003042,New Home Kit Launch,True,False,False,False,2025-08-28 16:27:12
S003567,International Fan Club,True,False,False,False,2025-01-11 15:47:18
S002454,Champions League Hospitality,True,True,False,False,2025-09-05 15:13:51
S000011,Champions League Hospitality,True,True,True,False,2025-04-24 23:05:32
S001979,Stadium Tour Promo,True,True,False,False,2025-08-27 08:38:06
S004181,Membership Drive,True,False,False,False,2025-08-24 17:01:18
S000502,New Home Kit Launch,True,False,False,False,2025-09-17 17:11:09
S000013,Re-engagement Winback,True,True,False,False,2025-04-19 08:17:20
S003689,International Fan Club,True,False,False,False,2025-08-22 02:31:51
S002866,Matchday Ticket Alert,True,True,False,False,2025-08-23 07:11:09
S000561,Black Friday Store,True,True,False,False,2025-09-14 10:59:01
S003850,International Fan Club,True,False,False,False,2025-07-14 08:02:24
S003039,Membership Drive,True,False,False,False,2025-09-02 09:00:39
S002773,New Home Kit Launch,True,True,True,False,2025-09-06 20:36:42
S000521,Stadium Tour Promo,True,False,False,False,2024-12-11 07:15:45
S004379,International Fan Club,True,False,False,False,2024-10-14 21:21:21
S002110,Membership Drive,True,False,False,False,2025-08-27 16:00:41
S004535,New Home Kit Launch,True,True,False,False,2025-09-07 08:14:36
S004028,Stadium Tour Promo,True,True,True,False,2025-09-17 14:26:54
S004286,Champions League Hospitality,True,False,False,False,2025-09-10 06:32:40
S001922,Season Ticket Renewal,True,True,False,False,2025-05-07 18:30:10
S002848,Stadium Tour Promo,True,False,False,False,2025-09-18 14:36:35
S001531,Stadium Tour Promo,True,True,True,False,2024-11-16 07:37:45
S004164,Membership Drive,True,True,True,True,2024-12-01 17:56:42
S002324,Champions League Hospitality,True,True,True,False,2025-08-21 14:07:08
S001409,Membership Drive,True,False,False,False,2025-02-27 01:45:31
S004284,Membership Drive,True,False,False,False,2025-08-19 00:05:30
S001784,Re-engagement Winback,True,False,False,False,2024-11-29 06:19:22
S003986,Champions League Hospitality,True,False,False,False,2025-09-12 00:08:30
S000774,Matchday Ticket Alert,True,False,False,False,2024-11-21 18:11:26
S000962,Matchday Ticket Alert,True,True,False,False,2025-07-07 14:38:59
S003847,Champions League Hospitality,True,True,True,False,2025-09-13 11:47:31
S001801,International Fan Club,True,False,False,False,2025-09-11 19:31:22
S001540,Stadium Tour Promo,True,False,False,False,2025-01-08 22:44:43
S002802,Stadium Tour Promo,True,False,False,False,2025-08-23 10:12:51
S001535,New Home Kit Launch,True,False,False,False,2024-10-31 09:01:31
S001619,New Home Kit Launch,True,False,False,False,2025-08-23 04:29:46
S002306,Black Friday Store,True,False,False,False,2025-05-20 16:36:23
S004013,New Home Kit Launch,True,True,False,False,2025-08-25 20:55:34
S003374,International Fan Club,True,False,False,False,2025-09-12 15:51:04
S001094,Black Friday Store,True,True,False,False,2025-03-13 03:00:58
S004393,Black Friday Store,True,False,False,False,2025-09-07 17:39:02
S002870,Season Ticket Renewal,True,False,False,False,2025-09-07 11:36:17
S001520,Black Friday Store,True,False,False,False,2025-09-14 11:10:12
S003941,Membership Drive,True,False,False,False,2024-09-27 15:15:01
S003943,Matchday Ticket Alert,True,True,False,False,2025-05-06 23:50:32
S003227,Black Friday Store,True,False,False,False,2025-09-13 16:31:08
S004181,Season Ticket Renewal,True,True,False,False,2025-06-07 22:28:26
S000793,Membership Drive,True,False,False,False,2025-09-04 19:21:43
S004348,Champions League Hospitality,True,False,False,False,2025-06-04 10:31:27
S001550,Membership Drive,True,True,True,False,2024-10-09 06:13:56
S001681,International Fan Club,True,False,False,False,2025-09-09 14:16:11
S003768,Stadium Tour Promo,True,False,False,False,2024-11-21 01:24:23
S000157,Champions League Hospitality,True,False,False,False,2025-09-02 04:26:56
S002248,International Fan Club,True,False,False,False,2025-01-04 20:45:38
S003541,Matchday Ticket Alert,True,True,True,False,2025-08-24 21:59:59
S002669,Stadium Tour Promo,True,False,False,False,2025-09-08 08:52:02
S004673,Season Ticket Renewal,True,True,False,False,2025-09-16 07:27:17
S002641,Champions League Hospitality,True,True,False,False,2025-04-11 01:41:37
S002997,Champions League Hospitality,True,True,True,False,2025-08-22 13:55:53
S004970,International Fan Club,True,False,False,False,2025-09-11 09:10:01
S003129,Stadium Tour Promo,True,False,False,False,2025-06-06 09:26:14
S001467,Re-engagement Winback,True,True,False,False,2025-05-30 04:20:29
S002756,Matchday Ticket Alert,True,False,False,False,2025-04-11 20:26:32
S004228,Re-engagement Winback,True,True,False,False,2025-09-05 18:43:40
S002725,Champions League Hospitality,True,True,False,False,2025-03-20 10:37:07
S003458,International Fan Club,True,True,False,False,2025-09-17 07:39:29
S001242,Re-engagement Winback,True,False,False,False,2025-08-22 02:36:30
S000649,Black Friday Store,True,False,False,False,2025-05-04 11:51:32
S001785,New Home Kit Launch,True,False,False,False,2024-10-01 07:29:42
S001351,New Home Kit Launch,True,False,False,False,2024-10-02 05:17:12
S003995,Season Ticket Renewal,True,False,False,False,2025-04-30 11:41:18
S002078,Champions League Hospitality,True,False,False,False,2025-05-16 14:56:02
S003210,Season Ticket Renewal,True,False,False,False,2025-05-28 08:55:38
S004989,Champions League Hospitality,True,True,False,False,2025-09-14 00:07:00
S001909,Stadium Tour Promo,True,True,True,True,2024-11-04 22:00:39
S001190,Stadium Tour Promo,True,True,False,False,2025-08-25 15:40:40
S000672,International Fan Club,True,False,False,False,2025-09-15 10:24:33
S000055,New Home Kit Launch,True,False,False,False,2024-12-06 00:28:11
S003256,Re-engagement Winback,True,False,False,False,2025-07-06 01:37:20
S003293,Re-engagement Winback,True,False,False,False,2025-09-11 07:15:38
S000829,Black Friday Store,True,True,True,False,2025-08-19 21:28:53
S000242,Membership Drive,True,False,False,False,2025-04-16 19:44:41
S004904,International Fan Club,True,False,False,False,2025-01-31 06:39:34
S003107,New Home Kit Launch,True,True,False,False,2025-08-08 08:36:25
S004875,Black Friday Store,True,False,False,False,2025-02-10 02:13:46
S004991,International Fan Club,True,False,False,False,2025-06-03 23:17:58
S003983,Membership Drive,True,False,False,False,2025-09-03 03:53:21
S003405,Black Friday Store,True,False,False,False,2025-08-26 04:21:34
S001861,Membership Drive,True,False,False,False,2025-05-24 07:57:08
S003253,Matchday Ticket Alert,True,False,False,False,2024-11-27 05:24:03
S001949,Re-engagement Winback,True,True,True,False,2025-08-22 17:05:54
S004283,Matchday Ticket Alert,True,False,False,False,2025-09-14 15:05:15
S000094,Black Friday Store,True,False,False,False,2025-01-13 14:25:58
S004471,Re-engagement Winback,True,False,False,False,2025-09-02 12:07:59
S001001,International Fan Club,True,False,False,False,2025-04-30 21:56:04
S003893,Membership Drive,True,False,False,False,2024-09-30 20:50:21
S002202,Membership Drive,True,False,False,False,2025-09-03 13:10:09
S001785,Re-engagement Winback,True,True,False,False,2025-07-23 06:40:14
S001259,New Home Kit Launch,True,True,False,False,2025-08-25 12:36:45
S004325,Black Friday Store,True,False,False,False,2025-04-18 03:08:51
S003963,International Fan Club,True,True,False,False,2025-06-25 01:50:02
S003433,Re-engagement Winback,True,True,False,False,2024-12-04 12:26:31
S004102,Re-engagement Winback,True,False,False,False,2025-01-15 10:55:34
S001589,Stadium Tour Promo,True,True,False,False,2025-08-29 10:43:28
S003440,Matchday Ticket Alert,True,False,False,False,2025-01-05 14:06:09
S001547,Black Friday Store,True,False,False,False,2024-09-29 13:32:22
S001766,Stadium Tour Promo,True,True,False,False,2025-09-14 13:14:41
S002514,Stadium Tour Promo,True,False,False,False,2025-08-22 23:59:14
S000271,New Home Kit Launch,True,False,False,False,2025-07-27 13:31:01
S000441,Season Ticket Renewal,True,False,False,False,2025-01-21 17:43:04
S003386,Stadium Tour Promo,True,False,False,False,2024-10-14 20:57:39
S002548,New Home Kit Launch,True,False,False,False,2024-12-24 06:40:12
S000508,Champions League Hospitality,True,False,False,False,2025-08-24 12:19:18
S002175,Matchday Ticket Alert,True,True,True,False,2024-10-08 03:31:40
S004500,Season Ticket Renewal,True,False,False,False,2025-01-10 08:02:57
S004524,Membership Drive,True,False,False,False,2024-11-22 15:25:37
S000344,Membership Drive,True,True,True,False,2025-08-28 20:41:39
S003068,Matchday Ticket Alert,True,True,False,False,2025-09-20 02:00:53
S004569,Black Friday Store,True,False,False,False,2025-01-19 08:16:18
S003411,New Home Kit Launch,True,False,False,False,2025-09-07 18:45:37
S000359,Black Friday Store,True,False,False,False,2025-05-03 15:33:43
S004153,Re-engagement Winback,True,False,False,False,2025-09-13 11:27:16
S000595,Matchday Ticket Alert,True,True,True,False,2025-09-16 09:01:35
S000627,Matchday Ticket Alert,True,True,True,False,2025-09-01 07:56:43
S003271,Season Ticket Renewal,True,True,False,False,2025-09-08 23:42:56
S002947,International Fan Club,True,False,False,False,2025-03-20 07:22:43
S003533,Black Friday Store,True,False,False,False,2025-09-06 14:11:41
S000110,Black Friday Store,True,True,False,False,2025-08-31 18:08:12
S000319,Champions League Hospitality,True,False,False,False,2025-08-26 23:32:03
S002801,Membership Drive,True,False,False,False,2024-12-21 17:14:39
S003871,Membership Drive,True,True,False,False,2025-09-04 13:57:53
S001929,Season Ticket Renewal,True,True,False,False,2025-07-06 00:04:18
S000755,Membership Drive,True,True,False,False,2025-08-24 16:44:33
S002379,Season Ticket Renewal,True,True,False,False,2025-05-14 16:10:42
S001235,Membership Drive,True,True,False,False,2025-04-05 07:57:52
S002771,Black Friday Store,True,False,False,False,2025-02-07 22:46:21
S001466,New Home Kit Launch,True,True,True,False,2025-09-16 04:55:48
S004783,International Fan Club,True,True,False,False,2025-08-30 17:57:08
S003044,Champions League Hospitality,True,False,False,False,2024-10-01 00:02:53
S004670,International Fan Club,True,False,False,False,2024-10-15 12:17:00
S003943,Champions League Hospitality,True,False,False,False,2025-03-25 21:38:26
S003454,Black Friday Store,True,True,False,False,2025-09-03 05:52:48
S001882,Black Friday Store,True,False,False,False,2025-09-04 15:45:39
S003736,Matchday Ticket Alert,True,False,False,False,2025-04-10 01:04:32
S004818,Membership Drive,True,True,True,False,2025-08-23 06:53:15
S000064,New Home Kit Launch,True,False,False,False,2025-09-06 00:57:06
S003938,Re-engagement Winback,True,False,False,False,2025-01-12 12:21:50
S003695,Black Friday Store,True,False,False,False,2025-09-06 17:31:08
S004512,Season Ticket Renewal,True,True,True,True,2024-12-31 11:47:49
S003738,Season Ticket Renewal,True,True,False,False,2024-10-08 19:22:44
S002070,Champions League Hospitality,True,False,False,False,2025-08-21 20:35:36
S001878,Matchday Ticket Alert,True,True,False,False,2024-11-19 05:37:18
S001352,Re-engagement Winback,True,False,False,False,2025-08-10 02:38:54
S004471,Membership Drive,True,False,False,False,2025-01-01 10:36:26
S004296,Matchday Ticket Alert,True,False,False,False,2025-09-09 14:44:24
S002314,Champions League Hospitality,True,True,True,True,2025-08-25 00:48:05
S000060,Re-engagement Winback,True,False,False,False,2025-09-07 17:54:51
S000136,Membership Drive,True,False,False,False,2025-01-21 14:05:39
S003691,International Fan Club,True,False,False,False,2025-08-22 05:38:44
S002175,Champions League Hospitality,True,False,False,False,2024-12-20 15:42:02
S004360,Membership Drive,True,False,False,False,2025-03-03 01:27:48
S002588,Membership Drive,True,True,False,False,2025-03-31 12:19:35
S001200,Stadium Tour Promo,True,True,True,False,2025-07-03 00:04:10
S004284,Black Friday Store,True,False,False,False,2025-08-23 12:47:58
S002504,Membership Drive,True,False,False,False,2025-09-18 12:12:42
S001263,Black Friday Store,True,True,True,False,2025-02-13 00:39:51
S003437,International Fan Club,True,False,False,False,2025-09-19 22:39:03
S002341,New Home Kit Launch,True,False,False,False,2025-09-09 06:15:20
S001250,Matchday Ticket Alert,True,False,False,False,2025-08-30 22:48:49
S000921,International Fan Club,True,True,False,False,2025-08-24 10:43:24
S004627,Season Ticket Renewal,True,False,False,False,2025-04-07 13:15:17
S002080,Black Friday Store,True,False,False,False,2025-02-25 22:25:19
S003304,Champions League Hospitality,True,True,True,False,2025-05-18 16:15:19
S001580,International Fan Club,True,False,False,False,2025-03-31 04:18:51
S001766,Matchday Ticket Alert,True,True,True,False,2025-05-28 03:56:05
S000203,Matchday Ticket Alert,True,False,False,False,2025-04-21 05:18:34
S001501,Black Friday Store,True,False,False,False,2025-01-31 05:45:49
S004714,Membership Drive,True,True,True,True,2025-09-04 20:34:19
S003579,Stadium Tour Promo,True,False,False,False,2025-09-03 02:18:17
S000894,Black Friday Store,True,False,False,False,2025-08-28 08:16:04
S004515,New Home Kit Launch,True,False,False,False,2025-04-12 17:21:38
S004070,Re-engagement Winback,True,False,False,False,2025-06-21 22:58:18
S002499,International Fan Club,True,False,False,False,2025-08-28 10:55:41
S000746,Membership Drive,True,False,False,False,2025-01-01 12:15:13
S001804,New Home Kit Launch,True,False,False,False,2024-12-19 13:21:14
S002771,International Fan Club,True,True,True,False,2025-01-24 02:46:33
S001860,New Home Kit Launch,True,False,False,False,2025-07-28 22:33:05
S002784,Membership Drive,True,True,True,False,2025-09-09 07:40:38
S002499,Membership Drive,True,True,False,False,2025-05-02 02:11:03
S000625,Matchday Ticket Alert,True,False,False,False,2025-09-01 17:52:35
S000380,Champions League Hospitality,True,False,False,False,2025-09-10 04:38:02
S004677,Membership Drive,True,False,False,False,2025-04-27 20:10:19
S002792,Membership Drive,True,True,False,False,2025-09-15 22:32:00
S001094,Champions League Hospitality,True,True,False,False,2025-04-01 10:00:17
S002445,New Home Kit Launch,True,False,False,False,2025-09-05 13:16:23
S001513,Re-engagement Winback,True,False,False,False,2024-11-14 01:53:19
S002839,New Home Kit Launch,True,False,False,False,2025-08-28 16:44:01
S001798,Membership Drive,True,True,True,False,2025-02-04 18:48:34
S003210,Stadium Tour Promo,True,True,True,False,2025-08-28 12:04:34
S004305,Black Friday Store,True,True,True,True,2025-02-28 04:59:22
S000614,Black Friday Store,True,False,False,False,2024-11-03 14:54:23
S002875,Stadium Tour Promo,True,True,True,False,2024-11-07 04:50:19
S002867,Matchday Ticket Alert,True,True,False,False,2025-09-12 15:29:22
S000213,Black Friday Store,True,False,False,False,2024-11-07 19:07:58
S003980,New Home Kit Launch,True,True,False,False,2025-08-25 05:58:40
S001755,Champions League Hospitality,True,False,False,False,2025-06-20 03:32:29
S004007,Season Ticket Renewal,True,True,False,False,2025-08-31 19:50:46
S004130,Black Friday Store,True,False,False,False,2025-09-19 09:51:36
S000796,Champions League Hospitality,True,False,False,False,2025-08-30 13:06:58
S003190,Re-engagement Winback,True,False,False,False,2025-08-27 04:05:08
S002032,Matchday Ticket Alert,True,True,True,False,2025-08-25 14:40:55
S003481,Season Ticket Renewal,True,True,False,False,2025-09-02 15:41:18
S001936,Season Ticket Renewal,True,False,False,False,2025-09-15 03:17:44
S004403,Matchday Ticket Alert,True,False,False,False,2025-03-02 01:29:52
S003093,Stadium Tour Promo,True,False,False,False,2025-02-02 06:26:32
S002255,Membership Drive,True,True,True,False,2025-04-10 23:02:29
S000460,Stadium Tour Promo,True,False,False,False,2025-09-18 13:29:00
S000099,Membership Drive,True,False,False,False,2025-09-16 04:40:49
S001730,New Home Kit Launch,True,False,False,False,2025-01-09 09:58:24
S003044,Season Ticket Renewal,True,False,False,False,2025-08-23 17:10:51
S001344,Matchday Ticket Alert,True,False,False,False,2025-08-06 14:38:48
S002714,Season Ticket Renewal,True,False,False,False,2025-03-04 17:17:05
S004369,Champions League Hospitality,True,False,False,False,2025-09-06 04:13:46
S002509,Champions League Hospitality,True,False,False,False,2025-09-04 12:05:56
S002557,Season Ticket Renewal,True,False,False,False,2025-05-20 06:36:45
S000488,Champions League Hospitality,True,False,False,False,2025-01-24 07:37:36
S002874,Re-engagement Winback,True,False,False,False,2025-09-05 21:16:30
S003839,Matchday Ticket Alert,True,True,False,False,2025-09-16 03:07:03
S004447,Season Ticket Renewal,True,False,False,False,2025-09-12 11:23:10
S000006,Re-engagement Winback,True,False,False,False,2025-05-11 08:13:38
S004790,International Fan Club,True,False,False,False,2024-12-12 06:54:48
S002258,Black Friday Store,True,True,False,False,2025-05-29 03:02:54
S000138,Membership Drive,True,True,False,False,2025-07-24 10:22:03
S004227,Re-engagement Winback,True,False,False,False,2025-08-24 02:22:33
S001230,Re-engagement Winback,True,True,True,False,2024-12-05 15:22:16
S002396,Matchday Ticket Alert,True,True,True,False,2025-09-05 12:34:08
S002737,Re-engagement Winback,True,True,False,False,2025-09-05 18:30:04
S001316,Matchday Ticket Alert,True,False,False,False,2025-03-01 11:31:09
S004146,New Home Kit Launch,True,True,True,True,2025-08-14 11:28:45
S004106,New Home Kit Launch,True,False,False,False,2025-09-02 19:55:19
S001332,Stadium Tour Promo,True,True,True,False,2025-08-30 04:30:59
S000612,Stadium Tour Promo,True,False,False,False,2025-09-18 13:24:40
S001117,Matchday Ticket Alert,True,True,True,False,2024-12-22 01:21:03
S001165,International Fan Club,True,True,True,False,2025-09-06 14:14:06
S002416,Season Ticket Renewal,True,False,False,False,2025-09-13 18:04:57
S002885,Membership Drive,True,False,False,False,2025-02-25 04:10:15
S003076,International Fan Club,True,False,False,False,2025-08-23 21:49:57
S000432,Black Friday Store,True,False,False,False,2025-08-25 17:00:27
S002893,New Home Kit Launch,True,False,False,False,2025-04-20 14:45:13
S003895,Re-engagement Winback,True,True,True,True,2025-09-07 03:08:43
S004523,International Fan Club,True,True,False,False,2025-09-17 13:33:43
S001711,Black Friday Store,True,False,False,False,2025-07-24 10:02:23
S004194,Membership Drive,True,False,False,False,2025-08-30 17:10:26
S003917,Membership Drive,True,False,False,False,2025-08-06 02:38:10
S002872,Black Friday Store,True,False,False,False,2025-08-06 21:00:43
S004662,Membership Drive,True,False,False,False,2025-04-02 06:44:29
S001433,Membership Drive,True,False,False,False,2025-08-10 21:30:04
S003679,Champions League Hospitality,True,True,False,False,2025-09-12 21:05:25
S002471,Re-engagement Winback,True,True,False,False,2024-09-26 17:53:06
S004441,Season Ticket Renewal,True,False,False,False,2024-12-02 20:43:55
S002865,Membership Drive,True,False,False,False,2024-10-24 17:45:39
S001720,Champions League Hospitality,True,True,True,False,2025-09-02 16:14:07
S000076,Stadium Tour Promo,True,True,True,False,2025-04-13 13:18:12
S000487,Champions League Hospitality,True,False,False,False,2025-09-10 21:36:26
S001069,International Fan Club,True,True,True,False,2025-07-16 18:18:03
S003842,International Fan Club,True,True,True,False,2025-08-24 06:52:02
S000587,Black Friday Store,True,False,False,False,2025-09-18 10:15:27
S003475,New Home Kit Launch,True,True,False,False,2024-12-17 08:59:46
S000769,New Home Kit Launch,True,True,False,False,2025-08-22 02:40:36
S004401,Champions League Hospitality,True,True,False,False,2025-03-26 23:06:56
S000182,Season Ticket Renewal,True,False,False,False,2025-09-07 16:51:48
S004285,Stadium Tour Promo,True,False,False,False,2025-08-22 08:12:09
S002328,Membership Drive,True,False,False,False,2024-12-28 20:06:52
S000090,International Fan Club,True,False,False,False,2025-09-13 16:48:32
S003190,Season Ticket Renewal,True,True,True,True,2025-05-28 17:17:51
S003071,Membership Drive,True,True,True,False,2025-08-30 14:50:11
S004179,New Home Kit Launch,True,True,False,False,2025-03-12 12:14:36
S004208,Season Ticket Renewal,True,False,False,False,2025-09-04 15:51:44
S004299,Champions League Hospitality,True,False,False,False,2025-09-18 19:54:22
S002138,Stadium Tour Promo,True,True,False,False,2024-12-22 12:10:39
S001711,New Home Kit Launch,True,False,False,False,2025-08-03 03:41:07
S002044,Champions League Hospitality,True,True,True,False,2025-09-15 18:49:05
S003385,Champions League Hospitality,True,True,True,False,2025-05-07 14:23:29
S001615,International Fan Club,True,True,False,False,2025-06-24 07:02:04
S003058,International Fan Club,True,True,False,False,2025-09-05 22:22:46
S004128,Black Friday Store,True,True,True,False,2025-09-06 05:20:08
S001651,Re-engagement Winback,True,True,True,False,2025-08-22 01:54:42
S001041,Re-engagement Winback,True,False,False,False,2025-05-15 22:39:56
S002270,Season Ticket Renewal,True,True,False,False,2025-08-18 07:39:33
S001840,Black Friday Store,True,True,True,False,2025-09-13 10:50:34
S002909,International Fan Club,True,True,False,False,2025-03-02 00:01:33
S002440,New Home Kit Launch,True,False,False,False,2025-08-28 20:43:19
S002543,Season Ticket Renewal,True,False,False,False,2024-09-28 22:59:26
S004128,International Fan Club,True,False,False,False,2025-09-03 06:42:04
S004671,Season Ticket Renewal,True,False,False,False,2025-08-24 12:42:57
S001816,Champions League Hospitality,True,False,False,False,2025-03-11 17:13:29
S001297,Re-engagement Winback,True,False,False,False,2025-09-16 10:39:27
S002371,Re-engagement Winback,True,False,False,False,2025-09-07 07:22:48
S001676,Membership Drive,True,False,False,False,2024-11-28 22:21:52
S004241,New Home Kit Launch,True,False,False,False,2025-05-29 19:45:21
S001933,New Home Kit Launch,True,True,False,False,2025-09-09 01:17:49
S001951,International Fan Club,True,False,False,False,2025-09-07 23:27:05
S004333,Black Friday Store,True,True,False,False,2025-02-04 05:29:53
S001713,Membership Drive,True,False,False,False,2025-07-02 05:45:58
S003853,Champions League Hospitality,True,True,False,False,2025-05-09 17:01:54
S001707,Season Ticket Renewal,True,False,False,False,2025-01-04 07:29:08
S003174,Champions League Hospitality,True,True,False,False,2025-08-05 09:37:01
S001011,New Home Kit Launch,True,True,False,False,2025-09-13 23:23:21
S003871,Membership Drive,True,True,False,False,2025-03-15 23:36:14
S004363,Champions League Hospitality,True,False,False,False,2025-09-08 16:49:18
S000909,Membership Drive,True,False,False,False,2024-10-24 07:46:08
S003933,Stadium Tour Promo,True,False,False,False,2025-08-28 16:56:06
S000283,Stadium Tour Promo,True,True,True,False,2024-11-30 15:00:34
S003060,Black Friday Store,True,False,False,False,2025-09-05 18:29:59
S000850,New Home Kit Launch,True,False,False,False,2025-03-07 22:00:01
S001506,Matchday Ticket Alert,True,True,True,False,2025-08-27 11:37:21
S002565,Stadium Tour Promo,True,False,False,False,2025-09-07 02:08:37
S001773,Season Ticket Renewal,True,False,False,False,2025-07-30 08:54:25
S001840,Matchday Ticket Alert,True,False,False,False,2025-09-11 03:13:49
S002973,Black Friday Store,True,False,False,False,2025-07-31 23:03:07
S000491,New Home Kit Launch,True,True,True,True,2025-08-27 23:12:57
S003431,Stadium Tour Promo,True,False,False,False,2024-11-22 15:41:59
S001202,International Fan Club,True,False,False,False,2025-09-02 18:43:39
S002320,Membership Drive,True,False,False,False,2025-09-11 08:26:35
S002965,Stadium Tour Promo,True,True,False,False,2025-09-15 05:12:23
S001613,Membership Drive,True,False,False,False,2025-07-01 12:40:17
S003256,New Home Kit Launch,True,False,False,False,2025-09-09 12:25:26
S003591,Matchday Ticket Alert,True,True,False,False,2025-06-07 20:42:51
S004389,Stadium Tour Promo,True,False,False,False,2025-09-18 18:22:35
S001986,New Home Kit Launch,True,True,True,False,2025-09-06 11:23:53
S002092,Champions League Hospitality,True,False,False,False,2025-09-16 11:00:11
S001106,Season Ticket Renewal,True,True,True,False,2025-01-18 11:35:58
S001473,New Home Kit Launch,True,False,False,False,2025-03-10 05:24:13
S004937,Membership Drive,True,False,False,False,2025-01-03 23:29:56
S004537,New Home Kit Launch,True,False,False,False,2025-09-17 21:23:43
S002252,Champions League Hospitality,True,False,False,False,2025-02-14 00:26:30
S003118,Matchday Ticket Alert,True,False,False,False,2025-01-06 00:50:54
S004814,Champions League Hospitality,True,False,False,False,2025-05-05 12:49:39
S003071,Champions League Hospitality,True,True,False,False,2025-02-20 21:40:27
S001582,Stadium Tour Promo,True,False,False,False,2025-09-07 22:59:44
S001510,Membership Drive,True,True,False,False,2025-09-09 18:06:48
S003962,Stadium Tour Promo,True,False,False,False,2025-08-11 19:52:24
S004116,Champions League Hospitality,True,True,True,False,2025-09-09 07:21:57
S000905,International Fan Club,True,False,False,False,2025-08-07 19:44:29
S003036,Black Friday Store,True,True,True,False,2025-03-09 10:33:26
S002339,Stadium Tour Promo,True,False,False,False,2025-07-06 07:06:57
S004855,Membership Drive,True,True,False,False,2025-09-06 02:34:35
S001430,Stadium Tour Promo,True,True,False,False,2024-12-06 03:13:30
S004599,New Home Kit Launch,True,False,False,False,2025-08-24 07:48:25
S001154,Stadium Tour Promo,True,True,False,False,2025-08-30 19:06:13
S002931,International Fan Club,True,False,False,False,2025-08-30 19:41:20
S002821,New Home Kit Launch,True,False,False,False,2025-09-08 13:14:16
S004357,Re-engagement Winback,True,False,False,False,2024-11-23 14:16:58
S001946,Season Ticket Renewal,True,False,False,False,2025-02-16 14:24:39
S003165,Stadium Tour Promo,True,True,True,False,2024-11-26 01:48:47
S001821,International Fan Club,True,False,False,False,2025-09-04 09:54:30
S003632,International Fan Club,True,True,True,False,2025-08-28 06:08:17
S002733,Membership Drive,True,True,True,False,2025-09-15 10:19:49
S002181,New Home Kit Launch,True,True,False,False,2025-04-19 01:36:51
S002471,New Home Kit Launch,True,False,False,False,2025-01-19 19:42:41
S004385,Champions League Hospitality,True,False,False,False,2024-09-20 19:09:30
S003252,Season Ticket Renewal,True,False,False,False,2024-10-08 04:45:19
S002418,Stadium Tour Promo,True,True,False,False,2025-09-09 21:38:41
S001838,Champions League Hospitality,True,False,False,False,2025-02-05 04:07:38
S003287,Black Friday Store,True,False,False,False,2024-10-13 14:53:41
S001695,Season Ticket Renewal,True,True,False,False,2024-10-12 22:17:56
S001803,Membership Drive,True,True,True,True,2025-08-25 13:32:10
S003337,Season Ticket Renewal,True,False,False,False,2024-11-03 08:19:23
S004586,Champions League Hospitality,True,False,False,False,2024-11-24 12:29:46
S002924,New Home Kit Launch,True,True,False,False,2025-08-28 11:59:52
S000239,New Home Kit Launch,True,True,False,False,2025-07-23 07:55:06
S004930,International Fan Club,True,False,False,False,2024-10-30 14:49:10
S003323,Matchday Ticket Alert,True,False,False,False,2024-09-22 05:20:29
S000767,Black Friday Store,True,True,False,False,2024-12-14 10:46:56
S000604,Season Ticket Renewal,True,False,False,False,2024-10-13 05:49:21
S002963,Membership Drive,True,False,False,False,2025-09-12 07:22:54
S000460,Re-engagement Winback,True,False,False,False,2025-08-21 06:04:22
S003602,New Home Kit Launch,True,True,True,False,2025-08-30 07:45:36
S000974,Black Friday Store,True,False,False,False,2025-01-31 05:01:24
S001510,New Home Kit Launch,True,True,True,False,2025-05-15 20:08:40
S000854,Black Friday Store,True,False,False,False,2025-08-24 09:01:50
S003106,Stadium Tour Promo,True,True,False,False,2025-09-18 23:20:09
S004955,Re-engagement Winback,True,True,False,False,2025-09-06 21:51:42
S000317,International Fan Club,True,False,False,False,2025-06-20 08:41:28
S003884,Re-engagement Winback,True,False,False,False,2025-07-03 21:15:48
S004490,International Fan Club,True,False,False,False,2025-09-03 08:55:43
S002007,Matchday Ticket Alert,True,True,True,False,2025-09-01 04:41:34
S000542,Black Friday Store,True,False,False,False,2025-01-20 10:41:10
S002857,New Home Kit Launch,True,False,False,False,2025-09-07 07:11:38
S003858,Champions League Hospitality,True,True,False,False,2025-01-13 02:44:02
S001590,Matchday Ticket Alert,True,False,False,False,2025-09-07 23:08:54
S004840,Champions League Hospitality,True,True,False,False,2025-07-25 20:56:32
S004903,Stadium Tour Promo,True,True,False,False,2025-07-16 11:13:54
S004859,Stadium Tour Promo,True,True,True,True,2024-10-14 20:43:05
S004984,Champions League Hospitality,True,True,False,False,2025-09-12 23:23:58
S001116,New Home Kit Launch,True,True,True,False,2025-09-07 12:05:57
S001899,Season Ticket Renewal,True,False,False,False,2024-12-13 15:16:34
S001947,New Home Kit Launch,True,False,False,False,2025-08-28 16:04:03
S003723,Membership Drive,True,False,False,False,2025-08-24 03:01:32
S000800,Black Friday Store,True,False,False,False,2025-09-04 21:39:42
S000693,International Fan Club,True,False,False,False,2024-11-18 17:00:46
S003899,Black Friday Store,True,True,False,False,2025-03-10 00:48:34
S001838,Membership Drive,True,False,False,False,2025-08-16 20:37:07
S001216,Champions League Hospitality,True,False,False,False,2025-01-30 23:18:45
S001881,Champions League Hospitality,True,False,False,False,2025-08-24 05:36:10
S004851,Membership Drive,True,False,False,False,2025-09-18 07:28:42
S000938,Season Ticket Renewal,True,False,False,False,2024-11-11 19:50:33
S000299,New Home Kit Launch,True,True,True,False,2025-08-27 00:11:15
S001069,Membership Drive,True,True,False,False,2025-04-25 22:56:40
S001725,Re-engagement Winback,True,False,False,False,2025-07-03 09:48:01
S003090,Season Ticket Renewal,True,False,False,False,2025-02-06 01:51:02
S002991,Re-engagement Winback,True,False,False,False,2025-08-29 12:15:44
S004983,New Home Kit Launch,True,True,False,False,2025-09-16 00:09:27
S004963,Black Friday Store,True,False,False,False,2025-04-19 04:09:22
S002901,New Home Kit Launch,True,True,False,False,2025-04-10 22:59:31
S003767,Black Friday Store,True,False,False,False,2025-08-21 22:38:02
S002793,Membership Drive,True,False,False,False,2025-08-26 01:36:01
S002710,New Home Kit Launch,True,False,False,False,2025-05-25 19:36:30
S003279,International Fan Club,True,False,False,False,2025-03-14 20:35:44
S000278,New Home Kit Launch,True,True,True,False,2025-04-23 10:08:01
S000144,Champions League Hospitality,True,True,False,False,2025-08-29 10:09:00
S004240,Stadium Tour Promo,True,False,False,False,2025-08-21 18:45:17
S001557,Season Ticket Renewal,True,True,False,False,2025-09-16 22:54:24
S001411,Membership Drive,True,True,False,False,2025-08-04 09:05:25
S001419,Season Ticket Renewal,True,False,False,False,2025-04-07 20:33:00
S002975,Stadium Tour Promo,True,True,False,False,2025-04-18 17:38:20
S004334,Stadium Tour Promo,True,True,True,False,2025-05-31 01:08:40
S004144,Re-engagement Winback,True,False,False,False,2024-10-20 15:02:20
S003846,Black Friday Store,True,False,False,False,2025-09-17 11:50:56
S001793,Stadium Tour Promo,True,False,False,False,2025-08-31 13:44:05
S004152,Season Ticket Renewal,True,False,False,False,2025-08-04 08:21:28
S001489,Black Friday Store,True,False,False,False,2025-04-22 21:05:33
S004512,Season Ticket Renewal,True,False,False,False,2025-01-01 10:48:26
S003416,Membership Drive,True,False,False,False,2025-08-16 02:16:16
S001182,Matchday Ticket Alert,True,True,False,False,2025-08-30 14:25:30
S001651,Champions League Hospitality,True,False,False,False,2025-01-05 21:28:10
S000276,Season Ticket Renewal,True,True,False,False,2025-03-16 07:26:51
S004131,Season Ticket Renewal,True,False,False,False,2025-02-09 23:33:58
S002642,Season Ticket Renewal,True,True,True,True,2025-08-28 00:09:37
S002132,New Home Kit Launch,True,False,False,False,2024-12-05 01:14:48
S004674,Season Ticket Renewal,True,False,False,False,2025-05-14 18:39:39
S002715,Matchday Ticket Alert,True,False,False,False,2025-04-29 09:59:32
S002243,New Home Kit Launch,True,True,False,False,2025-09-11 06:32:11
S003535,Champions League Hospitality,True,True,False,False,2025-09-09 21:37:28
S001694,Black Friday Store,True,False,False,False,2024-09-28 19:24:31
S001064,Re-engagement Winback,True,False,False,False,2025-07-31 20:00:38
S000171,Season Ticket Renewal,True,False,False,False,2025-04-04 14:29:06
S001393,Black Friday Store,True,False,False,False,2025-03-27 22:25:57
S004600,Champions League Hospitality,True,True,False,False,2025-05-26 18:54:59
S000321,Season Ticket Renewal,True,False,False,False,2024-12-18 10:04:41
S001706,Champions League Hospitality,True,False,False,False,2025-08-30 23:37:44
S003369,International Fan Club,True,True,False,False,2025-08-17 07:35:42
S000990,New Home Kit Launch,True,True,False,False,2025-06-30 05:17:26
S001800,International Fan Club,True,True,False,False,2025-08-30 01:20:02
S004887,Membership Drive,True,True,False,False,2024-12-02 09:36:05
S000395,Season Ticket Renewal,True,False,False,False,2025-09-18 09:39:07
S002511,International Fan Club,True,True,False,False,2025-01-25 12:49:58
S003395,Stadium Tour Promo,True,True,False,False,2025-08-26 03:57:42
S001743,Matchday Ticket Alert,True,False,False,False,2025-04-01 13:08:02
S002685,Membership Drive,True,True,False,False,2025-09-11 02:47:11
S003260,Season Ticket Renewal,True,True,False,False,2025-08-13 07:48:09
S003055,New Home Kit Launch,True,False,False,False,2025-03-04 13:31:12
S004310,Black Friday Store,True,False,False,False,2025-09-09 04:12:10
S004654,Black Friday Store,True,True,False,False,2025-03-17 16:40:06
S002415,Membership Drive,True,True,True,False,2025-02-07 10:02:44
S003622,Season Ticket Renewal,True,True,False,False,2025-08-23 08:48:49
S002089,Black Friday Store,True,False,False,False,2025-09-05 20:58:33
S001230,Champions League Hospitality,True,True,False,False,2024-10-13 02:31:15
S002382,Black Friday Store,True,False,False,False,2025-01-29 17:35:37
S003659,New Home Kit Launch,True,True,False,False,2025-08-29 01:59:26
S000699,Stadium Tour Promo,True,False,False,False,2025-09-03 09:08:46
S003642,Matchday Ticket Alert,True,True,False,False,2025-08-22 15:18:26
S000434,Membership Drive,True,False,False,False,2025-03-30 05:00:16
S001994,Champions League Hospitality,True,False,False,False,2025-04-01 07:44:39
S001169,Champions League Hospitality,True,False,False,False,2025-08-21 19:54:18
S004085,Stadium Tour Promo,True,False,False,False,2025-08-21 22:15:20
S004610,Season Ticket Renewal,True,False,False,False,2025-02-16 20:26:05
S003673,Re-engagement Winback,True,False,False,False,2025-05-26 09:41:28
S003747,Stadium Tour Promo,True,True,True,False,2025-06-10 09:10:19
S004298,Season Ticket Renewal,True,False,False,False,2024-10-18 00:06:23
S001063,Stadium Tour Promo,True,True,False,False,2025-08-28 02:16:04
S004676,Champions League Hospitality,True,False,False,False,2024-10-02 02:29:54
S002622,Season Ticket Renewal,True,True,True,False,2025-09-06 08:46:33
S002423,International Fan Club,True,False,False,False,2025-09-13 14:04:27
S002888,Champions League Hospitality,True,False,False,False,2025-08-18 01:19:28
S004152,Membership Drive,True,False,False,False,2024-11-23 16:03:12
S003441,New Home Kit Launch,True,False,False,False,2025-05-13 00:40:31
S004796,Stadium Tour Promo,True,False,False,False,2025-06-23 16:30:56
S000470,Membership Drive,True,True,False,False,2025-06-18 00:16:11
S001021,Matchday Ticket Alert,True,True,False,False,2025-09-01 04:06:56
S004312,Membership Drive,True,False,False,False,2024-12-02 20:31:59
S004511,Black Friday Store,True,False,False,False,2025-08-23 14:27:37
S002255,Matchday Ticket Alert,True,True,True,False,2024-11-05 14:57:27
S000891,Champions League Hospitality,True,False,False,False,2024-12-01 17:51:14
S000476,Black Friday Store,True,False,False,False,2025-01-31 17:11:54
S004459,New Home Kit Launch,True,True,True,False,2025-01-15 16:20:33
S003540,Black Friday Store,True,True,True,False,2025-09-05 09:25:52
S001797,International Fan Club,True,True,False,False,2025-08-22 15:42:52
S001592,Season Ticket Renewal,True,True,False,False,2025-09-03 22:42:28
S004917,Season Ticket Renewal,True,True,False,False,2025-04-11 16:19:16
S000115,Champions League Hospitality,True,False,False,False,2025-08-10 04:49:54
S001080,New Home Kit Launch,True,False,False,False,2025-08-30 01:16:26
S004352,Black Friday Store,True,True,True,True,2025-09-07 04:04:30
S004479,Re-engagement Winback,True,True,False,False,2025-02-18 21:29:42
S004435,Champions League Hospitality,True,False,False,False,2024-09-27 00:39:49
S001901,International Fan Club,True,False,False,False,2025-09-15 07:20:12
S003671,Season Ticket Renewal,True,False,False,False,2025-08-24 15:14:57
S004451,New Home Kit Launch,True,False,False,False,2025-08-30 18:22:30
S000090,Matchday Ticket Alert,True,False,False,False,2025-08-30 19:30:32
S003766,Stadium Tour Promo,True,False,False,False,2025-04-29 11:19:52
S000202,Black Friday Store,True,False,False,False,2025-04-07 07:56:08
S001464,Stadium Tour Promo,True,True,False,False,2025-02-09 04:08:20
S002400,New Home Kit Launch,True,True,False,False,2025-08-27 11:52:15
S003981,Membership Drive,True,True,True,False,2025-06-01 06:12:16
S003477,New Home Kit Launch,True,False,False,False,2025-09-18 21:12:19
S004844,Membership Drive,True,True,True,False,2025-09-18 04:28:17
S004853,Matchday Ticket Alert,True,True,True,False,2025-08-05 04:39:11
S002160,Re-engagement Winback,True,True,True,False,2025-08-06 00:06:44
S000026,Stadium Tour Promo,True,True,True,False,2025-08-30 10:02:35
S000645,New Home Kit Launch,True,True,False,False,2025-08-22 07:52:22
S004126,New Home Kit Launch,True,False,False,False,2024-09-23 10:48:23
S001484,International Fan Club,True,False,False,False,2025-04-08 03:07:53
S000621,International Fan Club,True,False,False,False,2025-08-26 20:07:55
S004988,Membership Drive,True,True,False,False,2025-09-02 23:57:05
S003088,Season Ticket Renewal,True,True,False,False,2025-08-22 21:10:22
S004626,Black Friday Store,True,True,False,False,2025-03-14 01:02:24
S002232,Membership Drive,True,True,False,False,2025-09-07 07:57:20
S000311,Champions League Hospitality,True,False,False,False,2025-06-08 08:25:44
S003958,Membership Drive,True,True,False,False,2025-08-28 04:25:55
S001066,New Home Kit Launch,True,False,False,False,2025-07-18 17:04:36
S003015,New Home Kit Launch,True,False,False,False,2025-09-07 09:24:44
S002753,International Fan Club,True,False,False,False,2025-07-20 06:39:25
S003715,Black Friday Store,True,False,False,False,2025-01-04 07:30:32
S001215,Season Ticket Renewal,True,True,True,False,2025-01-16 13:52:53
S003990,Re-engagement Winback,True,False,False,False,2025-08-24 17:46:48
S004296,New Home Kit Launch,True,False,False,False,2025-09-13 10:52:32
S004757,International Fan Club,True,False,False,False,2025-08-30 11:03:21
S004820,Matchday Ticket Alert,True,False,False,False,2024-12-09 12:18:00
S000118,New Home Kit Launch,True,False,False,False,2025-06-16 01:03:46
S000734,Membership Drive,True,False,False,False,2025-08-31 20:52:51
S001396,Champions League Hospitality,True,True,True,False,2025-04-20 02:21:51
S004783,Champions League Hospitality,True,False,False,False,2025-05-17 03:16:58
S000333,Black Friday Store,True,False,False,False,2025-08-28 20:37:09
S002652,Black Friday Store,True,True,False,False,2025-09-02 10:02:15
S001367,Black Friday Store,True,False,False,False,2025-04-21 05:38:27
S000271,Season Ticket Renewal,True,True,False,False,2024-12-18 05:55:26
S004489,Membership Drive,True,False,False,False,2025-01-13 23:42:34
S004623,Champions League Hospitality,True,True,True,False,2025-08-21 21:35:52
S001343,Champions League Hospitality,True,False,False,False,2025-08-04 21:00:57
S004961,Matchday Ticket Alert,True,True,False,False,2025-09-16 00:38:40
S000415,Black Friday Store,True,True,False,False,2025-02-03 03:50:06
S002138,Membership Drive,True,False,False,False,2025-08-26 23:02:50
S003120,Champions League Hospitality,True,False,False,False,2025-09-14 23:25:49
S002801,Stadium Tour Promo,True,False,False,False,2025-07-07 14:53:58
S001553,International Fan Club,True,False,False,False,2025-03-16 18:26:15
S001027,Season Ticket Renewal,True,False,False,False,2024-11-27 00:37:59
S004667,Black Friday Store,True,False,False,False,2025-03-24 19:58:49
S002232,Champions League Hospitality,True,False,False,False,2025-09-05 00:15:11
S000419,Black Friday Store,True,False,False,False,2025-08-27 06:20:09
S002399,Season Ticket Renewal,True,False,False,False,2025-04-10 02:08:07
S000582,Membership Drive,True,True,True,False,2025-09-12 23:45:50
S000470,Membership Drive,True,False,False,False,2025-09-05 10:56:43
S004206,Matchday Ticket Alert,True,True,True,True,2025-07-22 01:25:49
S001854,New Home Kit Launch,True,False,False,False,2024-09-21 02:17:44
S000459,Matchday Ticket Alert,True,False,False,False,2025-09-08 02:15:33
S004228,International Fan Club,True,False,False,False,2025-09-02 16:21:16
S001155,Season Ticket Renewal,True,True,True,True,2024-11-22 08:48:24
S003211,Champions League Hospitality,True,True,False,False,2025-04-22 17:02:02
S001407,Black Friday Store,True,False,False,False,2025-08-26 00:56:04
S000371,International Fan Club,True,False,False,False,2025-05-12 00:41:07
S001117,Re-engagement Winback,True,True,False,False,2025-09-10 08:17:25
S004730,Stadium Tour Promo,True,True,True,False,2025-04-14 04:43:33
S001098,Membership Drive,True,True,False,False,2025-07-16 23:20:59
S004743,Membership Drive,True,True,False,False,2024-11-23 05:22:09
S004829,Membership Drive,True,True,True,False,2025-08-13 09:31:45
S000855,Matchday Ticket Alert,True,False,False,False,2025-06-14 02:35:17
S001119,Matchday Ticket Alert,True,True,False,False,2024-09-26 06:39:35
S004789,International Fan Club,True,False,False,False,2025-09-02 11:13:36
S002846,Membership Drive,True,True,False,False,2025-06-04 09:43:01
S003496,Matchday Ticket Alert,True,False,False,False,2025-08-29 23:08:17
S004621,Season Ticket Renewal,True,True,True,False,2024-10-05 06:55:28
S002661,Re-engagement Winback,True,True,True,False,2024-10-11 08:38:20
S001764,International Fan Club,True,False,False,False,2025-08-26 18:08:13
S000145,International Fan Club,True,False,False,False,2025-09-10 10:31:14
S004919,Black Friday Store,True,True,True,True,2025-08-30 16:51:23
S001371,Season Ticket Renewal,True,True,True,True,2025-08-25 05:18:23
S001286,Season Ticket Renewal,True,True,True,False,2025-03-28 07:07:52
S002024,Stadium Tour Promo,True,False,False,False,2024-11-13 06:57:01
S004008,International Fan Club,True,False,False,False,2025-09-13 17:59:53
S004376,Season Ticket Renewal,True,False,False,False,2025-08-23 18:35:54
S000105,Matchday Ticket Alert,True,True,False,False,2025-09-18 04:41:17
S003725,Champions League Hospitality,True,False,False,False,2025-07-17 21:26:57
S001672,Re-engagement Winback,True,False,False,False,2025-06-02 21:09:18
S003019,Stadium Tour Promo,True,True,False,False,2025-09-19 03:26:01
S003618,Stadium Tour Promo,True,False,False,False,2025-09-10 23:52:04
S002314,Champions League Hospitality,True,True,True,False,2025-04-01 03:09:03
S004869,Matchday Ticket Alert,True,False,False,False,2024-11-23 20:00:45
S003410,Black Friday Store,True,False,False,False,2025-09-15 04:28:00
S002078,New Home Kit Launch,True,True,False,False,2025-01-07 02:18:23
S002022,Stadium Tour Promo,True,False,False,False,2024-09-22 23:01:01
S001116,Black Friday Store,True,True,False,False,2025-08-28 00:55:17
S002758,Matchday Ticket Alert,True,True,True,True,2025-09-05 15:01:35
S004359,Black Friday Store,True,False,False,False,2025-09-01 11:52:36
S002029,Matchday Ticket Alert,True,True,False,False,2025-01-08 10:06:16
S003836,Membership Drive,True,True,False,False,2025-09-20 10:33:32
S001664,Membership Drive,True,False,False,False,2024-10-04 13:19:49
S003138,Stadium Tour Promo,True,True,True,False,2025-08-16 22:34:36
S002206,Re-engagement Winback,True,True,False,False,2024-10-12 02:43:54
S001668,Matchday Ticket Alert,True,False,False,False,2024-11-25 08:09:14
S002417,Matchday Ticket Alert,True,False,False,False,2025-09-05 04:12:19
S001515,New Home Kit Launch,True,True,False,False,2025-09-09 00:38:19
S004613,Champions League Hospitality,True,False,False,False,2025-07-31 14:12:40
S004017,Champions League Hospitality,True,False,False,False,2025-08-29 12:12:27
S000402,Stadium Tour Promo,True,False,False,False,2025-09-13 05:04:32
S004415,Stadium Tour Promo,True,False,False,False,2025-08-27 05:06:55
S000680,Membership Drive,True,False,False,False,2024-12-12 12:27:35
S004021,Champions League Hospitality,True,True,True,False,2025-03-16 00:24:34
S004295,International Fan Club,True,True,False,False,2025-02-28 08:32:03
S002298,Black Friday Store,True,True,False,False,2024-11-27 05:57:56
S002214,Black Friday Store,True,False,False,False,2025-08-31 00:25:23
S001138,International Fan Club,True,False,False,False,2024-12-05 05:15:11
S000626,Matchday Ticket Alert,True,True,False,False,2025-09-19 16:29:17
S000089,Season Ticket Renewal,True,False,False,False,2025-05-08 10:14:35
S001659,International Fan Club,True,True,False,False,2025-08-25 13:09:28
S001452,New Home Kit Launch,True,True,True,False,2024-10-28 06:06:04
S003399,International Fan Club,True,False,False,False,2025-09-10 07:11:59
S000570,New Home Kit Launch,True,True,False,False,2025-07-20 07:59:42
S001633,Season Ticket Renewal,True,False,False,False,2025-05-21 12:19:36
S000610,New Home Kit Launch,True,True,False,False,2025-09-04 02:24:26
S002338,Membership Drive,True,False,False,False,2025-09-17 16:41:07
S002272,Membership Drive,True,False,False,False,2025-08-25 07:49:03
S001824,Membership Drive,True,True,False,False,2025-07-11 18:18:02
S004055,Re-engagement Winback,True,False,False,False,2025-08-29 11:36:22
S002468,Membership Drive,True,False,False,False,2024-10-08 13:50:53
S003642,Stadium Tour Promo,True,False,False,False,2025-03-26 03:09:19
S001708,Re-engagement Winback,True,True,False,False,2025-09-19 05:15:51
S004879,Re-engagement Winback,True,False,False,False,2025-08-02 00:42:10
S002954,International Fan Club,True,False,False,False,2025-08-16 09:06:50
S004094,Season Ticket Renewal,True,False,False,False,2025-08-20 17:40:01
S003844,Membership Drive,True,True,True,False,2025-08-28 13:56:36
S003517,Re-engagement Winback,True,False,False,False,2025-09-02 02:55:58
S003629,New Home Kit Launch,True,False,False,False,2025-03-28 06:17:38
S004452,International Fan Club,True,False,False,False,2025-06-27 14:48:04
S001229,Stadium Tour Promo,True,True,False,False,2025-08-13 18:36:18
S000903,Black Friday Store,True,True,False,False,2025-09-11 23:30:35
S001287,Black Friday Store,True,True,False,False,2025-09-03 11:45:21
S003799,Black Friday Store,True,False,False,False,2025-05-10 05:52:03
S000717,International Fan Club,True,True,True,True,2025-08-25 00:49:15
S001382,International Fan Club,True,True,False,False,2025-09-17 08:23:25
S003633,Stadium Tour Promo,True,False,False,False,2025-03-13 19:15:22
S003693,International Fan Club,True,False,False,False,2024-10-13 09:36:15
S001377,Membership Drive,True,False,False,False,2024-12-16 17:54:37
S000835,Re-engagement Winback,True,False,False,False,2024-11-16 21:34:35
S002860,Re-engagement Winback,True,False,False,False,2025-09-08 18:08:57
S000593,Champions League Hospitality,True,True,True,False,2025-09-18 04:20:37
S003960,Re-engagement Winback,True,True,True,False,2025-03-28 23:41:45
S003654,Membership Drive,True,True,True,False,2025-05-23 23:42:34
S000503,Membership Drive,True,False,False,False,2025-08-28 07:25:53
S002493,Membership Drive,True,False,False,False,2025-08-26 10:45:36
S003137,New Home Kit Launch,True,False,False,False,2025-09-01 14:37:10
S002698,Re-engagement Winback,True,True,False,False,2025-06-21 01:34:18
S001728,Black Friday Store,True,False,False,False,2025-08-25 01:32:24
S003312,Membership Drive,True,False,False,False,2025-09-04 15:34:50
S000230,Re-engagement Winback,True,True,False,False,2024-10-04 13:19:30
S002208,New Home Kit Launch,True,False,False,False,2025-04-13 02:39:38
S002570,Re-engagement Winback,True,True,False,False,2025-09-10 21:48:15
S003164,Champions League Hospitality,True,True,False,False,2025-04-02 23:16:41
S002420,Matchday Ticket Alert,True,True,True,False,2024-12-18 20:04:19
S002717,International Fan Club,True,True,True,False,2025-08-30 23:34:12
S002316,International Fan Club,True,False,False,False,2025-09-13 16:28:33
S001724,Season Ticket Renewal,True,True,True,False,2025-09-13 10:12:37
S004287,Membership Drive,True,True,False,False,2024-10-13 13:32:25
S002646,Re-engagement Winback,True,False,False,False,2025-07-07 04:25:34
S001592,Re-engagement Winback,True,False,False,False,2025-08-30 23:44:36
S000084,Stadium Tour Promo,True,False,False,False,2025-09-01 00:14:22
S004887,Champions League Hospitality,True,False,False,False,2025-06-23 15:40:05
S001660,Black Friday Store,True,False,False,False,2025-04-13 10:18:07
S004107,Membership Drive,True,False,False,False,2024-09-24 05:20:20
S004819,Stadium Tour Promo,True,False,False,False,2025-09-13 01:29:36
S001869,Champions League Hospitality,True,True,False,False,2025-05-04 20:42:35
S001967,Champions League Hospitality,True,True,False,False,2025-09-02 14:07:12
S000417,Re-engagement Winback,True,False,False,False,2024-11-07 08:55:40
S001720,Season Ticket Renewal,True,True,False,False,2025-05-13 05:50:06
S004637,Matchday Ticket Alert,True,False,False,False,2025-04-19 03:32:34
S002347,Membership Drive,True,False,False,False,2025-01-15 11:41:02
S001173,International Fan Club,True,True,False,False,2025-03-17 13:40:03
S002631,Stadium Tour Promo,True,False,False,False,2025-09-09 11:43:12
S004486,Champions League Hospitality,True,True,True,False,2024-10-21 11:32:29
S000043,Champions League Hospitality,True,False,False,False,2025-08-30 06:56:42
S004600,Season Ticket Renewal,True,False,False,False,2025-09-17 16:12:39
S002559,Black Friday Store,True,True,True,False,2025-09-13 08:34:33
S001700,International Fan Club,True,False,False,False,2025-05-19 22:43:15
S003043,Membership Drive,True,False,False,False,2025-08-28 13:51:12
S003701,Black Friday Store,True,True,False,False,2025-07-27 13:08:04
S003089,Matchday Ticket Alert,True,True,False,False,2025-03-11 08:13:11
S003637,Champions League Hospitality,True,False,False,False,2025-01-25 07:26:05
S001413,Season Ticket Renewal,True,False,False,False,2025-06-08 02:20:24
S004116,Champions League Hospitality,True,False,False,False,2025-06-30 15:41:49
S004415,Black Friday Store,True,True,True,True,2025-02-05 03:00:58
S002762,Membership Drive,True,False,False,False,2025-08-22 03:40:18
S000706,International Fan Club,True,False,False,False,2025-04-04 22:05:19
S001129,Matchday Ticket Alert,True,True,True,False,2025-09-16 17:38:27
S004497,Champions League Hospitality,True,False,False,False,2024-10-17 08:57:21
S002750,New Home Kit Launch,True,False,False,False,2025-09-14 22:26:00
S002224,New Home Kit Launch,True,False,False,False,2025-07-09 00:12:57
S002532,Matchday Ticket Alert,True,True,False,False,2025-05-03 09:29:03
S004113,New Home Kit Launch,True,False,False,False,2025-02-22 03:25:00
S001407,Champions League Hospitality,True,False,False,False,2025-09-16 03:37:01
S002910,Membership Drive,True,False,False,False,2025-05-26 14:11:02
S004502,Membership Drive,True,False,False,False,2025-05-11 03:07:44
S003229,Matchday Ticket Alert,True,True,True,False,2025-07-20 15:07:57
S000138,Stadium Tour Promo,True,False,False,False,2025-05-10 16:53:03
S004751,New Home Kit Launch,True,False,False,False,2024-09-26 12:14:52
S002590,Champions League Hospitality,True,True,False,False,2025-03-21 15:44:40
S002202,Season Ticket Renewal,True,True,True,False,2025-09-03 08:34:19
S000457,New Home Kit Launch,True,False,False,False,2025-07-31 06:48:35
S001072,Stadium Tour Promo,True,False,False,False,2025-05-11 23:53:20
S001741,Membership Drive,True,True,True,True,2025-02-27 14:52:48
S002343,Membership Drive,True,True,False,False,2025-09-09 08:31:55
S001458,Black Friday Store,True,False,False,False,2025-07-22 09:47:05
S001434,Membership Drive,True,False,False,False,2025-09-10 01:25:54
S001447,New Home Kit Launch,True,False,False,False,2025-04-05 15:16:30
S002847,Champions League Hospitality,True,True,False,False,2025-03-26 16:18:31
S001750,International Fan Club,True,False,False,False,2025-09-07 16:25:05
S003099,Black Friday Store,True,False,False,False,2025-08-25 06:01:15
S000646,Matchday Ticket Alert,True,True,True,False,2025-09-06 00:26:15
S003653,Membership Drive,True,False,False,False,2025-08-08 19:41:48
S000761,Champions League Hospitality,True,False,False,False,2025-04-27 09:22:24
S001915,Black Friday Store,True,False,False,False,2025-08-13 23:05:03
S004948,Re-engagement Winback,True,False,False,False,2025-02-15 19:16:15
S004180,Matchday Ticket Alert,True,False,False,False,2025-08-29 02:20:39
S001498,Champions League Hospitality,True,False,False,False,2025-08-28 19:10:08
S001459,New Home Kit Launch,True,True,True,False,2025-09-07 03:06:30
S000178,Membership Drive,True,True,False,False,2025-08-21 16:24:16
S002761,Season Ticket Renewal,True,True,False,False,2025-08-23 22:42:04
S002323,Champions League Hospitality,True,True,False,False,2025-05-02 15:05:31
S002325,Matchday Ticket Alert,True,True,True,False,2025-09-01 03:33:36
S003084,Champions League Hospitality,True,False,False,False,2025-08-24 19:00:36
S004947,Black Friday Store,True,False,False,False,2025-03-15 04:17:01
S004282,Champions League Hospitality,True,True,True,False,2025-02-04 03:39:55
S004537,New Home Kit Launch,True,False,False,False,2025-04-25 00:17:58
S004913,Champions League Hospitality,True,True,False,False,2025-02-04 16:59:08
S004009,New Home Kit Launch,True,False,False,False,2025-08-24 14:48:34
S003053,Re-engagement Winback,True,False,False,False,2025-08-21 23:25:41
S001630,Stadium Tour Promo,True,False,False,False,2025-05-26 17:45:11
S002132,Matchday Ticket Alert,True,True,False,False,2025-04-03 08:01:00
S004233,International Fan Club,True,False,False,False,2025-09-04 04:35:59
S004449,International Fan Club,True,False,False,False,2024-11-05 20:31:54
S000750,New Home Kit Launch,True,False,False,False,2025-05-14 02:32:28
S001209,Stadium Tour Promo,True,True,True,False,2025-09-07 10:01:32
S002346,Re-engagement Winback,True,False,False,False,2025-08-26 09:21:44
S004221,Stadium Tour Promo,True,False,False,False,2025-08-23 07:13:28
S001346,Champions League Hospitality,True,False,False,False,2025-08-04 20:56:38
S000075,Champions League Hospitality,True,True,True,False,2025-09-18 06:17:16
S000516,Membership Drive,True,True,False,False,2025-09-19 20:48:09
S003425,Champions League Hospitality,True,False,False,False,2025-06-02 15:52:28
S001045,Stadium Tour Promo,True,True,True,False,2025-08-24 02:36:44
S001672,Season Ticket Renewal,True,True,False,False,2025-01-04 22:21:30
S003115,Re-engagement Winback,True,True,False,False,2025-07-12 04:08:23
S004281,Matchday Ticket Alert,True,True,False,False,2024-11-23 09:24:19
S004167,Membership Drive,True,False,False,False,2025-09-04 15:43:52
S004719,New Home Kit Launch,True,False,False,False,2025-08-31 19:03:44
S001406,Champions League Hospitality,True,True,True,False,2025-07-19 13:09:30
S004156,Champions League Hospitality,True,False,False,False,2025-03-03 16:40:06
S002339,Re-engagement Winback,True,True,True,False,2025-01-02 20:15:33
S004149,International Fan Club,True,False,False,False,2025-01-01 06:16:29
S003028,Season Ticket Renewal,True,True,False,False,2025-07-29 10:24:04
S004506,Season Ticket Renewal,True,True,True,True,2025-09-01 05:16:25
S004259,International Fan Club,True,False,False,False,2025-08-24 20:03:10
S000576,Matchday Ticket Alert,True,False,False,False,2025-09-01 06:38:31
S002614,Season Ticket Renewal,True,False,False,False,2025-09-02 20:28:35
S000661,Champions League Hospitality,True,True,False,False,2025-09-20 04:45:48
S002105,Black Friday Store,True,True,False,False,2025-03-22 13:12:28
S003259,Season Ticket Renewal,True,False,False,False,2025-03-26 17:27:09
S004168,Membership Drive,True,False,False,False,2025-09-18 23:18:41
S002034,International Fan Club,True,False,False,False,2025-05-01 03:10:50
S001909,Black Friday Store,True,False,False,False,2025-08-31 00:24:02
S000186,Stadium Tour Promo,True,False,False,False,2025-01-22 12:56:42
S004823,New Home Kit Launch,True,False,False,False,2025-04-02 17:45:33
S000075,Matchday Ticket Alert,True,True,True,False,2025-03-15 12:19:08
S003086,New Home Kit Launch,True,False,False,False,2025-03-31 06:01:08
S000677,Season Ticket Renewal,True,True,False,False,2024-11-06 04:40:54
S000676,Membership Drive,True,True,False,False,2024-10-19 00:51:42
S002247,International Fan Club,True,False,False,False,2025-01-09 22:13:42
S004828,Stadium Tour Promo,True,True,False,False,2024-10-30 04:57:17
S003661,Stadium Tour Promo,True,True,False,False,2025-08-29 19:50:40
S004942,Stadium Tour Promo,True,True,True,True,2024-11-06 22:22:44
S003462,Black Friday Store,True,False,False,False,2025-05-27 09:32:23
S003658,Stadium Tour Promo,True,False,False,False,2024-11-01 02:07:40
S002061,Membership Drive,True,True,True,False,2025-05-01 02:35:41
S002519,Stadium Tour Promo,True,True,True,False,2025-09-05 01:25:49
S001551,Matchday Ticket Alert,True,True,False,False,2024-10-24 03:20:42
S001657,Black Friday Store,True,False,False,False,2025-05-04 03:32:31
S002231,Stadium Tour Promo,True,False,False,False,2025-08-01 14:39:57
S001757,Black Friday Store,True,False,False,False,2025-09-08 15:35:21
S002309,Membership Drive,True,False,False,False,2025-09-06 01:48:46
S004897,Stadium Tour Promo,True,False,False,False,2025-09-03 05:45:26
S002369,Membership Drive,True,True,False,False,2025-08-30 14:25:16
S002124,Membership Drive,True,False,False,False,2025-06-08 07:40:14
S003314,Season Ticket Renewal,True,False,False,False,2025-07-21 23:05:57
S001247,Stadium Tour Promo,True,True,True,False,2025-09-17 03:55:26
S000579,Season Ticket Renewal,True,False,False,False,2025-01-16 12:12:03
S004654,Membership Drive,True,False,False,False,2025-08-21 13:09:26
S001812,International Fan Club,True,True,True,False,2024-10-06 19:20:28
S003871,Membership Drive,True,True,True,False,2025-09-07 08:58:05
S000402,Stadium Tour Promo,True,False,False,False,2025-09-03 14:58:09
S001495,Black Friday Store,True,True,False,False,2025-09-11 21:23:57
S001816,Membership Drive,True,True,False,False,2025-09-07 15:14:31
S003795,Season Ticket Renewal,True,False,False,False,2024-12-31 04:15:43
S001528,Membership Drive,True,False,False,False,2025-09-05 13:44:33
S003422,Matchday Ticket Alert,True,False,False,False,2025-08-23 20:57:46
S004777,Season Ticket Renewal,True,False,False,False,2025-02-17 04:58:44
S003845,Black Friday Store,True,True,False,False,2025-09-17 15:08:49
S000427,Black Friday Store,True,True,False,False,2025-01-05 23:15:00
S004237,Stadium Tour Promo,True,False,False,False,2025-03-15 17:32:08
S004484,International Fan Club,True,False,False,False,2025-04-01 02:06:42
S003497,Champions League Hospitality,True,True,True,False,2025-07-27 23:02:32
S000294,Matchday Ticket Alert,True,True,False,False,2025-05-17 08:30:19
S001651,Champions League Hospitality,True,False,False,False,2025-09-01 20:10:09
S004671,International Fan Club,True,True,False,False,2025-09-20 04:50:15
S003485,Matchday Ticket Alert,True,False,False,False,2025-09-13 10:07:04
S003817,Season Ticket Renewal,True,False,False,False,2025-02-01 05:22:35
S002845,Matchday Ticket Alert,True,False,False,False,2025-07-03 21:55:22
S002497,Stadium Tour Promo,True,False,False,False,2025-08-26 10:18:38
S003482,Stadium Tour Promo,True,False,False,False,2025-09-10 06:57:53
S000997,Re-engagement Winback,True,True,False,False,2025-09-01 20:41:03
S001680,Matchday Ticket Alert,True,False,False,False,2025-09-19 11:48:34
S002329,Black Friday Store,True,False,False,False,2025-01-09 22:57:51
S000014,New Home Kit Launch,True,True,False,False,2025-09-15 01:58:38
S001336,Season Ticket Renewal,True,False,False,False,2025-08-22 14:54:42
S000091,Champions League Hospitality,True,True,True,True,2025-08-25 08:33:18
S002811,New Home Kit Launch,True,False,False,False,2024-12-31 02:40:36
S001927,Membership Drive,True,False,False,False,2024-11-17 02:37:08
S003652,Stadium Tour Promo,True,False,False,False,2025-09-17 11:57:37
S003336,Membership Drive,True,False,False,False,2025-04-02 18:09:21
S003113,Membership Drive,True,True,True,False,2025-09-02 14:41:23
S003909,International Fan Club,True,True,False,False,2025-09-01 14:19:56
S001914,Season Ticket Renewal,True,False,False,False,2025-09-16 19:08:50
S001230,Membership Drive,True,False,False,False,2024-10-26 08:51:48
S004173,Matchday Ticket Alert,True,False,False,False,2024-12-06 03:59:26
S003037,International Fan Club,True,False,False,False,2025-06-12 08:19:52
S000842,International Fan Club,True,True,False,False,2025-09-11 07:28:41
S000241,Season Ticket Renewal,True,False,False,False,2024-11-23 20:39:15
S002944,Black Friday Store,True,True,True,False,2025-09-12 13:14:06
S003914,Re-engagement Winback,True,False,False,False,2024-11-08 17:01:01
S001129,Membership Drive,True,False,False,False,2025-08-30 09:26:40
S003733,Membership Drive,True,False,False,False,2025-09-18 17:37:12
S001313,International Fan Club,True,False,False,False,2024-10-19 18:03:27
S001776,Re-engagement Winback,True,True,False,False,2025-09-12 04:09:35
S001893,International Fan Club,True,True,True,False,2025-09-05 06:46:19
S002175,Season Ticket Renewal,True,True,False,False,2025-09-10 23:41:25
S002589,Matchday Ticket Alert,True,True,False,False,2025-09-04 14:38:00
S004824,Stadium Tour Promo,True,False,False,False,2025-09-13 22:16:07
S002414,Re-engagement Winback,True,True,True,False,2025-09-05 07:12:25
S003370,New Home Kit Launch,True,True,True,False,2025-09-04 22:22:04
S004161,Champions League Hospitality,True,False,False,False,2025-05-15 02:33:47
S004515,International Fan Club,True,False,False,False,2025-05-15 06:51:32
S004100,Stadium Tour Promo,True,True,False,False,2025-09-14 11:04:50
S003983,Champions League Hospitality,True,False,False,False,2025-09-15 07:32:55
S001449,New Home Kit Launch,True,False,False,False,2025-08-19 04:15:16
S004924,New Home Kit Launch,True,True,True,True,2025-08-26 18:20:35
S004903,Stadium Tour Promo,True,False,False,False,2025-02-21 04:28:17
S000303,Matchday Ticket Alert,True,False,False,False,2024-10-01 09:29:35
S002896,Stadium Tour Promo,True,True,False,False,2025-08-26 18:02:44
S002196,Black Friday Store,True,False,False,False,2025-01-02 04:58:30
S003587,Champions League Hospitality,True,False,False,False,2025-07-04 02:18:42
S001122,Re-engagement Winback,True,False,False,False,2025-01-24 10:20:18
S001904,International Fan Club,True,False,False,False,2025-02-09 21:45:44
S000941,Black Friday Store,True,False,False,False,2025-03-06 18:30:11
S002869,International Fan Club,True,False,False,False,2024-11-05 20:37:59
S002958,International Fan Club,True,False,False,False,2024-10-04 02:24:04
S002262,Matchday Ticket Alert,True,True,True,True,2025-08-29 07:41:09
S001266,Stadium Tour Promo,True,True,False,False,2025-08-23 03:14:42
S001579,Stadium Tour Promo,True,False,False,False,2025-09-05 07:18:42
S001746,Membership Drive,True,True,False,False,2025-04-02 10:19:51
S002831,Matchday Ticket Alert,True,False,False,False,2025-09-01 10:52:53
S004636,Matchday Ticket Alert,True,False,False,False,2025-08-25 10:51:52
S002976,Season Ticket Renewal,True,False,False,False,2025-08-27 15:38:49
S003336,Matchday Ticket Alert,True,False,False,False,2024-10-26 13:06:09
S002388,Champions League Hospitality,True,True,False,False,2025-08-25 08:20:18
S001872,Stadium Tour Promo,True,False,False,False,2025-07-06 04:31:14
S001561,Membership Drive,True,False,False,False,2025-08-30 06:30:46
S001168,New Home Kit Launch,True,False,False,False,2025-09-02 06:12:44
S004562,Black Friday Store,True,False,False,False,2025-09-11 07:16:26
S001525,Re-engagement Winback,True,True,False,False,2025-09-07 08:40:47
S001504,Matchday Ticket Alert,True,False,False,False,2025-09-03 04:02:11
S002158,Matchday Ticket Alert,True,True,True,False,2025-09-03 10:40:41
S004389,International Fan Club,True,False,False,False,2025-09-07 12:12:12
S001885,New Home Kit Launch,True,False,False,False,2025-08-23 03:43:36
S002691,Season Ticket Renewal,True,True,False,False,2025-08-24 04:04:52
S003077,Season Ticket Renewal,True,True,True,False,2025-08-26 15:52:22
S000789,Matchday Ticket Alert,True,True,True,True,2025-08-29 06:10:37
S001082,Re-engagement Winback,True,True,True,False,2024-11-13 18:41:56
S003397,Re-engagement Winback,True,False,False,False,2025-09-18 21:56:25
S004871,Champions League Hospitality,True,False,False,False,2025-09-19 12:07:38
S003897,Matchday Ticket Alert,True,False,False,False,2025-09-01 18:29:04
S000938,Stadium Tour Promo,True,True,False,False,2025-09-11 23:43:27
S001552,Season Ticket Renewal,True,True,True,True,2025-05-03 19:17:04
S000089,Black Friday Store,True,False,False,False,2025-09-18 21:28:19
S000645,International Fan Club,True,True,False,False,2025-09-12 13:47:41
S004389,Black Friday Store,True,True,True,False,2025-08-24 18:42:09
S001606,Stadium Tour Promo,True,False,False,False,2025-09-09 08:29:17
S003945,Matchday Ticket Alert,True,True,False,False,2025-08-30 23:05:41
S003054,Season Ticket Renewal,True,True,True,False,2025-09-20 04:12:59
S002021,New Home Kit Launch,True,False,False,False,2025-06-15 05:35:29
S002345,New Home Kit Launch,True,False,False,False,2025-07-13 06:49:28
S003967,Matchday Ticket Alert,True,True,True,False,2025-08-29 17:57:17
S004923,Matchday Ticket Alert,True,True,False,False,2025-08-31 05:34:35
S002429,Re-engagement Winback,True,False,False,False,2024-12-03 10:18:32
S002988,Membership Drive,True,True,False,False,2025-08-27 08:33:45
S003319,Season Ticket Renewal,True,True,True,False,2025-03-26 16:17:13
S003037,New Home Kit Launch,True,False,False,False,2024-12-24 05:10:19
S003103,Season Ticket Renewal,True,True,False,False,2024-10-13 14:05:17
S004075,Matchday Ticket Alert,True,True,False,False,2025-09-17 13:04:49
S003772,Membership Drive,True,False,False,False,2025-04-13 18:14:33
S002003,New Home Kit Launch,True,True,False,False,2025-08-23 01:15:15
S000288,Season Ticket Renewal,True,True,False,False,2025-08-31 03:31:40
S002565,New Home Kit Launch,True,False,False,False,2025-08-24 18:35:15
S003940,New Home Kit Launch,True,True,False,False,2025-09-13 09:01:39
S000257,Matchday Ticket Alert,True,True,False,False,2025-06-17 07:48:51
S003196,International Fan Club,True,True,True,False,2025-08-25 01:34:43
S001356,International Fan Club,True,False,False,False,2024-09-27 22:53:06
S001665,Re-engagement Winback,True,True,True,False,2025-08-26 22:37:55
S004617,Champions League Hospitality,True,True,False,False,2025-04-06 02:26:30
S003965,Season Ticket Renewal,True,False,False,False,2025-07-18 09:43:39
S004365,Stadium Tour Promo,True,False,False,False,2025-01-04 12:12:25
S004574,Black Friday Store,True,True,True,False,2025-07-08 01:38:00
S002273,International Fan Club,True,True,False,False,2025-09-02 07:25:59
S001763,International Fan Club,True,True,False,False,2024-12-19 20:08:35
S000394,New Home Kit Launch,True,False,False,False,2025-08-28 15:44:42
S004361,International Fan Club,True,True,True,False,2025-05-14 12:45:27
S003566,Re-engagement Winback,True,True,True,False,2025-08-20 20:55:06
S000686,Membership Drive,True,False,False,False,2025-09-08 04:21:50
S001832,Membership Drive,True,False,False,False,2025-09-03 13:10:34
S000512,International Fan Club,True,True,False,False,2025-01-12 06:10:44
S004171,New Home Kit Launch,True,True,False,False,2025-09-13 20:11:00
S004149,Season Ticket Renewal,True,True,False,False,2025-09-16 00:50:08
S000694,New Home Kit Launch,True,True,False,False,2025-09-14 05:34:29
S002337,Stadium Tour Promo,True,True,True,True,2025-06-29 03:43:57
S004488,Black Friday Store,True,True,True,False,2025-09-02 15:26:13
S000906,Membership Drive,True,True,False,False,2025-08-30 13:39:05
S003728,Stadium Tour Promo,True,False,False,False,2025-08-30 01:53:54
S001302,Re-engagement Winback,True,True,False,False,2024-10-03 10:30:09
S004217,Matchday Ticket Alert,True,True,False,False,2025-07-07 15:34:24
S000864,International Fan Club,True,True,True,False,2025-03-03 08:27:40
S004660,International Fan Club,True,True,False,False,2025-08-12 06:25:08
S004422,Re-engagement Winback,True,True,True,False,2025-04-11 02:13:28
S004366,Season Ticket Renewal,True,True,False,False,2025-09-14 19:53:36
S002876,New Home Kit Launch,True,True,False,False,2025-01-28 09:44:16
S001616,Stadium Tour Promo,True,False,False,False,2025-09-02 10:20:29
S000205,Membership Drive,True,True,False,False,2025-09-14 08:41:32
S003373,Black Friday Store,True,False,False,False,2025-04-20 21:30:38
S004127,International Fan Club,True,False,False,False,2025-01-27 09:24:07
S000077,Membership Drive,True,True,False,False,2025-09-02 02:04:29
S000994,Stadium Tour Promo,True,False,False,False,2025-04-06 21:31:33
S000287,Re-engagement Winback,True,True,True,False,2025-09-13 13:05:30
S004573,Membership Drive,True,True,False,False,2024-10-08 09:03:00
S000997,Season Ticket Renewal,True,False,False,False,2025-08-30 12:54:24
S003250,Season Ticket Renewal,True,False,False,False,2024-11-23 20:28:09
S002763,Champions League Hospitality,True,True,False,False,2025-01-20 06:05:36
S000825,Membership Drive,True,True,True,False,2025-07-23 12:46:13
S004497,Champions League Hospitality,True,True,True,False,2025-08-24 02:46:58
S004445,Re-engagement Winback,True,False,False,False,2024-12-04 23:36:43
S001689,Membership Drive,True,True,False,False,2025-09-02 11:46:58
S001626,Season Ticket Renewal,True,False,False,False,2025-08-29 00:19:43
S001235,Matchday Ticket Alert,True,False,False,False,2025-06-20 01:15:47
S004886,Membership Drive,True,True,False,False,2025-08-22 06:19:15
S002837,New Home Kit Launch,True,False,False,False,2025-09-11 15:01:37
S002841,Stadium Tour Promo,True,False,False,False,2025-05-09 19:38:51
S004894,Season Ticket Renewal,True,True,True,True,2025-04-02 01:03:14
S002684,Matchday Ticket Alert,True,False,False,False,2024-10-18 21:02:46
S002236,Season Ticket Renewal,True,False,False,False,2025-08-24 05:47:12
S001401,New Home Kit Launch,True,False,False,False,2024-09-20 13:42:36
S002023,Stadium Tour Promo,True,True,False,False,2024-10-16 12:26:17
S000136,Black Friday Store,True,False,False,False,2024-12-24 23:44:39
S004194,Re-engagement Winback,True,True,True,False,2025-08-31 21:02:45
S001679,Black Friday Store,True,True,True,False,2025-08-25 09:09:59
S001913,Black Friday Store,True,True,False,False,2025-02-25 02:03:03
S000705,New Home Kit Launch,True,True,False,False,2024-11-21 23:04:30
S003476,Season Ticket Renewal,True,False,False,False,2025-09-06 18:49:58
S000429,New Home Kit Launch,True,False,False,False,2025-09-11 16:24:31
S004130,Season Ticket Renewal,True,False,False,False,2025-09-15 12:54:12
S001535,Champions League Hospitality,True,False,False,False,2025-01-11 10:20:02
S000116,New Home Kit Launch,True,False,False,False,2024-10-11 21:43:44
S000560,Membership Drive,True,False,False,False,2025-09-17 02:05:05
S001623,Matchday Ticket Alert,True,False,False,False,2024-11-12 04:55:13
S001811,New Home Kit Launch,True,False,False,False,2025-01-17 15:11:03
S000106,Stadium Tour Promo,True,False,False,False,2025-07-21 15:46:25
S003935,Membership Drive,True,False,False,False,2025-08-27 19:14:44
S000786,International Fan Club,True,False,False,False,2025-06-26 14:16:38
S003059,Re-engagement Winback,True,True,True,False,2025-08-22 12:27:28
S002881,New Home Kit Launch,True,True,False,False,2025-08-25 03:23:11
S001575,Membership Drive,True,False,False,False,2025-05-26 16:44:12
S001706,Re-engagement Winback,True,True,False,False,2025-09-14 14:08:27
S003693,Champions League Hospitality,True,False,False,False,2025-09-07 21:52:44
S002040,Matchday Ticket Alert,True,False,False,False,2024-12-03 00:09:54
S004672,International Fan Club,True,False,False,False,2025-04-11 11:38:46
S002543,Membership Drive,True,False,False,False,2024-12-04 13:24:27
S004562,Season Ticket Renewal,True,True,False,False,2025-08-10 16:30:38
S003064,Season Ticket Renewal,True,True,False,False,2025-05-22 01:37:24
S004174,Matchday Ticket Alert,True,True,True,False,2025-01-09 10:33:04
S003795,Champions League Hospitality,True,True,False,False,2025-09-13 21:21:32
S004549,Stadium Tour Promo,True,False,False,False,2025-09-01 10:08:01
S004388,Matchday Ticket Alert,True,False,False,False,2025-09-10 14:23:34
S004921,Matchday Ticket Alert,True,True,True,False,2025-02-26 17:38:09
S001773,New Home Kit Launch,True,True,False,False,2025-02-05 03:20:17
S003193,Membership Drive,True,True,False,False,2025-03-18 01:00:13
S001588,International Fan Club,True,False,False,False,2025-09-18 12:06:28
S002947,Black Friday Store,True,False,False,False,2025-04-19 07:00:58
S004753,Stadium Tour Promo,True,False,False,False,2024-11-01 09:54:55
S003243,Membership Drive,True,False,False,False,2024-12-12 12:46:25
S000396,New Home Kit Launch,True,False,False,False,2025-09-17 09:02:26
S003830,International Fan Club,True,True,True,False,2025-09-06 12:57:36
S000931,Champions League Hospitality,True,False,False,False,2025-06-29 00:47:55
S001918,Membership Drive,True,False,False,False,2025-02-21 17:07:31
S004583,Stadium Tour Promo,True,False,False,False,2025-09-16 09:40:42
S001395,International Fan Club,True,False,False,False,2024-09-24 07:26:43
S001254,Champions League Hospitality,True,False,False,False,2025-02-17 16:00:11
S000986,International Fan Club,True,False,False,False,2024-09-28 02:44:45
S004118,Matchday Ticket Alert,True,False,False,False,2025-04-26 08:07:29
S001711,Season Ticket Renewal,True,False,False,False,2025-06-02 21:06:53
S004841,New Home Kit Launch,True,False,False,False,2025-03-23 20:34:02
S001846,New Home Kit Launch,True,False,False,False,2025-09-07 14:55:58
S003053,New Home Kit Launch,True,False,False,False,2025-05-05 17:16:33
S001069,Champions League Hospitality,True,False,False,False,2025-09-01 23:26:29
S001372,Stadium Tour Promo,True,False,False,False,2025-04-13 15:07:05
S003804,Black Friday Store,True,True,True,False,2025-09-10 09:53:26
S000551,Champions League Hospitality,True,False,False,False,2025-08-24 12:49:45
S002659,International Fan Club,True,False,False,False,2025-01-31 10:36:07
S001609,New Home Kit Launch,True,True,False,False,2025-09-15 12:28:39
S001038,Champions League Hospitality,True,False,False,False,2025-09-08 11:20:14
S004096,Black Friday Store,True,False,False,False,2025-08-29 13:48:09
S003187,Membership Drive,True,False,False,False,2025-09-04 12:45:02
S000953,Stadium Tour Promo,True,False,False,False,2025-04-09 07:52:18
S000406,Stadium Tour Promo,True,False,False,False,2024-10-07 18:13:51
S001379,Black Friday Store,True,False,False,False,2025-07-08 03:08:29
S004088,Black Friday Store,True,False,False,False,2025-08-10 09:53:47
S000937,Champions League Hospitality,True,True,True,False,2025-09-02 13:42:37
S001145,Stadium Tour Promo,True,False,False,False,2025-08-24 18:59:25
S001336,Champions League Hospitality,True,True,False,False,2024-09-29 07:05:48
S001486,New Home Kit Launch,True,False,False,False,2025-04-15 11:24:51
S002614,Champions League Hospitality,True,True,False,False,2025-08-30 15:38:42
S004176,Black Friday Store,True,False,False,False,2025-05-01 00:29:58
S000998,New Home Kit Launch,True,False,False,False,2025-08-21 22:30:51
S001779,Season Ticket Renewal,True,True,False,False,2025-05-06 04:13:28
S001138,Re-engagement Winback,True,True,False,False,2025-09-05 08:42:48
S000074,Champions League Hospitality,True,False,False,False,2025-09-17 01:15:14
S000793,Champions League Hospitality,True,False,False,False,2025-09-14 18:11:09
S000813,Membership Drive,True,False,False,False,2025-06-12 17:21:16
S003095,New Home Kit Launch,True,True,False,False,2025-09-09 17:44:57
S000355,Matchday Ticket Alert,True,False,False,False,2025-02-16 13:48:13
S004351,Season Ticket Renewal,True,True,False,False,2025-08-31 17:05:04
S001245,Stadium Tour Promo,True,False,False,False,2024-09-26 19:03:27
S003452,Stadium Tour Promo,True,True,False,False,2025-05-16 05:40:50
S004190,Membership Drive,True,False,False,False,2025-09-15 12:43:00
S004863,New Home Kit Launch,True,True,True,False,2025-03-06 12:10:23
S002187,Season Ticket Renewal,True,True,False,False,2024-12-23 08:36:47
S000397,Membership Drive,True,True,True,False,2025-04-16 10:09:29
S003300,Re-engagement Winback,True,False,False,False,2024-12-17 17:45:50
S004444,Stadium Tour Promo,True,False,False,False,2024-10-02 17:25:38
S001648,Membership Drive,True,False,False,False,2025-09-11 05:40:33
S004960,Season Ticket Renewal,True,True,True,False,2024-10-22 12:14:34
S000190,Champions League Hospitality,True,False,False,False,2025-09-20 08:01:30
S004750,Season Ticket Renewal,True,False,False,False,2025-08-22 14:11:01
S001080,Champions League Hospitality,True,True,False,False,2025-02-20 22:17:05
S001858,New Home Kit Launch,True,False,False,False,2025-03-28 10:35:56
S002420,Champions League Hospitality,True,False,False,False,2025-02-28 05:02:06
S003782,Black Friday Store,True,False,False,False,2024-10-16 21:20:01
S002972,Membership Drive,True,True,False,False,2025-09-14 21:09:02
S004082,Season Ticket Renewal,True,True,True,False,2025-09-11 15:43:42
S005000,Stadium Tour Promo,True,False,False,False,2025-06-30 06:31:43
S004807,Black Friday Store,True,True,False,False,2025-09-03 16:59:59
S004263,Black Friday Store,True,False,False,False,2024-10-10 14:02:33
S001805,New Home Kit Launch,True,False,False,False,2025-09-06 19:01:11
S002311,Champions League Hospitality,True,True,True,False,2025-09-12 21:34:27
S003357,Matchday Ticket Alert,True,False,False,False,2024-12-04 06:54:57
S002507,New Home Kit Launch,True,True,True,False,2024-10-12 09:17:05
S004827,International Fan Club,True,False,False,False,2025-04-17 15:20:04
S003376,Stadium Tour Promo,True,False,False,False,2024-12-10 14:05:45
S003331,Matchday Ticket Alert,True,False,False,False,2025-07-02 17:00:18
S003846,Membership Drive,True,True,True,False,2025-08-27 23:54:58
S004156,Champions League Hospitality,True,False,False,False,2024-12-19 08:45:26
S002145,International Fan Club,True,False,False,False,2025-06-08 06:55:06
S002809,Season Ticket Renewal,True,False,False,False,2024-11-15 01:10:15
S001422,New Home Kit Launch,True,False,False,False,2024-10-28 15:04:33
S003553,Black Friday Store,True,False,False,False,2025-08-21 12:26:12
S003662,New Home Kit Launch,True,False,False,False,2025-09-09 20:08:09
S002638,Champions League Hospitality,True,False,False,False,2024-11-17 18:23:09
S004700,International Fan Club,True,False,False,False,2025-08-28 12:20:41
S004493,Re-engagement Winback,True,False,False,False,2025-04-16 16:08:27
S002249,Black Friday Store,True,False,False,False,2025-04-27 12:37:34
S004798,Re-engagement Winback,True,False,False,False,2025-09-08 01:12:17
S000653,Season Ticket Renewal,True,False,False,False,2025-08-26 06:32:24
S004354,Season Ticket Renewal,True,True,True,False,2024-12-17 20:32:45
S004072,Membership Drive,True,True,False,False,2025-02-15 07:14:12
S004264,Champions League Hospitality,True,True,True,False,2025-04-12 11:05:40
S003981,Stadium Tour Promo,True,False,False,False,2025-04-06 19:24:46
S003942,Season Ticket Renewal,True,False,False,False,2025-08-26 07:04:34
S001166,Champions League Hospitality,True,True,True,False,2024-12-25 10:50:13
S001678,International Fan Club,True,True,True,False,2025-06-20 17:50:31
S003248,Matchday Ticket Alert,True,True,True,False,2025-01-26 17:31:37
S003000,International Fan Club,True,False,False,False,2025-03-24 01:20:02
S000653,Matchday Ticket Alert,True,True,True,False,2025-09-03 18:18:52
S001717,Stadium Tour Promo,True,False,False,False,2025-06-08 09:15:14
S002989,Champions League Hospitality,True,True,False,False,2025-09-19 14:47:23
S000917,Re-engagement Winback,True,False,False,False,2025-03-16 20:26:35
S000591,International Fan Club,True,True,False,False,2024-11-03 11:23:16
S003140,Black Friday Store,True,True,False,False,2025-02-27 10:42:16
S004668,Season Ticket Renewal,True,False,False,False,2025-09-06 14:09:32
S002775,Champions League Hospitality,True,True,True,False,2025-09-09 15:24:23
S004528,New Home Kit Launch,True,False,False,False,2025-04-05 15:00:35
S002621,Champions League Hospitality,True,False,False,False,2024-10-14 21:59:12
S000236,Re-engagement Winback,True,True,False,False,2025-07-04 05:17:36
S004989,Re-engagement Winback,True,True,True,False,2025-09-08 15:05:01
S000051,Re-engagement Winback,True,True,False,False,2024-09-28 15:53:24
S000419,Champions League Hospitality,True,False,False,False,2025-05-25 22:10:28
S003742,Champions League Hospitality,True,False,False,False,2025-09-11 13:26:54
S000228,Membership Drive,True,False,False,False,2025-03-07 19:04:59
S004183,Champions League Hospitality,True,True,False,False,2025-04-19 04:07:19
S003919,Black Friday Store,True,False,False,False,2025-09-11 18:02:14
S002032,Season Ticket Renewal,True,False,False,False,2025-05-10 06:19:56
S004782,Stadium Tour Promo,True,False,False,False,2025-03-14 22:45:20
S001250,Membership Drive,True,True,False,False,2025-09-12 01:28:32
S003863,Season Ticket Renewal,True,False,False,False,2025-02-21 06:31:40
S000524,Re-engagement Winback,True,False,False,False,2024-12-08 11:23:28
S004253,Season Ticket Renewal,True,False,False,False,2025-09-16 12:02:40
S003957,Membership Drive,True,False,False,False,2025-09-05 01:06:49
S000587,Champions League Hospitality,True,False,False,False,2025-08-22 16:00:16
S002468,Season Ticket Renewal,True,False,False,False,2025-01-25 05:22:49
S000832,Matchday Ticket Alert,True,False,False,False,2025-09-14 23:28:29
S003910,New Home Kit Launch,True,True,True,False,2025-06-03 09:43:50
S004200,Season Ticket Renewal,True,False,False,False,2025-03-15 14:38:00
S001887,International Fan Club,True,True,False,False,2025-09-09 10:06:32
S002097,Champions League Hospitality,True,True,True,False,2024-09-24 09:35:16
S000730,Re-engagement Winback,True,False,False,False,2025-07-07 12:21:49
S001757,International Fan Club,True,False,False,False,2024-11-12 20:15:39
S001465,Membership Drive,True,True,True,False,2025-04-12 06:41:17
S002380,Stadium Tour Promo,True,True,True,True,2025-09-14 03:06:58
S000643,Re-engagement Winback,True,True,False,False,2025-08-23 08:41:31
S002830,Black Friday Store,True,True,True,False,2025-09-06 23:37:43
S002059,Champions League Hospitality,True,True,False,False,2025-08-05 06:22:11
S003909,Black Friday Store,True,True,True,True,2025-03-07 20:55:43
S000257,Membership Drive,True,True,False,False,2024-10-24 15:10:04
S003964,Season Ticket Renewal,True,False,False,False,2025-02-21 02:43:05
S001126,New Home Kit Launch,True,True,False,False,2025-06-15 13:11:27
S000264,New Home Kit Launch,True,True,False,False,2025-03-25 07:48:53
S003827,Champions League Hospitality,True,True,True,False,2025-02-28 08:35:05
S002324,Membership Drive,True,True,True,False,2024-11-29 04:59:21
S004116,Stadium Tour Promo,True,False,False,False,2025-05-22 20:28:35
S004469,Membership Drive,True,False,False,False,2025-03-02 13:30:31
S002661,Re-engagement Winback,True,False,False,False,2025-05-03 12:37:12
S001670,Membership Drive,True,False,False,False,2025-09-17 13:52:23
S002732,Black Friday Store,True,False,False,False,2025-09-03 01:05:56
S004144,Re-engagement Winback,True,False,False,False,2024-11-26 17:13:40
S002582,Matchday Ticket Alert,True,True,True,False,2025-08-27 03:45:23
S001255,Season Ticket Renewal,True,True,False,False,2025-08-24 17:12:57
S000827,Black Friday Store,True,True,True,True,2024-11-03 23:54:26
S000798,International Fan Club,True,True,True,False,2025-09-17 15:30:55
S003739,Stadium Tour Promo,True,False,False,False,2025-07-15 17:37:34
S004965,New Home Kit Launch,True,False,False,False,2025-04-14 17:42:33
S001820,Champions League Hospitality,True,False,False,False,2025-07-17 01:31:46
S000899,Champions League Hospitality,True,True,False,False,2025-08-25 07:28:49
S000406,Matchday Ticket Alert,True,False,False,False,2025-05-14 17:00:32
S002079,Matchday Ticket Alert,True,False,False,False,2025-04-27 19:38:07
S004149,Stadium Tour Promo,True,True,False,False,2025-05-09 23:51:18
S000521,Re-engagement Winback,True,True,True,True,2025-08-22 13:08:01
S000825,Season Ticket Renewal,True,False,False,False,2025-09-10 05:40:17
S003422,International Fan Club,True,False,False,False,2025-09-07 13:49:57
S000623,Matchday Ticket Alert,True,False,False,False,2025-09-18 15:04:53
S000086,International Fan Club,True,False,False,False,2025-04-21 03:16:01
S000710,Re-engagement Winback,True,True,True,False,2025-04-19 19:27:11
S001465,Membership Drive,True,False,False,False,2024-10-30 12:47:57
S003319,Black Friday Store,True,True,False,False,2025-08-29 07:43:37
S000694,Re-engagement Winback,True,True,False,False,2025-09-08 21:13:57
S002100,New Home Kit Launch,True,False,False,False,2025-02-20 15:36:53
S000560,New Home Kit Launch,True,False,False,False,2025-09-01 14:43:47
S001469,Season Ticket Renewal,True,False,False,False,2025-07-07 09:04:28
S003388,Champions League Hospitality,True,True,False,False,2024-12-01 18:55:37
S004296,International Fan Club,True,True,True,False,2025-03-17 08:19:26
S002033,Re-engagement Winback,True,False,False,False,2025-08-26 13:54:59
S004938,International Fan Club,True,True,True,False,2025-05-11 21:44:20
S000547,Season Ticket Renewal,True,False,False,False,2024-12-08 02:34:20
S004996,Re-engagement Winback,True,False,False,False,2025-05-02 00:46:05
S004545,Matchday Ticket Alert,True,False,False,False,2025-07-12 20:34:49
S001845,New Home Kit Launch,True,False,False,False,2025-01-16 12:01:25
S004863,Re-engagement Winback,True,False,False,False,2025-04-15 01:24:42
S004742,International Fan Club,True,False,False,False,2024-11-12 08:45:42
S002861,Black Friday Store,True,True,False,False,2025-08-02 14:48:52
S000722,Season Ticket Renewal,True,False,False,False,2024-09-30 19:52:29
S003512,Membership Drive,True,False,False,False,2025-09-12 18:56:34
S001140,International Fan Club,True,False,False,False,2025-08-27 23:06:48
S003884,Champions League Hospitality,True,False,False,False,2025-06-15 05:03:53
S000492,Stadium Tour Promo,True,False,False,False,2025-08-23 01:21:17
S002042,Season Ticket Renewal,True,True,False,False,2025-08-21 12:24:11
S002314,Membership Drive,True,False,False,False,2025-08-30 14:23:59
S004040,Re-engagement Winback,True,False,False,False,2025-05-17 15:55:13
S004203,New Home Kit Launch,True,True,False,False,2024-10-20 12:02:20
S002699,New Home Kit Launch,True,False,False,False,2025-08-27 00:06:31
S004137,Re-engagement Winback,True,False,False,False,2024-10-16 19:32:36
S004088,Season Ticket Renewal,True,True,False,False,2025-06-13 00:50:05
S003773,Black Friday Store,True,False,False,False,2025-05-18 17:14:30
S002420,Stadium Tour Promo,True,True,False,False,2025-03-18 12:04:38
S002692,Stadium Tour Promo,True,False,False,False,2025-09-04 09:38:31
S000216,Matchday Ticket Alert,True,False,False,False,2025-08-22 21:26:38
S003721,Matchday Ticket Alert,True,True,True,False,2025-09-12 19:41:08
S003717,Champions League Hospitality,True,False,False,False,2025-03-13 19:42:17
S001356,Black Friday Store,True,False,False,False,2025-04-23 03:48:32
S002230,International Fan Club,True,True,False,False,2025-09-06 10:11:03
S003428,Black Friday Store,True,False,False,False,2025-01-24 04:35:32
S003197,New Home Kit Launch,True,True,False,False,2025-09-13 10:02:14
S001437,Champions League Hospitality,True,False,False,False,2025-05-09 13:24:40
S001218,Champions League Hospitality,True,True,False,False,2024-10-18 23:55:46
S004794,Membership Drive,True,False,False,False,2024-11-26 14:25:49
S003741,Black Friday Store,True,False,False,False,2024-12-19 04:47:31
S003474,Black Friday Store,True,False,False,False,2025-04-27 06:50:05
S002222,Re-engagement Winback,True,True,True,False,2025-06-08 10:50:18
S001141,Champions League Hospitality,True,False,False,False,2025-04-12 07:29:41
S004670,Re-engagement Winback,True,False,False,False,2024-11-20 07:18:59
S003605,New Home Kit Launch,True,True,False,False,2024-10-21 03:26:27
S002199,Black Friday Store,True,False,False,False,2025-02-25 14:19:18
S002144,Black Friday Store,True,False,False,False,2025-09-16 14:43:46
S003766,Season Ticket Renewal,True,False,False,False,2025-09-14 16:22:18
S001688,Matchday Ticket Alert,True,True,False,False,2025-09-04 23:00:37
S003576,Re-engagement Winback,True,False,False,False,2024-12-25 15:35:14
S000308,Membership Drive,True,True,False,False,2025-09-09 22:42:51
S002719,Champions League Hospitality,True,False,False,False,2025-07-04 15:42:07
S002573,Membership Drive,True,False,False,False,2025-08-24 03:50:36
S000210,Matchday Ticket Alert,True,False,False,False,2025-01-03 08:25:24
S004370,Season Ticket Renewal,True,False,False,False,2025-08-03 01:05:34
S002298,Matchday Ticket Alert,True,True,False,False,2025-09-08 11:18:11
S004277,Re-engagement Winback,True,False,False,False,2025-04-14 19:07:01
S001748,New Home Kit Launch,True,False,False,False,2024-11-24 02:16:01
S002297,New Home Kit Launch,True,True,True,False,2025-08-26 06:45:38
S002058,Re-engagement Winback,True,True,False,False,2025-08-03 14:39:03
S001041,Black Friday Store,True,False,False,False,2024-12-01 00:59:31
S002162,Membership Drive,True,False,False,False,2025-09-18 23:34:05
S002160,New Home Kit Launch,True,False,False,False,2025-09-17 09:23:00
S001968,Champions League Hospitality,True,False,False,False,2025-09-09 12:06:05
S003678,Stadium Tour Promo,True,False,False,False,2025-09-02 00:56:02
S003513,Black Friday Store,True,True,True,False,2025-07-01 11:49:19
S000544,Matchday Ticket Alert,True,False,False,False,2025-08-21 22:29:57
S003412,New Home Kit Launch,True,True,True,False,2025-09-02 00:02:11
S001945,Season Ticket Renewal,True,False,False,False,2025-09-19 12:59:35
S001572,Matchday Ticket Alert,True,False,False,False,2025-09-05 11:07:54
S003793,Membership Drive,True,False,False,False,2025-09-05 20:39:07
S002836,Re-engagement Winback,True,False,False,False,2025-04-28 07:34:05
S001220,Champions League Hospitality,True,False,False,False,2025-02-26 10:08:23
S002730,International Fan Club,True,True,True,False,2025-08-28 20:48:29
S001864,Season Ticket Renewal,True,True,False,False,2024-12-19 03:42:44
S001157,Matchday Ticket Alert,True,False,False,False,2025-05-22 17:04:15
S000918,Re-engagement Winback,True,False,False,False,2025-01-16 22:26:30
S000697,Re-engagement Winback,True,False,False,False,2024-10-01 11:01:11
S001123,Champions League Hospitality,True,True,False,False,2025-09-07 01:38:07
S003405,New Home Kit Launch,True,False,False,False,2025-09-12 00:45:41
S004750,Champions League Hospitality,True,True,False,False,2025-09-06 21:03:20
S003868,Black Friday Store,True,False,False,False,2025-08-28 03:41:28
S002425,International Fan Club,True,False,False,False,2024-11-15 01:17:22
S000326,International Fan Club,True,True,True,False,2025-03-24 12:18:26
S002920,Re-engagement Winback,True,False,False,False,2024-10-02 16:10:41
S001660,New Home Kit Launch,True,True,False,False,2025-03-31 05:34:42
S000999,Black Friday Store,True,True,True,False,2025-02-07 16:10:15
S003073,Stadium Tour Promo,True,True,True,False,2024-12-09 17:40:20
S001600,Season Ticket Renewal,True,True,False,False,2025-07-29 14:57:34
S003186,New Home Kit Launch,True,True,True,False,2025-09-09 01:11:10
S003319,Stadium Tour Promo,True,False,False,False,2024-12-17 18:05:35
S001832,Matchday Ticket Alert,True,True,True,False,2025-08-28 12:39:24
S003353,Season Ticket Renewal,True,False,False,False,2025-07-07 02:24:53
S004311,Re-engagement Winback,True,True,False,False,2025-03-02 02:53:55
S002553,Black Friday Store,True,True,False,False,2025-09-03 01:03:12
S002961,Stadium Tour Promo,True,False,False,False,2025-05-12 16:52:53
S004665,New Home Kit Launch,True,False,False,False,2025-09-08 11:38:54
S003031,Black Friday Store,True,False,False,False,2025-04-19 20:32:26
S000082,Matchday Ticket Alert,True,False,False,False,2025-08-27 06:34:58
S002552,Black Friday Store,True,False,False,False,2025-09-16 09:07:49
S004961,Stadium Tour Promo,True,False,False,False,2025-05-18 04:06:03
S000138,New Home Kit Launch,True,False,False,False,2025-09-04 18:46:57
S003355,Black Friday Store,True,False,False,False,2025-05-25 11:29:52
S004239,International Fan Club,True,False,False,False,2025-09-17 10:50:29
S001008,Black Friday Store,True,False,False,False,2025-08-22 01:32:14
S002306,New Home Kit Launch,True,True,False,False,2025-09-12 19:49:58
S002218,New Home Kit Launch,True,True,True,False,2025-03-05 06:19:00
S000244,Season Ticket Renewal,True,False,False,False,2025-08-25 12:13:12
S001233,Stadium Tour Promo,True,True,True,False,2025-08-28 03:45:44
S001888,Champions League Hospitality,True,False,False,False,2025-09-10 12:31:45
S000159,Membership Drive,True,False,False,False,2025-09-13 00:44:24
S001233,Season Ticket Renewal,True,False,False,False,2025-09-01 08:46:41
,New Home Kit Launch,True,True,False,False,2025-09-05 08:00:00
S000008,Membership Drive,True,False,False,False,
