supporter_id,first_name,age_band,country,city,membership_tier,favourite_player,favourite_product_category,registration_date,email_opt_in,season_ticket_holder
S000001,Priya,18-24,United Kingdom,Liverpool,None,Beth Mead,Home Shirt,2017-03-26,False,False
S000002,Wei,25-34,UNITED KINGDOM,Leeds,None,Beth Mead,Away Shirt,2017-07-17,False,False
S000003,Charlie,65+,United States,New York,Silver,Bukayo Saka,Third Kit,2022-09-30,True,False
S000004,Jamie,35-44,United Kingdom,Birmingham,Silver,Vivianne Miedema,Training Wear,2019-01-27,True,False
S000005,Priya,25-34,United Kingdom,London,None,Gabriel Martinelli,Hospitality,2024-06-11,True,False
S000006,Taylor,35-44,United Kingdom,Manchester,Silver,Leah Williamson,Hospitality,2020-02-25,False,False
S000007,Amara,18-24,United Kingdom,London,None,Gabriel Martinelli,Third Kit,2024-09-16,False,False
S000008,Kai,45-54,Australia,Sydney,Silver,Beth Mead,Hospitality,2021-05-03,True,False
S000009,Charlie,45-54,Germany,Munich,Red Member,William Saliba,Hospitality,2017-02-07,True,False
S000010,Reese,35-44,United States,New York,Free,Ben White,Home Shirt,2022-01-17,True,False
S000011,Taylor,18-24,Nigeria,Ibadan,Free,Kai Havertz,Accessories,2024-06-12,False,False
S000012,Vivianne,65+,Norway,Bergen,Silver,Declan Rice,Away Shirt,2022-02-07,True,False
S000013,Alex,18-24,United Kingdom,Leeds,Gold,Leah Williamson,Retro,2020-10-17,True,True
S000014,Sofia,55-64,United Kingdom,Bristol,Silver,Vivianne Miedema,Kids,2016-12-01,True,False
S000015,Kenji,18-24,United Kingdom,Leeds,Gold,Gabriel Martinelli,Home Shirt,2019-07-21,True,True
S000016,Harper,35-44,United Kingdom,Birmingham,None,Declan Rice,Accessories,2017-03-12,False,False
S000017,Mateo,35-44,United Kingdom,London,Free,Martin Odegaard,Third Kit,2023-12-05,True,False
S000018,Jordan,25-34,United Kingdom,Liverpool,None,Leah Williamson,Retro,2024-10-13,True,False
S000019,Emile,35-44,United Kingdom,Bristol,Free,Declan Rice,Retro,2017-07-19,True,False
S000020,Quinn,45-54,India,Delhi,None,Gabriel Jesus,Training Wear,2019-04-27,True,False
S000021,Emile,25-34,United Kingdom,London,Free,Beth Mead,Retro,2024-01-13,True,False
S000022,Rowan,35-44,United Arab Emirates,Abu Dhabi,None,Gabriel Martinelli,Training Wear,2017-09-26,True,False
S000023,Taylor,55-64,United States,New York,Free,Martin Odegaard,Kids,2021-11-07,True,False
S000024,Taylor,45-54,United Kingdom,Manchester,Free,Kai Havertz,Hospitality,2021-08-28,True,False
S000025,Drew,35-44,Nigeria,Abuja,Red Member,Beth Mead,Hospitality,2023-12-01,True,True
S000026,Jamie,35-44,United Kingdom,Manchester,None,Declan Rice,Kids,2016-03-29,False,False
S000027,Olivia,25-34,Norway,Oslo,None,Beth Mead,Retro,2020-12-25,True,False
S000028,Amara,45-54,United Kingdom,Liverpool,Red Member,Leah Williamson,Third Kit,2024-10-16,True,False
S000029,Drew,18-24,United Kingdom,Leeds,None,Ben White,Away Shirt,2016-01-25,True,False
S000030,Wei,18-24,United Kingdom,Bristol,Free,Gabriel Jesus,Accessories,2017-10-21,True,False
S000031,Declan,35-44,United Kingdom,London,Gold,Leah Williamson,Training Wear,2023-07-17,True,False
S000032,Chidi,55-64,United Kingdom,Leeds,Silver,William Saliba,Training Wear,2020-03-18,False,False
S000033,Noor,18-24,United Kingdom,Leeds,Free,Vivianne Miedema,Accessories,2020-02-04,True,False
S000034,Drew,25-34,United Kingdom,Liverpool,Silver,Declan Rice,Hospitality,2022-03-25,True,False
S000035,Reese,45-54,United Kingdom,Leeds,None,Leah Williamson,Kids,2019-10-22,True,False
S000036,Wei,25-34,United Kingdom,Liverpool,Free,Bukayo Saka,Kids,2021-10-01,True,False
S000037,Jamie,18-24,United Kingdom,London,None,William Saliba,Home Shirt,2019-11-21,False,False
S000038,Katie,18-24,India,Delhi,Gold,Leah Williamson,Hospitality,2020-05-25,True,False
S000039,Bukayo,65+,United Kingdom,Liverpool,None,Vivianne Miedema,Away Shirt,2017-03-25,True,False
S000040,Sofia,18-24,Norway,Oslo,None,Leah Williamson,Kids,2018-01-26,False,False
S000041,Reese,25-34,United Kingdom,Bristol,Silver,Declan Rice,Training Wear,2017-11-11,False,False
S000042,Olivia,35-44,United Kingdom,Manchester,Free,William Saliba,Retro,2023-08-01,True,False
S000043,Devon,35-44,United Kingdom,London,Silver,Gabriel Jesus,Hospitality,2025-05-17,True,False
S000044,Olivia,25-34,United Kingdom,Leeds,Free,Gabriel Jesus,Training Wear,2022-09-08,True,False
S000045,Charlie,55-64,Nigeria,Abuja,Free,Bukayo Saka,Away Shirt,2021-11-29,True,False
S000046,Olivia,35-44,United Kingdom,London,None,William Saliba,Training Wear,2022-06-24,True,False
S000047,Beth,65+,United Kingdom,Birmingham,Free,Leah Williamson,Retro,2020-06-23,True,False
S000048,Vivianne,18-24,United Kingdom,Birmingham,None,William Saliba,Training Wear,2021-09-14,True,False
S000049,Katie,18-24,United Kingdom,London,None,William Saliba,Training Wear,2016-09-15,True,False
S000050,Declan,45-54,Norway,Oslo,Silver,Ben White,Third Kit,2022-08-17,True,False
S000051,Cameron,55-64,United Kingdom,Liverpool,Free,Leah Williamson,Home Shirt,2024-08-07,False,False
S000052,Sam,18-24,Japan,Tokyo,None,Gabriel Martinelli,Away Shirt,2016-07-12,True,False
S000053,Quinn,35-44,United Kingdom,London,Silver,Bukayo Saka,Hospitality,2025-01-15,True,False
S000054,Morgan,45-54,United Kingdom,Bristol,None,Ben White,Accessories,2024-12-12,True,False
S000055,Liam,55-64,United Kingdom,Manchester,None,Martin Odegaard,Hospitality,2023-10-31,False,False
S000056,Morgan,35-44,United Kingdom,Liverpool,Silver,Gabriel Martinelli,Accessories,2019-05-17,True,False
S000057,Charlie,35-44,United States,Los Angeles,None,Vivianne Miedema,Away Shirt,2024-03-16,True,False
S000058,Sofia,35-44,United Kingdom,Bristol,Free,Martin Odegaard,Training Wear,2023-11-27,True,False
S000059,Kenji,65+,United Kingdom,Birmingham,Free,Kai Havertz,Training Wear,2024-08-14,False,False
S000060,Emile,65+,United Kingdom,London,None,Declan Rice,Accessories,2024-11-30,False,False
S000061,Reese,18-24,United Kingdom,Leeds,Free,Ben White,Hospitality,2016-06-03,True,False
S000062,Kai,18-24,United Kingdom,Leeds,Free,Gabriel Martinelli,Kids,2018-01-21,True,False
S000063,Katie,25-34,Nigeria,Kano,None,Beth Mead,Away Shirt,2017-02-07,True,False
S000064,Drew,25-34,United Kingdom,London,Red Member,William Saliba,Kids,2020-11-09,True,True
S000065,Wei,35-44,United Kingdom,Leeds,Gold,Martin Odegaard,Home Shirt,2022-10-21,False,False
S000066,Liam,18-24,United States,Los Angeles,Silver,Leah Williamson,Third Kit,2020-11-13,True,False
S000067,Katie,35-44,United Kingdom,Birmingham,Silver,William Saliba,Hospitality,2020-06-04,True,False
S000068,Wei,25-34,United Kingdom,Manchester,Gold,Gabriel Martinelli,Hospitality,2024-06-15,True,True
S000069,Taylor,25-34,United Kingdom,Manchester,Free,Gabriel Martinelli,Accessories,2025-06-16,True,False
S000070,Harper,25-34,United Kingdom,Leeds,Free,Gabriel Martinelli,Home Shirt,2024-12-01,True,False
S000071,Bukayo,55-64,United Kingdom,Liverpool,None,Kai Havertz,Kids,2017-07-29,True,False
S000072,Ingrid,35-44,United Kingdom,London,Gold,Martin Odegaard,Kids,2024-01-19,False,True
S000073,Rowan,18-24,United Kingdom,Leeds,Red Member,Leah Williamson,Away Shirt,2017-11-08,False,True
S000074,Sam,18-24,United States,Boston,None,Declan Rice,Training Wear,2025-05-19,True,False
S000075,Noor,45-54,Nigeria,Abuja,Silver,Martin Odegaard,Away Shirt,2024-12-26,True,False
S000076,Diego,18-24,United States,Boston,Free,Leah Williamson,Accessories,2019-10-21,False,False
S000077,Quinn,35-44,United Kingdom,Manchester,Free,Bukayo Saka,Kids,2024-12-14,True,False
S000078,Taylor,25-34,United Kingdom,Leeds,Silver,Vivianne Miedema,Kids,2023-02-22,False,False
S000079,Katie,25-34,United Kingdom,Birmingham,Silver,William Saliba,Away Shirt,2022-03-01,True,False
S000080,Emile,45-54,United Kingdom,Manchester,None,William Saliba,Away Shirt,2019-10-07,False,False
S000081,Charlie,65+,United Kingdom,Manchester,Free,Declan Rice,Kids,2023-02-04,True,False
S000082,Skyler,25-34,United States,Boston,None,Gabriel Martinelli,Away Shirt,2017-01-08,False,False
S000083,Sofia,18-24,United Kingdom,Manchester,Silver,Vivianne Miedema,Kids,2024-12-04,False,False
S000084,Taylor,25-34,United Kingdom,London,None,Martin Odegaard,Training Wear,2020-10-04,True,False
S000085,Devon,25-34,United Kingdom,Leeds,None,Ben White,Training Wear,2024-01-21,True,False
S000086,Katie,18-24,United Kingdom,Liverpool,Free,Bukayo Saka,Hospitality,2020-03-21,True,False
S000087,Beth,25-34,United Kingdom,Liverpool,None,Beth Mead,Home Shirt,2021-10-07,True,False
S000088,Diego,55-64,United Kingdom,Birmingham,Free,Vivianne Miedema,Away Shirt,2016-01-24,True,False
S000089,Noor,45-54,United Kingdom,Leeds,Red Member,Declan Rice,Hospitality,2020-04-08,True,True
S000090,Declan,35-44,Nigeria,Abuja,Silver,Beth Mead,Away Shirt,2021-07-29,True,False
S000091,Wei,35-44,United Kingdom,Leeds,Gold,Declan Rice,Kids,2024-03-12,False,False
S000092,Liam,65+,United Kingdom,London,None,Ben White,Third Kit,2023-03-01,True,False
S000093,Riley,45-54,United States,Los Angeles,Silver,William Saliba,Accessories,2025-02-28,True,False
S000094,Skyler,25-34,United Kingdom,Birmingham,None,Declan Rice,Accessories,2020-03-17,False,False
S000095,Olivia,35-44,United Kingdom,Leeds,Free,Vivianne Miedema,Away Shirt,2020-03-08,True,False
S000096,Beth,18-24,United Kingdom,Leeds,Gold,William Saliba,Training Wear,2023-08-17,True,True
S000097,Kenji,35-44,United Arab Emirates,Dubai,Red Member,Vivianne Miedema,Home Shirt,2019-01-09,True,True
S000098,Kai,18-24,United States,Los Angeles,None,Gabriel Jesus,Accessories,2022-04-10,True,False
S000099,Beth,25-34,Canada,Toronto,Free,William Saliba,Away Shirt,2022-12-16,True,False
S000100,Wei,18-24,United Kingdom,London,Free,Leah Williamson,Away Shirt,2022-09-22,True,False
S000101,Amara,65+,United Kingdom,Birmingham,Silver,William Saliba,Retro,2021-03-26,True,False
S000102,Katie,25-34,India,Delhi,Silver,Bukayo Saka,Kids,2022-08-24,False,False
S000103,Sofia,45-54,Germany,Munich,Silver,Declan Rice,Home Shirt,2022-03-16,True,False
S000104,Olivia,18-24,India,Delhi,None,Gabriel Martinelli,Accessories,2022-04-23,True,False
S000105,Martin,18-24,United Kingdom,Leeds,Free,Bukayo Saka,Hospitality,2019-05-11,True,False
S000106,Yuki,25-34,United States,New York,None,Gabriel Jesus,Hospitality,2019-10-11,True,False
S000107,Riley,18-24,United Kingdom,Bristol,None,Gabriel Jesus,Home Shirt,2022-02-10,False,False
S000108,Wei,55-64,United States,Chicago,None,William Saliba,Kids,2023-10-02,True,False
S000109,Skyler,18-24,United Kingdom,Birmingham,Free,Beth Mead,Hospitality,2023-06-16,True,False
S000110,Jamie,18-24,United States,Boston,Gold,Gabriel Martinelli,Kids,2022-10-23,True,False
S000111,Taylor,55-64,United Kingdom,Liverpool,None,Gabriel Martinelli,Away Shirt,2018-03-20,True,False
S000112,Yuki,45-54,United Kingdom,Manchester,None,Martin Odegaard,Training Wear,2017-02-16,True,False
S000113,Morgan,55-64,United Kingdom,Manchester,Silver,Beth Mead,Accessories,2019-10-06,True,False
S000114,Mateo,25-34,United Kingdom,Leeds,None,William Saliba,Training Wear,2024-07-17,True,False
S000115,Declan,55-64,United Kingdom,Manchester,Silver,Declan Rice,Accessories,2020-09-24,True,False
S000116,Chidi,35-44,United States,Chicago,Free,Martin Odegaard,Accessories,2025-06-11,False,False
S000117,Beth,35-44,United Kingdom,Birmingham,Free,Gabriel Martinelli,Retro,2022-05-23,True,False
S000118,Emile,25-34,United Kingdom,Liverpool,Gold,Beth Mead,Retro,2024-10-11,True,True
S000119,Amara,35-44,United Kingdom,Birmingham,Silver,Bukayo Saka,Third Kit,2023-05-09,True,False
S000120,Martin,18-24,United Kingdom,London,None,Gabriel Martinelli,Training Wear,2022-01-14,True,False
S000121,Reese,18-24,United Kingdom,Birmingham,Silver,Gabriel Jesus,Third Kit,2024-01-29,True,False
S000122,Alex,18-24,United Kingdom,Liverpool,Gold,Leah Williamson,Retro,2020-06-29,True,True
S000123,Reese,55-64,United States,Dallas,Free,Bukayo Saka,Home Shirt,2020-03-24,True,False
S000124,Devon,18-24,United Kingdom,London,Gold,Gabriel Jesus,Kids,2025-05-16,True,True
S000125,Priya,18-24,United Kingdom,Birmingham,Silver,Kai Havertz,Hospitality,2024-02-17,True,False
S000126,Sam,18-24,United Kingdom,London,Free,William Saliba,Home Shirt,2019-12-14,True,False
S000127,Harper,18-24,United Kingdom,Bristol,Free,Leah Williamson,Home Shirt,2021-01-10,True,False
S000128,Devon,55-64,Germany,Berlin,Red Member,Gabriel Martinelli,Training Wear,2021-07-24,True,False
S000129,Alex,55-64,Canada,Vancouver,Free,Kai Havertz,Training Wear,2025-01-10,True,False
S000130,Hassan,55-64,United Kingdom,Bristol,Silver,Declan Rice,Home Shirt,2017-04-28,True,False
S000131,Sam,18-24,Canada,Vancouver,Red Member,Vivianne Miedema,Home Shirt,2016-07-10,True,False
S000132,Priya,55-64,United Kingdom,Bristol,Free,Martin Odegaard,Kids,2019-05-23,True,False
S000133,Gabriel,35-44,United Kingdom,London,Red Member,Declan Rice,Away Shirt,2017-06-27,True,False
S000134,Jordan,25-34,United Kingdom,Birmingham,Free,William Saliba,Home Shirt,2020-06-10,True,False
S000135,Gabriel,35-44,United Kingdom,Bristol,Silver,Bukayo Saka,Kids,2024-02-06,True,False
S000136,Hassan,25-34,United Kingdom,Leeds,None,Martin Odegaard,Accessories,2025-02-24,True,False
S000137,Jamie,35-44,United Kingdom,London,None,Declan Rice,Hospitality,2024-05-07,True,False
S000138,Rowan,35-44,United Kingdom,Bristol,Red Member,Martin Odegaard,Away Shirt,2019-08-27,True,True
S000139,Jamie,25-34,United States,New York,Silver,Kai Havertz,Away Shirt,2022-01-18,True,False
S000140,Priya,35-44,United Kingdom,Birmingham,Free,Kai Havertz,Training Wear,2023-04-13,False,False
S000141,Ingrid,25-34,United States,Dallas,Silver,Declan Rice,Hospitality,2021-12-05,True,False
S000142,Ingrid,25-34,United Kingdom,Leeds,Silver,Gabriel Martinelli,Hospitality,2020-05-17,True,False
S000143,Drew,65+,United Kingdom,Birmingham,Free,Gabriel Martinelli,Retro,2018-08-18,True,False
S000144,Jamie,25-34,United Kingdom,Liverpool,None,Declan Rice,Third Kit,2018-10-19,True,False
S000145,Bukayo,25-34,United Kingdom,Manchester,None,Kai Havertz,Hospitality,2017-10-26,True,False
S000146,Sofia,18-24,India,Bengaluru,Gold,William Saliba,Kids,2021-01-14,True,True
S000147,Skyler,35-44,Norway,Bergen,Gold,Ben White,Kids,2019-11-21,True,False
S000148,Reese,25-34,United Kingdom,Leeds,None,Kai Havertz,Hospitality,2022-10-22,True,False
S000149,Alex,25-34,United Kingdom,Liverpool,None,Ben White,Away Shirt,2021-07-31,True,False
S000150,Hassan,25-34,United Kingdom,Manchester,Free,Gabriel Jesus,Hospitality,2017-09-20,True,False
S000151,Sofia,25-34,Germany,Hamburg,Free,Vivianne Miedema,Third Kit,2022-12-24,True,False
S000152,Emile,25-34,United Kingdom,Bristol,Free,Kai Havertz,Home Shirt,2016-12-17,True,False
S000153,Ingrid,25-34,United Kingdom,Liverpool,Silver,Gabriel Jesus,Accessories,2021-12-28,True,False
S000154,Harper,18-24,United Kingdom,Manchester,Red Member,Martin Odegaard,Training Wear,2023-11-11,True,False
S000155,Sofia,65+,United Kingdom,Manchester,Free,Leah Williamson,Third Kit,2023-01-12,True,False
S000156,Noor,35-44,India,Mumbai,Red Member,Ben White,Home Shirt,2020-04-24,True,False
S000157,Liam,25-34,United Kingdom,Liverpool,Free,Vivianne Miedema,Away Shirt,2024-02-27,True,False
S000158,Hassan,55-64,Canada,Vancouver,None,Declan Rice,Retro,2017-06-13,True,False
S000159,Diego,18-24,United Kingdom,London,Silver,Declan Rice,Training Wear,2020-04-02,True,False
S000160,Yuki,55-64,India,Mumbai,Red Member,Beth Mead,Away Shirt,2018-11-09,True,False
S000161,Chidi,18-24,India,Delhi,None,Ben White,Away Shirt,2019-08-17,True,False
S000162,Charlie,35-44,United Kingdom,Manchester,Free,Declan Rice,Hospitality,2025-06-24,True,False
S000163,Sofia,45-54,United States,New York,None,Ben White,Accessories,2021-06-15,False,False
S000164,Beth,35-44,United Kingdom,Liverpool,None,Bukayo Saka,Home Shirt,2019-01-26,True,False
S000165,Mateo,35-44,Canada,Vancouver,None,Declan Rice,Home Shirt,2024-09-07,True,False
S000166,Kai,35-44,United Kingdom,London,Silver,Leah Williamson,Training Wear,2022-03-25,True,False
S000167,Leah,45-54,United Kingdom,London,Free,Kai Havertz,Retro,2020-12-24,True,False
S000168,Riley,25-34,United Kingdom,Manchester,Silver,Gabriel Martinelli,Accessories,2024-05-16,True,False
S000169,Katie,35-44,United Kingdom,London,Free,Bukayo Saka,Kids,2025-06-06,True,False
S000170,Olivia,55-64,United Kingdom,Leeds,Silver,Beth Mead,Kids,2017-01-08,True,False
S000171,Sofia,35-44,Nigeria,Lagos,None,Declan Rice,Away Shirt,2016-09-02,True,False
S000172,Cameron,45-54,United Kingdom,London,Red Member,Leah Williamson,Accessories,2022-04-11,False,False
S000173,Liam,35-44,United Kingdom,London,Free,Bukayo Saka,Away Shirt,2016-12-05,True,False
S000174,Diego,35-44,Nigeria,Ibadan,Red Member,Vivianne Miedema,Third Kit,2022-08-02,True,True
S000175,Alex,25-34,United Kingdom,Liverpool,Red Member,Bukayo Saka,Away Shirt,2018-08-01,False,True
S000176,Bukayo,45-54,United Kingdom,London,None,Gabriel Jesus,Hospitality,2016-04-20,True,False
S000177,Taylor,25-34,United Kingdom,Liverpool,Silver,Leah Williamson,Hospitality,2018-06-18,True,False
S000178,Charlie,18-24,United Kingdom,London,Silver,Vivianne Miedema,Away Shirt,2016-03-11,True,False
S000179,Declan,25-34,United States,Boston,Silver,Beth Mead,Hospitality,2017-01-06,True,False
S000180,Amara,35-44,Australia,Sydney,Free,Ben White,Accessories,2018-10-16,True,False
S000181,Drew,35-44,United Kingdom,London,Free,William Saliba,Kids,2016-04-06,False,False
S000182,Kenji,25-34,United Kingdom,Leeds,Silver,Bukayo Saka,Retro,2019-12-27,True,False
S000183,Bukayo,65+,United States,New York,Red Member,Leah Williamson,Hospitality,2018-07-02,True,False
S000184,Martin,35-44,United States,Boston,None,Vivianne Miedema,Kids,2019-12-25,True,False
S000185,Priya,45-54,United Kingdom,London,Gold,Martin Odegaard,Training Wear,2017-06-28,True,True
S000186,Olivia,35-44,United Kingdom,Bristol,Free,Gabriel Jesus,Training Wear,2024-02-09,True,False
S000187,Katie,45-54,Nigeria,Kano,Silver,Declan Rice,Training Wear,2022-02-08,True,False
S000188,Taylor,18-24,United Kingdom,London,Free,Beth Mead,Home Shirt,2023-11-19,True,False
S000189,Liam,35-44,United Kingdom,London,None,Gabriel Jesus,Accessories,2025-08-14,False,False
S000190,Emile,55-64,United Kingdom,Leeds,Silver,Gabriel Martinelli,Training Wear,2018-03-24,False,False
S000191,Sofia,35-44,United Kingdom,London,Silver,Martin Odegaard,Kids,2022-04-15,False,False
S000192,Taylor,65+,United Kingdom,Birmingham,Silver,Vivianne Miedema,Kids,2019-12-20,True,False
S000193,Emile,65+,United Kingdom,Manchester,Red Member,Bukayo Saka,Home Shirt,2016-08-28,False,True
S000194,Charlie,18-24,India,Bengaluru,Silver,Gabriel Martinelli,Home Shirt,2024-03-22,False,False
S000195,Mateo,25-34,United Kingdom,Bristol,Free,William Saliba,Kids,2017-10-17,True,False
S000196,Sofia,45-54,United Kingdom,Manchester,Gold,Gabriel Jesus,Home Shirt,2016-03-19,True,False
S000197,Kenji,65+,United Kingdom,Bristol,Gold,Kai Havertz,Home Shirt,2018-05-18,True,False
S000198,Drew,25-34,United Kingdom,Manchester,Red Member,Bukayo Saka,Third Kit,2022-03-24,True,True
S000199,Amara,25-34,United Kingdom,Manchester,Free,Bukayo Saka,Accessories,2023-02-11,True,False
S000200,Declan,25-34,India,Delhi,Free,Ben White,Away Shirt,2017-11-09,True,False
S000201,Riley,25-34,United States,Los Angeles,Free,Gabriel Jesus,Retro,2020-11-13,True,False
S000202,Amara,55-64,United Kingdom,Manchester,None,Bukayo Saka,Accessories,2020-12-03,True,False
S000203,Cameron,25-34,United Kingdom,Bristol,Free,Leah Williamson,Accessories,2024-09-08,True,False
S000204,Skyler,35-44,Canada,Toronto,Red Member,Gabriel Jesus,Third Kit,2018-05-07,True,True
S000205,Skyler,25-34,United Kingdom,Bristol,Silver,Beth Mead,Training Wear,2020-08-28,True,False
S000206,Chidi,45-54,United Kingdom,Liverpool,Free,Gabriel Martinelli,Accessories,2016-12-10,False,False
S000207,Cameron,55-64,United Kingdom,London,Free,William Saliba,Training Wear,2024-02-09,True,False
S000208,Leah,35-44,United Kingdom,Manchester,Silver,Ben White,Away Shirt,2016-01-29,True,False
S000209,Hassan,45-54,Germany,Munich,Silver,Bukayo Saka,Accessories,2022-06-27,False,False
S000210,Cameron,18-24,United Kingdom,Bristol,None,Martin Odegaard,Training Wear,2025-02-20,True,False
S000211,Devon,25-34,United Kingdom,Bristol,Gold,Beth Mead,Hospitality,2017-08-22,True,True
S000212,Sam,25-34,United Kingdom,London,Silver,Ben White,Hospitality,2019-01-17,True,False
S000213,Priya,35-44,United Kingdom,London,Free,Gabriel Jesus,Third Kit,2018-05-01,True,False
S000214,Amara,35-44,United Kingdom,London,Silver,Beth Mead,Home Shirt,2022-08-12,True,False
S000215,Noor,55-64,India,Delhi,Free,Beth Mead,Retro,2021-09-13,True,False
S000216,Quinn,55-64,United Kingdom,Bristol,None,Vivianne Miedema,Home Shirt,2022-01-05,True,False
S000217,Jordan,25-34,United Kingdom,Leeds,None,Kai Havertz,Kids,2024-08-02,True,False
S000218,Yuki,25-34,United States,New York,None,Leah Williamson,Home Shirt,2020-07-09,True,False
S000219,Gabriel,18-24,United Kingdom,Leeds,None,Gabriel Martinelli,Third Kit,2016-09-01,True,False
S000220,Ingrid,35-44,Australia,Melbourne,None,Declan Rice,Hospitality,2023-12-08,True,False
S000221,Quinn,45-54,United Kingdom,Leeds,Silver,Leah Williamson,Accessories,2020-08-30,False,False
S000222,Beth,35-44,United States,Boston,None,Leah Williamson,Accessories,2025-05-01,True,False
S000223,Priya,25-34,United Kingdom,Manchester,Red Member,Beth Mead,Kids,2024-09-19,True,True
S000224,Declan,35-44,Norway,Oslo,Free,William Saliba,Training Wear,2025-06-20,True,False
S000225,Kenji,35-44,United Kingdom,London,Silver,Leah Williamson,Kids,2021-12-02,False,False
S000226,Amara,25-34,India,Bengaluru,None,Gabriel Martinelli,Third Kit,2018-08-18,True,False
S000227,Bukayo,45-54,Germany,Hamburg,None,Vivianne Miedema,Third Kit,2024-02-01,True,False
S000228,Katie,65+,United Kingdom,Bristol,Silver,Beth Mead,Third Kit,2024-06-20,True,False
S000229,Sofia,25-34,Norway,Oslo,Free,Gabriel Martinelli,Accessories,2023-09-11,True,False
S000230,Vivianne,25-34,United States,Chicago,None,Declan Rice,Accessories,2024-07-01,True,False
S000231,Declan,65+,United Kingdom,Manchester,Gold,Beth Mead,Training Wear,2021-08-13,False,False
S000232,Hassan,55-64,United Kingdom,London,None,William Saliba,Accessories,2020-05-13,True,False
S000233,Vivianne,35-44,United Kingdom,Bristol,Silver,Bukayo Saka,Retro,2023-04-26,True,False
S000234,Olivia,25-34,United Kingdom,Manchester,None,Leah Williamson,Third Kit,2022-05-15,False,False
S000235,Chidi,45-54,United Kingdom,Leeds,Gold,Martin Odegaard,Third Kit,2021-11-03,True,False
S000236,Riley,35-44,United Kingdom,Birmingham,Silver,William Saliba,Retro,2018-12-27,False,False
S000237,Gabriel,45-54,Japan,Osaka,Silver,Gabriel Jesus,Training Wear,2024-11-30,True,False
S000238,Amara,18-24,United States,New York,Free,Bukayo Saka,Accessories,2016-09-19,True,False
S000239,Jordan,25-34,Canada,Vancouver,None,Ben White,Accessories,2016-04-05,False,False
S000240,Diego,18-24,United Kingdom,Manchester,Silver,Declan Rice,Away Shirt,2022-12-29,True,False
S000241,Alex,45-54,Australia,Melbourne,Gold,Beth Mead,Retro,2017-01-20,True,False
S000242,Ingrid,18-24,United Kingdom,London,None,Gabriel Jesus,Hospitality,2017-09-09,True,False
S000243,Kenji,18-24,United Kingdom,Leeds,Silver,Gabriel Jesus,Training Wear,2016-09-29,True,False
S000244,Martin,25-34,United States,Los Angeles,Free,William Saliba,Hospitality,2023-10-01,False,False
S000245,Katie,55-64,United States,Dallas,None,Ben White,Home Shirt,2021-04-05,True,False
S000246,Gabriel,25-34,United Kingdom,Birmingham,Free,Gabriel Martinelli,Away Shirt,2016-02-17,True,False
S000247,Noor,45-54,United Kingdom,Liverpool,None,Gabriel Martinelli,Training Wear,2018-02-05,True,False
S000248,Kai,45-54,United Kingdom,Leeds,Gold,Gabriel Jesus,Third Kit,2016-06-06,True,True
S000249,Quinn,18-24,Germany,Berlin,Silver,Gabriel Martinelli,Training Wear,2023-12-12,True,False
S000250,Olivia,25-34,Australia,Sydney,Free,Ben White,Third Kit,2024-02-05,False,False
S000251,Priya,25-34,United States,Boston,Silver,Beth Mead,Training Wear,2022-04-05,True,False
S000252,Vivianne,18-24,United States,New York,Free,Beth Mead,Third Kit,2020-08-07,True,False
S000253,Devon,35-44,United Kingdom,Manchester,None,Martin Odegaard,Away Shirt,2021-06-17,True,False
S000254,Martin,18-24,United Kingdom,Birmingham,None,William Saliba,Third Kit,2017-02-13,True,False
S000255,Bukayo,18-24,United Kingdom,Leeds,Silver,Gabriel Martinelli,Retro,2018-04-01,False,False
S000256,Leah,55-64,Nigeria,Ibadan,None,Martin Odegaard,Third Kit,2022-10-24,True,False
S000257,Katie,18-24,United States,Los Angeles,Silver,Declan Rice,Kids,2016-09-08,True,False
S000258,Skyler,35-44,United Kingdom,London,Silver,Gabriel Jesus,Hospitality,2021-04-15,True,False
S000259,Riley,55-64,United Kingdom,Liverpool,Silver,Vivianne Miedema,Accessories,2016-01-07,False,False
S000260,Declan,25-34,United States,New York,Red Member,Gabriel Martinelli,Away Shirt,2016-08-18,True,False
S000261,Taylor,25-34,United Arab Emirates,Dubai,Free,Kai Havertz,Hospitality,2024-12-20,False,False
S000262,Harper,25-34,Nigeria,Ibadan,Silver,Leah Williamson,Third Kit,2016-12-03,True,False
S000263,Quinn,35-44,Australia,Melbourne,None,Gabriel Jesus,Home Shirt,2018-10-14,True,False
S000264,Cameron,45-54,United Kingdom,Liverpool,Free,Ben White,Hospitality,2018-05-02,True,False
S000265,Martin,18-24,United Kingdom,Leeds,None,Declan Rice,Training Wear,2021-12-23,True,False
S000266,Diego,65+,United Kingdom,Manchester,Silver,Kai Havertz,Training Wear,2018-08-19,True,False
S000267,Bukayo,25-34,United Kingdom,Manchester,None,Martin Odegaard,Accessories,2017-01-09,True,False
S000268,Reese,35-44,United Kingdom,Leeds,Silver,Bukayo Saka,Home Shirt,2020-12-03,True,False
S000269,Emile,18-24,United Kingdom,Liverpool,Silver,Ben White,Kids,2025-08-03,True,False
S000270,Quinn,18-24,United Kingdom,Birmingham,Red Member,Bukayo Saka,Home Shirt,2020-04-11,True,False
S000271,Jamie,45-54,United Kingdom,Manchester,Red Member,William Saliba,Retro,2018-11-12,True,True
S000272,Wei,55-64,United Kingdom,Manchester,Free,William Saliba,Training Wear,2018-04-27,True,False
S000273,Harper,35-44,India,Bengaluru,Free,Ben White,Third Kit,2016-11-10,False,False
S000274,Cameron,25-34,United States,Los Angeles,None,Kai Havertz,Away Shirt,2018-10-13,False,False
S000275,Sam,55-64,United Kingdom,Manchester,Silver,Leah Williamson,Kids,2016-01-18,True,False
S000276,Morgan,25-34,United Kingdom,Liverpool,Free,Vivianne Miedema,Third Kit,2021-10-05,False,False
S000277,Mateo,18-24,United Kingdom,Leeds,Gold,Gabriel Martinelli,Hospitality,2019-04-29,True,False
S000278,Charlie,45-54,United States,Los Angeles,Free,Gabriel Martinelli,Accessories,2017-05-21,True,False
S000279,Martin,55-64,United Kingdom,Liverpool,Silver,Leah Williamson,Home Shirt,2018-04-30,False,False
S000280,Wei,35-44,Nigeria,Lagos,None,Kai Havertz,Retro,2022-04-30,True,False
S000281,Devon,35-44,United Kingdom,London,None,Martin Odegaard,Training Wear,2019-01-26,False,False
S000282,Rowan,35-44,United Kingdom,Bristol,Silver,Gabriel Jesus,Away Shirt,2024-04-28,True,False
S000283,Cameron,55-64,United States,Boston,Silver,Leah Williamson,Away Shirt,2023-06-24,True,False
S000284,Devon,35-44,United Kingdom,Leeds,Gold,Martin Odegaard,Third Kit,2018-11-30,True,True
S000285,Alex,45-54,United Kingdom,London,Free,Gabriel Jesus,Hospitality,2016-09-16,True,False
S000286,Hassan,18-24,United Kingdom,London,Silver,Gabriel Martinelli,Third Kit,2019-06-06,True,False
S000287,Riley,25-34,India,Bengaluru,Silver,Leah Williamson,Retro,2020-05-07,True,False
S000288,Diego,18-24,United States,New York,Free,Vivianne Miedema,Training Wear,2021-07-27,True,False
S000289,Liam,18-24,United Kingdom,Bristol,Free,William Saliba,Third Kit,2016-05-10,True,False
S000290,Priya,65+,Norway,Bergen,Gold,William Saliba,Hospitality,2020-04-04,True,True
S000291,Sam,18-24,United Kingdom,Bristol,Free,Beth Mead,Kids,2016-07-15,False,False
S000292,Morgan,25-34,Nigeria,Ibadan,Free,Leah Williamson,Training Wear,2024-10-17,True,False
S000293,Sofia,25-34,United States,Los Angeles,None,Ben White,Kids,2022-02-21,False,False
S000294,Jordan,25-34,United Kingdom,Leeds,Free,Beth Mead,Home Shirt,2019-11-09,True,False
S000295,Olivia,65+,United Kingdom,Leeds,Free,Gabriel Martinelli,Third Kit,2017-01-29,False,False
S000296,Beth,45-54,United States,New York,Gold,Gabriel Jesus,Third Kit,2017-09-07,True,False
S000297,Quinn,25-34,India,Bengaluru,Free,Leah Williamson,Kids,2024-08-28,True,False
S000298,Quinn,45-54,United States,Boston,Silver,Gabriel Martinelli,Third Kit,2022-04-01,True,False
S000299,Hassan,45-54,Norway,Bergen,Free,Declan Rice,Away Shirt,2022-09-27,True,False
S000300,Morgan,55-64,United Kingdom,Bristol,Silver,Beth Mead,Away Shirt,2021-10-16,True,False
S000301,Morgan,55-64,United Kingdom,Leeds,Free,Gabriel Martinelli,Third Kit,2023-04-15,True,False
S000302,Jordan,25-34,United Kingdom,Manchester,Silver,Kai Havertz,Hospitality,2020-01-12,True,False
S000303,Charlie,65+,Norway,Oslo,None,Beth Mead,Home Shirt,2020-02-11,True,False
S000304,Devon,25-34,Norway,Bergen,Silver,Vivianne Miedema,Home Shirt,2016-02-01,True,False
S000305,Katie,35-44,United Kingdom,Birmingham,Gold,Gabriel Martinelli,Third Kit,2024-04-09,True,True
S000306,Liam,65+,United Kingdom,Liverpool,Silver,Kai Havertz,Accessories,2021-09-09,False,False
S000307,Charlie,25-34,United Kingdom,Birmingham,Silver,Gabriel Martinelli,Third Kit,2021-05-01,True,False
S000308,Noor,25-34,United Kingdom,London,Free,Vivianne Miedema,Third Kit,2022-02-25,True,False
S000309,Sam,45-54,United Kingdom,Liverpool,Free,William Saliba,Hospitality,2024-02-15,True,False
S000310,Alex,35-44,United Kingdom,Birmingham,None,Martin Odegaard,Retro,2020-04-20,True,False
S000311,Riley,18-24,United Kingdom,London,None,Leah Williamson,Training Wear,2018-04-13,True,False
S000312,Reese,35-44,Canada,Vancouver,Silver,Gabriel Martinelli,Training Wear,2019-01-07,True,False
S000313,Declan,45-54,United Kingdom,Birmingham,Red Member,Bukayo Saka,Away Shirt,2019-08-10,True,True
S000314,Charlie,25-34,India,Delhi,Silver,Kai Havertz,Kids,2021-12-19,False,False
S000315,Jordan,25-34,United States,Los Angeles,None,Kai Havertz,Training Wear,2020-04-14,True,False
S000316,Harper,65+,India,Bengaluru,None,Declan Rice,Hospitality,2024-06-25,False,False
S000317,Alex,35-44,United Kingdom,Manchester,Gold,Gabriel Jesus,Third Kit,2021-08-22,True,True
S000318,Beth,18-24,Australia,Sydney,None,Ben White,Third Kit,2019-07-27,True,False
S000319,Cameron,55-64,Canada,Toronto,Gold,Declan Rice,Retro,2016-02-28,True,True
S000320,Kai,65+,United States,New York,Free,Bukayo Saka,Training Wear,2022-09-30,True,False
S000321,Jamie,45-54,United Kingdom,Manchester,None,Bukayo Saka,Retro,2023-04-29,True,False
S000322,Skyler,25-34,Australia,Sydney,Free,Leah Williamson,Third Kit,2016-01-16,True,False
S000323,Leah,65+,United Arab Emirates,Abu Dhabi,Free,Gabriel Jesus,Away Shirt,2017-04-25,True,False
S000324,Amara,45-54,United Kingdom,London,Red Member,Gabriel Martinelli,Accessories,2016-10-24,True,True
S000325,Kai,45-54,United States,Dallas,Free,William Saliba,Kids,2025-05-03,True,False
S000326,Amara,45-54,United Kingdom,Manchester,Free,Vivianne Miedema,Home Shirt,2022-07-22,True,False
S000327,Riley,18-24,United Arab Emirates,Abu Dhabi,None,Beth Mead,Home Shirt,2019-05-17,False,False
S000328,Wei,35-44,Nigeria,Kano,Silver,Ben White,Home Shirt,2023-07-12,True,False
S000329,Vivianne,25-34,United Kingdom,Birmingham,Silver,Vivianne Miedema,Kids,2025-04-16,True,False
S000330,Morgan,35-44,United Arab Emirates,Abu Dhabi,Silver,Leah Williamson,Training Wear,2021-06-24,False,False
S000331,Hassan,25-34,United Kingdom,Leeds,Gold,Declan Rice,Away Shirt,2024-02-09,False,True
S000332,Quinn,35-44,United Kingdom,Bristol,None,Declan Rice,Hospitality,2022-03-22,True,False
S000333,Noor,18-24,Norway,Oslo,Free,Declan Rice,Accessories,2022-02-25,True,False
S000334,Kenji,35-44,United States,Dallas,Silver,William Saliba,Kids,2021-02-22,True,False
S000335,Chidi,18-24,United Kingdom,Liverpool,Red Member,Vivianne Miedema,Third Kit,2018-12-20,True,False
S000336,Emile,18-24,United Kingdom,Birmingham,Free,Gabriel Jesus,Home Shirt,2022-06-26,True,False
S000337,Emile,25-34,United Kingdom,Liverpool,Free,Ben White,Away Shirt,2021-07-06,True,False
S000338,Yuki,45-54,United Kingdom,Manchester,Free,Bukayo Saka,Hospitality,2020-12-09,True,False
S000339,Leah,25-34,India,Delhi,Free,Beth Mead,Third Kit,2020-05-14,False,False
S000340,Kai,55-64,United Arab Emirates,Abu Dhabi,None,Martin Odegaard,Hospitality,2019-06-16,True,False
S000341,Ingrid,35-44,United Kingdom,Liverpool,None,Ben White,Kids,2017-10-31,True,False
S000342,Alex,35-44,Japan,Osaka,Red Member,Gabriel Jesus,Kids,2024-09-15,True,True
S000343,Taylor,25-34,United Kingdom,Birmingham,Gold,Martin Odegaard,Home Shirt,2018-01-03,True,False
S000344,Kai,35-44,India,Bengaluru,Free,Bukayo Saka,Kids,2019-05-26,False,False
S000345,Devon,35-44,United Kingdom,London,Gold,Bukayo Saka,Third Kit,2021-09-08,False,True
S000346,Martin,35-44,United Kingdom,Birmingham,Free,Leah Williamson,Kids,2020-05-03,True,False
S000347,Emile,25-34,United Kingdom,Leeds,Free,Declan Rice,Home Shirt,2025-03-06,True,False
S000348,Beth,65+,Canada,Vancouver,Silver,Gabriel Martinelli,Training Wear,2018-05-27,True,False
S000349,Morgan,25-34,United States,Chicago,None,Beth Mead,Retro,2025-01-25,True,False
S000350,Katie,65+,United Kingdom,Manchester,Silver,Ben White,Training Wear,2023-09-25,False,False
S000351,Morgan,45-54,United Kingdom,Liverpool,None,Ben White,Third Kit,2018-05-01,True,False
S000352,Gabriel,45-54,Nigeria,Abuja,Free,Leah Williamson,Third Kit,2019-10-04,True,False
S000353,Taylor,65+,United Kingdom,London,Free,Kai Havertz,Training Wear,2019-06-06,True,False
S000354,Cameron,18-24,Japan,Osaka,None,Ben White,Accessories,2016-12-18,True,False
S000355,Martin,55-64,India,Bengaluru,Silver,Gabriel Martinelli,Training Wear,2018-08-14,True,False
S000356,Gabriel,25-34,United Arab Emirates,Abu Dhabi,Red Member,Leah Williamson,Away Shirt,2018-08-27,True,True
S000357,Sam,45-54,United Kingdom,Birmingham,Silver,Martin Odegaard,Training Wear,2017-12-11,False,False
S000358,Liam,55-64,United Kingdom,Birmingham,Free,Martin Odegaard,Training Wear,2016-04-20,True,False
S000359,Bukayo,45-54,United States,Dallas,Gold,Gabriel Jesus,Accessories,2024-01-02,True,True
S000360,Martin,18-24,Australia,Melbourne,None,Gabriel Martinelli,Retro,2018-08-03,True,False
S000361,Morgan,45-54,Nigeria,Abuja,None,Ben White,Away Shirt,2021-01-27,True,False
S000362,Sam,35-44,United Kingdom,Leeds,Free,Martin Odegaard,Kids,2016-07-28,True,False
S000363,Beth,18-24,United States,Chicago,None,Martin Odegaard,Retro,2018-10-15,True,False
S000364,Jamie,18-24,Germany,Munich,None,Gabriel Jesus,Away Shirt,2020-06-11,True,False
S000365,Reese,35-44,United Kingdom,Birmingham,Free,Bukayo Saka,Accessories,2020-03-08,True,False
S000366,Olivia,25-34,United Kingdom,Manchester,Red Member,Martin Odegaard,Home Shirt,2025-02-05,True,False
S000367,Taylor,45-54,India,Bengaluru,Silver,Declan Rice,Accessories,2019-11-25,False,False
S000368,Taylor,35-44,United States,New York,Red Member,Gabriel Jesus,Training Wear,2018-01-20,True,True
S000369,Jamie,18-24,United Kingdom,London,Gold,Beth Mead,Third Kit,2021-09-26,True,True
S000370,Alex,25-34,Germany,Munich,Silver,Kai Havertz,Kids,2019-02-09,True,False
S000371,Leah,45-54,United Kingdom,Bristol,Silver,Gabriel Jesus,Training Wear,2018-07-28,False,False
S000372,Sam,35-44,Nigeria,Lagos,None,Gabriel Martinelli,Away Shirt,2024-02-28,True,False
S000373,Amara,18-24,United Kingdom,Liverpool,None,Gabriel Martinelli,Third Kit,2022-03-21,True,False
S000374,Martin,55-64,India,Delhi,None,Ben White,Third Kit,2020-05-30,True,False
S000375,Riley,18-24,India,Bengaluru,None,William Saliba,Training Wear,2025-01-16,True,False
S000376,Katie,45-54,United States,Boston,None,Vivianne Miedema,Retro,2022-09-01,False,False
S000377,Diego,55-64,United Kingdom,Liverpool,Silver,Kai Havertz,Accessories,2021-10-11,True,False
S000378,Sofia,18-24,United Kingdom,London,Red Member,Leah Williamson,Training Wear,2021-02-03,True,True
S000379,Skyler,45-54,United Kingdom,London,Red Member,Ben White,Kids,2020-08-10,True,True
S000380,Skyler,25-34,United Kingdom,Liverpool,Silver,Gabriel Martinelli,Third Kit,2022-05-23,True,False
S000381,Olivia,45-54,Japan,Osaka,Free,Beth Mead,Training Wear,2021-06-02,False,False
S000382,Jamie,65+,United Kingdom,London,None,Ben White,Accessories,2018-12-25,True,False
S000383,Amara,18-24,United Arab Emirates,Abu Dhabi,None,Beth Mead,Retro,2020-04-23,True,False
S000384,Chidi,45-54,United Kingdom,Liverpool,Silver,Bukayo Saka,Hospitality,2022-05-24,True,False
S000385,Vivianne,25-34,United Kingdom,Liverpool,None,Leah Williamson,Third Kit,2025-06-25,True,False
S000386,Alex,65+,United Kingdom,Birmingham,Free,William Saliba,Third Kit,2018-05-01,True,False
S000387,Quinn,25-34,United Kingdom,Leeds,None,Leah Williamson,Home Shirt,2020-10-11,True,False
S000388,Bukayo,25-34,United States,Boston,Free,Beth Mead,Hospitality,2022-02-16,False,False
S000389,Reese,25-34,United Kingdom,Manchester,None,Leah Williamson,Third Kit,2017-01-18,True,False
S000390,Bukayo,25-34,United States,Boston,Gold,Ben White,Training Wear,2019-03-08,True,True
S000391,Declan,25-34,United Kingdom,Liverpool,None,Ben White,Accessories,2022-09-14,True,False
S000392,Sam,18-24,United States,Dallas,Gold,Leah Williamson,Hospitality,2021-05-09,True,False
S000393,Katie,35-44,United Kingdom,London,None,William Saliba,Away Shirt,2022-03-03,True,False
S000394,Diego,65+,United Kingdom,Liverpool,Silver,William Saliba,Training Wear,2022-01-06,False,False
S000395,Riley,65+,United Kingdom,Bristol,Silver,Declan Rice,Third Kit,2023-01-08,False,False
S000396,Katie,25-34,Nigeria,Ibadan,Free,Gabriel Martinelli,Retro,2021-10-24,False,False
S000397,Gabriel,18-24,United Kingdom,Liverpool,Silver,Gabriel Martinelli,Away Shirt,2023-01-14,False,False
S000398,Katie,25-34,United Kingdom,Bristol,Silver,William Saliba,Third Kit,2023-05-11,True,False
S000399,Sam,45-54,India,Bengaluru,None,Vivianne Miedema,Kids,2020-10-22,False,False
S000400,Morgan,45-54,Nigeria,Ibadan,Silver,Beth Mead,Accessories,2020-09-05,True,False
S000401,Beth,18-24,United Kingdom,Birmingham,  Silver ,Leah Williamson,Away Shirt,2017-05-03,True,False
S000402,Kenji,25-34,United Kingdom,Leeds,Silver,Bukayo Saka,Hospitality,2018-05-12,True,False
S000403,Mateo,25-34,United Kingdom,Bristol,Free,Vivianne Miedema,Retro,2017-11-17,False,False
S000404,Hassan,35-44,United Kingdom,Bristol,None,Bukayo Saka,Training Wear,2020-10-16,True,False
S000405,Taylor,35-44,United Kingdom,Leeds,Free,Kai Havertz,Kids,2020-08-27,True,False
S000406,Kai,35-44,United Kingdom,London,Free,William Saliba,Away Shirt,2025-01-15,True,False
S000407,Kai,35-44,United Kingdom,Liverpool,Free,Martin Odegaard,Kids,2019-03-31,True,False
S000408,Devon,45-54,United Kingdom,Bristol,None,Gabriel Jesus,Accessories,2019-05-13,True,False
S000409,Amara,18-24,Canada,Toronto,None,Vivianne Miedema,Accessories,2019-07-01,True,False
S000410,Jamie,18-24,United States,Chicago,Free,Declan Rice,Retro,2021-03-14,True,False
S000411,Beth,45-54,Nigeria,Lagos,Free,Ben White,Hospitality,2018-08-14,False,False
S000412,Chidi,35-44,India,Delhi,Gold,Leah Williamson,Kids,2017-11-07,True,False
S000413,Noor,45-54,United Kingdom,Manchester,Silver,Kai Havertz,Third Kit,2024-10-29,True,False
S000414,Vivianne,18-24,United Kingdom,London,None,Martin Odegaard,Hospitality,2025-01-14,True,False
S000415,Sofia,35-44,United States,New York,Gold,Vivianne Miedema,Training Wear,2025-07-09,True,True
S000416,Devon,25-34,United Kingdom,London,None,Beth Mead,Hospitality,2018-02-23,True,False
S000417,Quinn,45-54,Nigeria,Ibadan,None,Ben White,Hospitality,2022-10-22,True,False
S000418,Rowan,18-24,United Kingdom,Leeds,None,Beth Mead,Training Wear,2020-01-22,True,False
S000419,Sam,35-44,United Kingdom,London,None,Kai Havertz,Training Wear,2016-01-06,False,False
S000420,Emile,18-24,India,Mumbai,Red Member,Ben White,Home Shirt,2023-01-14,True,False
S000421,Chidi,18-24,India,Bengaluru,None,Leah Williamson,Retro,2018-06-09,True,False
S000422,Wei,35-44,Japan,Tokyo,None,Martin Odegaard,Away Shirt,2016-07-03,True,False
S000423,Wei,45-54,United States,Boston,Free,Bukayo Saka,Third Kit,2016-02-17,False,False
S000424,Noor,65+,United Kingdom,London,Silver,Beth Mead,Away Shirt,2019-07-11,True,False
S000425,Taylor,25-34,United Kingdom,Liverpool,None,William Saliba,Accessories,2017-09-22,True,False
S000426,Sam,18-24,United States,Chicago,Gold,Beth Mead,Training Wear,2017-04-11,True,True
S000427,Taylor,55-64,United Kingdom,Bristol,Silver,Bukayo Saka,Home Shirt,2019-08-03,True,False
S000428,Kenji,25-34,Canada,Toronto,None,Declan Rice,Accessories,2020-12-27,True,False
S000429,Reese,65+,United Kingdom,Leeds,None,Vivianne Miedema,Hospitality,2023-07-14,True,False
S000430,Alex,25-34,United Arab Emirates,Abu Dhabi,None,Bukayo Saka,Retro,2020-03-31,True,False
S000431,Kai,45-54,Canada,Vancouver,None,Leah Williamson,Third Kit,2020-01-23,True,False
S000432,Priya,18-24,United Kingdom,Liverpool,Free,Ben White,Third Kit,2017-02-03,True,False
S000433,Taylor,35-44,United States,Los Angeles,Red Member,Gabriel Jesus,Accessories,2024-10-28,True,True
S000434,Yuki,25-34,Nigeria,Ibadan,Silver,Vivianne Miedema,Third Kit,2018-12-31,True,False
S000435,Jordan,18-24,India,Mumbai,Free,Gabriel Jesus,Accessories,2020-05-16,True,False
S000436,Diego,18-24,Nigeria,Abuja,Silver,Kai Havertz,Accessories,2017-03-07,True,False
S000437,Drew,35-44,United Kingdom,London,Free,Ben White,Accessories,2017-04-07,False,False
S000438,Kenji,,Japan,Osaka,Red Member,Martin Odegaard,Hospitality,2018-12-12,True,True
S000439,Leah,35-44,United Kingdom,Manchester,None,William Saliba,Home Shirt,2019-07-21,False,False
S000440,Emile,25-34,United Kingdom,Liverpool,Silver,Declan Rice,Hospitality,2021-04-22,True,False
S000441,Charlie,18-24,United Kingdom,Liverpool,None,Bukayo Saka,Accessories,2019-10-19,False,False
S000442,Cameron,25-34,Australia,Melbourne,Free,William Saliba,Retro,2018-12-31,True,False
S000443,Vivianne,65+,United Kingdom,Manchester,None,Bukayo Saka,Training Wear,2020-11-07,True,False
S000444,Emile,55-64,India,Delhi,None,Bukayo Saka,Away Shirt,2024-01-10,True,False
S000445,Riley,18-24,United Kingdom,London,Free,Leah Williamson,Hospitality,2024-04-16,True,False
S000446,Riley,25-34,United Kingdom,Manchester,Red Member,William Saliba,Retro,2017-01-12,True,True
S000447,Mateo,45-54,United Kingdom,London,None,Beth Mead,Kids,2019-10-13,True,False
S000448,Declan,25-34,United Kingdom,Manchester,Free,Martin Odegaard,Hospitality,2024-09-07,True,False
S000449,Declan,18-24,United Kingdom,Liverpool,None,William Saliba,Retro,2023-09-15,True,False
S000450,Alex,35-44,United Kingdom,Birmingham,None,Leah Williamson,Home Shirt,2024-09-01,True,False
S000451,Diego,18-24,United Kingdom,Liverpool,None,Gabriel Martinelli,Third Kit,2024-06-27,True,False
S000452,Rowan,18-24,United Kingdom,London,Gold,Ben White,Away Shirt,2019-02-03,True,True
S000453,Ingrid,25-34,United Kingdom,Manchester,Gold,Martin Odegaard,Kids,2021-05-05,True,True
S000454,Beth,35-44,United Kingdom,Leeds,None,Ben White,Training Wear,2024-02-12,True,False
S000455,Bukayo,25-34,Germany,Berlin,Free,Gabriel Martinelli,Home Shirt,2023-10-08,True,False
S000456,Reese,25-34,United States,New York,Silver,Bukayo Saka,Third Kit,2022-05-12,True,False
S000457,Cameron,25-34,United Kingdom,Bristol,Free,Leah Williamson,Away Shirt,2022-07-29,True,False
S000458,Charlie,18-24,Canada,Toronto,Silver,Kai Havertz,Third Kit,2021-06-18,True,False
S000459,Bukayo,65+,India,Delhi,Gold,Kai Havertz,Away Shirt,2018-07-25,True,False
S000460,Cameron,25-34,United Kingdom,London,Red Member,Leah Williamson,Kids,2018-12-24,False,True
S000461,Quinn,35-44,United States,Dallas,Silver,Leah Williamson,Retro,2023-08-05,False,False
S000462,Hassan,25-34,United Kingdom,London,Silver,William Saliba,Training Wear,2020-04-23,True,False
S000463,Yuki,45-54,United Kingdom,London,Silver,Gabriel Jesus,Retro,2016-12-20,True,False
S000464,Sofia,65+,United Kingdom,Liverpool,Gold,Gabriel Jesus,Kids,2019-01-25,True,False
S000465,Beth,45-54,United Kingdom,Leeds,Red Member,Gabriel Martinelli,Kids,2019-12-15,True,False
S000466,Riley,18-24,United Kingdom,Manchester,Silver,Declan Rice,Kids,2020-07-11,True,False
S000467,Leah,25-34,United Kingdom,Leeds,Free,Kai Havertz,Retro,2025-03-27,True,False
S000468,Gabriel,55-64,United Kingdom,Liverpool,Gold,Vivianne Miedema,Training Wear,2017-12-28,True,True
S000469,Emile,18-24,Australia,Sydney,Free,Martin Odegaard,Hospitality,2021-02-12,False,False
S000470,Wei,25-34,United States,Los Angeles,Gold,Martin Odegaard,Home Shirt,2023-01-05,False,True
S000471,Quinn,18-24,United Kingdom,Manchester,None,Martin Odegaard,Away Shirt,2020-07-05,False,False
S000472,Declan,25-34,United Kingdom,Birmingham,None,Ben White,Accessories,2021-12-08,True,False
S000473,Emile,18-24,United Kingdom,Birmingham,None,Gabriel Martinelli,Retro,2016-11-21,True,False
S000474,Vivianne,25-34,United States,Dallas,Gold,Bukayo Saka,Training Wear,2023-03-12,True,False
S000475,Kenji,45-54,United Kingdom,London,Silver,Gabriel Jesus,Away Shirt,2019-04-03,False,False
S000476,Jamie,55-64,United Kingdom,London,Gold,Ben White,Training Wear,2019-09-02,True,False
S000477,Rowan,45-54,United Kingdom,Birmingham,None,Gabriel Jesus,Accessories,2016-07-11,True,False
S000478,Martin,65+,United Kingdom,Manchester,None,William Saliba,Third Kit,2019-06-25,True,False
S000479,Katie,25-34,India,Bengaluru,Silver,William Saliba,Home Shirt,2021-04-08,True,False
S000480,Drew,18-24,United Kingdom,Birmingham,Silver,Vivianne Miedema,Training Wear,2020-01-08,True,False
S000481,Mateo,35-44,United Kingdom,Bristol,Silver,Martin Odegaard,Away Shirt,2022-03-04,True,False
S000482,Rowan,25-34,United Kingdom,London,Free,Ben White,Kids,2024-09-26,True,False
S000483,Jamie,45-54,United Kingdom,Liverpool,Free,Martin Odegaard,Accessories,2016-11-13,True,False
S000484,Martin,35-44,Australia,Sydney,None,Vivianne Miedema,Retro,2016-08-06,True,False
S000485,Sam,25-34,United Kingdom,London,Silver,Vivianne Miedema,Third Kit,2016-11-14,True,False
S000486,Reese,25-34,United Kingdom,Bristol,Silver,Kai Havertz,Kids,2022-11-29,True,False
S000487,Taylor,25-34,Japan,Osaka,Silver,Kai Havertz,Hospitality,2017-12-27,True,False
S000488,Cameron,45-54,Germany,Munich,Free,Ben White,Away Shirt,2019-06-08,False,False
S000489,Mateo,45-54,India,Mumbai,Free,Declan Rice,Retro,2024-09-21,True,False
S000490,Charlie,45-54,Germany,Hamburg,None,Gabriel Jesus,Retro,2023-02-12,True,False
S000491,Bukayo,65+,United States,New York,Red Member,William Saliba,Retro,2021-05-28,True,True
S000492,Hassan,45-54,United Kingdom,Manchester,Gold,Gabriel Jesus,Home Shirt,2022-12-26,False,False
S000493,Declan,25-34,INDIA,Delhi,Free,William Saliba,Third Kit,2024-08-01,True,False
S000494,Declan,55-64,United States,New York,Free,Declan Rice,Home Shirt,2018-12-08,True,False
S000495,Harper,45-54,United Arab Emirates,Abu Dhabi,Free,Gabriel Martinelli,Training Wear,2023-11-09,True,False
S000496,Yuki,18-24,Japan,Tokyo,None,Bukayo Saka,Training Wear,2017-03-15,False,False
S000497,Hassan,35-44,United Kingdom,Leeds,Free,Gabriel Martinelli,Accessories,2021-04-09,True,False
S000498,Amara,18-24,Canada,Toronto,Free,Vivianne Miedema,Training Wear,2023-08-04,True,False
S000499,Hassan,18-24,United Kingdom,Liverpool,Silver,Beth Mead,Kids,2018-02-14,True,False
S000500,Leah,18-24,United Arab Emirates,Dubai,Free,Beth Mead,Home Shirt,2024-10-06,True,False
S000501,Amara,25-34,United Arab Emirates,Abu Dhabi,None,William Saliba,Retro,2017-04-23,True,False
S000502,Diego,65+,United Kingdom,Bristol,None,Leah Williamson,Third Kit,2018-06-09,True,False
S000503,Harper,35-44,United States,New York,Gold,Leah Williamson,Training Wear,2016-12-10,True,True
S000504,Jordan,25-34,United States,Los Angeles,None,Beth Mead,Accessories,2023-06-16,True,False
S000505,Alex,45-54,United Kingdom,Liverpool,Free,Declan Rice,Training Wear,2017-07-27,True,False
S000506,Ingrid,45-54,Germany,Berlin,Silver,Martin Odegaard,Hospitality,2019-06-09,True,False
S000507,Liam,65+,United Kingdom,Leeds,Silver,Ben White,Away Shirt,2016-11-22,False,False
S000508,Reese,35-44,United States,Boston,None,Leah Williamson,Retro,2023-10-29,True,False
S000509,Leah,35-44,United Arab Emirates,Dubai,None,William Saliba,Accessories,2022-12-23,True,False
S000510,Olivia,25-34,United Kingdom,Manchester,Silver,Kai Havertz,Hospitality,2018-02-12,False,False
S000511,Mateo,35-44,United States,Boston,Red Member,Declan Rice,Third Kit,2019-05-15,True,True
S000512,Leah,45-54,United Kingdom,London,Free,Gabriel Martinelli,Retro,2017-09-16,True,False
S000513,Sam,55-64,United States,Boston,Gold,Ben White,Retro,2016-02-09,True,True
S000514,Reese,35-44,United States,Boston,Silver,Vivianne Miedema,Home Shirt,2021-01-27,False,False
S000515,Kai,45-54,United Kingdom,Leeds,Gold,Declan Rice,Kids,2019-09-27,True,True
S000516,Mateo,25-34,United Kingdom,London,Silver,William Saliba,Retro,2021-07-01,True,False
S000517,Riley,25-34,United Kingdom,Birmingham,Silver,Kai Havertz,Accessories,2024-02-11,True,False
S000518,Kai,25-34,United Kingdom,Liverpool,Free,Ben White,Third Kit,2020-09-09,False,False
S000519,Drew,25-34,United Kingdom,Manchester,None,Gabriel Jesus,Home Shirt,2018-05-23,True,False
S000520,Drew,25-34,United Arab Emirates,Dubai,Red Member,Gabriel Jesus,Home Shirt,2017-07-10,True,True
S000521,Diego,18-24,United Kingdom,London,Silver,William Saliba,Home Shirt,2019-01-20,True,False
S000522,Riley,35-44,United Kingdom,Birmingham,Silver,Martin Odegaard,Third Kit,2018-11-12,True,False
S000523,Noor,25-34,Australia,Sydney,Free,Kai Havertz,Accessories,2018-01-21,True,False
S000524,Reese,18-24,United Kingdom,Liverpool,Silver,Declan Rice,Retro,2018-12-24,True,False
S000525,Kenji,35-44,United Kingdom,Bristol,Silver,Beth Mead,Home Shirt,2016-07-27,True,False
S000526,Drew,55-64,United States,Chicago,Silver,Leah Williamson,Third Kit,2024-09-12,True,False
S000527,Olivia,65+,United Kingdom,Liverpool,None,Gabriel Martinelli,Kids,2024-07-05,True,False
S000528,Ingrid,55-64,United Kingdom,Liverpool,Free,Beth Mead,Third Kit,2024-02-27,True,False
S000529,Ingrid,45-54,United Kingdom,Manchester,Silver,Gabriel Martinelli,Accessories,2016-01-27,True,False
S000530,Taylor,35-44,United States,Dallas,Free,Bukayo Saka,Third Kit,2020-09-05,True,False
S000531,Alex,18-24,United Kingdom,Birmingham,Silver,Declan Rice,Away Shirt,2023-04-09,True,False
S000532,Taylor,45-54,United States,Boston,Free,Vivianne Miedema,Retro,2020-05-13,True,False
S000533,Bukayo,45-54,Nigeria,Abuja,None,Gabriel Jesus,Kids,2020-05-23,True,False
S000534,Katie,45-54,United States,Chicago,Free,Ben White,Away Shirt,2021-05-28,True,False
S000535,Cameron,25-34,Germany,Munich,None,Kai Havertz,Training Wear,2025-03-15,True,False
S000536,Sam,25-34,United Kingdom,London,None,Beth Mead,Hospitality,2017-05-23,False,False
S000537,Riley,35-44,United Kingdom,Bristol,None,Leah Williamson,Accessories,2018-04-28,True,False
S000538,Charlie,25-34,Canada,Vancouver,Gold,Beth Mead,Accessories,2020-05-31,False,True
S000539,Harper,18-24,United States,Dallas,Silver,Ben White,Retro,2023-07-19,True,False
S000540,Devon,55-64,United Kingdom,Leeds,Free,Declan Rice,Away Shirt,2025-01-06,True,False
S000541,Hassan,25-34,United Kingdom,Manchester,Red Member,Leah Williamson,Hospitality,2020-07-22,True,True
S000542,Riley,65+,United Kingdom,London,Free,Declan Rice,Hospitality,2022-06-17,True,False
S000543,Declan,25-34,United Kingdom,Bristol,None,Martin Odegaard,Accessories,2016-06-27,True,False
S000544,Mateo,65+,India,Bengaluru,Silver,Vivianne Miedema,Training Wear,2022-03-01,True,False
S000545,Martin,25-34,United States,Chicago,None,Gabriel Jesus,Away Shirt,2019-03-29,True,False
S000546,Quinn,35-44,United Kingdom,Bristol,Free,Vivianne Miedema,Accessories,2018-01-04,False,False
S000547,Taylor,65+,United States,New York,None,Gabriel Martinelli,Home Shirt,2023-04-04,True,False
S000548,Skyler,55-64,Nigeria,Abuja,None,Gabriel Jesus,Away Shirt,2019-06-13,True,False
S000549,Katie,65+,United States,Dallas,Red Member,Bukayo Saka,Away Shirt,2022-07-15,True,False
S000550,Drew,25-34,United Kingdom,Liverpool,Free,Vivianne Miedema,Home Shirt,2024-10-01,False,False
S000551,Wei,18-24,United Arab Emirates,Abu Dhabi,None,Gabriel Martinelli,Accessories,2022-03-20,True,False
S000552,Reese,25-34,United Kingdom,London,Silver,Beth Mead,Away Shirt,2018-02-14,True,False
S000553,Quinn,25-34,United Kingdom,London,Silver,Gabriel Jesus,Home Shirt,2016-12-26,True,False
S000554,Kai,35-44,United Kingdom,London,Gold,Bukayo Saka,Training Wear,2023-04-21,False,True
S000555,Diego,55-64,United Kingdom,Bristol,None,Gabriel Jesus,Away Shirt,2016-08-21,True,False
S000556,Martin,18-24,India,Delhi,Silver,Ben White,Training Wear,2023-03-17,True,False
S000557,Reese,35-44,United Kingdom,London,Silver,Ben White,Away Shirt,2023-04-18,False,False
S000558,Sam,25-34,Nigeria,Lagos,Free,Martin Odegaard,Training Wear,2024-08-15,True,False
S000559,Taylor,25-34,United States,Boston,None,Ben White,Home Shirt,2023-09-21,True,False
S000560,Gabriel,65+,United Kingdom,Leeds,None,Gabriel Martinelli,Training Wear,2025-02-13,True,False
S000561,Morgan,18-24,United Kingdom,Leeds,Free,Martin Odegaard,Home Shirt,2023-04-30,True,False
S000562,Emile,25-34,Canada,Toronto,Free,Vivianne Miedema,Hospitality,2024-04-23,True,False
S000563,Mateo,25-34,United Kingdom,Bristol,Red Member,Vivianne Miedema,Home Shirt,2017-02-21,True,True
S000564,Declan,25-34,United Arab Emirates,Dubai,None,Gabriel Jesus,Accessories,2017-12-02,True,False
S000565,Kenji,25-34,United Kingdom,Liverpool,Free,Bukayo Saka,Third Kit,2018-10-02,True,False
S000566,Riley,18-24,Norway,Oslo,Silver,Kai Havertz,Away Shirt,2020-06-07,True,False
S000567,Ingrid,25-34,United Kingdom,Birmingham,None,Leah Williamson,Hospitality,2021-03-16,False,False
S000568,Harper,35-44,Australia,Sydney,Free,Gabriel Martinelli,Third Kit,2024-10-28,True,False
S000569,Cameron,35-44,United States,Los Angeles,Free,Kai Havertz,Kids,2024-07-21,True,False
S000570,Beth,35-44,United Kingdom,Birmingham,None,Gabriel Jesus,Kids,2023-08-02,True,False
S000571,Declan,45-54,Germany,Berlin,Free,Gabriel Jesus,Hospitality,2024-03-17,False,False
S000572,Rowan,65+,United Kingdom,London,Free,Kai Havertz,Accessories,2019-07-12,True,False
S000573,Amara,18-24,United Kingdom,London,Free,Beth Mead,Accessories,2022-02-18,True,False
S000574,Liam,18-24,United Kingdom,London,Silver,Gabriel Jesus,Accessories,2019-03-01,False,False
S000575,Gabriel,25-34,United Kingdom,Birmingham,Gold,Gabriel Martinelli,Third Kit,2023-06-22,False,False
S000576,Kai,18-24,United Kingdom,Birmingham,None,Declan Rice,Home Shirt,2020-03-04,True,False
S000577,Bukayo,25-34,India,Delhi,Free,Kai Havertz,Accessories,2017-11-23,False,False
S000578,Riley,45-54,United Kingdom,London,Silver,Gabriel Martinelli,Third Kit,2022-04-29,True,False
S000579,Jamie,25-34,United Kingdom,London,None,Gabriel Jesus,Training Wear,2020-12-30,True,False
S000580,Chidi,35-44,Japan,Tokyo,None,Beth Mead,Away Shirt,2021-07-14,True,False
S000581,Rowan,18-24,United Kingdom,Birmingham,Red Member,Kai Havertz,Training Wear,2016-04-05,True,False
S000582,Wei,45-54,United Kingdom,Manchester,Red Member,William Saliba,Hospitality,2024-11-03,True,False
S000583,Sofia,25-34,United Arab Emirates,Dubai,Silver,Beth Mead,Third Kit,2022-06-21,True,False
S000584,Emile,45-54,United Kingdom,Leeds,None,Ben White,Away Shirt,2017-10-11,True,False
S000585,Skyler,25-34,Nigeria,Lagos,None,Kai Havertz,Kids,2017-07-19,True,False
S000586,Jamie,35-44,Nigeria,Kano,Silver,Ben White,Away Shirt,2018-11-17,True,False
S000587,Diego,35-44,United Kingdom,Leeds,Free,Beth Mead,Accessories,2021-09-15,True,False
S000588,Declan,18-24,Australia,Melbourne,Gold,Vivianne Miedema,Away Shirt,2025-01-18,True,True
S000589,Devon,35-44,Australia,Melbourne,Gold,Ben White,Retro,2018-10-03,True,True
S000590,Charlie,18-24,India,Delhi,None,Gabriel Jesus,Retro,2022-05-18,True,False
S000591,Skyler,18-24,United Kingdom,Leeds,None,Declan Rice,Third Kit,2025-03-19,True,False
S000592,Declan,25-34,United Kingdom,Bristol,None,Leah Williamson,Third Kit,2024-09-01,True,False
S000593,Devon,35-44,United Kingdom,Birmingham,Free,Beth Mead,Training Wear,2021-02-13,True,False
S000594,Kenji,35-44,United Kingdom,Manchester,Free,Declan Rice,Home Shirt,2024-05-25,True,False
S000595,Drew,25-34,United States,New York,Silver,Martin Odegaard,Third Kit,2024-09-17,False,False
S000596,Priya,25-34,United Kingdom,Bristol,Gold,Declan Rice,Training Wear,2023-09-21,True,True
S000597,Morgan,55-64,United States,Los Angeles,Free,Bukayo Saka,Away Shirt,2022-05-05,True,False
S000598,Harper,65+,United States,Chicago,Silver,Ben White,Accessories,2017-06-26,True,False
S000599,Wei,35-44,United Kingdom,Birmingham,None,Beth Mead,Third Kit,2017-07-22,True,False
S000600,Bukayo,25-34,United Kingdom,Leeds,None,Leah Williamson,Training Wear,2019-10-01,True,False
S000601,Beth,35-44,United Kingdom,London,None,Gabriel Martinelli,Hospitality,2023-06-25,True,False
S000602,Leah,35-44,Nigeria,Kano,Free,Vivianne Miedema,Kids,2018-09-20,True,False
S000603,Harper,45-54,United Kingdom,Manchester,Free,Gabriel Jesus,Training Wear,2024-08-15,True,False
S000604,Mateo,25-34,United Kingdom,Birmingham,Free,Beth Mead,Training Wear,2018-01-23,True,False
S000605,Wei,35-44,Norway,Bergen,None,Beth Mead,Third Kit,2018-05-06,True,False
S000606,Noor,55-64,United States,New York,Gold,Kai Havertz,Training Wear,2023-12-12,False,False
S000607,Vivianne,25-34,United Kingdom,Manchester,Free,Martin Odegaard,Third Kit,2023-05-20,True,False
S000608,Olivia,35-44,United Kingdom,Bristol,Free,Martin Odegaard,Home Shirt,2023-06-25,False,False
S000609,Noor,25-34,United Kingdom,Liverpool,Silver,William Saliba,Training Wear,2025-02-24,False,False
S000610,Reese,45-54,United Kingdom,London,Free,Declan Rice,Accessories,2017-02-09,True,False
S000611,Quinn,25-34,United Kingdom,Bristol,None,William Saliba,Accessories,2019-05-11,False,False
S000612,Rowan,25-34,United Kingdom,London,Free,Kai Havertz,Away Shirt,2023-11-07,True,False
S000613,Jordan,65+,United Kingdom,Liverpool,None,Gabriel Jesus,Retro,2024-05-04,True,False
S000614,Amara,18-24,United Kingdom,Bristol,Free,Leah Williamson,Hospitality,2021-04-25,True,False
S000615,Amara,55-64,United Kingdom,Leeds,Free,Kai Havertz,Training Wear,2019-01-12,True,False
S000616,Olivia,55-64,United Kingdom,Bristol,None,Martin Odegaard,Retro,2025-06-25,False,False
S000617,Reese,55-64,United Kingdom,Birmingham,Silver,Ben White,Third Kit,2024-04-21,False,False
S000618,Gabriel,18-24,United States,Los Angeles,Gold,Ben White,Retro,2016-01-16,True,False
S000619,Sam,45-54,United Kingdom,London,Silver,William Saliba,Third Kit,2020-11-17,True,False
S000620,Skyler,35-44,United Kingdom,Birmingham,None,Vivianne Miedema,Kids,2022-04-10,False,False
S000621,Rowan,25-34,United Kingdom,Leeds,Red Member,Gabriel Jesus,Retro,2023-05-28,True,True
S000622,Riley,35-44,United Kingdom,Bristol,Silver,Vivianne Miedema,Hospitality,2020-09-28,True,False
S000623,Diego,35-44,United Kingdom,Leeds,Gold,Kai Havertz,Third Kit,2018-08-06,False,True
S000624,Sam,35-44,United Kingdom,Bristol,None,Vivianne Miedema,Accessories,2017-05-22,False,False
S000625,Jordan,45-54,India,Mumbai,Gold,Gabriel Martinelli,Third Kit,2024-08-10,True,True
S000626,Taylor,35-44,United Kingdom,Bristol,  None ,Beth Mead,Away Shirt,2017-05-21,True,False
S000627,Charlie,35-44,United Kingdom,Birmingham,Silver,Martin Odegaard,Kids,2021-04-27,True,False
S000628,Ingrid,55-64,United Kingdom,Leeds,None,William Saliba,Hospitality,2019-08-28,True,False
S000629,Wei,25-34,United Kingdom,Leeds,Free,Vivianne Miedema,Away Shirt,2021-02-01,True,False
S000630,Olivia,55-64,United Kingdom,Birmingham,None,William Saliba,Accessories,2021-05-21,True,False
S000631,Noor,65+,Japan,Osaka,Silver,William Saliba,Training Wear,2020-02-06,True,False
S000632,Emile,55-64,United Kingdom,Bristol,None,Declan Rice,Retro,2017-05-09,True,False
S000633,Martin,35-44,United Kingdom,Leeds,None,Martin Odegaard,Third Kit,2017-08-19,True,False
S000634,Katie,45-54,United States,New York,None,Gabriel Jesus,Retro,2022-09-02,True,False
S000635,Olivia,25-34,United Arab Emirates,Abu Dhabi,Free,Kai Havertz,Third Kit,2022-10-20,False,False
S000636,Quinn,45-54,United Arab Emirates,Abu Dhabi,None,Martin Odegaard,Third Kit,2017-05-22,False,False
S000637,Diego,25-34,United Kingdom,Leeds,Free,Declan Rice,Third Kit,2021-04-25,True,False
S000638,Chidi,18-24,United States,Los Angeles,Free,Leah Williamson,Training Wear,2017-09-28,False,False
S000639,Harper,25-34,United Arab Emirates,Abu Dhabi,Free,Bukayo Saka,Kids,2020-07-20,True,False
S000640,Rowan,25-34,United Kingdom,Liverpool,Red Member,Gabriel Jesus,Home Shirt,2017-08-06,True,False
S000641,Quinn,25-34,United Kingdom,Liverpool,Silver,Gabriel Jesus,Home Shirt,2017-07-14,True,False
S000642,Wei,18-24,Japan,Tokyo,Gold,Kai Havertz,Third Kit,2024-04-02,False,True
S000643,Diego,25-34,United Kingdom,Manchester,Gold,Gabriel Jesus,Accessories,2021-09-17,True,True
S000644,Sam,25-34,Canada,Vancouver,Silver,Vivianne Miedema,Accessories,2017-09-26,True,False
S000645,Hassan,25-34,India,Delhi,Free,Martin Odegaard,Third Kit,2023-12-12,True,False
S000646,Liam,35-44,United States,Los Angeles,None,Gabriel Jesus,Retro,2019-07-23,False,False
S000647,Skyler,25-34,India,Bengaluru,Gold,Martin Odegaard,Hospitality,2016-12-25,True,False
S000648,Charlie,35-44,Nigeria,Lagos,Free,Gabriel Jesus,Retro,2018-05-09,True,False
S000649,Sam,35-44,United Kingdom,Liverpool,None,Kai Havertz,Training Wear,2021-06-30,True,False
S000650,Liam,65+,United Kingdom,London,Gold,Martin Odegaard,Kids,2024-05-02,True,False
S000651,Liam,35-44,United Kingdom,Birmingham,Free,Kai Havertz,Away Shirt,2017-02-10,True,False
S000652,Riley,45-54,United Kingdom,Liverpool,Red Member,Ben White,Accessories,2016-06-03,True,False
S000653,Mateo,55-64,United States,Chicago,Silver,Gabriel Jesus,Retro,2016-01-18,True,False
S000654,Kai,25-34,United Kingdom,Bristol,Silver,Gabriel Jesus,Kids,2016-11-22,False,False
S000655,Wei,35-44,United Arab Emirates,Dubai,Free,Beth Mead,Third Kit,2023-10-29,True,False
S000656,Drew,25-34,United States,Dallas,Gold,Bukayo Saka,Training Wear,2016-03-27,True,False
S000657,Rowan,45-54,India,Mumbai,Silver,Leah Williamson,Retro,2022-06-26,True,False
S000658,Vivianne,65+,India,Mumbai,None,Declan Rice,Hospitality,2024-10-11,True,False
S000659,Bukayo,45-54,India,Delhi,None,Bukayo Saka,Away Shirt,2024-12-24,True,False
S000660,Declan,25-34,United Kingdom,Bristol,Silver,Declan Rice,Kids,2017-02-03,True,False
S000661,Drew,35-44,Nigeria,Lagos,Free,Martin Odegaard,Training Wear,2024-08-18,False,False
S000662,Jamie,55-64,United Kingdom,London,None,Declan Rice,Hospitality,2020-05-23,True,False
S000663,Declan,45-54,United Arab Emirates,Abu Dhabi,Red Member,Kai Havertz,Third Kit,2019-02-24,False,True
S000664,Yuki,55-64,United Kingdom,Birmingham,None,Declan Rice,Training Wear,2018-04-20,True,False
S000665,Declan,18-24,Norway,Oslo,Gold,William Saliba,Hospitality,2021-03-18,True,False
S000666,Skyler,18-24,United Kingdom,London,Free,Martin Odegaard,Home Shirt,2022-11-02,True,False
S000667,Amara,35-44,United Kingdom,Manchester,Free,Martin Odegaard,Home Shirt,2016-11-23,True,False
S000668,Priya,25-34,United States,Boston,Silver,Declan Rice,Kids,2023-09-20,True,False
S000669,Gabriel,25-34,United Kingdom,London,Gold,Vivianne Miedema,Hospitality,2023-07-24,True,True
S000670,Hassan,25-34,United Kingdom,London,Free,Kai Havertz,Accessories,2017-01-24,True,False
S000671,Olivia,25-34,United Kingdom,Liverpool,Silver,Bukayo Saka,Hospitality,2018-08-30,False,False
S000672,Wei,35-44,Australia,Melbourne,Free,Martin Odegaard,Kids,2018-02-06,True,False
S000673,Sofia,25-34,United Kingdom,Birmingham,Free,Beth Mead,Hospitality,2023-08-03,True,False
S000674,Jordan,25-34,United Kingdom,Birmingham,None,Leah Williamson,Hospitality,2023-01-12,True,False
S000675,Devon,45-54,United Kingdom,London,Free,Vivianne Miedema,Away Shirt,2022-12-29,True,False
S000676,Hassan,35-44,United Kingdom,Leeds,None,Vivianne Miedema,Hospitality,2022-04-28,True,False
S000677,Riley,35-44,United Kingdom,London,Free,Ben White,Kids,2024-10-29,True,False
S000678,Emile,25-34,United States,Los Angeles,Free,Ben White,Hospitality,2021-08-09,True,False
S000679,Charlie,25-34,United Kingdom,Liverpool,None,Martin Odegaard,Training Wear,2018-09-16,True,False
S000680,Sam,45-54,United Kingdom,Bristol,Free,Declan Rice,Training Wear,2017-04-22,True,False
S000681,Drew,35-44,Canada,Vancouver,Free,Vivianne Miedema,Kids,2017-02-19,True,False
S000682,Beth,25-34,United Kingdom,London,Gold,Gabriel Jesus,Accessories,2020-09-30,True,True
S000683,Diego,45-54,Germany,Munich,Red Member,Kai Havertz,Away Shirt,2018-04-13,True,False
S000684,Wei,25-34,United States,Dallas,None,Gabriel Jesus,Retro,2017-09-14,True,False
S000685,Martin,25-34,Norway,Bergen,Red Member,Vivianne Miedema,Retro,2019-10-01,True,True
S000686,Hassan,55-64,United Kingdom,Liverpool,Red Member,Bukayo Saka,Kids,2016-03-02,True,True
S000687,Diego,45-54,United Kingdom,Leeds,Silver,Ben White,Home Shirt,2025-05-12,True,False
S000688,Cameron,35-44,United Kingdom,London,Silver,Ben White,Training Wear,2020-12-20,True,False
S000689,Kai,18-24,United Kingdom,Manchester,Free,William Saliba,Retro,2022-10-10,False,False
S000690,Beth,45-54,United Kingdom,Leeds,Silver,Declan Rice,Away Shirt,2017-12-26,True,False
S000691,Wei,25-34,United Kingdom,Liverpool,Gold,Vivianne Miedema,Home Shirt,2020-10-26,True,False
S000692,Jordan,45-54,India,Delhi,None,Vivianne Miedema,Accessories,2021-10-27,True,False
S000693,Riley,35-44,Australia,Sydney,None,Gabriel Martinelli,Away Shirt,2022-03-19,True,False
S000694,Chidi,45-54,United Kingdom,Leeds,Red Member,Bukayo Saka,Retro,2024-12-12,True,True
S000695,Kai,55-64,United Kingdom,Manchester,Free,Gabriel Jesus,Accessories,2024-06-26,True,False
S000696,Quinn,18-24,Canada,Toronto,None,Vivianne Miedema,Hospitality,2024-11-26,True,False
S000697,Chidi,65+,United States,Los Angeles,None,Gabriel Jesus,Home Shirt,2023-03-27,True,False
S000698,Chidi,55-64,United Kingdom,London,Free,Vivianne Miedema,Away Shirt,2024-09-23,True,False
S000699,Mateo,18-24,United Kingdom,Birmingham,None,Ben White,Retro,2021-09-08,True,False
S000700,Devon,35-44,INDIA,Mumbai,Red Member,Martin Odegaard,Hospitality,2019-05-29,True,False
S000701,Jamie,25-34,United States,New York,Free,Leah Williamson,Retro,2018-07-18,True,False
S000702,Sofia,35-44,United Kingdom,Bristol,None,Gabriel Martinelli,Accessories,2022-07-16,True,False
S000703,Ingrid,25-34,United Kingdom,Manchester,None,Martin Odegaard,Away Shirt,2021-11-09,True,False
S000704,Kenji,65+,United Kingdom,Manchester,None,Vivianne Miedema,Accessories,2024-04-21,True,False
S000705,Cameron,35-44,Canada,Vancouver,Free,Gabriel Jesus,Training Wear,2020-08-10,True,False
S000706,Amara,25-34,United States,Dallas,None,Bukayo Saka,Kids,2024-04-12,True,False
S000707,Katie,45-54,United Arab Emirates,Dubai,Free,Ben White,Hospitality,2016-09-19,True,False
S000708,Bukayo,25-34,United Kingdom,Manchester,Free,Gabriel Jesus,Away Shirt,2023-02-22,True,False
S000709,Skyler,65+,United States,Dallas,Silver,Gabriel Jesus,Third Kit,2024-09-20,True,False
S000710,Skyler,18-24,United Kingdom,London,None,Ben White,Hospitality,2023-02-11,False,False
S000711,Harper,18-24,Norway,Oslo,Free,Vivianne Miedema,Hospitality,2021-02-17,True,False
S000712,Harper,25-34,United Kingdom,Manchester,Gold,Martin Odegaard,Retro,2018-01-05,True,False
S000713,Bukayo,35-44,United Kingdom,Bristol,None,Ben White,Kids,2016-10-22,True,False
S000714,Wei,35-44,United Kingdom,Leeds,None,Leah Williamson,Kids,2020-02-01,True,False
S000715,Declan,45-54,United Kingdom,Bristol,None,Kai Havertz,Hospitality,2016-04-15,True,False
S000716,Charlie,65+,United Kingdom,Manchester,None,William Saliba,Hospitality,2018-07-29,True,False
S000717,Mateo,25-34,Japan,Tokyo,Gold,Martin Odegaard,Training Wear,2020-05-02,True,True
S000718,Drew,65+,India,Delhi,None,Kai Havertz,Training Wear,2023-10-24,True,False
S000719,Jamie,45-54,United States,Boston,Gold,Bukayo Saka,Kids,2018-03-21,True,False
S000720,Kai,25-34,Nigeria,Lagos,None,Gabriel Martinelli,Away Shirt,2023-06-24,True,False
S000721,Declan,55-64,United Kingdom,Liverpool,Free,Bukayo Saka,Away Shirt,2017-02-09,True,False
S000722,Kenji,18-24,United Kingdom,Bristol,Free,Leah Williamson,Training Wear,2016-07-29,True,False
S000723,Ingrid,45-54,United States,Dallas,Free,Ben White,Third Kit,2020-05-01,True,False
S000724,Kenji,18-24,United Kingdom,Bristol,None,Gabriel Jesus,Retro,2019-04-10,True,False
S000725,Charlie,25-34,United Kingdom,Leeds,Red Member,Vivianne Miedema,Accessories,2022-03-18,True,True
S000726,Cameron,18-24,United Kingdom,Manchester,Free,Gabriel Martinelli,Hospitality,2020-08-14,True,False
S000727,Emile,18-24,United Kingdom,Liverpool,Free,Kai Havertz,Third Kit,2025-03-30,True,False
S000728,Diego,25-34,United Kingdom,Birmingham,Silver,William Saliba,Accessories,2021-07-23,True,False
S000729,Riley,35-44,Nigeria,Lagos,Silver,Bukayo Saka,Third Kit,2025-08-17,True,False
S000730,Devon,25-34,United Kingdom,Liverpool,Silver,Leah Williamson,Retro,2023-04-24,True,False
S000731,Wei,25-34,United Kingdom,London,Free,Martin Odegaard,Training Wear,2022-01-23,False,False
S000732,Yuki,18-24,United States,Chicago,None,Bukayo Saka,Away Shirt,2020-08-20,True,False
S000733,Quinn,35-44,United Kingdom,Leeds,Free,Vivianne Miedema,Accessories,2020-07-30,True,False
S000734,Olivia,35-44,United Kingdom,Manchester,None,Declan Rice,Kids,2022-04-04,False,False
S000735,Jordan,35-44,United Kingdom,London,Gold,Declan Rice,Third Kit,2018-06-08,True,False
S000736,Amara,35-44,Norway,Oslo,Free,Leah Williamson,Accessories,2018-09-08,True,False
S000737,Vivianne,18-24,United Kingdom,Leeds,None,Gabriel Martinelli,Training Wear,2021-02-25,True,False
S000738,Jamie,45-54,United Kingdom,Birmingham,Silver,Leah Williamson,Away Shirt,2023-10-10,True,False
S000739,Jordan,35-44,United Kingdom,Birmingham,Free,Martin Odegaard,Third Kit,2022-12-07,True,False
S000740,Bukayo,45-54,India,Delhi,Free,Gabriel Martinelli,Retro,2018-06-22,True,False
S000741,Kai,25-34,Germany,Munich,  Silver ,Leah Williamson,Away Shirt,2016-09-28,True,False
S000742,Wei,35-44,United Kingdom,Liverpool,Free,Gabriel Martinelli,Hospitality,2022-01-21,True,False
S000743,Noor,18-24,India,Delhi,Silver,Leah Williamson,Accessories,2019-04-27,True,False
S000744,Quinn,18-24,United Kingdom,Bristol,None,Declan Rice,Hospitality,2018-04-08,True,False
S000745,Quinn,45-54,Nigeria,Abuja,None,Declan Rice,Kids,2016-03-07,True,False
S000746,Mateo,45-54,United Kingdom,Bristol,Gold,Bukayo Saka,Training Wear,2022-10-08,True,False
S000747,Noor,55-64,Nigeria,Ibadan,None,Vivianne Miedema,Hospitality,2022-03-10,True,False
S000748,Wei,55-64,United States,Chicago,None,Declan Rice,Home Shirt,2024-04-29,True,False
S000749,Liam,18-24,Germany,Munich,Silver,Martin Odegaard,Hospitality,2016-06-19,True,False
S000750,Kenji,55-64,United Kingdom,Birmingham,Free,Leah Williamson,Hospitality,2017-04-30,True,False
S000751,Morgan,25-34,United Kingdom,Leeds,None,Leah Williamson,Retro,2023-05-01,True,False
S000752,Quinn,25-34,Canada,Toronto,  None ,Bukayo Saka,Kids,2019-10-09,True,False
S000753,Diego,45-54,United Kingdom,Birmingham,Red Member,Beth Mead,Third Kit,2022-08-18,True,False
S000754,Skyler,35-44,United Kingdom,London,Gold,Leah Williamson,Home Shirt,2021-06-28,False,True
S000755,Yuki,65+,United Kingdom,Manchester,None,Martin Odegaard,Retro,2022-04-13,True,False
S000756,Kai,55-64,United Kingdom,Bristol,None,Gabriel Martinelli,Accessories,2021-10-01,True,False
S000757,Rowan,65+,United Kingdom,London,Free,Martin Odegaard,Home Shirt,2021-05-03,True,False
S000758,Morgan,65+,United Kingdom,Birmingham,None,William Saliba,Retro,2016-06-07,True,False
S000759,Leah,25-34,Nigeria,Ibadan,Free,William Saliba,Accessories,2016-04-24,True,False
S000760,Jamie,35-44,United Kingdom,Bristol,Silver,Gabriel Martinelli,Away Shirt,2023-10-20,True,False
S000761,Kenji,45-54,United Kingdom,London,Silver,Declan Rice,Accessories,2023-10-21,False,False
S000762,Amara,35-44,Germany,Munich,Silver,Beth Mead,Training Wear,2020-04-07,True,False
S000763,Kai,25-34,United Kingdom,Bristol,None,Kai Havertz,Accessories,2023-06-23,True,False
S000764,Emile,25-34,United Kingdom,Liverpool,Free,Beth Mead,Third Kit,2018-03-06,True,False
S000765,Noor,25-34,United Kingdom,Birmingham,Free,Gabriel Jesus,Away Shirt,2017-01-09,False,False
S000766,Rowan,18-24,United Kingdom,Liverpool,None,Beth Mead,Away Shirt,2019-12-01,True,False
S000767,Reese,25-34,United Kingdom,Manchester,Free,Ben White,Third Kit,2024-01-05,True,False
S000768,Morgan,45-54,United Kingdom,Bristol,Free,Vivianne Miedema,Retro,2017-10-15,False,False
S000769,Vivianne,45-54,United States,Boston,Free,Beth Mead,Kids,2024-01-15,True,False
S000770,Reese,25-34,United Kingdom,London,Gold,Gabriel Jesus,Training Wear,2025-06-21,True,False
S000771,Noor,35-44,United Arab Emirates,Abu Dhabi,Silver,Declan Rice,Training Wear,2024-05-31,True,False
S000772,Skyler,45-54,United Kingdom,London,Free,Vivianne Miedema,Hospitality,2024-02-08,True,False
S000773,Cameron,25-34,United Kingdom,Leeds,None,Gabriel Martinelli,Kids,2024-12-12,True,False
S000774,Devon,45-54,United States,Los Angeles,Free,Bukayo Saka,Training Wear,2020-06-22,False,False
S000775,Alex,35-44,Germany,Berlin,None,Martin Odegaard,Home Shirt,2021-02-01,True,False
S000776,Leah,65+,United Kingdom,Leeds,Silver,Bukayo Saka,Hospitality,2023-06-17,True,False
S000777,Declan,35-44,Germany,Hamburg,Silver,Leah Williamson,Hospitality,2023-11-25,True,False
S000778,Alex,35-44,United Kingdom,London,None,Martin Odegaard,Hospitality,2023-07-08,True,False
S000779,Taylor,55-64,India,Mumbai,None,Leah Williamson,Training Wear,2022-08-17,True,False
S000780,Amara,45-54,United States,Dallas,None,Beth Mead,Third Kit,2024-10-30,False,False
S000781,Rowan,18-24,Canada,Toronto,None,Gabriel Martinelli,Kids,2019-12-17,False,False
S000782,Devon,45-54,United Kingdom,Manchester,Free,Leah Williamson,Home Shirt,2024-06-09,True,False
S000783,Martin,18-24,United Kingdom,Liverpool,Free,Gabriel Martinelli,Kids,2019-12-14,True,False
S000784,Priya,18-24,United States,New York,Gold,Bukayo Saka,Away Shirt,2021-04-18,True,True
S000785,Rowan,35-44,United Kingdom,Liverpool,None,Kai Havertz,Kids,2025-01-01,True,False
S000786,Skyler,25-34,United States,Chicago,Silver,Leah Williamson,Hospitality,2023-10-12,True,False
S000787,Beth,35-44,United Kingdom,Leeds,Free,Leah Williamson,Third Kit,2025-05-26,True,False
S000788,Alex,35-44,Nigeria,Abuja,Gold,Gabriel Martinelli,Kids,2018-09-23,True,True
S000789,Amara,25-34,Germany,Hamburg,Gold,Gabriel Martinelli,Retro,2018-04-17,True,False
S000790,Rowan,18-24,United Kingdom,Bristol,Free,Ben White,Hospitality,2016-01-18,True,False
S000791,Sofia,35-44,United Kingdom,Manchester,None,Martin Odegaard,Home Shirt,2024-07-10,True,False
S000792,Morgan,35-44,United States,Dallas,Free,Gabriel Jesus,Accessories,2025-01-09,True,False
S000793,Vivianne,25-34,United Kingdom,Birmingham,None,Gabriel Jesus,Accessories,2025-08-02,True,False
S000794,Noor,45-54,United Kingdom,Birmingham,Free,Declan Rice,Third Kit,2017-09-14,True,False
S000795,Liam,35-44,United States,Los Angeles,Silver,Declan Rice,Training Wear,2019-07-27,True,False
S000796,Taylor,65+,United Kingdom,Birmingham,Silver,Martin Odegaard,Home Shirt,2021-06-07,True,False
S000797,Quinn,65+,United States,Dallas,Gold,Kai Havertz,Retro,2022-04-17,True,True
S000798,Priya,55-64,United States,Dallas,Silver,Vivianne Miedema,Home Shirt,2018-10-05,False,False
S000799,Noor,45-54,United Kingdom,Bristol,Free,Gabriel Jesus,Away Shirt,2019-12-07,True,False
S000800,Liam,45-54,Nigeria,Kano,Red Member,Bukayo Saka,Hospitality,2020-06-27,True,False
S000801,Jamie,35-44,United States,Los Angeles,Free,Martin Odegaard,Away Shirt,2021-01-30,False,False
S000802,Chidi,25-34,United Arab Emirates,Abu Dhabi,Silver,Beth Mead,Third Kit,2020-09-17,True,False
S000803,Leah,45-54,United Kingdom,Birmingham,Free,Gabriel Martinelli,Kids,2018-07-22,True,False
S000804,Katie,25-34,United Kingdom,Manchester,Red Member,Declan Rice,Hospitality,2019-10-29,True,False
S000805,Sam,45-54,United Kingdom,Bristol,None,Declan Rice,Away Shirt,2021-09-08,False,False
S000806,Olivia,25-34,United Kingdom,Leeds,Free,William Saliba,Training Wear,2022-05-24,True,False
S000807,Mateo,45-54,United Kingdom,Bristol,None,Martin Odegaard,Kids,2019-07-31,True,False
S000808,Leah,35-44,United Kingdom,London,None,Gabriel Jesus,Hospitality,2017-09-16,True,False
S000809,Devon,35-44,United Kingdom,Manchester,Red Member,Beth Mead,Third Kit,2018-10-16,True,True
S000810,Olivia,55-64,United Kingdom,Leeds,None,William Saliba,Away Shirt,2019-12-27,False,False
S000811,Cameron,35-44,United Kingdom,Liverpool,None,Beth Mead,Hospitality,2020-02-01,True,False
S000812,Charlie,55-64,United Kingdom,Bristol,Free,Ben White,Away Shirt,2020-11-07,True,False
S000813,Olivia,65+,United Kingdom,Liverpool,Gold,Gabriel Jesus,Hospitality,2020-03-12,True,True
S000814,Drew,25-34,United Kingdom,Leeds,None,Kai Havertz,Home Shirt,2019-03-02,True,False
S000815,Rowan,45-54,United Kingdom,London,Red Member,Martin Odegaard,Training Wear,2018-09-22,True,False
S000816,Jamie,45-54,United States,Boston,Silver,Bukayo Saka,Third Kit,2022-01-13,True,False
S000817,Taylor,18-24,United States,Boston,Gold,Martin Odegaard,Retro,2021-07-28,True,True
S000818,Mateo,65+,United States,New York,Red Member,Gabriel Jesus,Hospitality,2018-02-11,True,False
S000819,Alex,18-24,United Kingdom,Bristol,None,Declan Rice,Accessories,2016-03-04,True,False
S000820,Diego,45-54,Canada,Toronto,Gold,Declan Rice,Training Wear,2025-07-25,True,False
S000821,Charlie,18-24,United Kingdom,London,None,Martin Odegaard,Accessories,2019-01-13,True,False
S000822,Ingrid,55-64,United Kingdom,Birmingham,Free,Martin Odegaard,Hospitality,2016-07-20,False,False
S000823,Skyler,18-24,United Kingdom,Bristol,Free,Gabriel Martinelli,Hospitality,2023-03-12,True,False
S000824,Sofia,55-64,Norway,Bergen,Free,Martin Odegaard,Accessories,2024-06-24,True,False
S000825,Quinn,25-34,United Kingdom,Manchester,Free,William Saliba,Third Kit,2024-07-01,False,False
S000826,Jordan,55-64,Canada,Toronto,Free,Vivianne Miedema,Accessories,2016-06-02,True,False
S000827,Sofia,35-44,United States,Los Angeles,Red Member,Martin Odegaard,Away Shirt,2017-07-08,True,True
S000828,Liam,35-44,United Kingdom,Liverpool,Silver,Kai Havertz,Hospitality,2024-04-26,True,False
S000829,Alex,25-34,United Kingdom,London,Free,Gabriel Jesus,Away Shirt,2022-09-08,True,False
S000830,Katie,18-24,United Kingdom,Manchester,None,Kai Havertz,Away Shirt,2017-06-26,True,False
S000831,Sam,25-34,United Kingdom,Leeds,None,Vivianne Miedema,Away Shirt,2018-06-30,True,False
S000832,Kai,35-44,Nigeria,Lagos,None,Declan Rice,Retro,2023-01-04,True,False
S000833,Diego,35-44,United States,Dallas,Free,Declan Rice,Retro,2017-10-15,False,False
S000834,Ingrid,35-44,Nigeria,Abuja,Red Member,Gabriel Martinelli,Hospitality,2017-04-14,False,False
S000835,Declan,25-34,Japan,Tokyo,Free,William Saliba,Training Wear,2025-03-12,True,False
S000836,Reese,18-24,United Kingdom,Liverpool,Silver,Ben White,Retro,2019-11-20,True,False
S000837,Jamie,18-24,United Kingdom,London,None,Ben White,Third Kit,2021-03-14,False,False
S000838,Chidi,35-44,United Kingdom,Liverpool,Red Member,Martin Odegaard,Hospitality,2019-07-16,True,True
S000839,Vivianne,65+,Norway,Bergen,Free,Vivianne Miedema,Home Shirt,2018-03-09,True,False
S000840,Reese,35-44,United Kingdom,Bristol,None,Gabriel Jesus,Accessories,2022-04-15,True,False
S000841,Priya,55-64,United Kingdom,Liverpool,Silver,Gabriel Jesus,Accessories,2021-01-06,True,False
S000842,Liam,25-34,United States,Dallas,Silver,Leah Williamson,Hospitality,2020-07-14,True,False
S000843,Emile,55-64,United States,Dallas,None,Vivianne Miedema,Home Shirt,2024-06-17,True,False
S000844,Devon,18-24,Japan,Osaka,None,Gabriel Martinelli,Accessories,2024-10-01,True,False
S000845,Charlie,45-54,Australia,Sydney,Free,Beth Mead,Training Wear,2020-09-12,True,False
S000846,Chidi,45-54,United States,Boston,Red Member,Gabriel Martinelli,Retro,2022-04-16,True,True
S000847,Devon,55-64,United States,Dallas,None,Gabriel Martinelli,Hospitality,2017-04-16,False,False
S000848,Olivia,45-54,United States,Los Angeles,None,Declan Rice,Third Kit,2025-07-18,True,False
S000849,Sofia,45-54,Germany,Berlin,Red Member,Vivianne Miedema,Third Kit,2025-04-25,False,False
S000850,Charlie,18-24,United Kingdom,Liverpool,Gold,Ben White,Retro,2025-02-26,True,True
S000851,Priya,25-34,United Kingdom,Leeds,Free,Ben White,Hospitality,2017-03-05,True,False
S000852,Drew,35-44,United States,Boston,None,Martin Odegaard,Kids,2019-07-03,True,False
S000853,Drew,55-64,Canada,Toronto,Gold,Leah Williamson,Kids,2025-05-09,True,False
S000854,Charlie,65+,Nigeria,Kano,Red Member,Gabriel Jesus,Third Kit,2020-10-10,True,False
S000855,Skyler,55-64,United Kingdom,Birmingham,None,William Saliba,Kids,2022-03-13,True,False
S000856,Kai,25-34,United Kingdom,Liverpool,Free,Ben White,Retro,2023-01-01,True,False
S000857,Mateo,18-24,United Kingdom,London,Free,Declan Rice,Third Kit,2017-11-28,False,False
S000858,Drew,45-54,United Kingdom,Manchester,Gold,Beth Mead,Accessories,2023-11-18,True,False
S000859,Beth,35-44,United Kingdom,Bristol,Gold,Gabriel Martinelli,Away Shirt,2017-07-23,True,True
S000860,Emile,18-24,India,Delhi,Free,Declan Rice,Away Shirt,2024-09-22,True,False
S000861,Jordan,55-64,Australia,Melbourne,None,Gabriel Jesus,Retro,2023-05-14,False,False
S000862,Ingrid,18-24,United States,Boston,None,Leah Williamson,Hospitality,2023-03-24,True,False
S000863,Morgan,25-34,Norway,Bergen,Gold,Vivianne Miedema,Third Kit,2016-09-16,True,False
S000864,Vivianne,25-34,United Kingdom,Leeds,Silver,William Saliba,Training Wear,2019-06-16,True,False
S000865,Liam,25-34,United States,New York,Free,Leah Williamson,Hospitality,2025-03-26,True,False
S000866,Wei,18-24,Nigeria,Lagos,Free,Beth Mead,Retro,2024-08-06,True,False
S000867,Wei,35-44,India,Bengaluru,Gold,Leah Williamson,Home Shirt,2016-12-01,True,True
S000868,Rowan,35-44,United Arab Emirates,Dubai,Free,Beth Mead,Away Shirt,2018-10-17,False,False
S000869,Sam,25-34,United Kingdom,London,Free,Ben White,Away Shirt,2024-04-25,True,False
S000870,Skyler,25-34,United Kingdom,Bristol,Red Member,Ben White,Away Shirt,2023-09-30,True,True
S000871,Olivia,45-54,United Kingdom,Liverpool,None,Leah Williamson,Training Wear,2022-04-12,True,False
S000872,Liam,55-64,Australia,Sydney,Free,Beth Mead,Hospitality,2016-04-06,False,False
S000873,Sam,65+,United Kingdom,Bristol,Silver,Gabriel Jesus,Hospitality,2019-09-07,True,False
S000874,Cameron,25-34,United Kingdom,London,None,Vivianne Miedema,Kids,2017-07-27,True,False
S000875,Amara,35-44,United Kingdom,Liverpool,Free,Kai Havertz,Third Kit,2025-03-07,True,False
S000876,Beth,18-24,Nigeria,Lagos,Free,Martin Odegaard,Third Kit,2022-01-05,True,False
S000877,Yuki,35-44,United Kingdom,Manchester,Red Member,Gabriel Jesus,Hospitality,2021-09-16,True,True
S000878,Mateo,25-34,United Kingdom,London,Free,Ben White,Retro,2019-10-21,False,False
S000879,Priya,25-34,India,Mumbai,Free,Declan Rice,Training Wear,2020-11-24,False,False
S000880,Bukayo,55-64,United Kingdom,London,Free,Gabriel Martinelli,Third Kit,2016-09-17,True,False
S000881,Alex,35-44,United Arab Emirates,Dubai,Gold,Martin Odegaard,Hospitality,2024-11-04,True,True
S000882,Amara,25-34,United States,Dallas,Silver,Declan Rice,Away Shirt,2019-02-11,True,False
S000883,Emile,35-44,United Arab Emirates,Dubai,Gold,Leah Williamson,Third Kit,2022-05-20,True,True
S000884,Wei,18-24,United Kingdom,Birmingham,Silver,Declan Rice,Training Wear,2022-03-28,True,False
S000885,Riley,25-34,United Kingdom,Manchester,Free,Gabriel Martinelli,Away Shirt,2016-02-13,True,False
S000886,Morgan,18-24,United Kingdom,London,Free,Martin Odegaard,Training Wear,2024-09-11,True,False
S000887,Devon,25-34,United Kingdom,Birmingham,None,Bukayo Saka,Retro,2019-09-29,True,False
S000888,Gabriel,35-44,Canada,Vancouver,None,Vivianne Miedema,Training Wear,2022-02-15,False,False
S000889,Martin,45-54,United States,Dallas,None,Bukayo Saka,Third Kit,2019-10-29,True,False
S000890,Olivia,35-44,Nigeria,Kano,None,Martin Odegaard,Third Kit,2024-02-11,True,False
S000891,Sofia,55-64,United Kingdom,Manchester,None,Gabriel Martinelli,Home Shirt,2019-12-10,True,False
S000892,Chidi,65+,United States,New York,Red Member,Ben White,Accessories,2017-11-30,True,False
S000893,Martin,25-34,United Kingdom,Manchester,Free,Martin Odegaard,Kids,2018-03-23,False,False
S000894,Devon,35-44,Germany,Berlin,None,Gabriel Martinelli,Third Kit,2025-03-09,True,False
S000895,Priya,25-34,United Kingdom,Leeds,Silver,William Saliba,Hospitality,2024-08-21,False,False
S000896,Chidi,18-24,Nigeria,Lagos,Free,Ben White,Accessories,2019-01-27,False,False
S000897,Drew,18-24,United Kingdom,London,None,Beth Mead,Kids,2023-09-25,False,False
S000898,Leah,45-54,Canada,Vancouver,Free,Martin Odegaard,Away Shirt,2025-04-06,True,False
S000899,Declan,55-64,United Kingdom,Manchester,Silver,Martin Odegaard,Home Shirt,2019-04-06,True,False
S000900,Declan,45-54,Nigeria,Kano,None,Ben White,Third Kit,2018-03-04,True,False
S000901,Kenji,35-44,United Kingdom,London,Silver,William Saliba,Third Kit,2017-12-25,True,False
S000902,Vivianne,35-44,Norway,Oslo,Silver,Beth Mead,Accessories,2025-02-12,True,False
S000903,Skyler,45-54,United States,Chicago,Red Member,Beth Mead,Away Shirt,2018-01-15,True,False
S000904,Jamie,35-44,Nigeria,Kano,Silver,William Saliba,Kids,2017-01-23,True,False
S000905,Skyler,35-44,Germany,Hamburg,Gold,Leah Williamson,Home Shirt,2020-09-03,False,True
S000906,Liam,18-24,United Kingdom,Bristol,Red Member,Gabriel Jesus,Training Wear,2021-03-02,True,False
S000907,Riley,35-44,United Kingdom,Leeds,Silver,Martin Odegaard,Third Kit,2018-08-18,True,False
S000908,Quinn,35-44,India,Bengaluru,None,William Saliba,Away Shirt,2024-05-18,False,False
S000909,Ingrid,18-24,United Kingdom,Birmingham,None,Vivianne Miedema,Third Kit,2016-10-18,True,False
S000910,Vivianne,55-64,United Kingdom,Leeds,Free,Vivianne Miedema,Third Kit,2019-08-10,True,False
S000911,Wei,35-44,India,Bengaluru,None,William Saliba,Training Wear,2024-05-16,True,False
S000912,Harper,35-44,United Kingdom,Bristol,Silver,Beth Mead,Home Shirt,2018-07-23,True,False
S000913,Noor,18-24,United States,New York,None,William Saliba,Kids,2016-09-27,True,False
S000914,Martin,25-34,United Kingdom,Birmingham,Free,Leah Williamson,Retro,2020-03-02,True,False
S000915,Drew,35-44,Australia,Melbourne,None,Beth Mead,Kids,2021-06-11,True,False
S000916,Beth,18-24,India,Delhi,Free,Gabriel Martinelli,Third Kit,2024-07-20,True,False
S000917,Cameron,45-54,United Kingdom,Manchester,Silver,Vivianne Miedema,Kids,2024-05-21,True,False
S000918,Gabriel,55-64,United Kingdom,Birmingham,None,Gabriel Jesus,Kids,2019-07-25,True,False
S000919,Gabriel,55-64,United States,Dallas,None,Vivianne Miedema,Third Kit,2017-05-19,True,False
S000920,Skyler,25-34,India,Mumbai,Silver,Martin Odegaard,Home Shirt,2018-09-06,False,False
S000921,Gabriel,18-24,United Kingdom,Manchester,None,Martin Odegaard,Third Kit,2017-06-28,True,False
S000922,Priya,25-34,United States,Chicago,None,Gabriel Martinelli,Home Shirt,2016-01-11,True,False
S000923,Bukayo,45-54,United Kingdom,Liverpool,None,Martin Odegaard,Third Kit,2022-05-30,True,False
S000924,Jordan,25-34,United States,Chicago,None,Bukayo Saka,Hospitality,2025-02-27,True,False
S000925,Cameron,35-44,United Kingdom,Bristol,Free,Vivianne Miedema,Hospitality,2024-10-30,True,False
S000926,Katie,18-24,United Kingdom,Bristol,Red Member,William Saliba,Training Wear,2021-09-13,False,True
S000927,Vivianne,25-34,Germany,Berlin,Gold,Beth Mead,Hospitality,2017-09-03,True,True
S000928,Martin,35-44,United Kingdom,Bristol,None,Leah Williamson,Third Kit,2022-11-19,True,False
S000929,Emile,45-54,United States,Los Angeles,None,Vivianne Miedema,Accessories,2017-07-20,False,False
S000930,Alex,65+,United Kingdom,Leeds,Red Member,Gabriel Martinelli,Away Shirt,2016-12-10,True,True
S000931,Priya,25-34,United Kingdom,London,Silver,Gabriel Jesus,Third Kit,2017-12-27,True,False
S000932,Noor,45-54,United Kingdom,Birmingham,Red Member,Bukayo Saka,Away Shirt,2022-06-29,True,True
S000933,Hassan,35-44,United Kingdom,Manchester,None,Leah Williamson,Training Wear,2021-02-05,True,False
S000934,Beth,45-54,United States,Boston,None,Bukayo Saka,Third Kit,2024-02-21,True,False
S000935,Quinn,35-44,United States,New York,Free,Gabriel Martinelli,Accessories,2017-11-27,True,False
S000936,Wei,25-34,United Kingdom,Leeds,Free,Beth Mead,Kids,2024-12-16,True,False
S000937,Katie,45-54,United Arab Emirates,Abu Dhabi,Silver,Kai Havertz,Home Shirt,2020-10-04,True,False
S000938,Martin,25-34,United States,New York,Silver,Martin Odegaard,Home Shirt,2018-12-23,False,False
S000939,Diego,25-34,United Kingdom,Birmingham,Red Member,Bukayo Saka,Home Shirt,2017-02-22,True,False
S000940,Taylor,18-24,United Kingdom,Birmingham,None,Kai Havertz,Kids,2016-03-02,True,False
S000941,Kenji,65+,Australia,Melbourne,None,Ben White,Away Shirt,2021-09-04,True,False
S000942,Mateo,35-44,India,Delhi,Free,Ben White,Hospitality,2025-05-08,True,False
S000943,Emile,25-34,United Kingdom,London,Free,Leah Williamson,Third Kit,2021-10-07,False,False
S000944,Leah,25-34,United Kingdom,Bristol,Red Member,Ben White,Retro,2025-08-03,True,True
S000945,Ingrid,25-34,United States,New York,Free,Bukayo Saka,Away Shirt,2018-03-25,True,False
S000946,Rowan,35-44,United Kingdom,Manchester,Gold,Gabriel Jesus,Retro,2020-05-18,False,True
S000947,Kai,18-24,Nigeria,Lagos,Free,Gabriel Martinelli,Kids,2023-03-03,True,False
S000948,Rowan,45-54,United Arab Emirates,Abu Dhabi,Silver,Ben White,Retro,2019-01-31,True,False
S000949,Sofia,35-44,United Kingdom,Manchester,Gold,Beth Mead,Kids,2017-12-22,True,False
S000950,Yuki,55-64,Nigeria,Kano,Free,Bukayo Saka,Kids,2018-11-08,True,False
S000951,Kai,35-44,United Arab Emirates,Dubai,Red Member,Gabriel Martinelli,Home Shirt,2021-05-19,False,False
S000952,Charlie,45-54,United States,Chicago,None,Kai Havertz,Training Wear,2020-03-11,True,False
S000953,Jamie,25-34,United Kingdom,Bristol,Silver,Martin Odegaard,Hospitality,2018-03-21,True,False
S000954,Martin,35-44,United Kingdom,Liverpool,None,Beth Mead,Training Wear,2019-04-03,True,False
S000955,Jamie,18-24,United States,New York,None,Declan Rice,Kids,2024-04-08,True,False
S000956,Kai,25-34,United Kingdom,Manchester,Silver,William Saliba,Retro,2024-05-24,True,False
S000957,Rowan,18-24,Canada,Toronto,Silver,Beth Mead,Accessories,2022-01-30,True,False
S000958,Leah,35-44,United States,Chicago,Free,Leah Williamson,Kids,2021-10-16,True,False
S000959,Martin,45-54,United Kingdom,Birmingham,None,Vivianne Miedema,Training Wear,2022-08-04,True,False
S000960,Declan,35-44,United Kingdom,Manchester,Free,Declan Rice,Hospitality,2017-01-23,False,False
S000961,Drew,35-44,United Kingdom,Leeds,Silver,William Saliba,Away Shirt,2024-12-28,True,False
S000962,Jordan,18-24,Nigeria,Lagos,Free,Bukayo Saka,Training Wear,2023-08-16,True,False
S000963,Liam,18-24,United Kingdom,Bristol,Free,Beth Mead,Away Shirt,2016-01-23,True,False
S000964,Riley,18-24,United Kingdom,Manchester,None,Martin Odegaard,Retro,2023-05-12,True,False
S000965,Declan,35-44,United Arab Emirates,Abu Dhabi,Gold,Beth Mead,Home Shirt,2016-12-26,True,True
S000966,Alex,25-34,United States,Chicago,Free,Leah Williamson,Hospitality,2021-02-07,True,False
S000967,Drew,25-34,India,Delhi,Free,Gabriel Jesus,Away Shirt,2024-01-06,True,False
S000968,Gabriel,65+,United Kingdom,Leeds,Silver,Beth Mead,Hospitality,2017-07-15,True,False
S000969,Cameron,25-34,United States,Los Angeles,None,Beth Mead,Retro,2024-04-02,True,False
S000970,Mateo,35-44,India,Bengaluru,None,William Saliba,Kids,2023-02-06,True,False
S000971,Reese,25-34,United Kingdom,Liverpool,Silver,Ben White,Hospitality,2024-06-09,False,False
S000972,Gabriel,25-34,United Kingdom,Manchester,Silver,Beth Mead,Accessories,2016-12-04,True,False
S000973,Beth,25-34,United Kingdom,Bristol,Red Member,Declan Rice,Hospitality,2018-03-13,False,False
S000974,Riley,25-34,United Kingdom,London,None,Ben White,Third Kit,2016-04-28,True,False
S000975,Cameron,35-44,United Kingdom,Liverpool,Red Member,Declan Rice,Home Shirt,2023-02-26,False,False
S000976,Yuki,25-34,United Kingdom,Liverpool,None,Martin Odegaard,Accessories,2017-02-22,True,False
S000977,Beth,35-44,United Kingdom,Liverpool,None,Gabriel Jesus,Kids,2021-01-09,True,False
S000978,Martin,45-54,United Arab Emirates,Abu Dhabi,Silver,Declan Rice,Hospitality,2024-01-02,True,False
S000979,Drew,55-64,United Kingdom,Liverpool,Gold,Leah Williamson,Kids,2022-05-11,True,False
S000980,Martin,25-34,United Kingdom,London,None,William Saliba,Home Shirt,2016-08-19,True,False
S000981,Drew,55-64,United Kingdom,Liverpool,Free,Ben White,Third Kit,2017-07-21,True,False
S000982,Ingrid,45-54,United Kingdom,Leeds,Free,Kai Havertz,Kids,2021-09-11,True,False
S000983,Noor,55-64,Nigeria,Lagos,Free,Beth Mead,Home Shirt,2021-12-22,True,False
S000984,Katie,45-54,United Kingdom,Bristol,None,Ben White,Kids,2022-02-24,True,False
S000985,Diego,35-44,United Kingdom,Manchester,Silver,Leah Williamson,Retro,2019-09-14,True,False
S000986,Quinn,45-54,United Kingdom,Leeds,Silver,Kai Havertz,Retro,2019-01-07,True,False
S000987,Bukayo,25-34,United Kingdom,Leeds,Silver,William Saliba,Home Shirt,2017-10-14,True,False
S000988,Vivianne,25-34,Germany,Hamburg,Free,Gabriel Jesus,Retro,2024-04-17,True,False
S000989,Charlie,25-34,Canada,Toronto,Free,Martin Odegaard,Accessories,2019-06-25,False,False
S000990,Chidi,35-44,India,Delhi,Gold,Ben White,Third Kit,2018-02-11,False,False
S000991,Charlie,25-34,Nigeria,Kano,None,William Saliba,Retro,2025-03-20,False,False
S000992,Wei,45-54,United States,Los Angeles,None,Kai Havertz,Kids,2017-04-19,True,False
S000993,Amara,35-44,United States,Boston,Free,Bukayo Saka,Third Kit,2020-01-11,True,False
S000994,Martin,25-34,Germany,Berlin,Free,Martin Odegaard,Home Shirt,2019-08-22,True,False
S000995,Gabriel,18-24,United Kingdom,Liverpool,None,Martin Odegaard,Retro,2023-09-11,True,False
S000996,Jamie,18-24,United Kingdom,London,Free,Bukayo Saka,Retro,2024-06-21,True,False
S000997,Charlie,65+,Canada,Toronto,None,Gabriel Martinelli,Home Shirt,2022-12-19,False,False
S000998,Liam,65+,United States,Dallas,Free,William Saliba,Kids,2024-08-03,True,False
S000999,Harper,18-24,United Kingdom,Birmingham,Free,Gabriel Jesus,Hospitality,2022-11-02,True,False
S001000,Devon,25-34,United States,Los Angeles,None,Vivianne Miedema,Training Wear,2024-04-10,True,False
S001001,Devon,45-54,Canada,Vancouver,Free,Vivianne Miedema,Hospitality,2023-10-12,True,False
S001002,Devon,45-54,United Kingdom,Liverpool,Red Member,Leah Williamson,Kids,2016-11-19,True,True
S001003,Gabriel,35-44,Nigeria,Kano,Free,Bukayo Saka,Training Wear,2020-04-08,True,False
S001004,Diego,18-24,United Kingdom,Bristol,None,Vivianne Miedema,Hospitality,2017-12-31,True,False
S001005,Harper,35-44,United Arab Emirates,Dubai,Silver,Beth Mead,Away Shirt,2021-06-19,True,False
S001006,Priya,35-44,Nigeria,Kano,Free,Bukayo Saka,Training Wear,2016-11-20,True,False
S001007,Harper,35-44,United Kingdom,London,Silver,Beth Mead,Home Shirt,2017-12-17,True,False
S001008,Jamie,18-24,United States,Boston,None,Declan Rice,Retro,2016-06-24,True,False
S001009,Alex,18-24,United Kingdom,Bristol,Red Member,Kai Havertz,Third Kit,2016-12-18,False,True
S001010,Taylor,18-24,United Kingdom,Bristol,Gold,Vivianne Miedema,Hospitality,2017-03-22,False,True
S001011,Sam,35-44,United States,Dallas,Red Member,Declan Rice,Kids,2023-06-04,True,False
S001012,Martin,25-34,United Kingdom,Bristol,None,Vivianne Miedema,Training Wear,2018-11-18,True,False
S001013,Amara,55-64,United Kingdom,Birmingham,Red Member,Leah Williamson,Accessories,2018-06-08,True,True
S001014,Gabriel,25-34,United Kingdom,Liverpool,None,Kai Havertz,Away Shirt,2016-11-30,False,False
S001015,Jordan,55-64,Australia,Melbourne,None,Kai Havertz,Third Kit,2023-08-16,True,False
S001016,Amara,25-34,United Kingdom,Bristol,Gold,Kai Havertz,Home Shirt,2022-06-27,True,True
S001017,Sam,18-24,United States,Chicago,Silver,Vivianne Miedema,Accessories,2021-07-09,True,False
S001018,Cameron,35-44,India,Mumbai,Silver,Vivianne Miedema,Away Shirt,2020-09-23,True,False
S001019,Diego,35-44,United Kingdom,Bristol,None,Bukayo Saka,Accessories,2024-04-07,True,False
S001020,Sam,55-64,United Kingdom,Birmingham,Gold,Bukayo Saka,Kids,2025-04-13,True,False
S001021,Morgan,25-34,United Kingdom,Leeds,None,Leah Williamson,Away Shirt,2022-10-13,False,False
S001022,Riley,45-54,United States,New York,Silver,Gabriel Martinelli,Training Wear,2016-10-10,True,False
S001023,Mateo,45-54,United Kingdom,Manchester,Silver,Leah Williamson,Kids,2020-11-19,True,False
S001024,Reese,35-44,United Kingdom,Liverpool,None,Declan Rice,Hospitality,2017-04-23,True,False
S001025,Drew,35-44,United Kingdom,Leeds,Silver,Vivianne Miedema,Training Wear,2017-10-27,True,False
S001026,Katie,55-64,United Kingdom,Bristol,None,Beth Mead,Training Wear,2024-02-10,True,False
S001027,Noor,65+,Norway,Bergen,Silver,Martin Odegaard,Hospitality,2024-09-24,True,False
S001028,Declan,25-34,United Kingdom,Leeds,Gold,Gabriel Martinelli,Third Kit,2022-10-05,True,False
S001029,Declan,65+,United Kingdom,Bristol,Silver,Beth Mead,Home Shirt,2019-04-24,True,False
S001030,Bukayo,25-34,United Kingdom,Leeds,None,Leah Williamson,Accessories,2016-12-10,True,False
S001031,Jamie,25-34,United Kingdom,Liverpool,Free,Ben White,Accessories,2021-08-26,True,False
S001032,Riley,35-44,United States,New York,Free,Martin Odegaard,Kids,2023-11-06,True,False
S001033,Reese,45-54,Nigeria,Ibadan,Gold,Bukayo Saka,Training Wear,2025-08-03,True,False
S001034,Beth,25-34,Japan,Osaka,Silver,Gabriel Martinelli,Accessories,2017-06-19,True,False
S001035,Reese,18-24,Japan,Tokyo,Red Member,Bukayo Saka,Home Shirt,2018-06-20,True,True
S001036,Mateo,25-34,United Kingdom,Liverpool,Gold,Bukayo Saka,Third Kit,2017-06-14,True,True
S001037,Liam,55-64,United Kingdom,Manchester,Free,Martin Odegaard,Training Wear,2021-11-12,True,False
S001038,Martin,18-24,India,Delhi,Gold,Beth Mead,Away Shirt,2025-02-24,True,False
S001039,Kenji,18-24,United Kingdom,Leeds,Silver,Beth Mead,Away Shirt,2023-07-26,False,False
S001040,Taylor,25-34,United Kingdom,Manchester,None,Bukayo Saka,Training Wear,2022-11-20,True,False
S001041,Emile,35-44,United Kingdom,London,Free,Declan Rice,Kids,2019-08-23,True,False
S001042,Noor,25-34,United States,Boston,Free,Leah Williamson,Third Kit,2020-01-13,True,False
S001043,Wei,18-24,United States,Los Angeles,Free,Martin Odegaard,Third Kit,2023-12-24,True,False
S001044,Priya,25-34,United Kingdom,Manchester,None,Vivianne Miedema,Training Wear,2025-06-04,False,False
S001045,Vivianne,35-44,United Kingdom,Manchester,None,Beth Mead,Training Wear,2021-12-11,False,False
S001046,Olivia,45-54,United Kingdom,Liverpool,Silver,Martin Odegaard,Retro,2023-12-09,True,False
S001047,Mateo,55-64,United Kingdom,Leeds,None,Kai Havertz,Away Shirt,2022-10-19,True,False
S001048,Jordan,65+,United States,Boston,Free,Bukayo Saka,Kids,2023-07-22,True,False
S001049,Alex,25-34,India,Bengaluru,Free,Beth Mead,Hospitality,2025-07-12,True,False
S001050,Gabriel,25-34,United Kingdom,Bristol,Gold,Ben White,Away Shirt,2023-12-02,True,True
S001051,Leah,18-24,Canada,Toronto,Red Member,Beth Mead,Away Shirt,2024-05-04,True,True
S001052,Mateo,,United Kingdom,Leeds,Free,Gabriel Jesus,Retro,2017-09-09,True,False
S001053,Sam,45-54,India,Bengaluru,Silver,Declan Rice,Away Shirt,2017-09-29,True,False
S001054,Leah,35-44,United Kingdom,London,Silver,Kai Havertz,Kids,2021-11-13,True,False
S001055,Olivia,25-34,United States,Boston,Free,Gabriel Martinelli,Third Kit,2023-12-09,True,False
S001056,Hassan,25-34,United Arab Emirates,Abu Dhabi,Silver,Gabriel Jesus,Away Shirt,2018-10-22,False,False
S001057,Cameron,18-24,Germany,Hamburg,Free,Vivianne Miedema,Home Shirt,2018-04-09,True,False
S001058,Riley,55-64,United Kingdom,Birmingham,Free,Bukayo Saka,Kids,2024-08-01,True,False
S001059,Martin,18-24,United Kingdom,Liverpool,Free,Gabriel Jesus,Retro,2024-07-07,True,False
S001060,Noor,35-44,India,Mumbai,Red Member,Gabriel Martinelli,Accessories,2020-04-06,True,True
S001061,Mateo,35-44,United Kingdom,London,None,Ben White,Accessories,2023-07-28,True,False
S001062,Charlie,35-44,United Kingdom,London,Free,Gabriel Jesus,Accessories,2024-01-19,True,False
S001063,Gabriel,25-34,United Kingdom,Birmingham,Silver,Bukayo Saka,Accessories,2023-05-29,True,False
S001064,Sofia,35-44,Germany,Berlin,Silver,Beth Mead,Kids,2016-11-30,True,False
S001065,Diego,25-34,United Kingdom,Birmingham,Free,Vivianne Miedema,Away Shirt,2024-01-08,False,False
S001066,Cameron,55-64,United Kingdom,Leeds,Free,Ben White,Kids,2023-11-14,True,False
S001067,Riley,35-44,Nigeria,Abuja,Gold,Bukayo Saka,Retro,2020-12-04,False,True
S001068,Rowan,25-34,Nigeria,Ibadan,None,Ben White,Away Shirt,2017-08-07,True,False
S001069,Drew,25-34,United Kingdom,Birmingham,Free,Beth Mead,Hospitality,2019-10-08,True,False
S001070,Cameron,25-34,United Kingdom,Liverpool,Silver,Martin Odegaard,Away Shirt,2017-02-25,True,False
S001071,Quinn,25-34,United Kingdom,London,Gold,Bukayo Saka,Hospitality,2024-08-19,True,False
S001072,Leah,55-64,United States,Dallas,None,Kai Havertz,Home Shirt,2023-09-29,True,False
S001073,Liam,18-24,India,Delhi,Red Member,Kai Havertz,Accessories,2018-08-23,True,True
S001074,Martin,45-54,United Kingdom,Birmingham,Free,William Saliba,Kids,2019-12-24,True,False
S001075,Kenji,18-24,United Kingdom,Liverpool,Red Member,Ben White,Training Wear,2018-09-15,True,False
S001076,Declan,55-64,United Kingdom,London,Red Member,Leah Williamson,Hospitality,2021-11-27,False,True
S001077,Drew,45-54,United Kingdom,Leeds,Free,Kai Havertz,Hospitality,2019-11-24,True,False
S001078,Sam,35-44,Australia,Sydney,Free,Gabriel Martinelli,Third Kit,2025-03-07,True,False
S001079,Devon,18-24,Germany,Hamburg,Red Member,Gabriel Martinelli,Hospitality,2022-08-20,True,False
S001080,Morgan,35-44,India,Bengaluru,Red Member,Beth Mead,Home Shirt,2016-05-08,True,True
S001081,Chidi,25-34,United Kingdom,Birmingham,Gold,Gabriel Jesus,Hospitality,2021-11-05,True,True
S001082,Liam,65+,United Kingdom,Birmingham,Free,Gabriel Jesus,Kids,2025-02-20,True,False
S001083,Hassan,35-44,Germany,Hamburg,Silver,Gabriel Jesus,Training Wear,2017-10-02,True,False
S001084,Jordan,55-64,United Kingdom,Bristol,Silver,Leah Williamson,Training Wear,2016-07-19,True,False
S001085,Skyler,25-34,United Kingdom,Bristol,None,Vivianne Miedema,Retro,2017-03-12,True,False
S001086,Drew,25-34,Nigeria,Kano,Silver,Gabriel Jesus,Accessories,2019-02-18,True,False
S001087,Olivia,35-44,United Kingdom,Bristol,Silver,Gabriel Jesus,Training Wear,2018-09-12,True,False
S001088,Noor,18-24,United Kingdom,Liverpool,None,Gabriel Jesus,Retro,2021-06-29,True,False
S001089,Quinn,18-24,United Kingdom,Leeds,None,Bukayo Saka,Kids,2020-11-22,True,False
S001090,Drew,18-24,Nigeria,Kano,Red Member,Gabriel Martinelli,Retro,2019-08-16,True,True
S001091,Morgan,25-34,United Kingdom,Leeds,Free,William Saliba,Kids,2018-05-23,False,False
S001092,Chidi,25-34,United Kingdom,Manchester,Free,Bukayo Saka,Training Wear,2025-04-13,True,False
S001093,Priya,25-34,United Kingdom,Liverpool,Gold,Ben White,Home Shirt,2018-11-27,True,True
S001094,Beth,55-64,Nigeria,Kano,None,Kai Havertz,Third Kit,2016-09-23,True,False
S001095,Reese,55-64,United States,New York,Gold,Ben White,Third Kit,2020-03-08,True,True
S001096,Kai,18-24,Nigeria,Ibadan,Free,William Saliba,Training Wear,2023-06-07,True,False
S001097,Skyler,55-64,Germany,Hamburg,None,William Saliba,Accessories,2023-03-12,True,False
S001098,Emile,45-54,United Kingdom,Bristol,None,William Saliba,Third Kit,2023-02-01,True,False
S001099,Jamie,18-24,United Kingdom,Manchester,Red Member,Vivianne Miedema,Kids,2021-01-08,True,True
S001100,Sofia,65+,Nigeria,Lagos,Free,Bukayo Saka,Accessories,2019-10-03,True,False
S001101,Priya,35-44,Nigeria,Lagos,Free,Vivianne Miedema,Accessories,2018-07-06,False,False
S001102,Emile,35-44,India,Mumbai,None,Kai Havertz,Third Kit,2022-09-14,True,False
S001103,Beth,45-54,Canada,Vancouver,Gold,Beth Mead,Kids,2021-12-09,True,True
S001104,Skyler,35-44,India,Bengaluru,Gold,Declan Rice,Retro,2019-04-03,True,True
S001105,Quinn,35-44,United Kingdom,Leeds,None,Vivianne Miedema,Kids,2018-07-11,True,False
S001106,Katie,35-44,United Kingdom,London,Free,Gabriel Martinelli,Accessories,2021-12-24,True,False
S001107,Martin,18-24,United Kingdom,Leeds,Free,Ben White,Home Shirt,2024-01-01,True,False
S001108,Alex,18-24,United States,Chicago,Silver,Gabriel Martinelli,Accessories,2016-11-29,False,False
S001109,Martin,55-64,United Kingdom,Leeds,Free,Ben White,Away Shirt,2017-03-03,False,False
S001110,Leah,25-34,Canada,Vancouver,Silver,Beth Mead,Away Shirt,2022-05-13,True,False
S001111,Noor,25-34,Canada,Toronto,Red Member,William Saliba,Third Kit,2021-10-30,True,True
S001112,Martin,25-34,United Kingdom,Manchester,None,Leah Williamson,Away Shirt,2023-05-15,True,False
S001113,Chidi,25-34,United Kingdom,London,Red Member,William Saliba,Accessories,2023-06-28,True,True
S001114,Declan,65+,United Kingdom,Birmingham,Silver,Gabriel Martinelli,Home Shirt,2022-11-01,True,False
S001115,Devon,35-44,Japan,Tokyo,Free,Beth Mead,Home Shirt,2016-06-08,True,False
S001116,Beth,18-24,Germany,Berlin,Gold,Gabriel Jesus,Kids,2024-01-03,True,False
S001117,Devon,65+,United States,Chicago,Free,Gabriel Martinelli,Retro,2025-04-05,True,False
S001118,Diego,65+,Norway,Oslo,Silver,William Saliba,Retro,2019-08-11,True,False
S001119,Declan,45-54,United Kingdom,Bristol,Free,Vivianne Miedema,Kids,2021-10-03,True,False
S001120,Chidi,18-24,Nigeria,Kano,Free,Leah Williamson,Home Shirt,2019-12-16,True,False
S001121,Liam,35-44,United Kingdom,Birmingham,Silver,Leah Williamson,Kids,2023-02-01,True,False
S001122,Jamie,25-34,United States,Dallas,Silver,Gabriel Jesus,Third Kit,2021-12-21,True,False
S001123,Quinn,45-54,United Kingdom,Leeds,None,Ben White,Accessories,2017-12-13,True,False
S001124,Wei,45-54,India,Bengaluru,Silver,Declan Rice,Kids,2018-01-21,True,False
S001125,Vivianne,18-24,United Kingdom,Leeds,None,Kai Havertz,Accessories,2020-04-11,True,False
S001126,Rowan,25-34,India,Delhi,Free,Bukayo Saka,Accessories,2017-06-09,True,False
S001127,Katie,35-44,United Kingdom,Manchester,None,Declan Rice,Home Shirt,2023-01-12,True,False
S001128,Gabriel,25-34,United States,Dallas,Silver,Kai Havertz,Retro,2016-01-15,True,False
S001129,Sofia,35-44,United Kingdom,Birmingham,None,Leah Williamson,Away Shirt,2020-04-09,True,False
S001130,Martin,25-34,United Kingdom,Leeds,Silver,Vivianne Miedema,Training Wear,2019-12-28,True,False
S001131,Noor,18-24,United Kingdom,Leeds,Free,Ben White,Away Shirt,2018-12-07,True,False
S001132,Sam,18-24,Nigeria,Abuja,None,Bukayo Saka,Kids,2016-12-22,True,False
S001133,Hassan,55-64,Australia,Sydney,None,Beth Mead,Hospitality,2024-08-16,True,False
S001134,Kai,18-24,United Kingdom,Liverpool,Silver,William Saliba,Training Wear,2022-09-06,True,False
S001135,Taylor,25-34,United Kingdom,Birmingham,Free,Leah Williamson,Training Wear,2016-05-26,True,False
S001136,Sam,55-64,United Kingdom,Leeds,Free,Leah Williamson,Kids,2016-06-06,True,False
S001137,Skyler,25-34,United States,Dallas,Gold,Beth Mead,Kids,2016-12-20,True,False
S001138,Emile,35-44,United Kingdom,Birmingham,Silver,Declan Rice,Home Shirt,2021-01-30,True,False
S001139,Devon,25-34,Japan,Tokyo,Red Member,Gabriel Martinelli,Kids,2024-08-19,False,True
S001140,Noor,18-24,Japan,Osaka,Free,William Saliba,Accessories,2024-07-09,True,False
S001141,Morgan,18-24,United Arab Emirates,Dubai,None,William Saliba,Retro,2019-04-18,True,False
S001142,Olivia,18-24,United States,Boston,Free,Gabriel Jesus,Retro,2024-11-07,True,False
S001143,Skyler,45-54,United Kingdom,Manchester,None,Gabriel Jesus,Training Wear,2017-03-16,True,False
S001144,Olivia,25-34,India,Mumbai,Red Member,Vivianne Miedema,Hospitality,2016-03-09,True,False
S001145,Martin,25-34,Japan,Tokyo,None,Declan Rice,Hospitality,2023-02-19,True,False
S001146,Hassan,45-54,Australia,Sydney,None,Martin Odegaard,Away Shirt,2023-09-11,True,False
S001147,Martin,25-34,United Kingdom,Leeds,Free,Declan Rice,Away Shirt,2022-01-31,True,False
S001148,Cameron,25-34,United Arab Emirates,Abu Dhabi,Free,Leah Williamson,Away Shirt,2020-11-08,False,False
S001149,Alex,45-54,United Kingdom,Leeds,Silver,Kai Havertz,Accessories,2019-11-30,False,False
S001150,Chidi,35-44,United Kingdom,London,Free,Bukayo Saka,Accessories,2016-11-24,True,False
S001151,Quinn,18-24,Norway,Bergen,Silver,Beth Mead,Hospitality,2018-09-30,True,False
S001152,Drew,18-24,United States,Chicago,None,Ben White,Training Wear,2023-01-24,True,False
S001153,Vivianne,35-44,India,Delhi,Silver,Ben White,Training Wear,2022-09-10,True,False
S001154,Emile,65+,United Kingdom,Bristol,Free,Kai Havertz,Kids,2023-09-15,True,False
S001155,Sofia,35-44,United Kingdom,Leeds,Gold,Vivianne Miedema,Away Shirt,2018-08-06,False,True
S001156,Yuki,25-34,United States,Dallas,Free,Kai Havertz,Away Shirt,2017-06-24,True,False
S001157,Kenji,,United Kingdom,Liverpool,None,Leah Williamson,Retro,2022-12-09,True,False
S001158,Kenji,18-24,United Kingdom,Bristol,Free,Ben White,Kids,2025-07-29,True,False
S001159,Mateo,35-44,United Kingdom,Liverpool,Free,Kai Havertz,Training Wear,2024-06-27,True,False
S001160,Sofia,25-34,Australia,Melbourne,Free,Gabriel Jesus,Away Shirt,2022-10-15,True,False
S001161,Cameron,35-44,United Kingdom,Bristol,Free,Vivianne Miedema,Accessories,2016-02-23,False,False
S001162,Taylor,18-24,Japan,Osaka,Free,Vivianne Miedema,Third Kit,2021-07-17,True,False
S001163,Harper,25-34,United Kingdom,London,Free,Beth Mead,Training Wear,2024-10-07,True,False
S001164,Beth,25-34,United Kingdom,Bristol,Free,William Saliba,Training Wear,2019-11-11,True,False
S001165,Chidi,65+,United States,New York,Silver,Ben White,Retro,2018-08-30,True,False
S001166,Priya,35-44,Nigeria,Lagos,Free,Bukayo Saka,Away Shirt,2018-06-15,False,False
S001167,Riley,35-44,Japan,Tokyo,None,Ben White,Away Shirt,2017-06-29,False,False
S001168,Katie,18-24,United Kingdom,London,Gold,William Saliba,Training Wear,2024-12-28,False,True
S001169,Vivianne,25-34,United Kingdom,Leeds,Silver,Leah Williamson,Home Shirt,2023-08-27,True,False
S001170,Olivia,55-64,Nigeria,Ibadan,None,Declan Rice,Accessories,2016-09-23,True,False
S001171,Gabriel,25-34,United Kingdom,Birmingham,Silver,Leah Williamson,Retro,2020-08-14,True,False
S001172,Vivianne,35-44,United Kingdom,Bristol,None,Gabriel Jesus,Hospitality,2019-07-24,True,False
S001173,Wei,25-34,United Kingdom,London,Gold,Leah Williamson,Accessories,2023-09-30,False,False
S001174,Emile,45-54,Canada,Vancouver,Red Member,Martin Odegaard,Hospitality,2023-08-10,False,True
S001175,Taylor,55-64,United States,New York,None,Vivianne Miedema,Home Shirt,2020-01-07,True,False
S001176,Diego,18-24,United Kingdom,Leeds,Silver,Leah Williamson,Retro,2023-04-01,True,False
S001177,Rowan,35-44,United States,Los Angeles,None,Bukayo Saka,Home Shirt,2022-12-17,True,False
S001178,Yuki,55-64,United States,Chicago,Free,Beth Mead,Accessories,2018-02-12,False,False
S001179,Katie,35-44,United Kingdom,Manchester,Free,Vivianne Miedema,Training Wear,2025-06-12,True,False
S001180,Sofia,45-54,United States,Boston,Gold,Gabriel Jesus,Accessories,2018-07-12,True,True
S001181,Kai,55-64,Canada,Vancouver,None,William Saliba,Accessories,2018-09-20,True,False
S001182,Quinn,18-24,United Kingdom,Manchester,Silver,Beth Mead,Training Wear,2023-01-21,True,False
S001183,Rowan,18-24,United Kingdom,Manchester,None,William Saliba,Accessories,2024-12-15,True,False
S001184,Cameron,55-64,UNITED ARAB EMIRATES,Dubai,None,Beth Mead,Third Kit,2016-09-16,True,False
S001185,Morgan,65+,United Kingdom,London,Free,Martin Odegaard,Accessories,2022-04-19,True,False
S001186,Wei,55-64,United Arab Emirates,Dubai,None,Ben White,Accessories,2025-03-10,False,False
S001187,Sofia,45-54,Nigeria,Lagos,Free,William Saliba,Retro,2023-11-16,True,False
S001188,Liam,25-34,United Kingdom,Liverpool,None,Kai Havertz,Training Wear,2023-01-22,True,False
S001189,Alex,65+,India,Bengaluru,Gold,Beth Mead,Third Kit,2020-04-25,True,False
S001190,Noor,25-34,Nigeria,Ibadan,Gold,Leah Williamson,Away Shirt,2019-09-12,True,True
S001191,Hassan,35-44,United Kingdom,Birmingham,None,Martin Odegaard,Home Shirt,2022-01-15,True,False
S001192,Taylor,18-24,United States,Los Angeles,Silver,Bukayo Saka,Accessories,2024-06-13,True,False
S001193,Reese,45-54,United Kingdom,London,Red Member,Ben White,Training Wear,2019-09-13,True,True
S001194,Taylor,45-54,Germany,Hamburg,Silver,Declan Rice,Hospitality,2017-04-28,True,False
S001195,Taylor,18-24,United Kingdom,Liverpool,Silver,Ben White,Accessories,2021-07-14,True,False
S001196,Liam,45-54,India,Bengaluru,None,Declan Rice,Training Wear,2017-11-22,True,False
S001197,Chidi,18-24,United States,Chicago,None,Ben White,Accessories,2016-01-04,True,False
S001198,Yuki,55-64,United Arab Emirates,Dubai,Silver,Bukayo Saka,Accessories,2017-01-11,True,False
S001199,Taylor,45-54,Japan,Tokyo,None,Kai Havertz,Home Shirt,2016-05-29,True,False
S001200,Kenji,45-54,Germany,Munich,Gold,William Saliba,Away Shirt,2019-07-15,True,True
S001201,Wei,25-34,United Kingdom,Manchester,Free,Kai Havertz,Hospitality,2016-05-23,True,False
S001202,Chidi,45-54,United Arab Emirates,Abu Dhabi,Free,Beth Mead,Home Shirt,2019-10-10,True,False
S001203,Mateo,25-34,United Kingdom,Manchester,Gold,Beth Mead,Retro,2020-11-13,False,True
S001204,Martin,25-34,Germany,Hamburg,Free,Vivianne Miedema,Retro,2018-06-08,False,False
S001205,Chidi,25-34,Germany,Hamburg,Silver,William Saliba,Retro,2019-04-09,True,False
S001206,Devon,45-54,United Kingdom,Manchester,Free,Gabriel Martinelli,Third Kit,2022-10-18,True,False
S001207,Kai,35-44,United Kingdom,Leeds,None,Bukayo Saka,Training Wear,2020-05-19,False,False
S001208,Vivianne,45-54,Canada,Toronto,Silver,Bukayo Saka,Home Shirt,2023-07-20,True,False
S001209,Cameron,45-54,United States,New York,Gold,William Saliba,Third Kit,2018-12-06,False,True
S001210,Diego,25-34,India,Bengaluru,None,Leah Williamson,Third Kit,2024-06-03,True,False
S001211,Chidi,65+,Nigeria,Lagos,Free,Gabriel Martinelli,Accessories,2020-10-08,True,False
S001212,Sam,18-24,United Kingdom,Liverpool,Red Member,Leah Williamson,Third Kit,2017-09-12,True,True
S001213,Amara,45-54,Canada,Toronto,None,Bukayo Saka,Training Wear,2019-08-19,True,False
S001214,Reese,25-34,Norway,Bergen,None,Gabriel Martinelli,Hospitality,2025-06-07,True,False
S001215,Emile,18-24,Canada,Vancouver,Silver,Declan Rice,Accessories,2019-01-12,True,False
S001216,Hassan,45-54,United Kingdom,Manchester,None,Vivianne Miedema,Away Shirt,2019-08-10,True,False
S001217,Harper,25-34,United Kingdom,Birmingham,Free,William Saliba,Home Shirt,2021-08-31,True,False
S001218,Riley,45-54,United Kingdom,London,None,Vivianne Miedema,Away Shirt,2018-05-24,True,False
S001219,Quinn,35-44,Germany,Hamburg,Gold,Leah Williamson,Away Shirt,2021-07-08,True,False
S001220,Bukayo,25-34,United Arab Emirates,Abu Dhabi,Free,Beth Mead,Home Shirt,2020-07-28,True,False
S001221,Jordan,35-44,United Kingdom,Manchester,Silver,Gabriel Martinelli,Away Shirt,2024-06-15,True,False
S001222,Chidi,18-24,United Kingdom,Birmingham,None,Bukayo Saka,Third Kit,2019-08-23,True,False
S001223,Kai,25-34,United Kingdom,London,None,Ben White,Retro,2024-12-05,True,False
S001224,Wei,35-44,United Kingdom,Leeds,None,Beth Mead,Retro,2018-05-09,True,False
S001225,Olivia,25-34,United Kingdom,Birmingham,Free,Gabriel Martinelli,Training Wear,2024-03-25,False,False
S001226,Katie,35-44,United Kingdom,Manchester,None,Kai Havertz,Hospitality,2017-08-17,False,False
S001227,Drew,45-54,United States,New York,Free,Bukayo Saka,Hospitality,2022-11-26,False,False
S001228,Charlie,25-34,United Kingdom,Manchester,Free,William Saliba,Training Wear,2024-02-17,True,False
S001229,Reese,45-54,United States,Chicago,None,Bukayo Saka,Third Kit,2017-12-10,True,False
S001230,Kenji,18-24,United Kingdom,Bristol,Silver,Bukayo Saka,Accessories,2018-11-25,True,False
S001231,Declan,25-34,Nigeria,Kano,Gold,Martin Odegaard,Kids,2020-08-14,True,False
S001232,Beth,55-64,Australia,Sydney,Free,Gabriel Jesus,Training Wear,2016-12-22,True,False
S001233,Gabriel,35-44,United Kingdom,Manchester,Free,William Saliba,Training Wear,2020-04-23,True,False
S001234,Riley,65+,Canada,Vancouver,Red Member,Bukayo Saka,Away Shirt,2025-04-23,True,False
S001235,Vivianne,55-64,United Kingdom,Leeds,Free,Leah Williamson,Kids,2018-10-30,True,False
S001236,Sofia,25-34,Nigeria,Lagos,None,Kai Havertz,Kids,2019-12-25,True,False
S001237,Katie,45-54,United Kingdom,Liverpool,Free,Declan Rice,Away Shirt,2025-01-11,True,False
S001238,Mateo,55-64,Nigeria,Lagos,Free,Martin Odegaard,Kids,2021-01-25,True,False
S001239,Emile,25-34,Germany,Berlin,None,Kai Havertz,Kids,2018-12-04,True,False
S001240,Kenji,35-44,Germany,Munich,Free,Ben White,Hospitality,2016-12-02,True,False
S001241,Gabriel,18-24,United Kingdom,Bristol,Free,Vivianne Miedema,Accessories,2021-08-22,True,False
S001242,Olivia,18-24,United States,Dallas,Silver,Gabriel Martinelli,Kids,2016-12-14,True,False
S001243,Taylor,18-24,United Kingdom,Leeds,None,Bukayo Saka,Home Shirt,2024-01-24,True,False
S001244,Priya,18-24,Norway,Oslo,Red Member,Gabriel Martinelli,Kids,2021-06-15,True,False
S001245,Beth,55-64,Japan,Osaka,None,Gabriel Jesus,Training Wear,2022-09-19,False,False
S001246,Priya,18-24,UNITED KINGDOM,Manchester,None,Gabriel Jesus,Training Wear,2020-01-19,True,False
S001247,Noor,25-34,United Kingdom,Liverpool,Gold,Declan Rice,Retro,2020-07-12,True,True
S001248,Mateo,25-34,United Kingdom,Liverpool,None,Beth Mead,Accessories,2021-04-02,True,False
S001249,Reese,25-34,United States,Dallas,None,Leah Williamson,Training Wear,2021-11-24,True,False
S001250,Olivia,35-44,United Arab Emirates,Dubai,None,Ben White,Accessories,2017-07-23,True,False
S001251,Emile,18-24,United Kingdom,Liverpool,Free,Declan Rice,Accessories,2020-12-12,True,False
S001252,Quinn,18-24,Germany,Berlin,None,Ben White,Accessories,2018-11-26,True,False
S001253,Vivianne,18-24,Norway,Bergen,None,Leah Williamson,Third Kit,2016-10-25,False,False
S001254,Leah,45-54,United Arab Emirates,Abu Dhabi,Gold,Ben White,Third Kit,2020-03-03,True,True
S001255,Skyler,35-44,United Kingdom,Manchester,Silver,Gabriel Jesus,Training Wear,2025-04-09,False,False
S001256,Liam,25-34,India,Delhi,Free,Leah Williamson,Kids,2022-07-01,False,False
S001257,Vivianne,35-44,United States,Dallas,Silver,William Saliba,Training Wear,2020-02-02,True,False
S001258,Leah,25-34,United Kingdom,London,None,Kai Havertz,Kids,2020-06-01,True,False
S001259,Katie,45-54,United Kingdom,Birmingham,Red Member,Leah Williamson,Training Wear,2022-06-29,True,True
S001260,Gabriel,18-24,United Kingdom,Leeds,Red Member,Gabriel Jesus,Home Shirt,2020-05-29,True,True
S001261,Bukayo,18-24,Canada,Toronto,Free,Leah Williamson,Third Kit,2018-06-11,True,False
S001262,Martin,18-24,Germany,Hamburg,Free,Gabriel Martinelli,Home Shirt,2021-06-24,True,False
S001263,Jordan,25-34,Norway,Oslo,None,Kai Havertz,Accessories,2016-07-28,True,False
S001264,Hassan,45-54,Canada,Vancouver,Silver,Leah Williamson,Third Kit,2022-09-28,True,False
S001265,Priya,25-34,United Kingdom,Liverpool,None,William Saliba,Accessories,2017-12-30,True,False
S001266,Devon,45-54,United Kingdom,London,Silver,Martin Odegaard,Home Shirt,2021-12-30,True,False
S001267,Reese,25-34,United Kingdom,Leeds,Gold,Bukayo Saka,Away Shirt,2022-05-01,True,True
S001268,Skyler,18-24,United Arab Emirates,Dubai,Red Member,Gabriel Jesus,Away Shirt,2018-08-15,True,True
S001269,Skyler,25-34,United Kingdom,London,Free,Declan Rice,Hospitality,2019-06-04,True,False
S001270,Drew,25-34,United States,Los Angeles,Silver,Declan Rice,Hospitality,2024-10-05,True,False
S001271,Sofia,35-44,United States,Chicago,Free,Declan Rice,Retro,2017-03-23,True,False
S001272,Taylor,45-54,Germany,Hamburg,Silver,Martin Odegaard,Retro,2021-08-19,True,False
S001273,Jamie,35-44,United Kingdom,Bristol,None,Gabriel Jesus,Retro,2019-05-09,True,False
S001274,Reese,18-24,United Kingdom,Leeds,None,Ben White,Retro,2021-04-16,True,False
S001275,Olivia,55-64,Norway,Bergen,None,Beth Mead,Third Kit,2019-01-06,True,False
S001276,Declan,25-34,India,Mumbai,None,Vivianne Miedema,Training Wear,2022-02-27,False,False
S001277,Alex,25-34,United States,Boston,Red Member,William Saliba,Away Shirt,2020-03-17,True,False
S001278,Vivianne,35-44,United Kingdom,Manchester,Silver,Ben White,Kids,2022-11-15,True,False
S001279,Rowan,35-44,United Kingdom,Leeds,Red Member,Declan Rice,Hospitality,2022-05-04,True,False
S001280,Liam,45-54,United Kingdom,Leeds,Gold,Vivianne Miedema,Accessories,2018-09-26,True,True
S001281,Rowan,25-34,United Kingdom,London,None,William Saliba,Away Shirt,2018-02-28,True,False
S001282,Yuki,45-54,United States,Boston,None,William Saliba,Hospitality,2019-10-25,True,False
S001283,Wei,18-24,India,Mumbai,Free,Ben White,Home Shirt,2025-03-24,True,False
S001284,Olivia,45-54,Australia,Sydney,Free,William Saliba,Accessories,2018-01-18,True,False
S001285,Chidi,65+,Germany,Hamburg,Silver,Bukayo Saka,Third Kit,2021-04-10,True,False
S001286,Hassan,25-34,United Kingdom,Manchester,Red Member,Gabriel Martinelli,Hospitality,2023-10-08,False,False
S001287,Reese,45-54,Japan,Osaka,Free,Vivianne Miedema,Accessories,2024-04-27,False,False
S001288,Beth,25-34,United Arab Emirates,Dubai,None,Martin Odegaard,Home Shirt,2016-04-16,False,False
S001289,Hassan,25-34,United States,Dallas,Gold,Bukayo Saka,Accessories,2020-06-01,True,False
S001290,Kai,18-24,United Kingdom,London,Gold,Gabriel Jesus,Retro,2022-08-23,True,True
S001291,Quinn,65+,United Kingdom,Leeds,Free,Vivianne Miedema,Accessories,2023-10-26,True,False
S001292,Ingrid,45-54,United Arab Emirates,Abu Dhabi,Gold,Vivianne Miedema,Kids,2019-07-30,True,True
S001293,Amara,45-54,Norway,Oslo,Free,William Saliba,Away Shirt,2025-05-01,True,False
S001294,Reese,25-34,United Kingdom,Manchester,Silver,Leah Williamson,Kids,2020-07-10,True,False
S001295,Ingrid,25-34,United Kingdom,Leeds,None,Kai Havertz,Away Shirt,2022-05-30,True,False
S001296,Mateo,35-44,United Kingdom,Bristol,None,Bukayo Saka,Retro,2019-04-06,True,False
S001297,Charlie,55-64,Australia,Melbourne,Silver,Ben White,Retro,2017-01-24,True,False
S001298,Chidi,25-34,United Kingdom,Liverpool,Silver,Leah Williamson,Hospitality,2022-10-25,True,False
S001299,Sofia,35-44,India,Bengaluru,Red Member,Martin Odegaard,Away Shirt,2020-05-13,True,False
S001300,Katie,18-24,United Kingdom,Bristol,None,Gabriel Jesus,Retro,2022-02-02,True,False
S001301,Alex,25-34,Canada,Vancouver,None,Vivianne Miedema,Third Kit,2022-11-23,True,False
S001302,Diego,35-44,India,Bengaluru,Silver,William Saliba,Away Shirt,2019-11-13,False,False
S001303,Martin,25-34,United Kingdom,Manchester,Red Member,Beth Mead,Retro,2021-09-02,True,False
S001304,Riley,35-44,United States,New York,None,Declan Rice,Accessories,2017-10-18,True,False
S001305,Emile,45-54,United Kingdom,Liverpool,Silver,Bukayo Saka,Training Wear,2020-05-26,True,False
S001306,Rowan,55-64,United Kingdom,Manchester,Silver,Bukayo Saka,Kids,2017-07-22,True,False
S001307,Sofia,18-24,United Kingdom,Birmingham,Free,Martin Odegaard,Kids,2020-10-11,True,False
S001308,Martin,25-34,United Kingdom,Bristol,None,Bukayo Saka,Third Kit,2017-05-08,True,False
S001309,Devon,25-34,United Kingdom,London,None,Vivianne Miedema,Retro,2018-03-10,True,False
S001310,Jamie,35-44,Nigeria,Lagos,None,Ben White,Hospitality,2022-10-16,True,False
S001311,Yuki,25-34,United Kingdom,Bristol,Gold,William Saliba,Hospitality,2016-10-03,True,True
S001312,Alex,45-54,India,Bengaluru,Free,William Saliba,Third Kit,2022-02-03,True,False
S001313,Olivia,25-34,United Kingdom,London,Silver,Kai Havertz,Training Wear,2017-11-26,True,False
S001314,Diego,25-34,United Arab Emirates,Abu Dhabi,None,Ben White,Kids,2023-02-09,False,False
S001315,Devon,25-34,Australia,Melbourne,Free,Ben White,Home Shirt,2016-06-28,True,False
S001316,Riley,25-34,United Kingdom,Bristol,Free,Ben White,Home Shirt,2024-07-20,True,False
S001317,Yuki,45-54,United Kingdom,Bristol,None,Ben White,Kids,2023-04-03,False,False
S001318,Beth,18-24,United Kingdom,Liverpool,Free,Beth Mead,Kids,2018-01-21,False,False
S001319,Bukayo,25-34,United Kingdom,Bristol,Free,Vivianne Miedema,Training Wear,2022-06-11,False,False
S001320,Katie,45-54,United States,Dallas,Free,Vivianne Miedema,Retro,2024-10-26,True,False
S001321,Sam,45-54,United Kingdom,Liverpool,None,Declan Rice,Accessories,2021-12-17,True,False
S001322,Rowan,25-34,Nigeria,Lagos,Gold,Ben White,Third Kit,2021-10-09,True,True
S001323,Noor,65+,United Kingdom,Birmingham,Silver,Gabriel Martinelli,Training Wear,2018-04-18,True,False
S001324,Skyler,65+,Japan,Tokyo,Free,Ben White,Kids,2025-05-19,True,False
S001325,Cameron,45-54,Nigeria,Abuja,None,Beth Mead,Third Kit,2021-09-03,True,False
S001326,Declan,45-54,United Kingdom,London,None,Bukayo Saka,Training Wear,2016-10-08,True,False
S001327,Charlie,18-24,United Kingdom,Liverpool,None,Gabriel Jesus,Accessories,2024-02-19,True,False
S001328,Beth,45-54,Australia,Sydney,Silver,Leah Williamson,Away Shirt,2025-04-27,True,False
S001329,Skyler,55-64,Norway,Bergen,Free,Ben White,Kids,2024-09-16,True,False
S001330,Alex,18-24,United States,Dallas,Red Member,Kai Havertz,Accessories,2020-04-04,True,True
S001331,Reese,18-24,Australia,Sydney,Red Member,Bukayo Saka,Training Wear,2019-02-02,False,True
S001332,Drew,25-34,United States,Los Angeles,Gold,Bukayo Saka,Retro,2020-11-12,True,False
S001333,Martin,18-24,United Kingdom,London,None,Gabriel Martinelli,Retro,2025-02-05,True,False
S001334,Amara,65+,United Kingdom,Leeds,None,William Saliba,Accessories,2025-04-26,True,False
S001335,Vivianne,25-34,India,Bengaluru,None,Bukayo Saka,Hospitality,2025-07-06,True,False
S001336,Chidi,45-54,Norway,Bergen,Free,Beth Mead,Home Shirt,2021-04-25,False,False
S001337,Alex,55-64,India,Bengaluru,Gold,Gabriel Jesus,Training Wear,2018-12-28,True,True
S001338,Charlie,65+,United Kingdom,Manchester,None,William Saliba,Hospitality,2020-07-19,True,False
S001339,Morgan,18-24,India,Delhi,Silver,Bukayo Saka,Training Wear,2023-05-14,False,False
S001340,Noor,35-44,United Kingdom,Manchester,Free,Beth Mead,Kids,2016-11-23,True,False
S001341,Skyler,18-24,United Kingdom,Birmingham,Free,Vivianne Miedema,Away Shirt,2024-09-30,False,False
S001342,Morgan,45-54,Norway,Bergen,None,Kai Havertz,Training Wear,2023-01-01,True,False
S001343,Noor,65+,Canada,Vancouver,None,Kai Havertz,Hospitality,2016-12-01,True,False
S001344,Mateo,25-34,United Kingdom,London,Free,Vivianne Miedema,Away Shirt,2018-03-26,True,False
S001345,Reese,25-34,United Kingdom,Leeds,None,Ben White,Third Kit,2018-03-13,True,False
S001346,Hassan,25-34,United Kingdom,Bristol,None,Ben White,Accessories,2024-06-19,True,False
S001347,Kai,65+,Nigeria,Abuja,Red Member,Declan Rice,Away Shirt,2025-07-12,True,False
S001348,Jamie,25-34,Germany,Hamburg,Red Member,Gabriel Martinelli,Retro,2017-07-06,True,True
S001349,Skyler,25-34,Canada,Toronto,Free,William Saliba,Third Kit,2019-11-15,False,False
S001350,Amara,35-44,United Kingdom,Bristol,Free,Leah Williamson,Third Kit,2021-05-11,True,False
S001351,Yuki,35-44,Germany,Berlin,Gold,Bukayo Saka,Kids,2022-09-07,True,False
S001352,Declan,18-24,United Kingdom,Leeds,Free,Gabriel Martinelli,Retro,2019-07-25,True,False
S001353,Wei,25-34,Norway,Bergen,None,Gabriel Jesus,Hospitality,2016-08-28,True,False
S001354,Kai,35-44,United States,Boston,None,Kai Havertz,Home Shirt,2019-11-25,True,False
S001355,Wei,55-64,Nigeria,Lagos,Free,Vivianne Miedema,Third Kit,2019-07-27,True,False
S001356,Devon,18-24,Australia,Melbourne,Free,Beth Mead,Kids,2020-07-13,True,False
S001357,Cameron,65+,United Kingdom,London,None,William Saliba,Accessories,2020-12-15,True,False
S001358,Liam,25-34,Canada,Vancouver,None,Kai Havertz,Kids,2021-12-05,True,False
S001359,Noor,18-24,United Kingdom,Birmingham,Silver,Vivianne Miedema,Accessories,2020-06-01,True,False
S001360,Mateo,45-54,United States,Boston,Silver,Beth Mead,Accessories,2022-01-30,True,False
S001361,Ingrid,25-34,United Kingdom,Leeds,None,Martin Odegaard,Accessories,2017-10-31,False,False
S001362,Riley,18-24,United Kingdom,Bristol,Free,Gabriel Jesus,Away Shirt,2016-04-20,True,False
S001363,Taylor,45-54,United States,Los Angeles,Silver,Martin Odegaard,Home Shirt,2024-04-30,True,False
S001364,Morgan,25-34,United Arab Emirates,Abu Dhabi,Free,Leah Williamson,Away Shirt,2016-12-20,True,False
S001365,Beth,18-24,India,Delhi,Silver,William Saliba,Home Shirt,2024-08-11,False,False
S001366,Morgan,25-34,United Kingdom,Bristol,None,Martin Odegaard,Home Shirt,2020-03-21,True,False
S001367,Drew,35-44,Australia,Sydney,Silver,Vivianne Miedema,Home Shirt,2017-10-31,True,False
S001368,Drew,18-24,United States,New York,None,Kai Havertz,Home Shirt,2024-06-27,True,False
S001369,Drew,45-54,Germany,Berlin,None,Bukayo Saka,Third Kit,2022-03-05,True,False
S001370,Wei,45-54,United Kingdom,Leeds,None,Vivianne Miedema,Kids,2016-05-04,True,False
S001371,Priya,25-34,Germany,Berlin,Free,Gabriel Jesus,Home Shirt,2025-04-18,True,False
S001372,Mateo,18-24,United Kingdom,London,Free,Declan Rice,Home Shirt,2023-09-24,True,False
S001373,Jamie,35-44,United Kingdom,London,Red Member,Gabriel Jesus,Training Wear,2020-11-03,True,False
S001374,Drew,35-44,United Kingdom,Bristol,Free,Kai Havertz,Home Shirt,2020-01-30,True,False
S001375,Ingrid,45-54,Germany,Hamburg,Gold,Ben White,Hospitality,2016-06-05,True,False
S001376,Devon,35-44,United Kingdom,London,None,Ben White,Third Kit,2024-06-13,False,False
S001377,Priya,18-24,United States,New York,Red Member,Ben White,Training Wear,2021-05-22,True,False
S001378,Ingrid,25-34,Germany,Munich,Silver,Vivianne Miedema,Home Shirt,2018-05-16,True,False
S001379,Charlie,35-44,United States,Boston,Free,Bukayo Saka,Kids,2023-02-21,True,False
S001380,Sofia,35-44,United Kingdom,Leeds,Silver,William Saliba,Third Kit,2020-03-31,True,False
S001381,Katie,35-44,United Kingdom,Birmingham,Free,Declan Rice,Third Kit,2024-12-03,True,False
S001382,Vivianne,25-34,Norway,Bergen,Free,Martin Odegaard,Third Kit,2023-11-28,False,False
S001383,Jamie,25-34,United Kingdom,Birmingham,None,Bukayo Saka,Hospitality,2016-05-10,True,False
S001384,Noor,18-24,United Kingdom,Bristol,None,Vivianne Miedema,Training Wear,2024-09-28,True,False
S001385,Beth,25-34,United Kingdom,Birmingham,Gold,Gabriel Jesus,Away Shirt,2019-08-20,False,True
S001386,Reese,35-44,United Kingdom,Bristol,None,Kai Havertz,Accessories,2025-05-26,True,False
S001387,Yuki,35-44,Norway,Bergen,Free,Gabriel Jesus,Kids,2016-01-08,True,False
S001388,Devon,45-54,United States,Dallas,Red Member,Kai Havertz,Training Wear,2022-03-14,True,True
S001389,Mateo,25-34,United Kingdom,Leeds,None,Leah Williamson,Third Kit,2016-10-11,True,False
S001390,Amara,18-24,United Kingdom,Leeds,Silver,Leah Williamson,Home Shirt,2018-01-05,True,False
S001391,Jordan,45-54,United Kingdom,Leeds,Silver,Martin Odegaard,Away Shirt,2019-02-12,True,False
S001392,Devon,35-44,Norway,Bergen,Red Member,Martin Odegaard,Home Shirt,2024-04-23,True,True
S001393,Emile,35-44,United Kingdom,Manchester,Free,Gabriel Jesus,Away Shirt,2016-10-24,False,False
S001394,Alex,25-34,India,Delhi,Gold,Declan Rice,Hospitality,2025-06-11,False,True
S001395,Emile,35-44,Australia,Sydney,None,Kai Havertz,Home Shirt,2019-10-28,True,False
S001396,Amara,25-34,United Kingdom,Bristol,None,Gabriel Martinelli,Retro,2025-06-08,True,False
S001397,Alex,25-34,United Kingdom,Bristol,None,Gabriel Martinelli,Third Kit,2019-04-22,True,False
S001398,Kenji,45-54,Nigeria,Ibadan,Red Member,Gabriel Martinelli,Training Wear,2023-07-04,True,True
S001399,Taylor,55-64,United Kingdom,Bristol,None,Kai Havertz,Retro,2023-04-30,True,False
S001400,Rowan,35-44,Nigeria,Lagos,Red Member,Gabriel Martinelli,Training Wear,2018-10-31,True,True
S001401,Declan,35-44,United Kingdom,Leeds,None,William Saliba,Home Shirt,2021-06-22,True,False
S001402,Noor,55-64,Japan,Osaka,Free,Martin Odegaard,Hospitality,2019-03-27,False,False
S001403,Declan,65+,Australia,Sydney,Gold,William Saliba,Kids,2018-11-30,True,True
S001404,Liam,55-64,Norway,Oslo,Free,Martin Odegaard,Away Shirt,2016-07-06,True,False
S001405,Declan,45-54,United Kingdom,Manchester,Free,Vivianne Miedema,Third Kit,2016-07-09,True,False
S001406,Hassan,45-54,Nigeria,Lagos,Red Member,Beth Mead,Away Shirt,2022-10-27,False,True
S001407,Noor,45-54,United States,New York,Red Member,Beth Mead,Away Shirt,2021-02-07,False,True
S001408,Amara,25-34,United Kingdom,Manchester,Silver,Leah Williamson,Kids,2016-05-30,True,False
S001409,Declan,35-44,United Kingdom,Liverpool,None,Gabriel Jesus,Training Wear,2023-02-12,True,False
S001410,Martin,25-34,India,Delhi,Red Member,Gabriel Martinelli,Retro,2018-12-26,True,False
S001411,Devon,65+,United States,Dallas,Gold,Ben White,Kids,2021-11-12,True,False
S001412,Reese,45-54,United States,Boston,Silver,Vivianne Miedema,Hospitality,2024-07-05,True,False
S001413,Chidi,18-24,United Kingdom,Bristol,Gold,Bukayo Saka,Away Shirt,2022-01-01,True,False
S001414,Taylor,25-34,Nigeria,Kano,Red Member,Gabriel Martinelli,Hospitality,2017-09-27,True,True
S001415,Diego,18-24,United Kingdom,Birmingham,Silver,Gabriel Martinelli,Retro,2024-05-24,True,False
S001416,Charlie,25-34,United Kingdom,Birmingham,None,Vivianne Miedema,Accessories,2025-02-15,True,False
S001417,Emile,25-34,Germany,Munich,Silver,Gabriel Martinelli,Home Shirt,2018-11-13,True,False
S001418,Beth,35-44,United Kingdom,Bristol,Gold,Bukayo Saka,Away Shirt,2024-03-22,True,True
S001419,Rowan,35-44,United Kingdom,Bristol,Red Member,Gabriel Jesus,Hospitality,2021-02-15,True,True
S001420,Amara,45-54,India,Bengaluru,Free,Ben White,Third Kit,2024-05-02,True,False
S001421,Skyler,18-24,United Kingdom,Manchester,None,Vivianne Miedema,Retro,2016-04-23,False,False
S001422,Vivianne,18-24,India,Bengaluru,None,Beth Mead,Accessories,2022-05-04,False,False
S001423,Kenji,18-24,India,Bengaluru,Free,Declan Rice,Retro,2023-03-17,False,False
S001424,Diego,25-34,United States,Chicago,None,Leah Williamson,Away Shirt,2019-04-17,True,False
S001425,Ingrid,35-44,United Kingdom,London,None,Beth Mead,Hospitality,2019-02-22,True,False
S001426,Drew,55-64,United Kingdom,Leeds,None,William Saliba,Training Wear,2020-11-09,True,False
S001427,Beth,35-44,United Kingdom,Birmingham,Gold,Bukayo Saka,Home Shirt,2021-03-24,True,False
S001428,Yuki,45-54,United Kingdom,Manchester,Red Member,Kai Havertz,Accessories,2021-04-01,True,False
S001429,Vivianne,55-64,United States,Chicago,Red Member,Beth Mead,Kids,2024-06-09,True,False
S001430,Diego,35-44,Canada,Vancouver,Red Member,Bukayo Saka,Hospitality,2024-03-10,True,False
S001431,Bukayo,45-54,United Kingdom,Manchester,None,Beth Mead,Home Shirt,2020-12-05,True,False
S001432,Kai,25-34,United States,New York,Gold,Leah Williamson,Third Kit,2018-05-22,True,True
S001433,Diego,65+,UNITED KINGDOM,Manchester,Silver,Bukayo Saka,Away Shirt,2019-10-04,True,False
S001434,Morgan,65+,United Kingdom,Birmingham,None,William Saliba,Accessories,2016-05-01,True,False
S001435,Cameron,35-44,United Kingdom,Manchester,Gold,Gabriel Martinelli,Kids,2021-06-04,False,True
S001436,Ingrid,25-34,United Kingdom,Bristol,Free,Gabriel Jesus,Third Kit,2017-01-13,True,False
S001437,Drew,25-34,United States,New York,None,Vivianne Miedema,Training Wear,2017-04-16,True,False
S001438,Declan,35-44,United Kingdom,Liverpool,Free,Gabriel Jesus,Kids,2019-10-07,False,False
S001439,Drew,35-44,United States,Chicago,Free,Leah Williamson,Away Shirt,2021-11-28,True,False
S001440,Liam,35-44,United States,Boston,None,Ben White,Third Kit,2020-12-10,False,False
S001441,Skyler,55-64,Nigeria,Kano,Free,Beth Mead,Third Kit,2022-09-01,True,False
S001442,Sofia,65+,United Kingdom,Liverpool,Silver,Gabriel Martinelli,Away Shirt,2020-04-28,True,False
S001443,Devon,45-54,Australia,Melbourne,None,William Saliba,Training Wear,2022-11-12,False,False
S001444,Wei,45-54,United Kingdom,Leeds,Free,Beth Mead,Hospitality,2017-02-24,False,False
S001445,Alex,18-24,United States,New York,Free,Ben White,Hospitality,2017-01-18,True,False
S001446,Kenji,45-54,United States,Chicago,None,William Saliba,Kids,2022-09-06,True,False
S001447,Charlie,45-54,India,Mumbai,None,Gabriel Martinelli,Training Wear,2016-09-23,True,False
S001448,Declan,18-24,United Kingdom,Leeds,  Silver ,Leah Williamson,Training Wear,2016-12-19,True,False
S001449,Rowan,45-54,Japan,Tokyo,Silver,Kai Havertz,Kids,2021-04-05,True,False
S001450,Hassan,35-44,United Kingdom,Bristol,Free,William Saliba,Retro,2020-09-22,True,False
S001451,Katie,45-54,United Kingdom,London,Free,Kai Havertz,Retro,2020-06-17,True,False
S001452,Priya,18-24,United Kingdom,Birmingham,Gold,Gabriel Jesus,Accessories,2016-01-25,False,True
S001453,Kenji,18-24,Canada,Toronto,None,Beth Mead,Accessories,2025-04-06,True,False
S001454,Harper,35-44,United Kingdom,Birmingham,Free,Martin Odegaard,Training Wear,2022-12-09,False,False
S001455,Noor,25-34,United Kingdom,London,Red Member,Gabriel Martinelli,Accessories,2021-07-30,True,False
S001456,Emile,25-34,United Kingdom,Leeds,Free,Declan Rice,Hospitality,2023-05-15,True,False
S001457,Mateo,25-34,India,Bengaluru,Gold,Bukayo Saka,Hospitality,2024-12-20,True,True
S001458,Reese,55-64,United Kingdom,Leeds,Red Member,Beth Mead,Home Shirt,2022-11-09,True,True
S001459,Reese,25-34,United Kingdom,Birmingham,None,Bukayo Saka,Third Kit,2023-05-22,True,False
S001460,Riley,25-34,United Kingdom,Leeds,Silver,Beth Mead,Retro,2021-02-26,False,False
S001461,Alex,45-54,United Kingdom,Bristol,Silver,Martin Odegaard,Home Shirt,2019-05-18,True,False
S001462,Chidi,35-44,United Kingdom,Manchester,Free,Bukayo Saka,Accessories,2019-07-16,True,False
S001463,Devon,25-34,United Kingdom,London,Free,Martin Odegaard,Third Kit,2018-02-21,True,False
S001464,Kenji,45-54,United Kingdom,London,None,Kai Havertz,Third Kit,2024-11-14,True,False
S001465,Kai,25-34,Germany,Hamburg,None,Declan Rice,Kids,2018-08-11,True,False
S001466,Riley,35-44,Canada,Toronto,Silver,Declan Rice,Training Wear,2023-08-08,True,False
S001467,Taylor,25-34,United Kingdom,Bristol,Silver,Declan Rice,Hospitality,2020-10-17,True,False
S001468,Harper,25-34,India,Delhi,Silver,Declan Rice,Hospitality,2025-05-06,True,False
S001469,Jamie,65+,United Kingdom,Bristol,Silver,Beth Mead,Third Kit,2024-03-26,True,False
S001470,Devon,55-64,Nigeria,Kano,Free,Beth Mead,Away Shirt,2018-02-12,True,False
S001471,Sam,65+,Australia,Sydney,None,Kai Havertz,Home Shirt,2022-12-19,True,False
S001472,Vivianne,45-54,United Kingdom,Liverpool,Red Member,Leah Williamson,Retro,2018-01-07,False,False
S001473,Ingrid,25-34,United Kingdom,Liverpool,Red Member,Beth Mead,Home Shirt,2022-12-28,True,True
S001474,Drew,18-24,United Kingdom,London,None,Bukayo Saka,Kids,2021-05-04,False,False
S001475,Kenji,55-64,United Kingdom,Leeds,Free,Kai Havertz,Accessories,2019-05-15,True,False
S001476,Cameron,65+,United Kingdom,London,Silver,Martin Odegaard,Retro,2017-02-13,True,False
S001477,Sofia,35-44,Australia,Melbourne,Free,Martin Odegaard,Kids,2020-11-15,True,False
S001478,Hassan,25-34,United Kingdom,Manchester,Free,Declan Rice,Away Shirt,2017-01-11,False,False
S001479,Taylor,55-64,United Kingdom,Manchester,Silver,Ben White,Hospitality,2023-08-22,True,False
S001480,Vivianne,45-54,Japan,Osaka,Silver,Vivianne Miedema,Kids,2019-10-08,True,False
S001481,Gabriel,45-54,United Arab Emirates,Abu Dhabi,None,Vivianne Miedema,Training Wear,2020-04-05,True,False
S001482,Charlie,18-24,Canada,Toronto,None,William Saliba,Retro,2018-09-14,True,False
S001483,Wei,55-64,Japan,Osaka,None,Gabriel Jesus,Training Wear,2020-01-12,True,False
S001484,Reese,35-44,United Kingdom,Manchester,None,Kai Havertz,Hospitality,2017-11-21,True,False
S001485,Alex,25-34,Nigeria,Lagos,None,Bukayo Saka,Away Shirt,2020-08-28,False,False
S001486,Alex,25-34,Japan,Tokyo,Free,Beth Mead,Hospitality,2018-12-02,True,False
S001487,Diego,45-54,United States,Dallas,Gold,William Saliba,Away Shirt,2022-02-25,True,False
S001488,Sofia,25-34,United Kingdom,Leeds,None,Gabriel Martinelli,Training Wear,2021-04-20,False,False
S001489,Yuki,25-34,United Kingdom,Manchester,  Free ,Declan Rice,Away Shirt,2023-04-21,False,False
S001490,Reese,25-34,United Kingdom,Liverpool,Free,Leah Williamson,Third Kit,2017-05-20,True,False
S001491,Alex,18-24,United Kingdom,Manchester,Free,Bukayo Saka,Retro,2022-05-02,True,False
S001492,Yuki,25-34,United Kingdom,London,None,Gabriel Martinelli,Kids,2021-04-08,True,False
S001493,Vivianne,18-24,United Kingdom,London,Free,Beth Mead,Training Wear,2019-02-17,True,False
S001494,Mateo,55-64,United Kingdom,Manchester,None,Gabriel Jesus,Away Shirt,2019-12-23,True,False
S001495,Kenji,35-44,United Kingdom,Birmingham,Silver,Vivianne Miedema,Training Wear,2018-03-10,True,False
S001496,Jamie,35-44,United Kingdom,Leeds,Red Member,Vivianne Miedema,Retro,2024-09-20,True,True
S001497,Harper,35-44,United Kingdom,Bristol,None,William Saliba,Accessories,2021-10-05,True,False
S001498,Vivianne,35-44,United Kingdom,Birmingham,None,Beth Mead,Accessories,2019-05-29,False,False
S001499,Vivianne,55-64,United Kingdom,Leeds,Red Member,Declan Rice,Kids,2017-04-16,True,False
S001500,Devon,45-54,United States,Boston,Free,Ben White,Kids,2025-02-26,True,False
S001501,Devon,35-44,United Kingdom,Birmingham,Free,William Saliba,Accessories,2023-11-04,True,False
S001502,Leah,25-34,Nigeria,Lagos,Gold,Bukayo Saka,Hospitality,2018-07-08,True,True
S001503,Diego,35-44,Nigeria,Kano,Free,Beth Mead,Away Shirt,2020-07-09,True,False
S001504,Taylor,25-34,Nigeria,Ibadan,Free,Beth Mead,Kids,2024-06-12,True,False
S001505,Kenji,35-44,United Kingdom,Liverpool,None,William Saliba,Retro,2017-12-12,True,False
S001506,Kai,25-34,United Kingdom,Birmingham,Silver,Gabriel Martinelli,Retro,2019-10-23,True,False
S001507,Rowan,65+,United Kingdom,Birmingham,None,Martin Odegaard,Training Wear,2024-11-15,True,False
S001508,Wei,25-34,India,Delhi,Free,Declan Rice,Hospitality,2017-03-19,False,False
S001509,Amara,25-34,United States,New York,Free,Gabriel Martinelli,Third Kit,2023-05-20,False,False
S001510,Beth,35-44,United Kingdom,Leeds,Free,William Saliba,Kids,2017-07-18,True,False
S001511,Martin,45-54,United States,Chicago,Silver,Martin Odegaard,Home Shirt,2024-06-14,False,False
S001512,Olivia,25-34,United Kingdom,Liverpool,Free,Martin Odegaard,Kids,2023-09-25,True,False
S001513,Emile,55-64,United Kingdom,Leeds,Red Member,Beth Mead,Away Shirt,2021-02-06,True,True
S001514,Katie,18-24,Nigeria,Ibadan,Silver,Gabriel Martinelli,Away Shirt,2022-07-26,True,False
S001515,Skyler,35-44,United States,Dallas,Free,Ben White,Home Shirt,2018-08-04,True,False
S001516,Wei,55-64,United Kingdom,Birmingham,Gold,Ben White,Kids,2019-08-24,False,True
S001517,Diego,35-44,Germany,Munich,Gold,Kai Havertz,Away Shirt,2025-05-20,True,True
S001518,Hassan,55-64,India,Bengaluru,None,Declan Rice,Retro,2024-09-03,True,False
S001519,Reese,45-54,United States,New York,Free,Leah Williamson,Away Shirt,2023-04-04,True,False
S001520,Jamie,35-44,United Kingdom,Manchester,Gold,Leah Williamson,Third Kit,2017-10-12,True,True
S001521,Priya,55-64,Japan,Tokyo,Gold,Kai Havertz,Accessories,2019-06-03,False,True
S001522,Leah,25-34,United Kingdom,Bristol,Free,Ben White,Third Kit,2025-06-03,True,False
S001523,Olivia,45-54,Canada,Toronto,None,Bukayo Saka,Third Kit,2022-10-18,True,False
S001524,Noor,45-54,United Kingdom,Manchester,Free,Leah Williamson,Third Kit,2022-09-30,True,False
S001525,Emile,35-44,India,Bengaluru,Free,Gabriel Jesus,Accessories,2024-11-18,True,False
S001526,Charlie,25-34,United Kingdom,Birmingham,Silver,Gabriel Martinelli,Away Shirt,2020-12-09,True,False
S001527,Devon,25-34,United Kingdom,Liverpool,Silver,Bukayo Saka,Retro,2022-11-16,True,False
S001528,Quinn,25-34,United Kingdom,Leeds,None,Leah Williamson,Hospitality,2016-04-09,True,False
S001529,Alex,18-24,United States,Chicago,None,Ben White,Away Shirt,2023-11-11,True,False
S001530,Diego,35-44,United Kingdom,London,Gold,Declan Rice,Kids,2017-02-22,False,False
S001531,Beth,45-54,United Kingdom,Leeds,Silver,Beth Mead,Accessories,2016-08-10,True,False
S001532,Skyler,18-24,Norway,Oslo,Red Member,Kai Havertz,Away Shirt,2022-07-07,True,True
S001533,Ingrid,65+,United Kingdom,London,Free,Declan Rice,Hospitality,2018-06-22,True,False
S001534,Morgan,25-34,Nigeria,Lagos,Red Member,William Saliba,Kids,2022-07-16,True,True
S001535,Olivia,25-34,United Kingdom,Manchester,Free,Bukayo Saka,Retro,2025-07-02,True,False
S001536,Bukayo,35-44,United Kingdom,Birmingham,None,Beth Mead,Third Kit,2020-06-11,True,False
S001537,Yuki,25-34,United Kingdom,Birmingham,None,Gabriel Martinelli,Retro,2018-07-03,True,False
S001538,Harper,18-24,United Kingdom,Leeds,None,Martin Odegaard,Away Shirt,2019-10-18,True,False
S001539,Skyler,65+,United States,Dallas,None,Declan Rice,Retro,2020-10-03,True,False
S001540,Wei,45-54,United Kingdom,Birmingham,Free,William Saliba,Retro,2025-07-27,True,False
S001541,Diego,35-44,United Kingdom,Manchester,Free,Beth Mead,Home Shirt,2022-12-16,True,False
S001542,Jordan,18-24,United Kingdom,Leeds,Silver,Martin Odegaard,Hospitality,2016-11-10,True,False
S001543,Alex,25-34,United Kingdom,London,None,Declan Rice,Hospitality,2018-01-02,True,False
S001544,Gabriel,18-24,United Kingdom,London,Free,William Saliba,Retro,2017-01-02,False,False
S001545,Taylor,55-64,United Kingdom,Birmingham,Free,Vivianne Miedema,Hospitality,2021-01-18,True,False
S001546,Declan,35-44,United Kingdom,Birmingham,None,Leah Williamson,Home Shirt,2024-07-09,True,False
S001547,Wei,25-34,United Kingdom,Liverpool,None,William Saliba,Training Wear,2024-08-30,True,False
S001548,Jordan,45-54,Germany,Munich,Silver,Ben White,Home Shirt,2020-04-08,True,False
S001549,Rowan,25-34,United Arab Emirates,Abu Dhabi,None,Declan Rice,Hospitality,2023-09-19,True,False
S001550,Bukayo,25-34,United Kingdom,Birmingham,Free,Beth Mead,Training Wear,2016-08-17,True,False
S001551,Charlie,25-34,India,Bengaluru,None,Gabriel Martinelli,Accessories,2019-01-20,True,False
S001552,Riley,35-44,United Kingdom,Leeds,Red Member,Gabriel Jesus,Retro,2020-04-15,False,False
S001553,Devon,45-54,United States,Dallas,Free,Beth Mead,Retro,2021-07-27,True,False
S001554,Quinn,65+,Germany,Munich,None,Vivianne Miedema,Training Wear,2022-02-21,True,False
S001555,Leah,55-64,United Kingdom,Manchester,Silver,Vivianne Miedema,Hospitality,2025-06-03,True,False
S001556,Mateo,35-44,United Kingdom,London,None,Bukayo Saka,Accessories,2017-10-27,True,False
S001557,Kenji,55-64,Japan,Tokyo,None,Gabriel Martinelli,Retro,2021-01-21,True,False
S001558,Hassan,65+,India,Bengaluru,Silver,Declan Rice,Training Wear,2019-04-28,True,False
S001559,Cameron,18-24,United Kingdom,London,Free,Kai Havertz,Retro,2019-03-11,True,False
S001560,Sam,25-34,United Kingdom,Leeds,Free,Leah Williamson,Retro,2018-11-11,True,False
S001561,Emile,18-24,United Kingdom,Liverpool,Red Member,William Saliba,Retro,2018-12-21,True,True
S001562,Beth,18-24,United Kingdom,Leeds,Silver,Vivianne Miedema,Away Shirt,2019-01-05,True,False
S001563,Kai,35-44,India,Delhi,Free,Declan Rice,Kids,2017-03-26,True,False
S001564,Rowan,18-24,Nigeria,Lagos,Free,William Saliba,Retro,2016-06-03,True,False
S001565,Riley,35-44,United Kingdom,Manchester,Free,Declan Rice,Home Shirt,2022-11-02,False,False
S001566,Sam,18-24,United Kingdom,Manchester,Silver,Vivianne Miedema,Training Wear,2017-01-10,True,False
S001567,Alex,35-44,United Kingdom,Birmingham,Free,Kai Havertz,Retro,2024-09-14,True,False
S001568,Liam,18-24,India,Delhi,None,William Saliba,Kids,2018-06-27,True,False
S001569,Morgan,35-44,United Kingdom,Manchester,Red Member,Leah Williamson,Training Wear,2023-02-27,False,False
S001570,Jordan,25-34,Australia,Melbourne,Red Member,Declan Rice,Home Shirt,2017-01-07,True,True
S001571,Emile,25-34,United Kingdom,Manchester,Gold,Beth Mead,Training Wear,2016-01-19,True,True
S001572,Kenji,25-34,United Kingdom,London,Silver,Kai Havertz,Training Wear,2018-02-17,True,False
S001573,Vivianne,35-44,Canada,Toronto,None,William Saliba,Training Wear,2018-12-31,True,False
S001574,Jamie,55-64,United Kingdom,Leeds,Gold,Vivianne Miedema,Third Kit,2018-03-14,True,False
S001575,Drew,45-54,United Kingdom,Leeds,None,Kai Havertz,Retro,2016-11-25,True,False
S001576,Wei,18-24,United States,Dallas,Silver,William Saliba,Accessories,2023-01-31,True,False
S001577,Liam,25-34,United Kingdom,Manchester,None,Leah Williamson,Third Kit,2023-01-22,True,False
S001578,Chidi,35-44,Japan,Osaka,Free,Declan Rice,Third Kit,2021-10-19,True,False
S001579,Olivia,25-34,United Kingdom,Manchester,Free,Gabriel Martinelli,Retro,2018-03-07,False,False
S001580,Leah,,United Kingdom,Liverpool,Free,William Saliba,Accessories,2016-01-13,False,False
S001581,Noor,45-54,United Kingdom,Leeds,None,Gabriel Jesus,Third Kit,2017-07-04,True,False
S001582,Ingrid,35-44,United Kingdom,London,Silver,Leah Williamson,Kids,2018-04-24,True,False
S001583,Harper,65+,United Kingdom,Leeds,Silver,Martin Odegaard,Hospitality,2016-02-13,False,False
S001584,Morgan,25-34,United Kingdom,Bristol,Free,Declan Rice,Away Shirt,2022-10-13,True,False
S001585,Gabriel,45-54,United Arab Emirates,Abu Dhabi,Free,Martin Odegaard,Training Wear,2018-05-16,True,False
S001586,Katie,35-44,United Kingdom,Manchester,None,Gabriel Martinelli,Third Kit,2022-07-10,True,False
S001587,Drew,35-44,United Kingdom,Manchester,None,Ben White,Training Wear,2022-04-26,False,False
S001588,Amara,45-54,United Kingdom,Birmingham,Silver,Declan Rice,Retro,2019-03-09,True,False
S001589,Kai,35-44,United Kingdom,Manchester,Silver,Gabriel Martinelli,Accessories,2016-01-06,True,False
S001590,Hassan,65+,United Kingdom,Manchester,None,Gabriel Martinelli,Away Shirt,2025-04-21,False,False
S001591,Rowan,65+,Nigeria,Ibadan,Red Member,William Saliba,Accessories,2016-08-13,True,False
S001592,Skyler,18-24,United Kingdom,Leeds,Silver,Declan Rice,Retro,2021-10-16,True,False
S001593,Noor,25-34,United Kingdom,Birmingham,Silver,Gabriel Martinelli,Third Kit,2016-02-18,True,False
S001594,Priya,35-44,India,Bengaluru,Silver,Gabriel Jesus,Retro,2023-01-12,True,False
S001595,Liam,65+,United Kingdom,Liverpool,None,Leah Williamson,Hospitality,2017-05-17,True,False
S001596,Ingrid,35-44,United States,Dallas,Gold,Gabriel Martinelli,Away Shirt,2024-09-24,True,False
S001597,Mateo,25-34,United Kingdom,Bristol,Gold,William Saliba,Home Shirt,2024-02-26,False,False
S001598,Ingrid,35-44,United States,Boston,Free,Martin Odegaard,Home Shirt,2025-06-26,False,False
S001599,Declan,35-44,United Kingdom,Bristol,None,Vivianne Miedema,Third Kit,2017-09-20,True,False
S001600,Emile,18-24,United Kingdom,Leeds,None,Vivianne Miedema,Retro,2025-06-21,True,False
S001601,Beth,18-24,United States,Chicago,None,Gabriel Martinelli,Accessories,2018-01-24,True,False
S001602,Priya,65+,United States,Chicago,Free,Gabriel Martinelli,Training Wear,2025-06-15,True,False
S001603,Quinn,35-44,Japan,Tokyo,None,Gabriel Martinelli,Third Kit,2019-02-15,True,False
S001604,Liam,18-24,Norway,Bergen,Free,Kai Havertz,Hospitality,2020-06-06,True,False
S001605,Gabriel,25-34,India,Bengaluru,Free,Ben White,Home Shirt,2019-12-07,True,False
S001606,Vivianne,65+,United Kingdom,Leeds,Free,William Saliba,Training Wear,2016-02-23,True,False
S001607,Emile,45-54,United Kingdom,Liverpool,Free,Declan Rice,Away Shirt,2018-01-28,False,False
S001608,Kenji,35-44,Japan,Osaka,Free,William Saliba,Away Shirt,2019-02-24,True,False
S001609,Amara,25-34,India,Delhi,Silver,Martin Odegaard,Kids,2022-07-06,True,False
S001610,Declan,45-54,United Kingdom,London,None,Leah Williamson,Third Kit,2025-03-19,True,False
S001611,Rowan,45-54,United Kingdom,Liverpool,Silver,Vivianne Miedema,Home Shirt,2016-06-17,True,False
S001612,Liam,25-34,United Kingdom,Manchester,None,Bukayo Saka,Accessories,2022-05-10,True,False
S001613,Bukayo,55-64,United Kingdom,Leeds,Gold,Beth Mead,Retro,2024-10-23,True,True
S001614,Riley,35-44,Canada,Vancouver,None,Martin Odegaard,Away Shirt,2016-01-05,True,False
S001615,Chidi,55-64,United Kingdom,London,Red Member,Gabriel Jesus,Home Shirt,2021-09-27,True,False
S001616,Alex,35-44,Japan,Tokyo,Gold,Bukayo Saka,Accessories,2024-07-25,True,False
S001617,Bukayo,45-54,India,Delhi,None,Leah Williamson,Kids,2018-08-30,True,False
S001618,Kenji,35-44,United Kingdom,Manchester,Silver,Martin Odegaard,Kids,2018-05-10,True,False
S001619,Wei,18-24,United Kingdom,Bristol,Silver,Leah Williamson,Third Kit,2023-02-03,True,False
S001620,Sam,25-34,Canada,Toronto,Red Member,Ben White,Third Kit,2024-04-16,True,True
S001621,Chidi,35-44,United Kingdom,Liverpool,None,Vivianne Miedema,Accessories,2021-03-03,False,False
S001622,Jamie,55-64,United Kingdom,London,Free,Beth Mead,Accessories,2023-05-13,False,False
S001623,Drew,35-44,United Kingdom,Manchester,Free,Gabriel Martinelli,Accessories,2024-09-13,True,False
S001624,Priya,45-54,United States,Boston,None,Martin Odegaard,Home Shirt,2020-01-29,True,False
S001625,Quinn,35-44,India,Delhi,Free,Leah Williamson,Third Kit,2023-05-17,False,False
S001626,Kenji,25-34,United States,Chicago,Free,Gabriel Martinelli,Training Wear,2019-01-21,False,False
S001627,Sofia,18-24,United Kingdom,Birmingham,Red Member,Martin Odegaard,Training Wear,2019-02-10,True,True
S001628,Jordan,65+,United Kingdom,Bristol,None,Kai Havertz,Home Shirt,2017-05-09,True,False
S001629,Martin,45-54,United Kingdom,Bristol,Free,William Saliba,Third Kit,2021-03-30,True,False
S001630,Martin,55-64,United Kingdom,Leeds,None,Bukayo Saka,Home Shirt,2020-10-14,True,False
S001631,Noor,25-34,United States,Los Angeles,Free,William Saliba,Training Wear,2021-07-18,True,False
S001632,Diego,35-44,United Kingdom,Leeds,Free,Leah Williamson,Retro,2023-12-31,True,False
S001633,Beth,45-54,Nigeria,Abuja,Gold,Beth Mead,Third Kit,2019-01-07,True,True
S001634,Chidi,18-24,United States,Los Angeles,None,Leah Williamson,Retro,2016-12-18,False,False
S001635,Hassan,45-54,United States,Los Angeles,Free,Gabriel Jesus,Kids,2021-02-11,True,False
S001636,Martin,25-34,Australia,Sydney,Free,Vivianne Miedema,Retro,2016-07-22,True,False
S001637,Beth,25-34,United Kingdom,Bristol,Free,Vivianne Miedema,Training Wear,2021-11-04,True,False
S001638,Cameron,45-54,United Kingdom,London,Gold,Bukayo Saka,Away Shirt,2020-02-10,True,True
S001639,Charlie,45-54,United Kingdom,Manchester,Free,Beth Mead,Kids,2021-09-16,True,False
S001640,Kenji,18-24,United Kingdom,London,Free,Leah Williamson,Training Wear,2017-09-07,False,False
S001641,Bukayo,55-64,United Kingdom,Liverpool,Free,Kai Havertz,Hospitality,2022-01-11,True,False
S001642,Chidi,25-34,United Kingdom,Bristol,Silver,Kai Havertz,Kids,2019-02-14,True,False
S001643,Taylor,45-54,United Kingdom,Manchester,Free,Gabriel Martinelli,Training Wear,2016-10-28,True,False
S001644,Katie,18-24,United States,Boston,Free,Ben White,Training Wear,2019-10-16,True,False
S001645,Harper,55-64,India,Mumbai,Free,Gabriel Martinelli,Hospitality,2017-01-28,False,False
S001646,Vivianne,45-54,United Kingdom,London,Red Member,Beth Mead,Third Kit,2025-08-11,True,True
S001647,Noor,18-24,United Kingdom,Bristol,Gold,Ben White,Training Wear,2023-05-09,True,True
S001648,Hassan,35-44,United Kingdom,Manchester,Red Member,William Saliba,Kids,2024-04-26,True,True
S001649,Martin,35-44,United States,Los Angeles,Gold,Martin Odegaard,Retro,2019-11-14,False,True
S001650,Morgan,35-44,Japan,Osaka,None,Declan Rice,Third Kit,2018-03-23,False,False
S001651,Chidi,25-34,Australia,Sydney,Red Member,Leah Williamson,Away Shirt,2018-09-18,True,False
S001652,Devon,18-24,United Kingdom,Liverpool,Red Member,Beth Mead,Accessories,2022-10-04,False,True
S001653,Charlie,65+,United States,New York,Free,Gabriel Martinelli,Third Kit,2020-04-11,True,False
S001654,Taylor,18-24,Australia,Melbourne,Gold,Leah Williamson,Hospitality,2018-02-28,True,False
S001655,Quinn,55-64,United Kingdom,Leeds,Gold,Gabriel Martinelli,Away Shirt,2017-02-24,True,True
S001656,Liam,25-34,Nigeria,Abuja,None,Kai Havertz,Away Shirt,2021-02-14,True,False
S001657,Cameron,18-24,Canada,Vancouver,Free,Declan Rice,Third Kit,2020-07-27,True,False
S001658,Ingrid,45-54,United Kingdom,London,Red Member,Beth Mead,Training Wear,2021-01-26,False,True
S001659,Gabriel,18-24,United States,Boston,Silver,Bukayo Saka,Hospitality,2016-06-02,True,False
S001660,Riley,18-24,United States,Los Angeles,None,Ben White,Kids,2024-03-29,True,False
S001661,Sofia,18-24,United Kingdom,Bristol,None,Martin Odegaard,Away Shirt,2017-05-19,True,False
S001662,Charlie,35-44,United Kingdom,Bristol,Free,William Saliba,Kids,2018-10-03,True,False
S001663,Mateo,25-34,United Kingdom,Bristol,Free,Gabriel Jesus,Home Shirt,2024-09-27,True,False
S001664,Devon,18-24,United Kingdom,Liverpool,None,Gabriel Jesus,Home Shirt,2018-04-09,True,False
S001665,Martin,35-44,United Kingdom,Liverpool,Silver,Gabriel Martinelli,Kids,2017-04-16,True,False
S001666,Amara,35-44,Nigeria,Ibadan,Free,Gabriel Martinelli,Retro,2024-01-31,True,False
S001667,Charlie,45-54,Nigeria,Abuja,None,Beth Mead,Kids,2025-01-04,True,False
S001668,Leah,25-34,Norway,Bergen,Free,Martin Odegaard,Kids,2016-01-31,True,False
S001669,Wei,18-24,United Kingdom,Liverpool,Red Member,Leah Williamson,Retro,2024-12-26,True,False
S001670,Beth,55-64,United Kingdom,Birmingham,Red Member,William Saliba,Away Shirt,2023-01-10,True,True
S001671,Martin,35-44,United Kingdom,Leeds,None,Vivianne Miedema,Accessories,2022-12-18,True,False
S001672,Yuki,35-44,United Kingdom,London,Free,William Saliba,Accessories,2017-02-28,True,False
S001673,Emile,55-64,United Kingdom,Bristol,None,Declan Rice,Training Wear,2019-07-17,False,False
S001674,Emile,35-44,United Kingdom,Bristol,Free,Vivianne Miedema,Home Shirt,2019-12-09,True,False
S001675,Liam,65+,Norway,Oslo,Free,Gabriel Jesus,Training Wear,2016-08-04,True,False
S001676,Amara,35-44,United Kingdom,Leeds,Silver,Gabriel Jesus,Kids,2018-06-05,True,False
S001677,Jordan,45-54,United Kingdom,Leeds,Free,Gabriel Jesus,Accessories,2020-09-11,True,False
S001678,Mateo,45-54,United Kingdom,Liverpool,Silver,Beth Mead,Away Shirt,2016-06-08,True,False
S001679,Leah,55-64,United States,Los Angeles,Free,William Saliba,Hospitality,2022-07-30,True,False
S001680,Kai,65+,United States,Dallas,Gold,William Saliba,Third Kit,2018-08-16,True,True
S001681,Sofia,25-34,United Kingdom,Birmingham,Red Member,Vivianne Miedema,Accessories,2023-04-13,True,False
S001682,Sam,35-44,United Kingdom,Leeds,Free,Vivianne Miedema,Home Shirt,2020-12-11,True,False
S001683,Rowan,25-34,United Kingdom,Birmingham,Free,Ben White,Kids,2019-04-08,False,False
S001684,Devon,18-24,Australia,Sydney,Gold,Vivianne Miedema,Retro,2017-06-27,True,False
S001685,Jordan,55-64,United Kingdom,Leeds,None,Bukayo Saka,Retro,2017-10-08,True,False
S001686,Sofia,65+,United Kingdom,Liverpool,None,Beth Mead,Away Shirt,2017-10-21,True,False
S001687,Olivia,55-64,United Kingdom,Leeds,Gold,Gabriel Martinelli,Hospitality,2016-12-07,True,False
S001688,Chidi,35-44,United Kingdom,Birmingham,Red Member,Bukayo Saka,Training Wear,2016-03-29,True,True
S001689,Declan,65+,United Kingdom,London,None,Vivianne Miedema,Third Kit,2023-06-07,False,False
S001690,Chidi,45-54,United Kingdom,Liverpool,None,Martin Odegaard,Kids,2018-01-07,True,False
S001691,Mateo,25-34,United States,Dallas,Red Member,Gabriel Martinelli,Home Shirt,2018-08-18,False,True
S001692,Olivia,35-44,United Kingdom,Leeds,None,Martin Odegaard,Home Shirt,2023-09-15,True,False
S001693,Yuki,65+,United States,New York,Silver,Gabriel Martinelli,Training Wear,2022-10-29,True,False
S001694,Diego,35-44,Japan,Osaka,None,Beth Mead,Kids,2021-05-17,False,False
S001695,Amara,25-34,United Kingdom,Liverpool,None,William Saliba,Training Wear,2017-10-22,False,False
S001696,Riley,25-34,United Kingdom,Manchester,None,Leah Williamson,Home Shirt,2025-07-16,True,False
S001697,Devon,25-34,United States,Dallas,None,Martin Odegaard,Retro,2016-07-13,True,False
S001698,Devon,55-64,India,Delhi,Silver,Gabriel Jesus,Retro,2017-12-26,True,False
S001699,Morgan,25-34,India,Bengaluru,Silver,Leah Williamson,Home Shirt,2016-10-19,True,False
S001700,Riley,25-34,Germany,Hamburg,None,Gabriel Martinelli,Hospitality,2022-01-14,True,False
S001701,Declan,25-34,United States,Boston,None,Bukayo Saka,Kids,2016-09-14,True,False
S001702,Liam,45-54,India,Delhi,Silver,Vivianne Miedema,Away Shirt,2016-12-19,True,False
S001703,Rowan,55-64,United Kingdom,Manchester,Free,Ben White,Home Shirt,2022-12-07,True,False
S001704,Leah,65+,Nigeria,Abuja,Silver,Gabriel Jesus,Kids,2023-11-14,True,False
S001705,Cameron,18-24,United States,New York,Silver,Gabriel Jesus,Retro,2018-11-12,True,False
S001706,Cameron,25-34,United Arab Emirates,Dubai,Free,Gabriel Martinelli,Home Shirt,2021-06-06,True,False
S001707,Beth,55-64,United Kingdom,London,Silver,Gabriel Martinelli,Accessories,2018-01-25,True,False
S001708,Skyler,25-34,United Kingdom,Manchester,Silver,Martin Odegaard,Retro,2018-01-13,False,False
S001709,Cameron,25-34,United States,Dallas,Gold,Beth Mead,Accessories,2018-10-18,True,True
S001710,Hassan,18-24,India,Delhi,None,Ben White,Third Kit,2024-08-19,True,False
S001711,Reese,18-24,Canada,Vancouver,None,Kai Havertz,Retro,2018-10-25,True,False
S001712,Ingrid,65+,United Kingdom,Leeds,Gold,Gabriel Martinelli,Hospitality,2020-11-20,True,True
S001713,Sofia,25-34,United Kingdom,Birmingham,Gold,Kai Havertz,Hospitality,2019-11-27,False,True
S001714,Wei,35-44,United Kingdom,Manchester,Red Member,Vivianne Miedema,Retro,2020-11-05,True,True
S001715,Mateo,25-34,Nigeria,Lagos,None,Ben White,Third Kit,2021-03-02,True,False
S001716,Yuki,65+,United Kingdom,Liverpool,None,Leah Williamson,Kids,2016-04-30,True,False
S001717,Diego,25-34,United Kingdom,Bristol,Silver,Kai Havertz,Away Shirt,2016-04-23,True,False
S001718,Noor,25-34,United Kingdom,London,Free,Gabriel Jesus,Hospitality,2024-01-25,True,False
S001719,Alex,18-24,United Kingdom,London,Silver,William Saliba,Hospitality,2016-02-02,True,False
S001720,Sofia,55-64,United Kingdom,Manchester,Silver,Declan Rice,Third Kit,2017-06-16,False,False
S001721,Jordan,18-24,United Kingdom,Manchester,Free,Ben White,Third Kit,2021-11-08,True,False
S001722,Ingrid,45-54,Japan,Osaka,Silver,Ben White,Away Shirt,2020-11-23,True,False
S001723,Liam,35-44,United Kingdom,Liverpool,None,Vivianne Miedema,Training Wear,2024-08-27,True,False
S001724,Chidi,35-44,Norway,Oslo,None,Leah Williamson,Home Shirt,2023-10-15,False,False
S001725,Martin,55-64,United Kingdom,Leeds,Silver,Ben White,Training Wear,2020-06-14,False,False
S001726,Vivianne,45-54,United Kingdom,Leeds,Free,William Saliba,Third Kit,2017-04-11,False,False
S001727,Yuki,25-34,Japan,Osaka,Silver,Kai Havertz,Home Shirt,2023-12-28,True,False
S001728,Ingrid,25-34,India,Delhi,None,Kai Havertz,Away Shirt,2025-01-14,True,False
S001729,Declan,25-34,United Kingdom,Bristol,Free,Declan Rice,Accessories,2021-06-10,True,False
S001730,Katie,25-34,Canada,Vancouver,Gold,Bukayo Saka,Accessories,2021-12-09,True,True
S001731,Wei,18-24,India,Delhi,None,Vivianne Miedema,Kids,2022-12-20,False,False
S001732,Morgan,55-64,United States,Boston,Red Member,Gabriel Martinelli,Accessories,2025-06-15,False,False
S001733,Emile,18-24,United Kingdom,Birmingham,Silver,Gabriel Jesus,Home Shirt,2024-01-03,True,False
S001734,Emile,18-24,Canada,Toronto,None,Gabriel Martinelli,Training Wear,2024-01-24,True,False
S001735,Diego,45-54,United Kingdom,Liverpool,Gold,Martin Odegaard,Home Shirt,2018-07-25,True,True
S001736,Emile,35-44,United Kingdom,Manchester,Free,William Saliba,Training Wear,2023-10-02,True,False
S001737,Chidi,35-44,United Kingdom,Bristol,Free,Gabriel Jesus,Hospitality,2021-09-25,True,False
S001738,Martin,25-34,UNITED KINGDOM,London,None,Gabriel Jesus,Kids,2022-05-22,True,False
S001739,Jamie,45-54,United States,Dallas,Silver,Gabriel Jesus,Hospitality,2020-05-06,True,False
S001740,Jamie,35-44,Norway,Oslo,Silver,Gabriel Martinelli,Third Kit,2021-12-01,False,False
S001741,Mateo,18-24,India,Bengaluru,Gold,William Saliba,Training Wear,2024-10-16,True,False
S001742,Drew,55-64,United Kingdom,Manchester,Free,William Saliba,Retro,2021-10-06,True,False
S001743,Leah,25-34,Japan,Tokyo,None,Kai Havertz,Hospitality,2022-03-03,True,False
S001744,Kai,35-44,United Kingdom,Leeds,None,Vivianne Miedema,Hospitality,2017-05-16,True,False
S001745,Diego,18-24,United Kingdom,Manchester,Free,Vivianne Miedema,Retro,2016-08-18,True,False
S001746,Jordan,25-34,United Arab Emirates,Abu Dhabi,None,Ben White,Training Wear,2024-10-13,True,False
S001747,Wei,65+,India,Mumbai,Silver,Gabriel Martinelli,Kids,2019-02-22,True,False
S001748,Chidi,35-44,United Kingdom,Birmingham,Free,William Saliba,Third Kit,2024-07-16,True,False
S001749,Amara,45-54,United Kingdom,Birmingham,Silver,Beth Mead,Third Kit,2024-05-09,True,False
S001750,Liam,45-54,United Kingdom,Manchester,None,Vivianne Miedema,Retro,2021-09-27,True,False
S001751,Bukayo,25-34,United Kingdom,Birmingham,Silver,Bukayo Saka,Training Wear,2022-03-08,True,False
S001752,Noor,35-44,United Kingdom,Birmingham,Free,Leah Williamson,Training Wear,2016-03-31,True,False
S001753,Morgan,35-44,United Kingdom,Manchester,Silver,Vivianne Miedema,Training Wear,2021-09-23,True,False
S001754,Katie,25-34,United States,New York,Silver,Beth Mead,Accessories,2021-11-04,True,False
S001755,Jordan,35-44,United Kingdom,Birmingham,None,Ben White,Hospitality,2019-01-26,True,False
S001756,Rowan,65+,United Kingdom,Manchester,Gold,Declan Rice,Kids,2024-10-07,True,False
S001757,Quinn,25-34,Japan,Osaka,Free,Leah Williamson,Accessories,2022-10-30,False,False
S001758,Skyler,35-44,Nigeria,Lagos,None,Declan Rice,Third Kit,2019-03-26,True,False
S001759,Gabriel,45-54,United Kingdom,London,Silver,Declan Rice,Hospitality,2023-09-12,True,False
S001760,Gabriel,35-44,United Arab Emirates,Dubai,None,Gabriel Martinelli,Retro,2016-09-09,True,False
S001761,Vivianne,25-34,United Arab Emirates,Dubai,Silver,Martin Odegaard,Kids,2022-12-12,True,False
S001762,Charlie,35-44,United Kingdom,Leeds,Free,Kai Havertz,Third Kit,2016-12-05,True,False
S001763,Skyler,45-54,United States,Boston,Free,William Saliba,Away Shirt,2016-09-17,True,False
S001764,Quinn,55-64,United Kingdom,Manchester,None,Gabriel Jesus,Home Shirt,2016-03-13,True,False
S001765,Kai,65+,United States,Boston,None,Gabriel Jesus,Retro,2016-01-14,True,False
S001766,Sam,25-34,United Kingdom,Birmingham,Free,Ben White,Away Shirt,2018-12-17,True,False
S001767,Emile,35-44,United Kingdom,London,Free,Gabriel Jesus,Kids,2022-07-13,True,False
S001768,Mateo,25-34,United States,Dallas,Free,Kai Havertz,Home Shirt,2016-06-03,True,False
S001769,Leah,18-24,Norway,Bergen,None,Gabriel Jesus,Accessories,2020-05-21,True,False
S001770,Harper,55-64,United Kingdom,Manchester,Free,Gabriel Martinelli,Home Shirt,2025-05-31,True,False
S001771,Jamie,18-24,Nigeria,Lagos,Free,Kai Havertz,Retro,2016-07-08,True,False
S001772,Katie,55-64,United States,Dallas,Silver,Kai Havertz,Home Shirt,2024-02-21,False,False
S001773,Priya,35-44,United Kingdom,London,Silver,Gabriel Martinelli,Third Kit,2018-02-10,True,False
S001774,Sofia,35-44,Japan,Tokyo,Free,Martin Odegaard,Accessories,2023-05-17,False,False
S001775,Skyler,25-34,Nigeria,Lagos,None,Declan Rice,Training Wear,2017-01-08,True,False
S001776,Vivianne,55-64,Germany,Hamburg,Red Member,Vivianne Miedema,Third Kit,2024-06-25,True,False
S001777,Reese,18-24,Nigeria,Abuja,Silver,William Saliba,Training Wear,2022-09-29,True,False
S001778,Declan,25-34,India,Bengaluru,Free,Gabriel Jesus,Training Wear,2019-02-11,False,False
S001779,Leah,45-54,Australia,Melbourne,None,Ben White,Training Wear,2016-07-28,True,False
S001780,Amara,25-34,United Kingdom,Bristol,Silver,Leah Williamson,Third Kit,2023-10-27,False,False
S001781,Martin,35-44,United Kingdom,Leeds,None,Vivianne Miedema,Hospitality,2023-08-18,False,False
S001782,Emile,18-24,Japan,Osaka,Red Member,Martin Odegaard,Retro,2017-06-10,True,True
S001783,Cameron,25-34,United Kingdom,Birmingham,None,Vivianne Miedema,Accessories,2025-06-30,True,False
S001784,Liam,18-24,Japan,Tokyo,Red Member,Martin Odegaard,Third Kit,2024-11-22,False,False
S001785,Hassan,18-24,Japan,Osaka,Red Member,Gabriel Martinelli,Accessories,2019-12-08,False,False
S001786,Bukayo,35-44,United Kingdom,Leeds,Free,William Saliba,Accessories,2018-05-03,True,False
S001787,Harper,45-54,India,Bengaluru,None,Bukayo Saka,Training Wear,2021-02-08,False,False
S001788,Mateo,18-24,United Kingdom,London,Free,Kai Havertz,Kids,2017-06-17,True,False
S001789,Amara,45-54,United Kingdom,London,Silver,Gabriel Jesus,Third Kit,2019-11-02,False,False
S001790,Yuki,25-34,United Kingdom,Liverpool,None,Gabriel Jesus,Home Shirt,2024-12-27,True,False
S001791,Emile,18-24,United Kingdom,Birmingham,None,Leah Williamson,Home Shirt,2021-11-30,True,False
S001792,Kenji,35-44,United States,Los Angeles,None,Martin Odegaard,Training Wear,2022-08-10,True,False
S001793,Beth,55-64,United Arab Emirates,Abu Dhabi,Gold,Vivianne Miedema,Third Kit,2025-02-26,True,True
S001794,Taylor,35-44,Norway,Oslo,None,Vivianne Miedema,Home Shirt,2022-11-13,True,False
S001795,Chidi,25-34,United Arab Emirates,Dubai,None,Vivianne Miedema,Retro,2019-04-11,True,False
S001796,Bukayo,45-54,United Kingdom,Leeds,Silver,Declan Rice,Third Kit,2017-11-04,True,False
S001797,Rowan,55-64,Germany,Berlin,None,Martin Odegaard,Training Wear,2016-03-20,False,False
S001798,Skyler,25-34,United Kingdom,Birmingham,Red Member,Martin Odegaard,Accessories,2021-02-08,True,True
S001799,Liam,65+,United Kingdom,Leeds,Free,Vivianne Miedema,Hospitality,2018-04-22,True,False
S001800,Kenji,25-34,Norway,Oslo,Silver,Ben White,Accessories,2022-08-11,True,False
S001801,Morgan,25-34,India,Delhi,None,Vivianne Miedema,Away Shirt,2025-04-13,True,False
S001802,Sam,65+,United States,Chicago,None,Leah Williamson,Kids,2018-03-09,False,False
S001803,Hassan,25-34,Nigeria,Ibadan,Free,Declan Rice,Home Shirt,2025-03-26,True,False
S001804,Katie,18-24,India,Bengaluru,Free,Declan Rice,Retro,2021-11-20,True,False
S001805,Emile,35-44,United Kingdom,Manchester,Free,Beth Mead,Training Wear,2017-04-16,True,False
S001806,Priya,35-44,United States,Dallas,Red Member,Bukayo Saka,Retro,2025-05-15,True,True
S001807,Emile,35-44,United Kingdom,London,Free,Ben White,Retro,2021-12-20,True,False
S001808,Martin,25-34,United Kingdom,Liverpool,Free,Gabriel Martinelli,Training Wear,2020-04-17,True,False
S001809,Morgan,35-44,United States,Los Angeles,Free,Gabriel Martinelli,Kids,2022-04-11,True,False
S001810,Rowan,18-24,United Kingdom,Liverpool,None,Vivianne Miedema,Third Kit,2022-05-26,True,False
S001811,Declan,25-34,Japan,Tokyo,None,Leah Williamson,Hospitality,2021-10-11,True,False
S001812,Rowan,18-24,United Kingdom,Manchester,None,Vivianne Miedema,Third Kit,2024-10-18,True,False
S001813,Hassan,35-44,United Kingdom,Bristol,Free,Gabriel Martinelli,Retro,2021-07-31,True,False
S001814,Rowan,25-34,United Kingdom,Leeds,Free,William Saliba,Accessories,2019-10-02,True,False
S001815,Katie,25-34,United Kingdom,Leeds,Silver,Bukayo Saka,Third Kit,2025-07-19,True,False
S001816,Diego,55-64,United Kingdom,Leeds,Silver,William Saliba,Third Kit,2016-10-25,True,False
S001817,Morgan,65+,United Kingdom,Manchester,None,Martin Odegaard,Third Kit,2018-08-27,False,False
S001818,Mateo,35-44,Nigeria,Kano,None,Kai Havertz,Accessories,2020-08-19,True,False
S001819,Leah,35-44,United States,Boston,None,Beth Mead,Hospitality,2024-03-15,True,False
S001820,Riley,25-34,Canada,Vancouver,Free,Martin Odegaard,Kids,2021-09-01,False,False
S001821,Yuki,25-34,Norway,Oslo,Silver,Declan Rice,Away Shirt,2021-08-25,True,False
S001822,Vivianne,18-24,United Kingdom,Leeds,None,Leah Williamson,Third Kit,2024-06-26,True,False
S001823,Emile,35-44,India,Bengaluru,Red Member,Ben White,Retro,2018-11-27,True,False
S001824,Yuki,45-54,Canada,Toronto,Silver,Leah Williamson,Home Shirt,2024-11-12,True,False
S001825,Chidi,35-44,United Kingdom,Liverpool,Free,Martin Odegaard,Training Wear,2018-06-18,True,False
S001826,Diego,45-54,Norway,Oslo,Red Member,William Saliba,Accessories,2017-04-08,True,False
S001827,Sam,25-34,United Kingdom,Birmingham,Free,Kai Havertz,Home Shirt,2023-10-03,True,False
S001828,Beth,55-64,United Arab Emirates,Abu Dhabi,Free,Kai Havertz,Kids,2017-07-29,True,False
S001829,Priya,25-34,United Kingdom,Manchester,Free,William Saliba,Kids,2019-08-04,True,False
S001830,Gabriel,55-64,United Kingdom,Manchester,Silver,Gabriel Jesus,Away Shirt,2023-06-09,False,False
S001831,Emile,45-54,India,Bengaluru,None,Leah Williamson,Away Shirt,2016-09-30,True,False
S001832,Chidi,45-54,United Kingdom,Leeds,None,Bukayo Saka,Training Wear,2023-02-15,True,False
S001833,Quinn,35-44,India,Bengaluru,None,Leah Williamson,Away Shirt,2020-10-14,True,False
S001834,Taylor,65+,United States,Dallas,Silver,Gabriel Jesus,Training Wear,2024-12-03,False,False
S001835,Martin,18-24,United Kingdom,Liverpool,Silver,Ben White,Kids,2021-10-24,True,False
S001836,Skyler,45-54,United Kingdom,Leeds,Red Member,Martin Odegaard,Training Wear,2017-11-13,True,False
S001837,Harper,45-54,United Kingdom,London,None,Gabriel Martinelli,Kids,2024-10-09,False,False
S001838,Yuki,18-24,United States,Dallas,Free,Leah Williamson,Training Wear,2020-03-18,True,False
S001839,Sam,25-34,United Arab Emirates,Dubai,Silver,William Saliba,Home Shirt,2020-09-02,True,False
S001840,Hassan,45-54,United Arab Emirates,Abu Dhabi,Red Member,Gabriel Jesus,Accessories,2020-06-28,False,False
S001841,Reese,45-54,United Kingdom,Birmingham,None,Gabriel Martinelli,Home Shirt,2018-12-21,True,False
S001842,Kenji,18-24,United Kingdom,Manchester,Red Member,Martin Odegaard,Hospitality,2022-08-31,True,True
S001843,Martin,55-64,India,Bengaluru,Free,William Saliba,Training Wear,2021-03-30,True,False
S001844,Devon,25-34,United Kingdom,Bristol,Free,Martin Odegaard,Kids,2021-05-29,True,False
S001845,Liam,35-44,United States,New York,Silver,Kai Havertz,Accessories,2023-01-02,True,False
S001846,Charlie,18-24,United Kingdom,Liverpool,Silver,Bukayo Saka,Home Shirt,2017-04-18,True,False
S001847,Devon,45-54,Nigeria,Abuja,Red Member,Gabriel Jesus,Home Shirt,2018-05-14,True,False
S001848,Beth,25-34,India,Bengaluru,None,Declan Rice,Training Wear,2024-07-02,True,False
S001849,Liam,25-34,United Kingdom,Bristol,Free,Leah Williamson,Hospitality,2025-05-01,True,False
S001850,Vivianne,55-64,United Kingdom,Liverpool,Free,Bukayo Saka,Retro,2018-12-26,True,False
S001851,Chidi,18-24,India,Delhi,Silver,Kai Havertz,Retro,2022-04-05,True,False
S001852,Riley,35-44,United Kingdom,Leeds,None,Gabriel Martinelli,Accessories,2023-10-10,True,False
S001853,Jamie,18-24,United Arab Emirates,Abu Dhabi,Free,Ben White,Third Kit,2023-03-31,False,False
S001854,Amara,25-34,United Kingdom,Liverpool,Free,Leah Williamson,Hospitality,2022-05-15,True,False
S001855,Liam,55-64,UNITED STATES,Boston,Free,Vivianne Miedema,Hospitality,2016-01-10,True,False
S001856,Rowan,45-54,United Kingdom,Leeds,Silver,Declan Rice,Retro,2022-10-14,False,False
S001857,Alex,35-44,United Kingdom,Leeds,None,William Saliba,Home Shirt,2025-05-07,True,False
S001858,Priya,35-44,United Kingdom,London,Free,Ben White,Away Shirt,2018-07-23,True,False
S001859,Harper,25-34,Canada,Toronto,Gold,Bukayo Saka,Away Shirt,2020-01-08,False,False
S001860,Katie,65+,Nigeria,Lagos,None,William Saliba,Third Kit,2020-10-12,True,False
S001861,Vivianne,35-44,Australia,Sydney,Gold,William Saliba,Away Shirt,2024-02-12,True,False
S001862,Skyler,45-54,United Kingdom,London,Free,Kai Havertz,Accessories,2018-01-09,False,False
S001863,Priya,35-44,United Kingdom,Leeds,None,William Saliba,Third Kit,2025-05-28,True,False
S001864,Emile,65+,United Kingdom,Leeds,None,Declan Rice,Home Shirt,2019-07-07,True,False
S001865,Riley,25-34,United Kingdom,Bristol,None,Beth Mead,Hospitality,2019-11-01,False,False
S001866,Morgan,25-34,United Kingdom,Bristol,Free,Martin Odegaard,Third Kit,2017-02-07,True,False
S001867,Drew,25-34,Canada,Vancouver,None,Declan Rice,Hospitality,2025-03-17,False,False
S001868,Devon,18-24,Japan,Osaka,Silver,Kai Havertz,Away Shirt,2020-12-02,True,False
S001869,Diego,35-44,Germany,Munich,Silver,Declan Rice,Accessories,2024-08-23,True,False
S001870,Drew,55-64,United Kingdom,Bristol,Silver,Declan Rice,Away Shirt,2019-08-13,False,False
S001871,Wei,45-54,Canada,Vancouver,Silver,William Saliba,Kids,2017-07-20,True,False
S001872,Kai,35-44,Nigeria,Ibadan,None,Martin Odegaard,Third Kit,2022-01-11,True,False
S001873,Declan,35-44,United Kingdom,London,Silver,Gabriel Martinelli,Home Shirt,2016-07-14,True,False
S001874,Declan,25-34,United Kingdom,Birmingham,None,Bukayo Saka,Accessories,2025-06-30,True,False
S001875,Olivia,18-24,United Kingdom,London,Free,Leah Williamson,Third Kit,2016-01-13,True,False
S001876,Martin,18-24,United Kingdom,Bristol,Free,Kai Havertz,Home Shirt,2016-09-15,True,False
S001877,Katie,25-34,United Kingdom,Liverpool,Free,Bukayo Saka,Retro,2021-09-12,True,False
S001878,Wei,45-54,United States,Chicago,Silver,Declan Rice,Third Kit,2022-07-27,True,False
S001879,Jamie,35-44,United Kingdom,Bristol,Red Member,Ben White,Third Kit,2019-07-18,True,True
S001880,Riley,45-54,United Kingdom,London,Free,Leah Williamson,Hospitality,2021-08-30,True,False
S001881,Yuki,55-64,India,Delhi,Silver,Ben White,Kids,2024-12-26,True,False
S001882,Leah,45-54,United States,Chicago,Free,Declan Rice,Training Wear,2017-04-07,True,False
S001883,Reese,45-54,Japan,Tokyo,None,Declan Rice,Accessories,2019-04-11,True,False
S001884,Liam,55-64,United Kingdom,Birmingham,Silver,Gabriel Martinelli,Training Wear,2025-01-14,True,False
S001885,Chidi,35-44,United States,Chicago,Gold,Leah Williamson,Kids,2020-11-12,True,False
S001886,Harper,25-34,United Kingdom,London,Silver,Vivianne Miedema,Hospitality,2017-12-02,False,False
S001887,Riley,18-24,United States,Chicago,Free,Vivianne Miedema,Accessories,2021-07-15,True,False
S001888,Drew,35-44,United Kingdom,Leeds,Silver,Gabriel Martinelli,Home Shirt,2024-11-05,True,False
S001889,Emile,45-54,United Kingdom,Leeds,None,Leah Williamson,Training Wear,2020-07-05,True,False
S001890,Liam,55-64,United Kingdom,London,Gold,Martin Odegaard,Kids,2018-10-21,False,True
S001891,Olivia,65+,United Kingdom,London,Free,Ben White,Retro,2023-05-03,True,False
S001892,Chidi,35-44,United Kingdom,Bristol,Silver,William Saliba,Home Shirt,2020-03-26,True,False
S001893,Yuki,18-24,United Kingdom,London,None,Ben White,Accessories,2025-06-11,True,False
S001894,Leah,45-54,India,Mumbai,None,Bukayo Saka,Hospitality,2022-10-25,False,False
S001895,Drew,18-24,Germany,Munich,Silver,Bukayo Saka,Home Shirt,2021-08-23,True,False
S001896,Ingrid,18-24,Norway,Oslo,Silver,Gabriel Martinelli,Retro,2025-07-17,True,False
S001897,Amara,35-44,United Kingdom,Liverpool,Free,Bukayo Saka,Training Wear,2025-01-25,True,False
S001898,Jamie,25-34,Japan,Osaka,Red Member,Beth Mead,Away Shirt,2022-02-04,True,False
S001899,Diego,65+,United Kingdom,Birmingham,None,William Saliba,Retro,2020-02-21,True,False
S001900,Olivia,18-24,United Kingdom,Manchester,Free,William Saliba,Retro,2021-03-17,False,False
S001901,Martin,35-44,United Kingdom,Liverpool,Silver,Kai Havertz,Kids,2024-05-20,False,False
S001902,Leah,18-24,United Kingdom,Birmingham,None,Leah Williamson,Training Wear,2017-12-04,True,False
S001903,Mateo,25-34,United Kingdom,Bristol,Silver,Ben White,Kids,2023-11-27,True,False
S001904,Skyler,25-34,United Kingdom,Bristol,None,William Saliba,Away Shirt,2025-03-12,True,False
S001905,Liam,35-44,United Kingdom,Bristol,None,Vivianne Miedema,Accessories,2023-10-09,True,False
S001906,Skyler,45-54,United Kingdom,Bristol,Red Member,Kai Havertz,Accessories,2019-08-17,True,True
S001907,Kenji,25-34,India,Mumbai,Free,Declan Rice,Third Kit,2017-04-15,True,False
S001908,Cameron,25-34,United States,Chicago,Free,Declan Rice,Away Shirt,2020-11-26,True,False
S001909,Katie,25-34,India,Mumbai,Silver,Gabriel Jesus,Accessories,2018-07-20,True,False
S001910,Gabriel,45-54,United Kingdom,Liverpool,Gold,Bukayo Saka,Retro,2018-04-03,True,False
S001911,Alex,25-34,United Kingdom,Birmingham,Silver,Gabriel Martinelli,Hospitality,2024-07-06,True,False
S001912,Skyler,35-44,United Kingdom,Leeds,None,Ben White,Training Wear,2024-03-25,True,False
S001913,Declan,35-44,Norway,Bergen,None,Vivianne Miedema,Kids,2023-05-13,True,False
S001914,Quinn,55-64,United Kingdom,Leeds,Free,William Saliba,Kids,2018-06-11,True,False
S001915,Kenji,35-44,United Kingdom,Bristol,None,William Saliba,Training Wear,2023-12-18,False,False
S001916,Reese,18-24,United Kingdom,Manchester,Free,William Saliba,Hospitality,2022-05-04,True,False
S001917,Emile,35-44,Germany,Hamburg,Free,Beth Mead,Retro,2019-07-22,True,False
S001918,Wei,45-54,United States,Los Angeles,Free,William Saliba,Kids,2022-05-20,True,False
S001919,Gabriel,18-24,United Kingdom,Manchester,Red Member,Vivianne Miedema,Third Kit,2023-06-06,False,True
S001920,Sofia,45-54,United Kingdom,Manchester,None,Kai Havertz,Third Kit,2023-10-24,True,False
S001921,Morgan,18-24,Norway,Bergen,None,Declan Rice,Away Shirt,2023-04-22,True,False
S001922,Gabriel,25-34,Japan,Osaka,Red Member,Gabriel Jesus,Kids,2023-05-10,True,False
S001923,Noor,35-44,United Kingdom,Bristol,Silver,William Saliba,Accessories,2025-07-27,True,False
S001924,Liam,18-24,Norway,Oslo,Silver,Martin Odegaard,Third Kit,2021-02-19,True,False
S001925,Olivia,45-54,United Kingdom,London,Free,Vivianne Miedema,Training Wear,2021-08-17,True,False
S001926,Hassan,25-34,United Kingdom,London,None,William Saliba,Hospitality,2024-07-06,True,False
S001927,Hassan,35-44,United Kingdom,Bristol,Red Member,Declan Rice,Accessories,2021-08-06,True,True
S001928,Cameron,18-24,United Kingdom,Bristol,Free,Vivianne Miedema,Hospitality,2021-09-28,True,False
S001929,Mateo,25-34,India,Bengaluru,Free,Gabriel Martinelli,Away Shirt,2022-08-24,True,False
S001930,Alex,45-54,United States,Chicago,Gold,Gabriel Jesus,Kids,2019-07-21,True,True
S001931,Sam,45-54,United Kingdom,Bristol,Gold,Gabriel Martinelli,Retro,2020-06-01,True,True
S001932,Diego,55-64,United Kingdom,London,Silver,Bukayo Saka,Away Shirt,2019-06-30,True,False
S001933,Olivia,45-54,United Kingdom,Liverpool,Silver,Gabriel Jesus,Third Kit,2017-01-18,True,False
S001934,Beth,55-64,United Kingdom,Manchester,None,Martin Odegaard,Hospitality,2024-06-30,True,False
S001935,Sofia,25-34,United Kingdom,Leeds,Silver,William Saliba,Retro,2024-05-03,True,False
S001936,Liam,45-54,United Kingdom,Manchester,Free,Gabriel Martinelli,Hospitality,2017-01-12,True,False
S001937,Noor,65+,United Kingdom,Bristol,None,Vivianne Miedema,Retro,2021-03-10,True,False
S001938,Jamie,25-34,United Kingdom,Bristol,None,Ben White,Retro,2021-06-25,False,False
S001939,Wei,18-24,United States,Los Angeles,Free,Vivianne Miedema,Kids,2020-07-07,True,False
S001940,Chidi,18-24,United Kingdom,Liverpool,Red Member,Vivianne Miedema,Kids,2023-05-09,False,False
S001941,Taylor,25-34,United Kingdom,Birmingham,Silver,Gabriel Jesus,Third Kit,2018-06-27,True,False
S001942,Kai,25-34,United Kingdom,Leeds,Gold,Martin Odegaard,Hospitality,2023-08-26,True,True
S001943,Skyler,25-34,India,Delhi,Silver,Bukayo Saka,Third Kit,2024-09-15,True,False
S001944,Noor,18-24,United Kingdom,Manchester,None,Bukayo Saka,Retro,2025-01-02,True,False
S001945,Ingrid,45-54,Nigeria,Abuja,Silver,Gabriel Martinelli,Accessories,2017-12-02,True,False
S001946,Drew,55-64,United Kingdom,Liverpool,None,Vivianne Miedema,Training Wear,2021-12-29,True,False
S001947,Reese,35-44,United Kingdom,London,None,Martin Odegaard,Retro,2017-02-16,True,False
S001948,Harper,25-34,United States,New York,None,Vivianne Miedema,Home Shirt,2018-02-19,False,False
S001949,Morgan,45-54,India,Delhi,Red Member,Martin Odegaard,Retro,2018-11-01,True,False
S001950,Yuki,35-44,Japan,Osaka,Silver,Martin Odegaard,Retro,2025-06-09,True,False
S001951,Riley,45-54,United Kingdom,Liverpool,Red Member,Declan Rice,Away Shirt,2020-10-20,True,True
S001952,Noor,35-44,United States,Dallas,Silver,Bukayo Saka,Kids,2017-10-12,True,False
S001953,Noor,55-64,United Kingdom,Manchester,Free,William Saliba,Third Kit,2017-01-29,True,False
S001954,Sam,55-64,Nigeria,Abuja,Red Member,Ben White,Home Shirt,2018-05-19,False,False
S001955,Priya,25-34,United States,Dallas,Red Member,Vivianne Miedema,Third Kit,2017-03-26,True,True
S001956,Alex,25-34,Canada,Toronto,Gold,Beth Mead,Third Kit,2017-04-04,True,False
S001957,Rowan,35-44,United Kingdom,Leeds,Silver,Bukayo Saka,Retro,2017-06-12,True,False
S001958,Mateo,25-34,United Kingdom,London,Silver,Leah Williamson,Third Kit,2018-02-23,True,False
S001959,Yuki,25-34,United Kingdom,London,None,Vivianne Miedema,Away Shirt,2023-07-13,True,False
S001960,Wei,18-24,United Kingdom,Leeds,None,Gabriel Martinelli,Accessories,2018-07-09,True,False
S001961,Vivianne,65+,United States,Los Angeles,None,Gabriel Martinelli,Accessories,2019-06-30,True,False
S001962,Alex,18-24,United Kingdom,Leeds,Red Member,Leah Williamson,Training Wear,2025-03-22,True,False
S001963,Hassan,18-24,United Kingdom,Birmingham,Free,Vivianne Miedema,Home Shirt,2020-11-30,True,False
S001964,Beth,55-64,United Kingdom,Birmingham,Free,Beth Mead,Third Kit,2021-11-30,True,False
S001965,Skyler,35-44,United Kingdom,Manchester,Red Member,Gabriel Jesus,Away Shirt,2020-12-17,True,True
S001966,Jordan,65+,Germany,Munich,None,Ben White,Away Shirt,2022-06-22,True,False
S001967,Taylor,18-24,United Kingdom,Liverpool,Silver,Gabriel Martinelli,Third Kit,2017-01-11,False,False
S001968,Emile,18-24,United Kingdom,Leeds,Free,Vivianne Miedema,Home Shirt,2025-03-13,True,False
S001969,Cameron,35-44,United Kingdom,Bristol,Silver,Bukayo Saka,Hospitality,2024-02-22,True,False
S001970,Liam,35-44,India,Delhi,None,Ben White,Home Shirt,2017-06-16,True,False
S001971,Gabriel,55-64,United States,Dallas,Free,Leah Williamson,Kids,2023-09-07,True,False
S001972,Rowan,35-44,United Arab Emirates,Dubai,None,William Saliba,Away Shirt,2023-01-05,True,False
S001973,Kenji,55-64,United Kingdom,Liverpool,None,Gabriel Martinelli,Accessories,2016-03-07,True,False
S001974,Devon,35-44,United States,Chicago,None,Leah Williamson,Accessories,2019-12-19,False,False
S001975,Gabriel,65+,United Kingdom,Manchester,Free,Vivianne Miedema,Retro,2018-03-08,False,False
S001976,Yuki,18-24,United Kingdom,Birmingham,None,Beth Mead,Accessories,2021-05-12,True,False
S001977,Morgan,55-64,India,Bengaluru,Free,Gabriel Martinelli,Away Shirt,2018-12-29,True,False
S001978,Skyler,65+,United Kingdom,Birmingham,None,Bukayo Saka,Accessories,2022-12-13,True,False
S001979,Amara,35-44,Japan,Tokyo,Free,Declan Rice,Kids,2024-02-19,True,False
S001980,Alex,18-24,United Kingdom,Manchester,Silver,Gabriel Martinelli,Retro,2016-03-26,False,False
S001981,Beth,55-64,United Kingdom,Manchester,Free,Ben White,Home Shirt,2017-02-25,True,False
S001982,Beth,25-34,Nigeria,Abuja,None,Ben White,Training Wear,2016-08-25,True,False
S001983,Sofia,35-44,United Kingdom,Liverpool,Red Member,Bukayo Saka,Away Shirt,2019-09-26,False,True
S001984,Leah,35-44,United States,Chicago,Free,Vivianne Miedema,Home Shirt,2024-10-02,True,False
S001985,Emile,55-64,United Kingdom,Bristol,None,Bukayo Saka,Hospitality,2022-08-01,False,False
S001986,Reese,18-24,United Kingdom,London,Free,Bukayo Saka,Accessories,2018-09-24,True,False
S001987,Wei,25-34,United Kingdom,Leeds,Silver,Vivianne Miedema,Training Wear,2017-03-22,True,False
S001988,Devon,25-34,United Kingdom,Birmingham,Free,Ben White,Third Kit,2024-03-15,True,False
S001989,Devon,25-34,Australia,Melbourne,None,Vivianne Miedema,Accessories,2023-04-16,True,False
S001990,Alex,65+,United Kingdom,Manchester,Free,Bukayo Saka,Hospitality,2016-02-28,True,False
S001991,Gabriel,25-34,United Kingdom,Leeds,Free,William Saliba,Hospitality,2017-08-06,True,False
S001992,Charlie,35-44,United Kingdom,London,Silver,Bukayo Saka,Training Wear,2025-08-21,False,False
S001993,Vivianne,25-34,United Kingdom,Birmingham,Silver,Martin Odegaard,Away Shirt,2019-09-06,True,False
S001994,Cameron,18-24,United Kingdom,Leeds,Free,Martin Odegaard,Retro,2023-08-25,True,False
S001995,Quinn,45-54,Australia,Melbourne,Free,Kai Havertz,Training Wear,2020-03-03,False,False
S001996,Skyler,45-54,United Kingdom,Manchester,None,Leah Williamson,Training Wear,2024-02-20,True,False
S001997,Liam,65+,United States,Dallas,Silver,Martin Odegaard,Accessories,2023-11-12,True,False
S001998,Amara,25-34,United Kingdom,Manchester,Free,Vivianne Miedema,Hospitality,2016-06-03,True,False
S001999,Jordan,45-54,India,Bengaluru,Gold,Beth Mead,Away Shirt,2025-06-03,True,False
S002000,Priya,55-64,Norway,Oslo,Free,William Saliba,Third Kit,2019-05-15,True,False
S002001,Kai,35-44,United Kingdom,London,Silver,Declan Rice,Away Shirt,2018-01-24,True,False
S002002,Declan,35-44,United Kingdom,Bristol,Free,Ben White,Training Wear,2017-10-08,True,False
S002003,Beth,45-54,United Kingdom,Bristol,None,Ben White,Training Wear,2025-03-12,True,False
S002004,Amara,45-54,United Kingdom,Birmingham,None,Beth Mead,Kids,2021-07-11,True,False
S002005,Riley,35-44,India,Bengaluru,None,Beth Mead,Retro,2021-08-28,True,False
S002006,Declan,18-24,United Kingdom,Manchester,Silver,Gabriel Jesus,Hospitality,2020-10-29,True,False
S002007,Beth,,United Kingdom,London,Free,Gabriel Martinelli,Home Shirt,2017-08-12,True,False
S002008,Emile,18-24,United Kingdom,Bristol,None,William Saliba,Retro,2018-03-28,True,False
S002009,Katie,35-44,Norway,Bergen,Silver,Vivianne Miedema,Kids,2016-12-18,True,False
S002010,Hassan,55-64,United Kingdom,Birmingham,Red Member,Beth Mead,Retro,2019-11-18,True,False
S002011,Bukayo,65+,Japan,Tokyo,None,William Saliba,Training Wear,2017-12-17,False,False
S002012,Chidi,65+,United Kingdom,Birmingham,Silver,William Saliba,Retro,2018-06-03,True,False
S002013,Kenji,25-34,India,Mumbai,Silver,Vivianne Miedema,Hospitality,2022-05-19,True,False
S002014,Priya,65+,United States,New York,Gold,Leah Williamson,Retro,2017-10-17,True,True
S002015,Drew,25-34,United States,Chicago,None,Leah Williamson,Accessories,2016-08-24,True,False
S002016,Rowan,18-24,United Kingdom,Manchester,Gold,Martin Odegaard,Training Wear,2023-10-26,True,True
S002017,Martin,35-44,Nigeria,Ibadan,None,William Saliba,Training Wear,2019-10-14,True,False
S002018,Jordan,45-54,Germany,Munich,Gold,Beth Mead,Third Kit,2018-03-13,True,False
S002019,Morgan,35-44,United Kingdom,Birmingham,Red Member,Gabriel Martinelli,Hospitality,2019-12-18,True,True
S002020,Alex,55-64,Canada,Toronto,Free,Leah Williamson,Training Wear,2016-11-06,False,False
S002021,Reese,35-44,United Kingdom,Bristol,None,Bukayo Saka,Hospitality,2021-01-24,True,False
S002022,Chidi,25-34,United Kingdom,Liverpool,Silver,Beth Mead,Third Kit,2019-12-29,True,False
S002023,Gabriel,65+,United Kingdom,Leeds,Gold,Kai Havertz,Kids,2020-10-10,True,True
S002024,Alex,55-64,United States,New York,None,Bukayo Saka,Hospitality,2018-04-13,True,False
S002025,Martin,25-34,Nigeria,Kano,Free,William Saliba,Training Wear,2017-12-11,True,False
S002026,Alex,25-34,India,Delhi,Free,Ben White,Away Shirt,2025-02-16,True,False
S002027,Gabriel,45-54,United Kingdom,Manchester,None,Ben White,Kids,2018-10-11,True,False
S002028,Katie,65+,United Kingdom,Birmingham,None,Vivianne Miedema,Accessories,2023-08-08,True,False
S002029,Bukayo,45-54,United Arab Emirates,Dubai,Silver,Kai Havertz,Home Shirt,2021-07-09,True,False
S002030,Hassan,35-44,United Kingdom,Bristol,Gold,Gabriel Jesus,Home Shirt,2020-01-07,True,False
S002031,Kai,25-34,United Kingdom,Manchester,Free,Leah Williamson,Away Shirt,2023-06-03,True,False
S002032,Hassan,25-34,United States,Dallas,Gold,Beth Mead,Away Shirt,2018-09-21,True,False
S002033,Ingrid,45-54,United Kingdom,Bristol,Free,Leah Williamson,Training Wear,2021-01-12,True,False
S002034,Riley,45-54,Nigeria,Abuja,None,Vivianne Miedema,Home Shirt,2025-01-24,True,False
S002035,Morgan,25-34,United Kingdom,London,Silver,Gabriel Martinelli,Home Shirt,2018-05-02,True,False
S002036,Reese,65+,United Kingdom,Liverpool,None,William Saliba,Home Shirt,2021-09-17,True,False
S002037,Noor,45-54,Norway,Bergen,None,Ben White,Accessories,2022-07-31,True,False
S002038,Kenji,45-54,India,Mumbai,Silver,Leah Williamson,Training Wear,2025-08-13,True,False
S002039,Amara,25-34,Germany,Hamburg,None,Bukayo Saka,Kids,2017-08-17,True,False
S002040,Olivia,45-54,Canada,Vancouver,None,Bukayo Saka,Away Shirt,2020-07-28,False,False
S002041,Jamie,25-34,United Kingdom,Leeds,None,Leah Williamson,Kids,2017-02-06,True,False
S002042,Chidi,18-24,United States,Los Angeles,Silver,Kai Havertz,Retro,2024-08-12,True,False
S002043,Bukayo,35-44,Nigeria,Ibadan,None,Declan Rice,Hospitality,2023-08-27,True,False
S002044,Charlie,18-24,United Kingdom,Liverpool,Free,Martin Odegaard,Third Kit,2019-11-12,True,False
S002045,Devon,18-24,United States,New York,Red Member,Martin Odegaard,Away Shirt,2016-03-10,False,True
S002046,Diego,35-44,Australia,Melbourne,None,Bukayo Saka,Retro,2019-12-31,True,False
S002047,Rowan,55-64,United States,Los Angeles,Silver,Kai Havertz,Away Shirt,2016-04-30,True,False
S002048,Ingrid,25-34,United Kingdom,Liverpool,None,Beth Mead,Kids,2019-06-14,True,False
S002049,Sam,55-64,United Kingdom,Leeds,Red Member,William Saliba,Away Shirt,2019-02-27,True,True
S002050,Sofia,55-64,United Kingdom,Liverpool,Silver,Kai Havertz,Home Shirt,2023-09-13,True,False
S002051,Jamie,35-44,United Kingdom,Liverpool,Free,Kai Havertz,Kids,2016-12-14,True,False
S002052,Sam,18-24,United Kingdom,Leeds,Free,Kai Havertz,Training Wear,2019-02-06,True,False
S002053,Jordan,25-34,United States,New York,Free,Ben White,Away Shirt,2019-03-16,True,False
S002054,Reese,25-34,United Kingdom,London,None,Declan Rice,Hospitality,2022-10-05,True,False
S002055,Beth,35-44,United Arab Emirates,Dubai,Free,Ben White,Third Kit,2017-04-05,True,False
S002056,Sam,35-44,Canada,Vancouver,Silver,Martin Odegaard,Away Shirt,2018-07-27,True,False
S002057,Mateo,45-54,Australia,Melbourne,Free,Martin Odegaard,Accessories,2022-06-01,False,False
S002058,Morgan,25-34,Australia,Melbourne,  Free ,Vivianne Miedema,Accessories,2018-06-05,True,False
S002059,Riley,65+,United Kingdom,Birmingham,None,Gabriel Jesus,Kids,2019-01-06,True,False
S002060,Quinn,55-64,Germany,Berlin,None,Leah Williamson,Away Shirt,2019-10-16,False,False
S002061,Katie,55-64,United Kingdom,Liverpool,None,Gabriel Martinelli,Training Wear,2016-11-25,True,False
S002062,Liam,25-34,United Kingdom,Manchester,None,Gabriel Martinelli,Hospitality,2016-03-01,False,False
S002063,Declan,55-64,United Kingdom,Manchester,Free,Leah Williamson,Away Shirt,2023-03-03,True,False
S002064,Yuki,45-54,Japan,Tokyo,None,Beth Mead,Retro,2016-07-02,False,False
S002065,Declan,25-34,India,Bengaluru,None,Gabriel Jesus,Accessories,2021-02-18,False,False
S002066,Martin,25-34,United States,Los Angeles,None,Declan Rice,Accessories,2017-03-12,True,False
S002067,Liam,55-64,United States,Boston,None,Ben White,Away Shirt,2020-09-27,True,False
S002068,Charlie,65+,United Arab Emirates,Dubai,None,Bukayo Saka,Training Wear,2019-04-17,True,False
S002069,Wei,35-44,Nigeria,Abuja,Silver,Ben White,Hospitality,2018-12-24,True,False
S002070,Devon,45-54,United Kingdom,Leeds,Silver,Leah Williamson,Training Wear,2024-08-19,False,False
S002071,Wei,25-34,United States,Chicago,Silver,Vivianne Miedema,Away Shirt,2017-10-12,True,False
S002072,Alex,35-44,Germany,Hamburg,Gold,Leah Williamson,Hospitality,2018-03-12,True,True
S002073,Hassan,45-54,Australia,Melbourne,Gold,Ben White,Away Shirt,2019-02-26,True,True
S002074,Leah,35-44,United Kingdom,London,None,Kai Havertz,Training Wear,2019-08-09,False,False
S002075,Quinn,25-34,United Kingdom,Birmingham,Gold,Bukayo Saka,Away Shirt,2024-02-25,True,True
S002076,Jamie,25-34,United Kingdom,London,Free,Leah Williamson,Home Shirt,2023-12-09,True,False
S002077,Mateo,18-24,United States,Dallas,Red Member,Gabriel Jesus,Accessories,2016-08-17,True,False
S002078,Martin,25-34,India,Bengaluru,None,Gabriel Martinelli,Third Kit,2024-03-20,True,False
S002079,Morgan,18-24,Japan,Osaka,Gold,Ben White,Third Kit,2020-02-18,True,True
S002080,Ingrid,45-54,United Kingdom,Liverpool,None,Vivianne Miedema,Third Kit,2024-08-19,True,False
S002081,Beth,18-24,United Kingdom,Birmingham,Silver,Beth Mead,Accessories,2018-05-09,False,False
S002082,Liam,18-24,Nigeria,Lagos,None,Leah Williamson,Away Shirt,2023-07-12,True,False
S002083,Priya,18-24,United Kingdom,London,None,Ben White,Away Shirt,2020-03-16,True,False
S002084,Priya,45-54,United Kingdom,Birmingham,Free,Gabriel Jesus,Accessories,2018-06-11,True,False
S002085,Olivia,55-64,United Kingdom,Bristol,Free,Declan Rice,Kids,2018-05-15,True,False
S002086,Wei,25-34,United Kingdom,Leeds,None,Gabriel Jesus,Away Shirt,2016-03-31,True,False
S002087,Olivia,25-34,Nigeria,Lagos,None,Gabriel Jesus,Away Shirt,2017-07-03,True,False
S002088,Alex,25-34,United States,Los Angeles,Gold,Gabriel Jesus,Third Kit,2016-07-26,True,True
S002089,Vivianne,45-54,Australia,Sydney,None,Bukayo Saka,Home Shirt,2020-01-28,True,False
S002090,Gabriel,25-34,India,Delhi,Silver,Beth Mead,Kids,2019-06-17,False,False
S002091,Martin,25-34,India,Bengaluru,Free,Ben White,Retro,2023-06-07,True,False
S002092,Katie,55-64,Japan,Osaka,Red Member,William Saliba,Training Wear,2024-08-25,False,False
S002093,Cameron,35-44,India,Bengaluru,None,Vivianne Miedema,Retro,2023-11-14,True,False
S002094,Taylor,55-64,Germany,Hamburg,None,Bukayo Saka,Accessories,2021-10-02,True,False
S002095,Yuki,18-24,United Kingdom,Liverpool,None,Bukayo Saka,Away Shirt,2019-03-11,True,False
S002096,Harper,55-64,United Kingdom,Liverpool,Free,Beth Mead,Accessories,2024-06-30,False,False
S002097,Hassan,45-54,United Kingdom,Liverpool,None,Gabriel Martinelli,Hospitality,2020-06-28,True,False
S002098,Chidi,35-44,United Kingdom,Leeds,None,Beth Mead,Kids,2016-08-09,True,False
S002099,Mateo,25-34,United Kingdom,Birmingham,Free,Vivianne Miedema,Away Shirt,2017-06-12,True,False
S002100,Taylor,35-44,India,Mumbai,Free,Leah Williamson,Accessories,2025-03-23,True,False
S002101,Riley,25-34,United Kingdom,Manchester,None,Beth Mead,Kids,2024-12-06,True,False
S002102,Leah,25-34,United Kingdom,Manchester,Free,Martin Odegaard,Kids,2016-04-20,True,False
S002103,Wei,45-54,United Kingdom,Leeds,Silver,Gabriel Jesus,Retro,2021-05-19,True,False
S002104,Riley,45-54,United Kingdom,Manchester,Silver,William Saliba,Retro,2022-03-19,True,False
S002105,Wei,25-34,United Kingdom,Birmingham,None,Vivianne Miedema,Away Shirt,2024-07-07,True,False
S002106,Beth,45-54,United Kingdom,Leeds,Free,Gabriel Martinelli,Hospitality,2021-03-17,True,False
S002107,Jamie,25-34,United Kingdom,Leeds,Silver,Beth Mead,Kids,2016-06-14,True,False
S002108,Declan,45-54,United States,Chicago,Free,Bukayo Saka,Home Shirt,2021-09-04,True,False
S002109,Noor,25-34,Japan,Osaka,Free,Vivianne Miedema,Third Kit,2024-11-25,True,False
S002110,Devon,25-34,United Kingdom,Manchester,Red Member,William Saliba,Accessories,2019-02-26,True,True
S002111,Skyler,35-44,United Kingdom,Birmingham,Silver,Martin Odegaard,Third Kit,2023-04-09,True,False
S002112,Jamie,18-24,United Kingdom,Manchester,Free,Leah Williamson,Hospitality,2023-09-24,True,False
S002113,Mateo,45-54,United Kingdom,Manchester,None,Beth Mead,Kids,2018-01-30,True,False
S002114,Hassan,18-24,United Arab Emirates,Dubai,None,Kai Havertz,Hospitality,2023-05-20,True,False
S002115,Declan,45-54,United Kingdom,Liverpool,Silver,Martin Odegaard,Training Wear,2022-08-15,True,False
S002116,Cameron,45-54,United Kingdom,Liverpool,None,Declan Rice,Home Shirt,2017-09-10,True,False
S002117,Emile,18-24,India,Delhi,Gold,Gabriel Martinelli,Hospitality,2024-08-24,False,True
S002118,Taylor,35-44,United Kingdom,Manchester,Free,Martin Odegaard,Kids,2024-11-01,True,False
S002119,Emile,45-54,United Kingdom,Leeds,Free,Vivianne Miedema,Training Wear,2016-08-15,False,False
S002120,Riley,18-24,United Kingdom,Bristol,Free,Gabriel Martinelli,Accessories,2018-08-22,True,False
S002121,Gabriel,,Germany,Hamburg,None,Kai Havertz,Hospitality,2017-05-02,True,False
S002122,Morgan,35-44,United States,Boston,Silver,Gabriel Martinelli,Training Wear,2016-11-17,True,False
S002123,Olivia,25-34,Japan,Osaka,Silver,Kai Havertz,Accessories,2024-04-03,True,False
S002124,Leah,18-24,Nigeria,Lagos,Free,Vivianne Miedema,Home Shirt,2016-01-10,True,False
S002125,Hassan,45-54,Canada,Vancouver,None,Beth Mead,Training Wear,2020-05-19,False,False
S002126,Olivia,18-24,United States,Boston,None,Ben White,Third Kit,2020-05-05,True,False
S002127,Chidi,18-24,United Kingdom,Liverpool,Free,Leah Williamson,Hospitality,2021-06-16,False,False
S002128,Harper,35-44,United Kingdom,Manchester,Free,Gabriel Martinelli,Home Shirt,2021-01-19,False,False
S002129,Reese,55-64,United Kingdom,Manchester,Gold,Leah Williamson,Kids,2016-10-17,True,True
S002130,Charlie,35-44,United Kingdom,London,Silver,Martin Odegaard,Training Wear,2016-12-11,True,False
S002131,Wei,25-34,Nigeria,Ibadan,Gold,William Saliba,Home Shirt,2019-06-11,True,True
S002132,Ingrid,25-34,United States,Los Angeles,Silver,Leah Williamson,Training Wear,2022-07-22,True,False
S002133,Cameron,18-24,United Kingdom,Manchester,None,William Saliba,Training Wear,2019-08-18,True,False
S002134,Quinn,18-24,Nigeria,Abuja,Silver,William Saliba,Kids,2018-10-01,True,False
S002135,Bukayo,35-44,United Kingdom,Manchester,Gold,Leah Williamson,Retro,2017-11-07,True,False
S002136,Gabriel,65+,United Kingdom,Manchester,None,Vivianne Miedema,Third Kit,2018-06-26,True,False
S002137,Kai,45-54,India,Mumbai,Free,William Saliba,Accessories,2017-12-07,True,False
S002138,Skyler,25-34,United Kingdom,Manchester,None,Gabriel Martinelli,Away Shirt,2019-10-11,True,False
S002139,Mateo,18-24,Japan,Tokyo,Free,Ben White,Third Kit,2024-02-26,True,False
S002140,Wei,18-24,United States,Chicago,Free,Kai Havertz,Kids,2024-06-18,True,False
S002141,Wei,18-24,United States,New York,Free,Declan Rice,Third Kit,2016-03-30,True,False
S002142,Jordan,55-64,United Kingdom,Bristol,Free,Leah Williamson,Training Wear,2016-06-29,True,False
S002143,Beth,25-34,United Kingdom,Liverpool,Free,Kai Havertz,Kids,2016-05-12,True,False
S002144,Priya,55-64,United Kingdom,Bristol,None,Kai Havertz,Third Kit,2016-06-12,True,False
S002145,Kenji,25-34,India,Delhi,None,William Saliba,Third Kit,2016-07-07,True,False
S002146,Amara,45-54,United Kingdom,Birmingham,Gold,Gabriel Jesus,Hospitality,2025-01-28,False,False
S002147,Rowan,18-24,United Kingdom,Bristol,None,Gabriel Martinelli,Third Kit,2025-07-21,True,False
S002148,Emile,55-64,Nigeria,Ibadan,Free,Martin Odegaard,Home Shirt,2021-01-20,True,False
S002149,Rowan,45-54,Japan,Tokyo,Free,Gabriel Martinelli,Accessories,2022-09-18,True,False
S002150,Charlie,25-34,United Kingdom,Birmingham,Free,William Saliba,Training Wear,2024-06-02,True,False
S002151,Riley,35-44,United States,New York,Red Member,Martin Odegaard,Hospitality,2017-10-22,True,True
S002152,Drew,25-34,United Kingdom,Leeds,Free,Leah Williamson,Accessories,2020-03-19,True,False
S002153,Chidi,18-24,United Kingdom,Liverpool,Free,Bukayo Saka,Kids,2022-10-28,True,False
S002154,Riley,18-24,United States,Chicago,None,Kai Havertz,Retro,2017-11-04,True,False
S002155,Drew,18-24,United Kingdom,London,None,Declan Rice,Kids,2019-07-28,True,False
S002156,Ingrid,35-44,Japan,Osaka,None,Gabriel Jesus,Away Shirt,2017-08-16,True,False
S002157,Hassan,25-34,United Kingdom,Birmingham,Gold,Declan Rice,Home Shirt,2020-09-23,True,True
S002158,Charlie,65+,United Kingdom,Liverpool,Free,Gabriel Martinelli,Kids,2018-02-27,True,False
S002159,Priya,25-34,United Kingdom,Leeds,Gold,William Saliba,Retro,2016-02-12,True,False
S002160,Martin,25-34,Germany,Berlin,Free,Declan Rice,Accessories,2019-02-19,True,False
S002161,Kenji,35-44,Nigeria,Lagos,Red Member,Vivianne Miedema,Away Shirt,2019-04-07,True,False
S002162,Beth,65+,United Kingdom,Manchester,None,Beth Mead,Home Shirt,2017-01-30,False,False
S002163,Yuki,25-34,Australia,Sydney,Free,William Saliba,Training Wear,2018-01-18,True,False
S002164,Alex,18-24,United Kingdom,Birmingham,None,Gabriel Martinelli,Accessories,2019-03-04,True,False
S002165,Yuki,25-34,Australia,Melbourne,Red Member,Declan Rice,Training Wear,2024-07-29,True,True
S002166,Jamie,35-44,United States,Boston,Silver,Martin Odegaard,Third Kit,2021-11-09,False,False
S002167,Declan,35-44,United Kingdom,Leeds,Free,Beth Mead,Retro,2021-09-05,True,False
S002168,Jamie,25-34,United Kingdom,Bristol,Silver,Declan Rice,Accessories,2022-11-12,True,False
S002169,Charlie,35-44,United Kingdom,Manchester,Silver,Martin Odegaard,Accessories,2016-05-19,True,False
S002170,Kenji,35-44,United Kingdom,Manchester,None,Vivianne Miedema,Accessories,2021-09-08,True,False
S002171,Drew,35-44,United Kingdom,London,None,Kai Havertz,Accessories,2024-07-30,True,False
S002172,Devon,45-54,United Kingdom,Manchester,None,Vivianne Miedema,Home Shirt,2017-07-24,True,False
S002173,Katie,45-54,United Kingdom,London,Free,Gabriel Jesus,Home Shirt,2016-04-02,True,False
S002174,Hassan,55-64,United Arab Emirates,Dubai,Gold,Gabriel Jesus,Kids,2025-03-26,True,False
S002175,Priya,55-64,United Kingdom,Manchester,Silver,Bukayo Saka,Kids,2025-01-19,True,False
S002176,Bukayo,35-44,United Kingdom,London,None,Leah Williamson,Home Shirt,2023-05-19,True,False
S002177,Sofia,35-44,India,Delhi,Silver,Declan Rice,Away Shirt,2020-01-21,True,False
S002178,Kenji,25-34,United Kingdom,Birmingham,None,Bukayo Saka,Third Kit,2020-05-04,True,False
S002179,Taylor,25-34,Japan,Osaka,None,Ben White,Home Shirt,2016-09-07,True,False
S002180,Devon,25-34,United States,New York,Red Member,Leah Williamson,Away Shirt,2022-08-17,True,True
S002181,Taylor,35-44,Canada,Vancouver,Silver,William Saliba,Hospitality,2022-09-19,True,False
S002182,Ingrid,18-24,United Kingdom,Bristol,Red Member,Leah Williamson,Retro,2016-12-16,True,True
S002183,Katie,35-44,Norway,Bergen,None,Gabriel Martinelli,Kids,2019-05-09,True,False
S002184,Priya,18-24,United Kingdom,London,Gold,Kai Havertz,Kids,2020-05-27,True,False
S002185,Cameron,45-54,United Kingdom,Liverpool,Silver,Ben White,Home Shirt,2021-09-22,True,False
S002186,Reese,25-34,United Kingdom,Leeds,Silver,Declan Rice,Retro,2019-04-02,True,False
S002187,Leah,25-34,United Kingdom,Leeds,None,Bukayo Saka,Accessories,2018-06-18,True,False
S002188,Alex,65+,India,Delhi,None,Kai Havertz,Home Shirt,2017-02-10,True,False
S002189,Jamie,25-34,United Kingdom,Leeds,Free,Declan Rice,Home Shirt,2017-12-25,True,False
S002190,Bukayo,18-24,United Arab Emirates,Dubai,None,Leah Williamson,Home Shirt,2023-10-07,True,False
S002191,Leah,35-44,United Kingdom,Manchester,Silver,Kai Havertz,Kids,2018-12-08,True,False
S002192,Skyler,55-64,United Kingdom,London,Red Member,Gabriel Martinelli,Third Kit,2023-05-25,False,False
S002193,Chidi,35-44,United States,Boston,Silver,Leah Williamson,Hospitality,2017-02-07,False,False
S002194,Vivianne,35-44,United States,Los Angeles,None,Declan Rice,Accessories,2023-12-30,True,False
S002195,Wei,25-34,Norway,Oslo,Free,Leah Williamson,Third Kit,2023-02-14,False,False
S002196,Rowan,25-34,United Kingdom,Liverpool,Silver,Gabriel Jesus,Home Shirt,2017-07-25,True,False
S002197,Harper,25-34,United Kingdom,London,Free,Ben White,Hospitality,2017-07-27,True,False
S002198,Taylor,35-44,Germany,Munich,Silver,Leah Williamson,Hospitality,2016-04-28,True,False
S002199,Riley,55-64,United Arab Emirates,Dubai,Gold,Vivianne Miedema,Training Wear,2018-11-04,True,True
S002200,Diego,45-54,United States,Dallas,Silver,Vivianne Miedema,Hospitality,2018-04-09,True,False
S002201,Amara,35-44,Nigeria,Abuja,Free,Kai Havertz,Home Shirt,2016-03-08,True,False
S002202,Riley,55-64,Germany,Hamburg,Free,Declan Rice,Home Shirt,2025-04-03,True,False
S002203,Katie,18-24,United States,New York,None,Gabriel Jesus,Accessories,2023-06-23,True,False
S002204,Sofia,45-54,United Kingdom,Manchester,Gold,Leah Williamson,Hospitality,2016-04-30,True,True
S002205,Katie,18-24,Nigeria,Abuja,Free,Beth Mead,Accessories,2023-12-29,True,False
S002206,Drew,45-54,United Kingdom,Liverpool,Gold,Gabriel Jesus,Away Shirt,2022-03-19,True,False
S002207,Devon,45-54,United Kingdom,Liverpool,Gold,Vivianne Miedema,Home Shirt,2018-09-01,True,False
S002208,Kai,35-44,Australia,Sydney,Free,Declan Rice,Accessories,2016-01-25,True,False
S002209,Taylor,18-24,United Arab Emirates,Dubai,Free,Beth Mead,Away Shirt,2021-02-12,True,False
S002210,Gabriel,18-24,United Kingdom,Birmingham,None,William Saliba,Away Shirt,2024-10-25,False,False
S002211,Yuki,18-24,United States,Chicago,None,William Saliba,Retro,2022-07-16,False,False
S002212,Rowan,18-24,United Kingdom,Manchester,None,Gabriel Jesus,Kids,2024-08-21,True,False
S002213,Declan,35-44,United Kingdom,Bristol,Red Member,Gabriel Martinelli,Hospitality,2019-07-24,False,False
S002214,Drew,18-24,United Kingdom,London,Silver,Gabriel Jesus,Kids,2021-11-09,False,False
S002215,Hassan,18-24,India,Delhi,Red Member,Ben White,Accessories,2020-10-13,True,False
S002216,Harper,35-44,United Kingdom,London,Gold,Leah Williamson,Accessories,2025-01-17,True,False
S002217,Alex,35-44,United Kingdom,Bristol,Silver,Martin Odegaard,Kids,2021-04-20,True,False
S002218,Cameron,35-44,United Arab Emirates,Abu Dhabi,Silver,Gabriel Martinelli,Training Wear,2022-08-26,True,False
S002219,Ingrid,55-64,United Kingdom,Bristol,None,Gabriel Jesus,Accessories,2024-10-27,True,False
S002220,Mateo,35-44,United Kingdom,Leeds,Gold,Ben White,Training Wear,2024-10-22,True,True
S002221,Declan,45-54,United States,New York,Silver,Leah Williamson,Hospitality,2021-05-31,False,False
S002222,Declan,25-34,Canada,Vancouver,Gold,Kai Havertz,Kids,2025-07-15,True,False
S002223,Chidi,25-34,United Kingdom,Birmingham,Silver,Martin Odegaard,Hospitality,2016-04-02,True,False
S002224,Noor,18-24,United Kingdom,London,Free,Beth Mead,Retro,2016-12-26,True,False
S002225,Hassan,35-44,United States,Chicago,Silver,Beth Mead,Accessories,2025-02-08,False,False
S002226,Wei,18-24,United Kingdom,Bristol,None,Leah Williamson,Kids,2022-01-24,True,False
S002227,Kai,35-44,Norway,Oslo,Red Member,William Saliba,Training Wear,2022-07-15,True,False
S002228,Riley,45-54,India,Bengaluru,None,Kai Havertz,Training Wear,2019-06-01,False,False
S002229,Sam,45-54,United Kingdom,Leeds,Free,Gabriel Martinelli,Retro,2020-07-17,True,False
S002230,Martin,65+,Canada,Vancouver,Gold,William Saliba,Training Wear,2023-04-25,True,False
S002231,Ingrid,25-34,United Arab Emirates,Dubai,Silver,Kai Havertz,Kids,2019-06-12,True,False
S002232,Priya,65+,United Kingdom,Leeds,Free,Leah Williamson,Retro,2019-10-17,True,False
S002233,Chidi,45-54,India,Delhi,None,Gabriel Jesus,Retro,2017-02-07,True,False
S002234,Leah,45-54,United Kingdom,Liverpool,None,Gabriel Martinelli,Home Shirt,2016-02-13,True,False
S002235,Sofia,35-44,United Kingdom,Bristol,Gold,William Saliba,Retro,2020-10-24,True,True
S002236,Priya,18-24,Japan,Osaka,None,William Saliba,Retro,2022-05-22,True,False
S002237,Rowan,25-34,United Kingdom,Bristol,None,Kai Havertz,Home Shirt,2023-03-15,True,False
S002238,Priya,25-34,United States,New York,None,Bukayo Saka,Training Wear,2019-06-18,True,False
S002239,Wei,25-34,United Kingdom,Leeds,Red Member,Vivianne Miedema,Away Shirt,2023-02-06,False,True
S002240,Emile,18-24,United Kingdom,Bristol,Gold,Bukayo Saka,Training Wear,2016-04-26,True,False
S002241,Mateo,65+,India,Mumbai,Free,Gabriel Martinelli,Kids,2016-04-14,True,False
S002242,Mateo,25-34,United Kingdom,Liverpool,None,Vivianne Miedema,Kids,2016-09-20,True,False
S002243,Ingrid,65+,Canada,Toronto,Silver,Ben White,Third Kit,2017-06-21,True,False
S002244,Martin,25-34,United States,Dallas,None,William Saliba,Retro,2017-05-10,True,False
S002245,Olivia,65+,United Kingdom,Liverpool,Silver,Bukayo Saka,Accessories,2021-09-08,True,False
S002246,Emile,18-24,United Kingdom,Birmingham,None,Kai Havertz,Hospitality,2023-10-12,False,False
S002247,Kenji,18-24,Canada,Vancouver,Silver,Gabriel Jesus,Third Kit,2018-01-28,False,False
S002248,Hassan,55-64,United States,New York,Silver,William Saliba,Third Kit,2017-06-30,True,False
S002249,Sam,25-34,United Kingdom,Birmingham,Silver,Declan Rice,Accessories,2022-07-02,True,False
S002250,Diego,25-34,United Kingdom,Birmingham,Free,Vivianne Miedema,Kids,2023-03-26,False,False
S002251,Ingrid,18-24,United Kingdom,Liverpool,Free,Martin Odegaard,Kids,2024-01-11,True,False
S002252,Olivia,45-54,United Kingdom,Liverpool,None,Gabriel Martinelli,Away Shirt,2022-04-11,True,False
S002253,Taylor,18-24,Australia,Melbourne,None,Gabriel Jesus,Away Shirt,2021-02-12,True,False
S002254,Chidi,55-64,India,Mumbai,Gold,Bukayo Saka,Training Wear,2019-10-25,True,True
S002255,Yuki,35-44,United Kingdom,Bristol,Free,William Saliba,Hospitality,2024-02-07,True,False
S002256,Sofia,35-44,United Kingdom,Manchester,Free,Declan Rice,Away Shirt,2019-05-20,True,False
S002257,Cameron,35-44,United Kingdom,Manchester,Gold,Martin Odegaard,Hospitality,2024-01-26,True,False
S002258,Martin,35-44,Norway,Oslo,None,Gabriel Jesus,Away Shirt,2017-02-26,True,False
S002259,Sam,55-64,United Kingdom,London,Silver,Martin Odegaard,Retro,2022-06-14,True,False
S002260,Priya,35-44,United Kingdom,Manchester,Red Member,Declan Rice,Away Shirt,2017-05-03,False,True
S002261,Katie,65+,Nigeria,Ibadan,Free,Ben White,Hospitality,2025-01-30,True,False
S002262,Mateo,18-24,United Kingdom,Birmingham,Free,William Saliba,Away Shirt,2024-10-04,True,False
S002263,Drew,18-24,United States,Boston,Free,Declan Rice,Hospitality,2016-10-22,True,False
S002264,Emile,35-44,United Kingdom,London,Free,William Saliba,Away Shirt,2016-06-14,True,False
S002265,Drew,25-34,United Kingdom,Birmingham,None,Ben White,Away Shirt,2017-12-06,True,False
S002266,Olivia,45-54,United Kingdom,Birmingham,Free,Vivianne Miedema,Retro,2022-10-18,True,False
S002267,Cameron,35-44,United Kingdom,London,Free,William Saliba,Away Shirt,2023-04-25,True,False
S002268,Emile,35-44,India,Mumbai,Free,Martin Odegaard,Training Wear,2019-04-16,False,False
S002269,Harper,35-44,Japan,Osaka,Free,Gabriel Martinelli,Kids,2024-10-17,True,False
S002270,Bukayo,45-54,Nigeria,Lagos,None,William Saliba,Third Kit,2023-08-15,True,False
S002271,Mateo,25-34,United Kingdom,Birmingham,Free,Beth Mead,Hospitality,2024-09-24,True,False
S002272,Diego,25-34,Japan,Osaka,Red Member,Martin Odegaard,Third Kit,2021-11-10,True,True
S002273,Martin,35-44,United Kingdom,Manchester,None,Gabriel Jesus,Away Shirt,2024-09-09,False,False
S002274,Beth,25-34,United Kingdom,Birmingham,Free,Declan Rice,Hospitality,2017-01-31,True,False
S002275,Alex,55-64,Australia,Melbourne,Silver,Vivianne Miedema,Accessories,2020-10-28,True,False
S002276,Noor,35-44,United Kingdom,London,Free,Bukayo Saka,Kids,2020-04-15,True,False
S002277,Jordan,65+,United Kingdom,London,None,Ben White,Retro,2022-10-18,True,False
S002278,Sam,35-44,United Kingdom,Leeds,None,William Saliba,Hospitality,2016-05-07,True,False
S002279,Morgan,25-34,Nigeria,Abuja,Free,Martin Odegaard,Accessories,2023-03-26,True,False
S002280,Harper,18-24,United Kingdom,Leeds,Gold,Gabriel Martinelli,Training Wear,2019-04-24,True,True
S002281,Olivia,35-44,Germany,Munich,None,Beth Mead,Home Shirt,2022-07-20,True,False
S002282,Gabriel,25-34,United Kingdom,Manchester,Silver,Leah Williamson,Away Shirt,2016-05-05,True,False
S002283,Harper,45-54,United Kingdom,Leeds,Silver,William Saliba,Retro,2025-07-15,True,False
S002284,Devon,55-64,United Arab Emirates,Abu Dhabi,Gold,Leah Williamson,Away Shirt,2021-09-12,False,True
S002285,Jamie,55-64,United Kingdom,Bristol,Free,William Saliba,Third Kit,2023-01-25,True,False
S002286,Taylor,35-44,United Kingdom,Leeds,Free,William Saliba,Home Shirt,2024-05-25,True,False
S002287,Priya,65+,United Kingdom,Bristol,Red Member,Gabriel Jesus,Kids,2023-04-30,True,False
S002288,Charlie,45-54,United Kingdom,Birmingham,Gold,Ben White,Away Shirt,2018-06-28,True,False
S002289,Martin,35-44,United Kingdom,Liverpool,Free,William Saliba,Away Shirt,2025-01-27,True,False
S002290,Vivianne,25-34,United Kingdom,Bristol,None,Vivianne Miedema,Third Kit,2020-02-08,True,False
S002291,Noor,45-54,United States,Boston,None,Ben White,Kids,2016-08-19,True,False
S002292,Rowan,65+,United Arab Emirates,Abu Dhabi,Red Member,Beth Mead,Retro,2021-01-25,True,True
S002293,Leah,45-54,United Kingdom,Leeds,Free,Gabriel Martinelli,Away Shirt,2024-08-05,True,False
S002294,Sofia,65+,United States,Dallas,Silver,Beth Mead,Training Wear,2025-05-16,True,False
S002295,Ingrid,45-54,United Kingdom,Birmingham,None,Ben White,Accessories,2024-01-04,True,False
S002296,Jordan,65+,United Kingdom,Bristol,Silver,Martin Odegaard,Accessories,2025-05-18,True,False
S002297,Katie,65+,United Kingdom,Manchester,Silver,Kai Havertz,Hospitality,2023-06-01,True,False
S002298,Olivia,35-44,United Kingdom,London,Red Member,Bukayo Saka,Retro,2022-05-14,True,True
S002299,Reese,35-44,United Kingdom,Liverpool,None,Vivianne Miedema,Training Wear,2020-08-24,False,False
S002300,Jamie,65+,United Kingdom,Manchester,Silver,Bukayo Saka,Accessories,2022-04-29,True,False
S002301,Beth,25-34,Japan,Tokyo,Silver,Kai Havertz,Hospitality,2020-07-15,True,False
S002302,Noor,18-24,Nigeria,Ibadan,Free,Vivianne Miedema,Away Shirt,2023-08-14,True,False
S002303,Rowan,25-34,United States,New York,None,Gabriel Jesus,Accessories,2018-08-12,True,False
S002304,Gabriel,55-64,United Kingdom,Leeds,Free,Ben White,Retro,2018-10-19,True,False
S002305,Wei,35-44,United Kingdom,London,Free,William Saliba,Retro,2018-11-01,True,False
S002306,Drew,25-34,United States,Dallas,Silver,Gabriel Jesus,Hospitality,2025-04-30,True,False
S002307,Skyler,25-34,United Kingdom,Liverpool,None,Declan Rice,Away Shirt,2016-11-02,False,False
S002308,Jordan,45-54,United Kingdom,Manchester,None,Kai Havertz,Training Wear,2018-02-14,True,False
S002309,Chidi,45-54,Nigeria,Lagos,Silver,Gabriel Jesus,Hospitality,2018-09-10,True,False
S002310,Alex,18-24,United Kingdom,Bristol,Free,Vivianne Miedema,Away Shirt,2023-12-04,True,False
S002311,Cameron,25-34,United Kingdom,Liverpool,Silver,Vivianne Miedema,Training Wear,2023-09-04,True,False
S002312,Morgan,55-64,United States,Los Angeles,Gold,Vivianne Miedema,Away Shirt,2018-08-09,False,True
S002313,Olivia,35-44,United States,Boston,Free,Martin Odegaard,Hospitality,2021-05-12,True,False
S002314,Priya,18-24,Norway,Oslo,Free,Bukayo Saka,Kids,2017-10-13,True,False
S002315,Ingrid,25-34,Nigeria,Abuja,Red Member,Gabriel Jesus,Hospitality,2024-01-06,True,True
S002316,Priya,25-34,United States,Los Angeles,Free,Bukayo Saka,Accessories,2017-12-26,True,False
S002317,Mateo,45-54,United Kingdom,Leeds,Silver,Declan Rice,Home Shirt,2019-05-25,True,False
S002318,Jordan,25-34,Australia,Sydney,Silver,Martin Odegaard,Retro,2019-06-02,True,False
S002319,Jamie,25-34,United Kingdom,Liverpool,None,Gabriel Martinelli,Third Kit,2021-05-29,True,False
S002320,Wei,45-54,Japan,Tokyo,Red Member,Kai Havertz,Third Kit,2023-08-09,True,False
S002321,Diego,25-34,Nigeria,Ibadan,None,Declan Rice,Retro,2023-08-24,True,False
S002322,Gabriel,18-24,Nigeria,Lagos,None,Vivianne Miedema,Third Kit,2016-12-28,True,False
S002323,Skyler,35-44,Norway,Oslo,Free,Bukayo Saka,Training Wear,2025-01-28,True,False
S002324,Sofia,45-54,United States,New York,Red Member,Leah Williamson,Training Wear,2019-08-22,True,True
S002325,Vivianne,25-34,United States,Los Angeles,None,Gabriel Jesus,Accessories,2020-02-18,False,False
S002326,Skyler,25-34,Norway,Bergen,None,Gabriel Jesus,Retro,2017-11-15,True,False
S002327,Reese,55-64,United States,New York,Free,Gabriel Jesus,Kids,2022-04-10,True,False
S002328,Ingrid,25-34,United States,New York,None,Leah Williamson,Home Shirt,2016-03-20,True,False
S002329,Hassan,25-34,United Arab Emirates,Dubai,Free,Ben White,Third Kit,2018-08-24,True,False
S002330,Ingrid,18-24,United Kingdom,Birmingham,None,Beth Mead,Accessories,2022-12-05,True,False
S002331,Bukayo,65+,Germany,Hamburg,Gold,Beth Mead,Third Kit,2020-10-27,True,False
S002332,Declan,35-44,Nigeria,Abuja,None,Gabriel Jesus,Accessories,2016-11-06,False,False
S002333,Olivia,18-24,United Kingdom,Leeds,None,Ben White,Accessories,2020-06-26,True,False
S002334,Kenji,25-34,United Kingdom,London,Free,Ben White,Accessories,2023-06-13,True,False
S002335,Reese,35-44,United Kingdom,London,Free,Gabriel Martinelli,Third Kit,2016-10-12,False,False
S002336,Sofia,35-44,United Kingdom,Birmingham,Silver,Gabriel Jesus,Hospitality,2020-04-26,False,False
S002337,Sofia,35-44,United Kingdom,Leeds,Free,Ben White,Retro,2020-02-25,True,False
S002338,Leah,25-34,Nigeria,Abuja,Silver,Kai Havertz,Accessories,2017-01-19,True,False
S002339,Quinn,35-44,United Arab Emirates,Dubai,Free,Leah Williamson,Kids,2020-07-08,False,False
S002340,Sofia,18-24,United Arab Emirates,Abu Dhabi,Silver,Gabriel Martinelli,Retro,2018-05-05,True,False
S002341,Beth,25-34,UNITED STATES,Dallas,Silver,Kai Havertz,Third Kit,2025-01-17,True,False
S002342,Quinn,35-44,United Arab Emirates,Dubai,Free,Vivianne Miedema,Accessories,2025-08-18,True,False
S002343,Katie,18-24,United Kingdom,Manchester,Silver,Martin Odegaard,Hospitality,2024-02-20,True,False
S002344,Vivianne,18-24,United Kingdom,Leeds,Free,Martin Odegaard,Accessories,2022-08-25,True,False
S002345,Priya,55-64,United Kingdom,Manchester,None,Bukayo Saka,Training Wear,2024-07-08,True,False
S002346,Kenji,25-34,United Kingdom,Birmingham,Silver,Vivianne Miedema,Away Shirt,2018-02-05,True,False
S002347,Mateo,25-34,United Kingdom,Birmingham,Gold,Gabriel Martinelli,Training Wear,2017-10-25,True,True
S002348,Priya,25-34,United Kingdom,Bristol,Free,Ben White,Home Shirt,2022-09-16,True,False
S002349,Emile,45-54,United Kingdom,Liverpool,Free,Gabriel Martinelli,Retro,2022-03-23,True,False
S002350,Morgan,18-24,Australia,Melbourne,None,William Saliba,Kids,2024-11-07,True,False
S002351,Vivianne,35-44,United Kingdom,Leeds,None,Kai Havertz,Third Kit,2017-04-13,True,False
S002352,Priya,25-34,United Kingdom,Birmingham,None,Kai Havertz,Kids,2024-11-12,True,False
S002353,Gabriel,35-44,United Kingdom,Birmingham,Gold,Declan Rice,Accessories,2019-10-13,False,False
S002354,Yuki,18-24,United Kingdom,Bristol,Free,Martin Odegaard,Home Shirt,2023-10-18,True,False
S002355,Katie,35-44,United Kingdom,Leeds,Red Member,Gabriel Jesus,Accessories,2021-01-13,True,True
S002356,Skyler,35-44,Norway,Oslo,None,Bukayo Saka,Training Wear,2020-07-12,True,False
S002357,Mateo,18-24,United States,New York,None,Beth Mead,Home Shirt,2018-01-07,True,False
S002358,Amara,18-24,United Kingdom,Leeds,Red Member,Leah Williamson,Hospitality,2018-08-11,True,False
S002359,Leah,25-34,Canada,Vancouver,Free,Vivianne Miedema,Home Shirt,2024-11-13,True,False
S002360,Gabriel,25-34,United Kingdom,Manchester,Free,Declan Rice,Training Wear,2024-08-16,True,False
S002361,Reese,35-44,United Kingdom,London,Free,Gabriel Martinelli,Kids,2021-07-22,False,False
S002362,Bukayo,18-24,United Kingdom,Bristol,Silver,Declan Rice,Retro,2018-03-25,True,False
S002363,Diego,35-44,Canada,Vancouver,Free,Gabriel Martinelli,Accessories,2022-01-30,True,False
S002364,Liam,25-34,United Kingdom,Birmingham,None,Ben White,Training Wear,2020-09-07,True,False
S002365,Martin,35-44,United Kingdom,London,None,Bukayo Saka,Third Kit,2016-11-29,True,False
S002366,Leah,35-44,United States,New York,Gold,Declan Rice,Retro,2022-10-19,False,True
S002367,Taylor,25-34,United Kingdom,Liverpool,Free,Ben White,Training Wear,2016-12-21,True,False
S002368,Mateo,18-24,United Kingdom,Manchester,None,Vivianne Miedema,Away Shirt,2021-05-11,True,False
S002369,Declan,25-34,United Kingdom,Bristol,Silver,William Saliba,Accessories,2016-11-30,True,False
S002370,Yuki,25-34,United Kingdom,Leeds,None,Gabriel Martinelli,Retro,2021-10-18,True,False
S002371,Alex,35-44,United Kingdom,Liverpool,None,Beth Mead,Retro,2023-08-17,True,False
S002372,Declan,35-44,United Kingdom,Bristol,Silver,Gabriel Martinelli,Third Kit,2024-01-30,False,False
S002373,Olivia,45-54,United Kingdom,Manchester,Silver,Declan Rice,Accessories,2022-11-18,True,False
S002374,Kai,35-44,United Kingdom,Manchester,None,Ben White,Training Wear,2023-02-07,True,False
S002375,Noor,35-44,Germany,Hamburg,None,Beth Mead,Training Wear,2017-03-24,True,False
S002376,Morgan,55-64,United Kingdom,Bristol,Free,Kai Havertz,Retro,2024-12-02,False,False
S002377,Gabriel,25-34,Germany,Hamburg,Gold,William Saliba,Away Shirt,2018-11-13,True,False
S002378,Amara,25-34,United Kingdom,London,Silver,Vivianne Miedema,Kids,2022-09-28,False,False
S002379,Olivia,45-54,United Kingdom,Manchester,Red Member,Martin Odegaard,Hospitality,2020-09-22,True,False
S002380,Reese,25-34,United Kingdom,Birmingham,Free,William Saliba,Home Shirt,2016-06-05,True,False
S002381,Vivianne,18-24,United States,Los Angeles,Free,Leah Williamson,Home Shirt,2023-06-14,True,False
S002382,Yuki,18-24,India,Bengaluru,None,Declan Rice,Home Shirt,2024-03-23,True,False
S002383,Katie,35-44,United Kingdom,London,Silver,Gabriel Martinelli,Hospitality,2020-12-11,True,False
S002384,Diego,65+,United States,Chicago,Silver,Leah Williamson,Retro,2021-09-06,True,False
S002385,Martin,25-34,Nigeria,Abuja,Free,Gabriel Jesus,Kids,2021-12-24,True,False
S002386,Emile,35-44,United Kingdom,Leeds,Silver,Bukayo Saka,Away Shirt,2016-05-12,True,False
S002387,Sofia,65+,United Kingdom,London,Free,Gabriel Jesus,Home Shirt,2016-05-09,True,False
S002388,Kenji,18-24,Canada,Vancouver,Free,Gabriel Jesus,Training Wear,2021-04-12,False,False
S002389,Harper,55-64,Norway,Oslo,Silver,Declan Rice,Hospitality,2025-07-05,True,False
S002390,Kai,18-24,United Kingdom,Leeds,Silver,Bukayo Saka,Away Shirt,2025-02-28,True,False
S002391,Charlie,18-24,United Kingdom,London,None,Kai Havertz,Hospitality,2025-05-27,True,False
S002392,Hassan,18-24,United Kingdom,Liverpool,Silver,Martin Odegaard,Accessories,2024-04-24,False,False
S002393,Morgan,25-34,United States,Los Angeles,Gold,Beth Mead,Third Kit,2018-06-18,True,False
S002394,Ingrid,55-64,Norway,Oslo,Free,Beth Mead,Hospitality,2021-05-17,True,False
S002395,Harper,35-44,UNITED KINGDOM,Bristol,None,Declan Rice,Home Shirt,2019-03-03,False,False
S002396,Beth,25-34,Nigeria,Lagos,None,Martin Odegaard,Hospitality,2016-10-09,True,False
S002397,Harper,35-44,United Kingdom,Liverpool,Free,Leah Williamson,Accessories,2024-06-22,True,False
S002398,Rowan,18-24,United States,New York,Gold,Bukayo Saka,Home Shirt,2024-06-10,True,True
S002399,Gabriel,45-54,United Kingdom,Manchester,None,Leah Williamson,Third Kit,2018-01-29,False,False
S002400,Kai,35-44,Japan,Osaka,Gold,Vivianne Miedema,Kids,2023-03-31,True,False
S002401,Hassan,55-64,United Kingdom,Leeds,None,Beth Mead,Third Kit,2018-12-11,False,False
S002402,Noor,45-54,United Kingdom,Liverpool,Red Member,William Saliba,Retro,2018-06-15,True,False
S002403,Jamie,18-24,Norway,Oslo,Free,Gabriel Jesus,Away Shirt,2018-08-05,True,False
S002404,Ingrid,35-44,India,Mumbai,None,Bukayo Saka,Retro,2020-09-11,True,False
S002405,Bukayo,25-34,Nigeria,Ibadan,Red Member,Ben White,Third Kit,2022-07-03,True,True
S002406,Cameron,25-34,United Kingdom,London,Free,Bukayo Saka,Third Kit,2018-09-16,True,False
S002407,Rowan,25-34,United Kingdom,Manchester,Free,Beth Mead,Training Wear,2017-11-06,True,False
S002408,Emile,35-44,United Kingdom,London,Free,Leah Williamson,Home Shirt,2020-12-31,True,False
S002409,Sofia,35-44,Germany,Berlin,Free,Declan Rice,Away Shirt,2022-12-01,True,False
S002410,Jordan,25-34,United Kingdom,Manchester,Free,Bukayo Saka,Retro,2017-02-13,True,False
S002411,Vivianne,18-24,United States,Dallas,Silver,Ben White,Hospitality,2019-09-04,True,False
S002412,Charlie,18-24,United Kingdom,Birmingham,None,Martin Odegaard,Training Wear,2023-08-09,True,False
S002413,Beth,25-34,United Kingdom,Leeds,Free,Beth Mead,Retro,2017-12-12,True,False
S002414,Katie,18-24,India,Bengaluru,Silver,Gabriel Jesus,Third Kit,2021-10-06,True,False
S002415,Leah,35-44,Norway,Oslo,Free,Gabriel Jesus,Hospitality,2024-07-14,True,False
S002416,Vivianne,25-34,United Kingdom,Liverpool,Silver,Martin Odegaard,Away Shirt,2017-12-27,False,False
S002417,Mateo,35-44,United States,New York,Red Member,Vivianne Miedema,Kids,2016-08-25,True,False
S002418,Charlie,18-24,United Kingdom,Leeds,Free,Ben White,Away Shirt,2019-02-21,True,False
S002419,Wei,25-34,United States,Chicago,Free,Kai Havertz,Away Shirt,2020-07-11,True,False
S002420,Martin,25-34,Australia,Sydney,None,Gabriel Jesus,Third Kit,2019-06-03,True,False
S002421,Priya,65+,United Kingdom,Leeds,None,Beth Mead,Home Shirt,2017-05-08,False,False
S002422,Declan,25-34,India,Bengaluru,Gold,Declan Rice,Kids,2016-09-15,True,True
S002423,Sam,35-44,United Kingdom,London,None,Kai Havertz,Retro,2016-02-09,True,False
S002424,Cameron,55-64,Nigeria,Ibadan,Red Member,Martin Odegaard,Kids,2016-08-30,True,True
S002425,Mateo,35-44,Canada,Toronto,Free,Leah Williamson,Accessories,2016-12-15,True,False
S002426,Priya,18-24,United States,Los Angeles,None,Leah Williamson,Training Wear,2017-12-29,True,False
S002427,Olivia,35-44,United Kingdom,Birmingham,None,Vivianne Miedema,Kids,2019-02-15,False,False
S002428,Beth,35-44,United Kingdom,Manchester,Free,William Saliba,Home Shirt,2025-04-14,True,False
S002429,Emile,25-34,United States,Chicago,Silver,Beth Mead,Home Shirt,2019-04-12,False,False
S002430,Emile,25-34,United Kingdom,Manchester,Free,Gabriel Jesus,Retro,2017-01-02,True,False
S002431,Vivianne,65+,United Kingdom,Leeds,Gold,Vivianne Miedema,Retro,2020-04-01,True,True
S002432,Riley,25-34,Norway,Oslo,None,Kai Havertz,Retro,2025-07-12,True,False
S002433,Yuki,35-44,United Kingdom,Birmingham,None,Ben White,Training Wear,2019-05-30,True,False
S002434,Vivianne,18-24,United Kingdom,Bristol,None,Gabriel Jesus,Accessories,2019-02-07,True,False
S002435,Kenji,25-34,United States,New York,Free,Martin Odegaard,Training Wear,2017-12-08,True,False
S002436,Yuki,35-44,Nigeria,Lagos,Red Member,Bukayo Saka,Away Shirt,2017-09-28,True,False
S002437,Katie,18-24,United Kingdom,Manchester,None,Declan Rice,Away Shirt,2020-06-12,False,False
S002438,Diego,25-34,United Kingdom,Birmingham,Red Member,William Saliba,Kids,2024-02-12,True,False
S002439,Sam,25-34,United Kingdom,Birmingham,None,Bukayo Saka,Third Kit,2023-07-14,True,False
S002440,Emile,35-44,United Kingdom,Liverpool,Silver,Declan Rice,Kids,2023-04-16,True,False
S002441,Beth,18-24,United States,Boston,Silver,Bukayo Saka,Retro,2016-05-24,True,False
S002442,Olivia,25-34,Nigeria,Abuja,Silver,William Saliba,Training Wear,2022-07-09,True,False
S002443,Quinn,45-54,Nigeria,Lagos,Silver,Declan Rice,Retro,2025-04-15,False,False
S002444,Kai,18-24,United Kingdom,Bristol,Gold,Bukayo Saka,Training Wear,2025-06-07,True,True
S002445,Yuki,45-54,United Kingdom,London,Silver,Gabriel Martinelli,Away Shirt,2018-04-11,False,False
S002446,Alex,18-24,United Kingdom,Bristol,Free,Martin Odegaard,Hospitality,2024-01-21,True,False
S002447,Martin,35-44,Canada,Toronto,Free,Declan Rice,Training Wear,2019-02-07,True,False
S002448,Drew,25-34,Nigeria,Lagos,Silver,Vivianne Miedema,Kids,2025-03-24,False,False
S002449,Rowan,45-54,United Kingdom,London,Gold,Beth Mead,Kids,2021-06-16,True,False
S002450,Wei,35-44,United Arab Emirates,Abu Dhabi,None,Ben White,Accessories,2019-02-14,True,False
S002451,Devon,25-34,United States,Chicago,Silver,Vivianne Miedema,Accessories,2019-11-28,True,False
S002452,Jordan,45-54,Australia,Melbourne,Silver,Gabriel Martinelli,Retro,2018-04-07,True,False
S002453,Priya,65+,United States,New York,None,Martin Odegaard,Retro,2016-03-21,True,False
S002454,Leah,65+,United Kingdom,Liverpool,Free,Bukayo Saka,Third Kit,2019-09-30,True,False
S002455,Wei,65+,United States,Dallas,Silver,Martin Odegaard,Third Kit,2018-08-17,True,False
S002456,Kenji,25-34,Canada,Toronto,Silver,Gabriel Jesus,Kids,2024-12-15,True,False
S002457,Martin,65+,United Kingdom,Bristol,Silver,Martin Odegaard,Kids,2024-09-22,True,False
S002458,Emile,25-34,United Kingdom,Manchester,Red Member,Martin Odegaard,Home Shirt,2023-09-04,True,False
S002459,Katie,25-34,United Kingdom,Birmingham,Free,Gabriel Martinelli,Training Wear,2023-09-18,False,False
S002460,Riley,35-44,United States,Boston,Silver,Declan Rice,Hospitality,2018-05-25,True,False
S002461,Amara,45-54,United Kingdom,Leeds,Silver,Gabriel Martinelli,Home Shirt,2019-01-13,True,False
S002462,Sofia,35-44,United Kingdom,Birmingham,None,Martin Odegaard,Third Kit,2022-08-27,True,False
S002463,Sofia,35-44,United Kingdom,Birmingham,Free,Declan Rice,Third Kit,2016-02-16,True,False
S002464,Charlie,35-44,United Kingdom,Birmingham,Free,Beth Mead,Retro,2017-05-12,True,False
S002465,Vivianne,35-44,United Kingdom,Birmingham,Red Member,Gabriel Jesus,Accessories,2019-10-29,True,True
S002466,Jamie,35-44,United States,Dallas,Red Member,Martin Odegaard,Kids,2017-05-18,True,True
S002467,Kai,55-64,India,Bengaluru,None,Declan Rice,Retro,2025-05-19,True,False
S002468,Jordan,25-34,United Kingdom,Birmingham,Silver,Bukayo Saka,Hospitality,2022-07-03,True,False
S002469,Sofia,35-44,United Kingdom,Leeds,None,Vivianne Miedema,Home Shirt,2024-08-29,True,False
S002470,Morgan,65+,India,Mumbai,Gold,William Saliba,Hospitality,2023-01-20,True,False
S002471,Sofia,45-54,Nigeria,Kano,Silver,Leah Williamson,Retro,2018-06-17,False,False
S002472,Priya,18-24,United Kingdom,Manchester,Silver,Declan Rice,Third Kit,2017-02-08,True,False
S002473,Wei,65+,United States,Chicago,Silver,Vivianne Miedema,Kids,2019-07-14,True,False
S002474,Vivianne,25-34,United States,New York,Silver,Declan Rice,Home Shirt,2017-01-20,True,False
S002475,Leah,18-24,Nigeria,Abuja,Silver,Bukayo Saka,Away Shirt,2024-01-23,True,False
S002476,Reese,55-64,United Kingdom,Manchester,None,Ben White,Home Shirt,2017-12-14,True,False
S002477,Diego,65+,United Kingdom,London,Red Member,Martin Odegaard,Training Wear,2021-03-23,True,False
S002478,Priya,35-44,Japan,Osaka,Free,Kai Havertz,Home Shirt,2017-08-24,True,False
S002479,Bukayo,25-34,India,Delhi,Silver,Martin Odegaard,Hospitality,2023-07-08,True,False
S002480,Emile,25-34,Australia,Sydney,Silver,Gabriel Jesus,Accessories,2024-05-11,True,False
S002481,Bukayo,45-54,United Kingdom,Bristol,None,Declan Rice,Home Shirt,2023-08-07,True,False
S002482,Kenji,35-44,United Kingdom,Bristol,Silver,Beth Mead,Hospitality,2021-10-12,True,False
S002483,Noor,35-44,United Kingdom,Bristol,Silver,Declan Rice,Hospitality,2023-07-23,True,False
S002484,Declan,65+,Nigeria,Abuja,Free,Ben White,Training Wear,2018-10-22,True,False
S002485,Mateo,35-44,United Kingdom,Leeds,None,Ben White,Accessories,2018-04-07,True,False
S002486,Charlie,55-64,United Kingdom,Leeds,Free,Kai Havertz,Third Kit,2019-06-27,True,False
S002487,Cameron,55-64,United Kingdom,Bristol,None,Martin Odegaard,Kids,2021-05-14,True,False
S002488,Leah,45-54,United Kingdom,Bristol,None,William Saliba,Third Kit,2017-06-23,True,False
S002489,Sam,35-44,United States,Chicago,Free,Kai Havertz,Training Wear,2017-03-03,True,False
S002490,Sam,35-44,Germany,Hamburg,Red Member,Gabriel Martinelli,Retro,2022-08-31,True,True
S002491,Bukayo,35-44,United States,New York,None,Leah Williamson,Training Wear,2022-11-16,True,False
S002492,Alex,45-54,Australia,Melbourne,Silver,William Saliba,Kids,2021-06-23,False,False
S002493,Priya,35-44,United States,Chicago,Free,William Saliba,Away Shirt,2016-05-17,True,False
S002494,Vivianne,18-24,United Kingdom,Manchester,Silver,Kai Havertz,Retro,2016-04-10,True,False
S002495,Kenji,18-24,Canada,Vancouver,Red Member,Declan Rice,Home Shirt,2019-05-29,True,True
S002496,Bukayo,55-64,United Kingdom,Liverpool,None,Leah Williamson,Training Wear,2023-04-24,True,False
S002497,Taylor,35-44,United Arab Emirates,Dubai,Gold,Gabriel Jesus,Accessories,2019-10-17,True,True
S002498,Taylor,45-54,United Kingdom,Leeds,Silver,Ben White,Home Shirt,2016-05-24,True,False
S002499,Riley,25-34,United Kingdom,Birmingham,Silver,Ben White,Hospitality,2024-01-26,True,False
S002500,Charlie,18-24,United Kingdom,Bristol,Free,Kai Havertz,Training Wear,2018-12-24,True,False
S002501,Taylor,35-44,United Kingdom,Leeds,Gold,Declan Rice,Training Wear,2022-04-04,True,True
S002502,Martin,35-44,United Kingdom,Birmingham,Red Member,Beth Mead,Retro,2020-02-21,True,False
S002503,Skyler,45-54,United Kingdom,Leeds,Free,Kai Havertz,Hospitality,2017-09-08,True,False
S002504,Yuki,25-34,United Kingdom,Leeds,Silver,Ben White,Away Shirt,2019-10-02,True,False
S002505,Hassan,25-34,India,Mumbai,None,Gabriel Jesus,Training Wear,2022-07-04,True,False
S002506,Riley,45-54,United Kingdom,Liverpool,Red Member,Ben White,Accessories,2018-02-25,True,False
S002507,Gabriel,25-34,United Kingdom,Manchester,None,Bukayo Saka,Kids,2016-02-24,True,False
S002508,Sofia,45-54,United Kingdom,Leeds,Silver,Gabriel Jesus,Kids,2017-12-01,False,False
S002509,Amara,35-44,United Kingdom,Birmingham,Free,Martin Odegaard,Kids,2020-10-12,True,False
S002510,Skyler,35-44,United Kingdom,Liverpool,Free,Declan Rice,Hospitality,2022-09-25,True,False
S002511,Amara,55-64,United States,Boston,None,Leah Williamson,Training Wear,2021-09-24,True,False
S002512,Noor,25-34,United Kingdom,London,Silver,William Saliba,Away Shirt,2017-07-06,True,False
S002513,Wei,45-54,United Kingdom,Birmingham,Red Member,Leah Williamson,Kids,2025-06-17,True,False
S002514,Beth,25-34,Norway,Bergen,Silver,Kai Havertz,Away Shirt,2018-06-25,True,False
S002515,Diego,55-64,United Kingdom,Liverpool,Red Member,Bukayo Saka,Home Shirt,2021-10-15,False,False
S002516,Taylor,35-44,United Kingdom,Birmingham,None,Bukayo Saka,Retro,2022-04-12,True,False
S002517,Wei,35-44,United Kingdom,Manchester,Red Member,Gabriel Jesus,Home Shirt,2017-09-14,True,True
S002518,Skyler,18-24,United Kingdom,Liverpool,Silver,Martin Odegaard,Retro,2021-11-17,True,False
S002519,Mateo,35-44,Australia,Sydney,Free,William Saliba,Home Shirt,2018-10-10,True,False
S002520,Diego,45-54,United Kingdom,Liverpool,Red Member,Martin Odegaard,Away Shirt,2024-02-18,True,True
S002521,Devon,65+,United States,Chicago,Free,Bukayo Saka,Retro,2016-09-01,True,False
S002522,Cameron,45-54,Canada,Vancouver,None,Ben White,Hospitality,2022-09-07,True,False
S002523,Morgan,18-24,United Kingdom,Bristol,None,Leah Williamson,Third Kit,2024-05-14,True,False
S002524,Olivia,45-54,United Kingdom,Liverpool,Free,Bukayo Saka,Third Kit,2016-10-11,True,False
S002525,Noor,55-64,United Kingdom,Birmingham,Red Member,Kai Havertz,Home Shirt,2022-03-20,True,True
S002526,Taylor,18-24,United Kingdom,Manchester,Free,Leah Williamson,Home Shirt,2018-08-06,True,False
S002527,Rowan,35-44,United States,Chicago,None,Gabriel Martinelli,Home Shirt,2021-12-22,False,False
S002528,Ingrid,25-34,United States,Boston,Red Member,Ben White,Retro,2022-02-21,True,False
S002529,Kenji,25-34,United Kingdom,Manchester,Silver,Ben White,Away Shirt,2023-09-28,True,False
S002530,Jordan,35-44,United Kingdom,Bristol,Free,Vivianne Miedema,Home Shirt,2022-10-06,True,False
S002531,Noor,45-54,United States,Boston,Silver,Beth Mead,Retro,2020-10-05,True,False
S002532,Beth,55-64,Norway,Bergen,Silver,Bukayo Saka,Retro,2018-11-11,True,False
S002533,Emile,45-54,Nigeria,Lagos,None,Gabriel Martinelli,Retro,2024-10-06,True,False
S002534,Charlie,55-64,United Kingdom,Birmingham,Free,Beth Mead,Third Kit,2023-08-12,True,False
S002535,Priya,25-34,United Kingdom,Bristol,Free,Ben White,Accessories,2016-03-11,True,False
S002536,Emile,55-64,United Kingdom,Liverpool,Gold,Martin Odegaard,Kids,2017-06-07,True,False
S002537,Diego,35-44,Nigeria,Ibadan,None,Gabriel Jesus,Accessories,2023-01-29,True,False
S002538,Noor,25-34,India,Bengaluru,None,Leah Williamson,Away Shirt,2017-01-05,True,False
S002539,Jamie,18-24,United States,Dallas,Red Member,Beth Mead,Kids,2021-01-13,True,True
S002540,Vivianne,35-44,United Kingdom,Bristol,Red Member,Ben White,Away Shirt,2019-08-14,True,True
S002541,Gabriel,55-64,United States,Boston,Gold,Leah Williamson,Third Kit,2019-05-18,True,False
S002542,Chidi,18-24,United Kingdom,Birmingham,Gold,Declan Rice,Accessories,2019-10-27,True,False
S002543,Sofia,25-34,United Arab Emirates,Abu Dhabi,None,Declan Rice,Hospitality,2016-09-28,True,False
S002544,Jamie,25-34,United Kingdom,Leeds,Silver,Kai Havertz,Away Shirt,2025-03-04,True,False
S002545,Yuki,45-54,United Kingdom,London,Silver,Beth Mead,Training Wear,2020-05-12,True,False
S002546,Morgan,25-34,India,Mumbai,None,Beth Mead,Home Shirt,2016-12-13,True,False
S002547,Amara,55-64,United Kingdom,Leeds,None,William Saliba,Third Kit,2024-10-26,True,False
S002548,Quinn,45-54,Norway,Oslo,Free,Bukayo Saka,Away Shirt,2020-04-16,True,False
S002549,Katie,18-24,United Kingdom,Liverpool,Silver,Beth Mead,Home Shirt,2017-12-30,True,False
S002550,Jamie,18-24,United Kingdom,Bristol,None,Vivianne Miedema,Retro,2017-05-22,False,False
S002551,Riley,18-24,India,Mumbai,Silver,Declan Rice,Training Wear,2017-11-24,False,False
S002552,Quinn,18-24,United States,Chicago,None,Bukayo Saka,Kids,2022-01-11,True,False
S002553,Katie,18-24,United Kingdom,Liverpool,Gold,Gabriel Martinelli,Training Wear,2024-09-12,True,False
S002554,Drew,35-44,United Kingdom,Liverpool,None,Beth Mead,Home Shirt,2018-01-17,True,False
S002555,Amara,18-24,United States,Dallas,None,Beth Mead,Training Wear,2021-04-11,False,False
S002556,Charlie,45-54,United Kingdom,Birmingham,None,Beth Mead,Third Kit,2024-11-29,True,False
S002557,Chidi,65+,India,Mumbai,Free,Gabriel Martinelli,Kids,2021-09-05,True,False
S002558,Drew,55-64,United Kingdom,Bristol,Silver,Declan Rice,Third Kit,2024-08-17,True,False
S002559,Amara,25-34,India,Bengaluru,None,Gabriel Martinelli,Kids,2023-07-21,True,False
S002560,Martin,55-64,United Kingdom,Manchester,None,Bukayo Saka,Training Wear,2018-03-27,True,False
S002561,Rowan,25-34,India,Bengaluru,Red Member,Gabriel Jesus,Training Wear,2024-08-13,True,True
S002562,Gabriel,55-64,United States,Los Angeles,Gold,Beth Mead,Hospitality,2016-10-18,True,True
S002563,Katie,25-34,United States,Boston,None,Declan Rice,Retro,2020-09-18,True,False
S002564,Priya,25-34,United Kingdom,Manchester,Silver,Gabriel Jesus,Hospitality,2016-04-14,True,False
S002565,Priya,25-34,United Kingdom,Birmingham,Silver,Ben White,Away Shirt,2020-04-14,True,False
S002566,Charlie,35-44,United Kingdom,London,Gold,Leah Williamson,Retro,2019-09-24,True,True
S002567,Taylor,35-44,Norway,Bergen,Free,Kai Havertz,Retro,2019-05-18,True,False
S002568,Jamie,45-54,United Kingdom,Leeds,None,Gabriel Jesus,Accessories,2022-07-10,True,False
S002569,Declan,25-34,United Kingdom,London,None,Leah Williamson,Hospitality,2016-11-07,True,False
S002570,Liam,55-64,Canada,Toronto,Gold,Gabriel Jesus,Away Shirt,2022-03-20,True,False
S002571,Vivianne,25-34,United States,Los Angeles,Silver,Vivianne Miedema,Hospitality,2023-05-25,True,False
S002572,Beth,55-64,Canada,Toronto,Gold,William Saliba,Accessories,2023-03-08,True,False
S002573,Harper,25-34,India,Mumbai,Red Member,Gabriel Jesus,Home Shirt,2020-09-07,True,True
S002574,Ingrid,18-24,Japan,Osaka,None,Ben White,Home Shirt,2017-08-04,True,False
S002575,Martin,45-54,United Kingdom,Manchester,None,Martin Odegaard,Third Kit,2024-12-28,True,False
S002576,Mateo,18-24,United Kingdom,Manchester,None,Gabriel Jesus,Accessories,2022-02-08,True,False
S002577,Sofia,25-34,Germany,Berlin,Free,Gabriel Jesus,Away Shirt,2017-10-14,True,False
S002578,Declan,65+,United Kingdom,Bristol,Free,Bukayo Saka,Third Kit,2017-09-02,True,False
S002579,Leah,25-34,United Kingdom,Liverpool,None,Kai Havertz,Retro,2017-01-23,True,False
S002580,Bukayo,18-24,United States,Dallas,Silver,Kai Havertz,Kids,2021-11-26,True,False
S002581,Kai,45-54,India,Mumbai,Free,Declan Rice,Away Shirt,2017-10-11,False,False
S002582,Kai,45-54,United Kingdom,Birmingham,Free,Vivianne Miedema,Hospitality,2018-11-17,True,False
S002583,Taylor,18-24,United States,New York,None,Gabriel Jesus,Kids,2022-01-22,False,False
S002584,Kenji,25-34,United Kingdom,Birmingham,None,Vivianne Miedema,Third Kit,2016-03-22,True,False
S002585,Mateo,18-24,United Kingdom,Birmingham,None,Beth Mead,Training Wear,2024-12-16,True,False
S002586,Charlie,35-44,Australia,Sydney,Silver,Beth Mead,Kids,2019-11-26,True,False
S002587,Riley,45-54,United Kingdom,Liverpool,Silver,Ben White,Retro,2023-09-26,True,False
S002588,Sam,55-64,United States,Los Angeles,Silver,Gabriel Jesus,Kids,2024-09-06,True,False
S002589,Amara,25-34,Canada,Toronto,None,Kai Havertz,Hospitality,2022-06-11,False,False
S002590,Gabriel,18-24,United Kingdom,Bristol,Silver,Kai Havertz,Training Wear,2024-01-13,True,False
S002591,Devon,25-34,United Kingdom,Manchester,None,Gabriel Jesus,Kids,2021-10-10,False,False
S002592,Alex,55-64,United Kingdom,Bristol,Free,Beth Mead,Training Wear,2024-08-20,True,False
S002593,Quinn,25-34,United Kingdom,Leeds,None,Kai Havertz,Home Shirt,2024-04-04,False,False
S002594,Diego,55-64,United Kingdom,London,Free,Vivianne Miedema,Hospitality,2016-08-30,True,False
S002595,Chidi,45-54,United Kingdom,Birmingham,Free,Ben White,Third Kit,2019-06-19,True,False
S002596,Jordan,35-44,Japan,Osaka,Free,William Saliba,Hospitality,2017-05-23,True,False
S002597,Bukayo,35-44,United Kingdom,Birmingham,None,Ben White,Home Shirt,2022-10-14,True,False
S002598,Martin,45-54,United Kingdom,London,None,Kai Havertz,Home Shirt,2016-10-06,True,False
S002599,Liam,25-34,United Kingdom,Liverpool,Silver,Declan Rice,Kids,2019-11-23,True,False
S002600,Amara,55-64,United Kingdom,Birmingham,None,Kai Havertz,Third Kit,2018-06-14,True,False
S002601,Reese,35-44,Canada,Vancouver,None,Bukayo Saka,Away Shirt,2019-07-13,True,False
S002602,Liam,18-24,United Kingdom,Leeds,None,Bukayo Saka,Accessories,2017-02-25,True,False
S002603,Emile,35-44,United States,Chicago,Free,Declan Rice,Training Wear,2017-09-27,True,False
S002604,Cameron,35-44,United Kingdom,London,Gold,Gabriel Martinelli,Hospitality,2018-06-29,True,True
S002605,Gabriel,18-24,India,Bengaluru,Free,Bukayo Saka,Hospitality,2017-08-27,True,False
S002606,Alex,25-34,United Kingdom,London,Silver,Declan Rice,Hospitality,2023-10-01,False,False
S002607,Riley,25-34,United Kingdom,Bristol,Silver,Ben White,Third Kit,2019-05-05,True,False
S002608,Alex,45-54,United Kingdom,London,Red Member,Kai Havertz,Kids,2022-01-18,False,False
S002609,Beth,35-44,United Kingdom,London,None,Gabriel Jesus,Retro,2022-06-01,False,False
S002610,Quinn,35-44,Canada,Toronto,None,Martin Odegaard,Third Kit,2019-05-29,True,False
S002611,Priya,35-44,Canada,Vancouver,Red Member,Gabriel Jesus,Third Kit,2018-01-24,True,True
S002612,Amara,45-54,United Kingdom,Birmingham,None,Gabriel Martinelli,Accessories,2020-10-05,True,False
S002613,Vivianne,18-24,United Kingdom,Birmingham,None,Vivianne Miedema,Accessories,2022-01-02,True,False
S002614,Harper,35-44,United Kingdom,Leeds,Silver,Bukayo Saka,Third Kit,2025-07-28,False,False
S002615,Emile,45-54,United Kingdom,Bristol,None,Martin Odegaard,Third Kit,2023-08-03,True,False
S002616,Wei,35-44,Nigeria,Kano,Silver,Gabriel Martinelli,Third Kit,2022-04-07,True,False
S002617,Olivia,65+,United Kingdom,Birmingham,None,Vivianne Miedema,Hospitality,2025-02-10,True,False
S002618,Kai,25-34,United Kingdom,Bristol,Free,Leah Williamson,Training Wear,2024-12-18,True,False
S002619,Jamie,35-44,United States,Los Angeles,Free,Gabriel Jesus,Away Shirt,2023-01-20,True,False
S002620,Emile,35-44,United Kingdom,Bristol,Silver,Declan Rice,Home Shirt,2023-01-31,False,False
S002621,Morgan,25-34,Germany,Munich,Free,Beth Mead,Retro,2016-10-14,True,False
S002622,Hassan,18-24,Australia,Sydney,None,Declan Rice,Third Kit,2016-07-12,True,False
S002623,Priya,45-54,United States,Dallas,None,Gabriel Jesus,Hospitality,2016-06-15,False,False
S002624,Taylor,25-34,Canada,Vancouver,None,Vivianne Miedema,Retro,2023-05-24,True,False
S002625,Morgan,35-44,Norway,Bergen,Silver,Leah Williamson,Kids,2017-02-21,True,False
S002626,Mateo,25-34,United Kingdom,London,None,William Saliba,Retro,2021-03-30,True,False
S002627,Liam,25-34,United Kingdom,Manchester,Free,Bukayo Saka,Away Shirt,2016-12-16,True,False
S002628,Alex,18-24,United States,Chicago,Free,Vivianne Miedema,Third Kit,2024-06-28,False,False
S002629,Chidi,45-54,United States,New York,Silver,Ben White,Hospitality,2017-08-16,True,False
S002630,Wei,18-24,United Kingdom,Manchester,None,Bukayo Saka,Hospitality,2019-07-27,True,False
S002631,Jamie,18-24,Australia,Melbourne,Free,Bukayo Saka,Hospitality,2022-09-07,False,False
S002632,Emile,25-34,Australia,Sydney,Gold,Bukayo Saka,Training Wear,2021-07-31,True,True
S002633,Katie,45-54,United Arab Emirates,Abu Dhabi,None,Vivianne Miedema,Home Shirt,2018-06-08,True,False
S002634,Amara,25-34,Australia,Melbourne,None,Beth Mead,Away Shirt,2018-09-18,True,False
S002635,Mateo,35-44,Australia,Sydney,Gold,Gabriel Martinelli,Retro,2016-12-10,False,False
S002636,Olivia,55-64,United Arab Emirates,Abu Dhabi,None,Gabriel Jesus,Third Kit,2022-05-25,True,False
S002637,Declan,35-44,Nigeria,Kano,None,Leah Williamson,Accessories,2017-01-29,True,False
S002638,Liam,35-44,United Kingdom,Birmingham,Gold,Ben White,Retro,2020-08-14,True,False
S002639,Gabriel,18-24,United Kingdom,Birmingham,Silver,Gabriel Martinelli,Kids,2023-09-18,True,False
S002640,Kai,18-24,United Arab Emirates,Dubai,None,Ben White,Kids,2021-09-14,True,False
S002641,Leah,45-54,Australia,Sydney,Free,Beth Mead,Kids,2018-12-20,True,False
S002642,Declan,55-64,Germany,Hamburg,None,Vivianne Miedema,Home Shirt,2024-12-25,True,False
S002643,Kenji,18-24,United States,Los Angeles,Silver,Beth Mead,Away Shirt,2018-06-26,True,False
S002644,Mateo,25-34,United Kingdom,Leeds,Silver,Declan Rice,Home Shirt,2019-03-23,True,False
S002645,Morgan,45-54,United Kingdom,Bristol,None,Declan Rice,Away Shirt,2024-08-27,False,False
S002646,Charlie,18-24,United Kingdom,Bristol,Free,Kai Havertz,Home Shirt,2016-09-17,True,False
S002647,Charlie,18-24,United Kingdom,Birmingham,Red Member,Martin Odegaard,Hospitality,2018-03-13,True,True
S002648,Bukayo,55-64,United Arab Emirates,Dubai,Free,Ben White,Home Shirt,2020-08-21,True,False
S002649,Skyler,18-24,United Kingdom,Manchester,None,Ben White,Retro,2020-07-06,True,False
S002650,Mateo,18-24,Germany,Munich,Silver,Martin Odegaard,Accessories,2019-02-17,True,False
S002651,Rowan,18-24,United Kingdom,Bristol,None,Martin Odegaard,Home Shirt,2022-01-16,True,False
S002652,Taylor,25-34,United Kingdom,Liverpool,Silver,Bukayo Saka,Away Shirt,2023-07-15,True,False
S002653,Kai,45-54,United States,Chicago,Free,Leah Williamson,Kids,2021-06-06,True,False
S002654,Emile,35-44,United Kingdom,Leeds,None,Vivianne Miedema,Kids,2020-01-12,True,False
S002655,Hassan,25-34,United Kingdom,Leeds,Silver,Vivianne Miedema,Accessories,2022-10-06,True,False
S002656,Reese,18-24,Germany,Munich,Free,Ben White,Accessories,2023-05-28,True,False
S002657,Sofia,55-64,United Kingdom,Leeds,Gold,Leah Williamson,Kids,2024-10-10,True,True
S002658,Skyler,18-24,Norway,Oslo,None,Martin Odegaard,Away Shirt,2019-06-05,True,False
S002659,Alex,45-54,India,Mumbai,None,Beth Mead,Away Shirt,2017-08-22,True,False
S002660,Liam,18-24,United Arab Emirates,Abu Dhabi,Free,William Saliba,Hospitality,2021-08-01,True,False
S002661,Ingrid,35-44,United Kingdom,Liverpool,None,Kai Havertz,Training Wear,2022-10-04,True,False
S002662,Skyler,25-34,Germany,Berlin,None,Beth Mead,Retro,2019-05-28,True,False
S002663,Devon,65+,Japan,Osaka,Gold,Beth Mead,Accessories,2019-07-22,False,False
S002664,Declan,45-54,United Kingdom,Liverpool,Red Member,Gabriel Jesus,Training Wear,2022-08-31,True,False
S002665,Drew,35-44,United Kingdom,Bristol,Free,Leah Williamson,Away Shirt,2019-06-27,True,False
S002666,Gabriel,55-64,India,Mumbai,Gold,Kai Havertz,Hospitality,2024-10-23,False,True
S002667,Reese,25-34,United Kingdom,Leeds,Red Member,Gabriel Martinelli,Away Shirt,2022-11-10,True,False
S002668,Jamie,25-34,Germany,Berlin,Silver,Beth Mead,Home Shirt,2018-02-11,False,False
S002669,Beth,35-44,United Kingdom,London,Free,Gabriel Martinelli,Away Shirt,2020-03-11,True,False
S002670,Jordan,35-44,Canada,Vancouver,Silver,Ben White,Training Wear,2020-09-09,True,False
S002671,Morgan,25-34,Japan,Tokyo,None,Gabriel Martinelli,Hospitality,2018-02-15,True,False
S002672,Jordan,35-44,United Kingdom,Manchester,None,Declan Rice,Retro,2021-01-15,True,False
S002673,Amara,18-24,United Kingdom,London,Free,Declan Rice,Retro,2019-03-12,True,False
S002674,Rowan,25-34,Australia,Sydney,Red Member,Martin Odegaard,Retro,2017-08-17,True,True
S002675,Ingrid,55-64,United Kingdom,Liverpool,Silver,William Saliba,Third Kit,2023-03-13,True,False
S002676,Liam,18-24,United Kingdom,Leeds,None,Gabriel Jesus,Home Shirt,2019-07-29,False,False
S002677,Wei,18-24,Japan,Osaka,Silver,Bukayo Saka,Away Shirt,2017-02-28,False,False
S002678,Emile,35-44,United Kingdom,Birmingham,Free,Kai Havertz,Hospitality,2017-01-15,True,False
S002679,Priya,45-54,United Kingdom,Bristol,Red Member,Vivianne Miedema,Away Shirt,2023-05-26,False,True
S002680,Katie,18-24,United Kingdom,Leeds,Silver,Declan Rice,Training Wear,2018-06-11,True,False
S002681,Mateo,45-54,United States,Boston,None,Martin Odegaard,Hospitality,2016-07-27,True,False
S002682,Kenji,35-44,Norway,Bergen,Gold,Declan Rice,Training Wear,2020-07-06,True,True
S002683,Jordan,18-24,United Kingdom,Liverpool,Free,Bukayo Saka,Hospitality,2019-03-25,True,False
S002684,Liam,25-34,United Kingdom,Liverpool,Free,Leah Williamson,Kids,2019-01-23,False,False
S002685,Skyler,45-54,United States,Boston,Gold,Declan Rice,Away Shirt,2017-04-22,False,True
S002686,Cameron,65+,United Kingdom,Manchester,Free,Ben White,Hospitality,2017-03-24,True,False
S002687,Yuki,25-34,United Kingdom,Leeds,Silver,Kai Havertz,Training Wear,2017-04-11,False,False
S002688,Wei,35-44,United Kingdom,Bristol,Free,William Saliba,Third Kit,2020-12-11,True,False
S002689,Martin,35-44,United Kingdom,Manchester,None,Bukayo Saka,Accessories,2016-07-26,False,False
S002690,Declan,25-34,United Kingdom,Manchester,Free,Bukayo Saka,Training Wear,2016-05-29,False,False
S002691,Amara,18-24,Norway,Bergen,Silver,Kai Havertz,Third Kit,2019-02-20,True,False
S002692,Noor,18-24,United Kingdom,London,Silver,Vivianne Miedema,Hospitality,2020-05-09,True,False
S002693,Chidi,25-34,United Kingdom,London,Silver,William Saliba,Retro,2020-12-12,True,False
S002694,Olivia,35-44,United Kingdom,Birmingham,Gold,Beth Mead,Third Kit,2017-04-21,True,True
S002695,Taylor,25-34,United Arab Emirates,Dubai,None,William Saliba,Third Kit,2018-02-24,True,False
S002696,Drew,25-34,Nigeria,Ibadan,None,Martin Odegaard,Training Wear,2019-01-02,True,False
S002697,Declan,65+,United Kingdom,Manchester,Gold,Kai Havertz,Hospitality,2018-01-10,True,True
S002698,Martin,25-34,United Kingdom,Bristol,Silver,Kai Havertz,Kids,2017-12-24,True,False
S002699,Charlie,35-44,United States,New York,None,William Saliba,Hospitality,2019-07-22,True,False
S002700,Amara,35-44,United Kingdom,Manchester,Silver,Vivianne Miedema,Kids,2025-07-11,True,False
S002701,Cameron,18-24,Germany,Munich,Free,Beth Mead,Hospitality,2021-04-16,True,False
S002702,Martin,55-64,United Kingdom,Bristol,None,Gabriel Jesus,Away Shirt,2018-05-19,False,False
S002703,Cameron,25-34,United Kingdom,Bristol,Silver,Vivianne Miedema,Training Wear,2022-03-10,True,False
S002704,Charlie,18-24,United Kingdom,Liverpool,None,William Saliba,Hospitality,2017-06-04,True,False
S002705,Chidi,35-44,United States,Dallas,Gold,William Saliba,Accessories,2025-05-08,True,False
S002706,Mateo,25-34,United Kingdom,Liverpool,None,Bukayo Saka,Third Kit,2022-10-28,True,False
S002707,Priya,18-24,United Kingdom,London,None,William Saliba,Kids,2017-07-31,True,False
S002708,Mateo,25-34,Canada,Vancouver,Free,Leah Williamson,Training Wear,2018-06-07,True,False
S002709,Kai,18-24,Nigeria,Abuja,Silver,Gabriel Jesus,Home Shirt,2023-02-02,True,False
S002710,Sam,35-44,United States,New York,Silver,Leah Williamson,Hospitality,2022-08-07,True,False
S002711,Cameron,65+,United Kingdom,Birmingham,None,Declan Rice,Hospitality,2016-06-14,True,False
S002712,Priya,25-34,United Kingdom,Bristol,Free,Leah Williamson,Accessories,2020-06-10,True,False
S002713,Declan,25-34,Nigeria,Ibadan,Free,Gabriel Jesus,Hospitality,2020-08-20,True,False
S002714,Alex,25-34,Australia,Sydney,Silver,Kai Havertz,Retro,2023-08-21,True,False
S002715,Liam,45-54,United Arab Emirates,Abu Dhabi,Silver,Gabriel Jesus,Hospitality,2020-07-14,True,False
S002716,Declan,45-54,Australia,Sydney,Free,Declan Rice,Third Kit,2024-03-15,False,False
S002717,Priya,45-54,United States,Dallas,Gold,Beth Mead,Hospitality,2024-04-01,True,True
S002718,Quinn,65+,Australia,Melbourne,Free,Bukayo Saka,Hospitality,2020-04-18,True,False
S002719,Charlie,25-34,Nigeria,Kano,Free,Martin Odegaard,Kids,2021-01-25,True,False
S002720,Rowan,35-44,India,Bengaluru,Free,Beth Mead,Third Kit,2022-12-06,True,False
S002721,Charlie,25-34,Nigeria,Kano,Free,Gabriel Jesus,Away Shirt,2024-08-31,True,False
S002722,Chidi,35-44,Germany,Munich,Free,William Saliba,Training Wear,2019-11-05,True,False
S002723,Wei,25-34,Australia,Sydney,Gold,William Saliba,Third Kit,2024-10-25,True,False
S002724,Declan,18-24,United Kingdom,London,Gold,Declan Rice,Kids,2025-04-07,False,False
S002725,Jamie,55-64,United Kingdom,Manchester,Free,Gabriel Martinelli,Home Shirt,2018-05-23,True,False
S002726,Martin,25-34,United Kingdom,Manchester,Silver,Gabriel Martinelli,Retro,2024-06-14,True,False
S002727,Devon,55-64,United Kingdom,Manchester,Gold,Vivianne Miedema,Third Kit,2023-09-21,True,True
S002728,Kai,65+,United Kingdom,Leeds,None,William Saliba,Kids,2023-03-14,False,False
S002729,Vivianne,55-64,United States,Dallas,None,William Saliba,Training Wear,2024-08-10,True,False
S002730,Sam,18-24,United Kingdom,Manchester,Free,Martin Odegaard,Accessories,2018-08-09,True,False
S002731,Sam,45-54,United Kingdom,Manchester,Free,Martin Odegaard,Kids,2018-04-24,True,False
S002732,Declan,18-24,United Kingdom,Bristol,None,Beth Mead,Third Kit,2025-08-01,True,False
S002733,Sofia,45-54,United Kingdom,Manchester,Free,Beth Mead,Accessories,2025-02-04,True,False
S002734,Kai,55-64,United Kingdom,Leeds,Red Member,Martin Odegaard,Retro,2020-08-04,False,True
S002735,Kenji,65+,United Kingdom,Bristol,None,Gabriel Jesus,Third Kit,2024-08-30,True,False
S002736,Jamie,35-44,Japan,Osaka,Free,Leah Williamson,Accessories,2017-02-28,True,False
S002737,Kenji,18-24,United Kingdom,Liverpool,Gold,William Saliba,Away Shirt,2025-05-13,True,False
S002738,Chidi,18-24,United Kingdom,London,Silver,Bukayo Saka,Accessories,2020-08-24,True,False
S002739,Priya,25-34,Australia,Sydney,None,William Saliba,Home Shirt,2023-02-10,True,False
S002740,Emile,25-34,United States,Los Angeles,None,Leah Williamson,Kids,2020-07-30,True,False
S002741,Yuki,45-54,United Kingdom,Liverpool,Silver,Beth Mead,Third Kit,2017-05-16,True,False
S002742,Diego,25-34,United Kingdom,Birmingham,Free,William Saliba,Hospitality,2022-01-23,True,False
S002743,Morgan,55-64,United Kingdom,Leeds,Silver,Ben White,Away Shirt,2020-06-01,False,False
S002744,Rowan,55-64,United States,Los Angeles,None,Gabriel Jesus,Accessories,2019-06-09,True,False
S002745,Reese,35-44,Norway,Oslo,None,Leah Williamson,Away Shirt,2018-07-01,False,False
S002746,Ingrid,25-34,United Kingdom,London,None,Kai Havertz,Hospitality,2025-06-03,True,False
S002747,Liam,25-34,United States,Los Angeles,Free,Ben White,Away Shirt,2025-03-08,True,False
S002748,Riley,25-34,United Kingdom,Birmingham,Red Member,Beth Mead,Home Shirt,2022-03-14,True,True
S002749,Bukayo,35-44,United Kingdom,Birmingham,Free,Beth Mead,Hospitality,2023-07-24,True,False
S002750,Emile,18-24,United Kingdom,Liverpool,Silver,Gabriel Jesus,Hospitality,2017-03-09,False,False
S002751,Harper,18-24,United Kingdom,Leeds,Silver,Leah Williamson,Training Wear,2016-06-19,True,False
S002752,Mateo,25-34,NORWAY,Bergen,None,Leah Williamson,Home Shirt,2018-01-29,True,False
S002753,Drew,35-44,Nigeria,Abuja,Free,Beth Mead,Retro,2024-02-24,True,False
S002754,Vivianne,18-24,United Kingdom,Birmingham,None,Declan Rice,Home Shirt,2018-07-29,True,False
S002755,Jamie,45-54,United Kingdom,Leeds,None,Bukayo Saka,Home Shirt,2017-05-02,True,False
S002756,Reese,45-54,Canada,Toronto,None,Declan Rice,Home Shirt,2017-11-03,True,False
S002757,Ingrid,65+,United States,Chicago,None,Vivianne Miedema,Retro,2021-09-20,True,False
S002758,Jordan,18-24,United Kingdom,Bristol,Red Member,Bukayo Saka,Third Kit,2021-08-05,True,True
S002759,Reese,25-34,Germany,Hamburg,Free,Gabriel Jesus,Retro,2025-06-03,False,False
S002760,Ingrid,25-34,Nigeria,Lagos,Free,Bukayo Saka,Accessories,2021-03-22,False,False
S002761,Olivia,25-34,United Arab Emirates,Dubai,None,Bukayo Saka,Kids,2022-09-12,True,False
S002762,Martin,25-34,United Kingdom,Bristol,None,Beth Mead,Hospitality,2023-04-20,True,False
S002763,Beth,55-64,United Kingdom,Manchester,Free,Declan Rice,Kids,2024-02-28,True,False
S002764,Olivia,25-34,United Arab Emirates,Dubai,None,Martin Odegaard,Retro,2019-08-28,True,False
S002765,Alex,45-54,United Kingdom,Manchester,Gold,Declan Rice,Training Wear,2022-04-22,True,True
S002766,Liam,18-24,Australia,Melbourne,Silver,Declan Rice,Away Shirt,2023-06-23,True,False
S002767,Olivia,45-54,United States,Dallas,Gold,Declan Rice,Accessories,2020-12-31,True,True
S002768,Charlie,45-54,United Kingdom,London,Free,Bukayo Saka,Third Kit,2017-11-10,True,False
S002769,Priya,45-54,United States,Chicago,None,Martin Odegaard,Training Wear,2023-09-19,True,False
S002770,Cameron,18-24,United States,Chicago,Free,Gabriel Jesus,Training Wear,2022-08-25,True,False
S002771,Sam,35-44,United Kingdom,Manchester,Free,Kai Havertz,Away Shirt,2021-06-02,False,False
S002772,Harper,35-44,United States,New York,None,Leah Williamson,Accessories,2022-08-11,True,False
S002773,Declan,45-54,India,Bengaluru,None,Beth Mead,Hospitality,2020-05-07,True,False
S002774,Gabriel,18-24,United Kingdom,Bristol,Free,Leah Williamson,Home Shirt,2016-06-07,True,False
S002775,Vivianne,35-44,Germany,Hamburg,Red Member,Leah Williamson,Away Shirt,2021-03-13,True,True
S002776,Diego,65+,United Kingdom,Liverpool,Gold,Declan Rice,Accessories,2016-11-22,True,True
S002777,Mateo,65+,United Kingdom,Manchester,None,Gabriel Martinelli,Home Shirt,2018-03-29,True,False
S002778,Devon,,Japan,Osaka,Red Member,William Saliba,Kids,2019-07-04,True,False
S002779,Reese,35-44,United Kingdom,London,None,Vivianne Miedema,Third Kit,2025-07-11,True,False
S002780,Noor,25-34,Nigeria,Ibadan,None,Beth Mead,Training Wear,2020-12-23,True,False
S002781,Quinn,35-44,Canada,Vancouver,Free,Bukayo Saka,Training Wear,2022-01-21,True,False
S002782,Bukayo,35-44,United Kingdom,Bristol,Silver,Kai Havertz,Hospitality,2021-05-23,True,False
S002783,Skyler,18-24,United Kingdom,Liverpool,Free,Martin Odegaard,Retro,2021-10-18,False,False
S002784,Jordan,25-34,Germany,Hamburg,Silver,William Saliba,Hospitality,2021-05-19,True,False
S002785,Olivia,25-34,United Kingdom,Liverpool,None,Kai Havertz,Kids,2024-11-05,True,False
S002786,Riley,25-34,United States,Dallas,Free,Martin Odegaard,Home Shirt,2025-05-30,False,False
S002787,Ingrid,25-34,United Kingdom,London,Free,William Saliba,Away Shirt,2020-09-17,True,False
S002788,Liam,35-44,United Arab Emirates,Dubai,Silver,Gabriel Martinelli,Home Shirt,2025-03-03,True,False
S002789,Diego,18-24,Germany,Munich,None,Vivianne Miedema,Retro,2021-02-28,True,False
S002790,Taylor,25-34,Japan,Tokyo,Red Member,Vivianne Miedema,Away Shirt,2019-08-09,True,False
S002791,Morgan,45-54,United Kingdom,Bristol,Red Member,Gabriel Jesus,Away Shirt,2024-11-12,False,False
S002792,Chidi,35-44,United Kingdom,Leeds,Silver,Kai Havertz,Accessories,2020-10-13,True,False
S002793,Charlie,35-44,United Kingdom,Manchester,Free,Gabriel Martinelli,Accessories,2017-04-09,True,False
S002794,Beth,25-34,United Kingdom,Liverpool,Gold,Ben White,Home Shirt,2018-03-08,True,False
S002795,Declan,25-34,United Kingdom,Liverpool,None,William Saliba,Retro,2019-10-18,True,False
S002796,Jamie,55-64,United Kingdom,Birmingham,Silver,Beth Mead,Training Wear,2019-10-05,True,False
S002797,Noor,18-24,United Kingdom,Leeds,None,Gabriel Martinelli,Away Shirt,2018-07-04,True,False
S002798,Mateo,45-54,United Kingdom,London,Free,Gabriel Jesus,Accessories,2016-03-18,False,False
S002799,Bukayo,18-24,India,Mumbai,Silver,Martin Odegaard,Retro,2020-11-29,True,False
S002800,Vivianne,45-54,United States,Boston,Free,Declan Rice,Hospitality,2021-05-09,True,False
S002801,Drew,25-34,Nigeria,Lagos,Silver,Gabriel Martinelli,Retro,2016-11-12,False,False
S002802,Harper,25-34,United Kingdom,Leeds,Red Member,Vivianne Miedema,Hospitality,2020-12-23,True,False
S002803,Charlie,45-54,United Kingdom,Liverpool,None,Bukayo Saka,Kids,2021-02-18,True,False
S002804,Gabriel,18-24,United Kingdom,Leeds,Red Member,Gabriel Jesus,Training Wear,2022-05-31,True,False
S002805,Mateo,25-34,United Kingdom,Liverpool,Free,Martin Odegaard,Retro,2019-07-05,False,False
S002806,Kenji,18-24,United States,Dallas,Silver,Vivianne Miedema,Retro,2017-01-19,True,False
S002807,Skyler,25-34,United Kingdom,London,Free,Vivianne Miedema,Home Shirt,2020-08-13,True,False
S002808,Reese,25-34,Nigeria,Kano,Free,Bukayo Saka,Home Shirt,2019-07-23,True,False
S002809,Martin,25-34,United Kingdom,Manchester,None,Beth Mead,Kids,2021-10-03,True,False
S002810,Yuki,25-34,United Kingdom,Bristol,None,Declan Rice,Away Shirt,2018-08-16,True,False
S002811,Leah,45-54,United Kingdom,Liverpool,  Free ,Ben White,Kids,2023-07-25,True,False
S002812,Sofia,45-54,Canada,Vancouver,None,Vivianne Miedema,Away Shirt,2024-02-25,True,False
S002813,Martin,25-34,United Arab Emirates,Abu Dhabi,None,Ben White,Retro,2017-01-23,False,False
S002814,Sofia,25-34,United Kingdom,London,None,Ben White,Home Shirt,2020-06-17,True,False
S002815,Noor,25-34,United Kingdom,Liverpool,None,William Saliba,Home Shirt,2023-08-25,True,False
S002816,Kenji,65+,United Kingdom,Leeds,Red Member,Martin Odegaard,Retro,2021-12-30,False,False
S002817,Kenji,18-24,United States,Chicago,None,Leah Williamson,Hospitality,2019-01-31,True,False
S002818,Liam,35-44,United States,Los Angeles,None,Beth Mead,Accessories,2023-10-16,True,False
S002819,Morgan,25-34,United States,Boston,Gold,Gabriel Jesus,Training Wear,2016-10-31,True,False
S002820,Cameron,18-24,United States,Boston,None,Gabriel Martinelli,Third Kit,2020-06-17,True,False
S002821,Liam,45-54,Germany,Hamburg,Gold,Beth Mead,Home Shirt,2019-07-28,True,False
S002822,Chidi,18-24,United Kingdom,London,Free,Ben White,Home Shirt,2017-02-12,False,False
S002823,Reese,55-64,United Kingdom,Leeds,Gold,Beth Mead,Accessories,2020-12-30,False,True
S002824,Leah,18-24,Germany,Berlin,Silver,Leah Williamson,Kids,2020-08-23,True,False
S002825,Rowan,18-24,United Kingdom,Manchester,None,Vivianne Miedema,Away Shirt,2017-07-05,True,False
S002826,Drew,25-34,India,Mumbai,None,Declan Rice,Hospitality,2019-06-08,True,False
S002827,Sam,18-24,United Kingdom,Manchester,Free,Vivianne Miedema,Accessories,2019-09-08,True,False
S002828,Chidi,55-64,United Kingdom,Bristol,Free,Martin Odegaard,Training Wear,2018-11-11,False,False
S002829,Katie,25-34,Japan,Tokyo,None,Kai Havertz,Retro,2024-09-08,True,False
S002830,Taylor,18-24,United Kingdom,Liverpool,Silver,Vivianne Miedema,Hospitality,2020-08-12,True,False
S002831,Ingrid,35-44,United States,New York,None,Kai Havertz,Retro,2018-08-24,False,False
S002832,Wei,25-34,United Kingdom,Liverpool,Silver,Beth Mead,Training Wear,2023-06-04,True,False
S002833,Katie,35-44,United Kingdom,Bristol,Free,Beth Mead,Accessories,2021-07-17,False,False
S002834,Jamie,25-34,Australia,Sydney,Silver,Martin Odegaard,Training Wear,2024-02-21,True,False
S002835,Leah,35-44,United States,Dallas,None,Kai Havertz,Third Kit,2020-10-22,False,False
S002836,Taylor,25-34,United Kingdom,Liverpool,Free,Bukayo Saka,Training Wear,2024-03-04,True,False
S002837,Vivianne,25-34,United Kingdom,Liverpool,Free,Gabriel Jesus,Accessories,2021-06-30,True,False
S002838,Cameron,65+,United Kingdom,London,Free,Ben White,Retro,2021-01-18,True,False
S002839,Rowan,45-54,India,Bengaluru,Silver,Ben White,Third Kit,2021-07-30,True,False
S002840,Gabriel,25-34,United Kingdom,Leeds,Free,William Saliba,Hospitality,2023-06-18,False,False
S002841,Leah,35-44,Norway,Bergen,None,Leah Williamson,Third Kit,2023-08-20,False,False
S002842,Amara,18-24,Canada,Vancouver,Silver,William Saliba,Kids,2024-10-03,True,False
S002843,Leah,35-44,Nigeria,Ibadan,None,Bukayo Saka,Retro,2022-04-26,True,False
S002844,Liam,35-44,United Kingdom,London,None,Gabriel Jesus,Accessories,2022-01-04,True,False
S002845,Harper,35-44,United Kingdom,Manchester,Silver,Martin Odegaard,Third Kit,2022-06-19,True,False
S002846,Priya,45-54,UNITED KINGDOM,Manchester,Gold,Kai Havertz,Retro,2025-01-28,True,True
S002847,Sofia,25-34,India,Bengaluru,None,Declan Rice,Accessories,2023-06-23,True,False
S002848,Declan,35-44,United Arab Emirates,Dubai,Silver,Martin Odegaard,Home Shirt,2020-06-13,True,False
S002849,Katie,45-54,United Kingdom,Leeds,None,Leah Williamson,Retro,2023-10-23,True,False
S002850,Emile,45-54,Japan,Osaka,Gold,Declan Rice,Hospitality,2021-09-17,True,True
S002851,Amara,55-64,United Kingdom,London,None,Bukayo Saka,Home Shirt,2019-06-17,True,False
S002852,Charlie,35-44,Japan,Osaka,None,Vivianne Miedema,Hospitality,2025-03-09,True,False
S002853,Devon,45-54,Australia,Sydney,None,Declan Rice,Accessories,2025-07-22,True,False
S002854,Kai,45-54,United Kingdom,Manchester,None,Beth Mead,Hospitality,2017-10-09,True,False
S002855,Kai,25-34,United Kingdom,Manchester,Gold,Declan Rice,Kids,2024-03-12,False,True
S002856,Yuki,55-64,United Kingdom,London,Red Member,Martin Odegaard,Kids,2019-05-07,True,False
S002857,Reese,25-34,United Kingdom,Liverpool,Silver,Martin Odegaard,Away Shirt,2020-01-13,False,False
S002858,Katie,35-44,United Kingdom,Liverpool,Red Member,Vivianne Miedema,Away Shirt,2024-03-12,True,True
S002859,Cameron,35-44,India,Bengaluru,None,Gabriel Jesus,Home Shirt,2023-09-23,False,False
S002860,Kenji,18-24,India,Mumbai,None,Gabriel Martinelli,Kids,2020-01-11,True,False
S002861,Kai,18-24,United Kingdom,London,Gold,Leah Williamson,Retro,2020-02-21,False,True
S002862,Mateo,25-34,United States,Los Angeles,Free,Ben White,Third Kit,2018-04-12,False,False
S002863,Morgan,25-34,United Kingdom,Birmingham,None,Bukayo Saka,Retro,2024-05-01,True,False
S002864,Jamie,35-44,Norway,Bergen,Silver,Beth Mead,Third Kit,2019-11-16,True,False
S002865,Reese,25-34,United Arab Emirates,Dubai,Silver,Bukayo Saka,Kids,2021-05-08,True,False
S002866,Kenji,25-34,United States,New York,None,William Saliba,Third Kit,2021-02-20,True,False
S002867,Martin,55-64,Nigeria,Abuja,Silver,Vivianne Miedema,Hospitality,2022-10-21,True,False
S002868,Sofia,25-34,United States,Los Angeles,None,Leah Williamson,Third Kit,2024-07-20,True,False
S002869,Kai,18-24,United Kingdom,Leeds,Free,Martin Odegaard,Accessories,2018-10-16,True,False
S002870,Declan,35-44,United Kingdom,Bristol,None,Leah Williamson,Accessories,2019-07-14,True,False
S002871,Ingrid,35-44,United States,Boston,Free,William Saliba,Training Wear,2016-12-13,True,False
S002872,Mateo,45-54,United Kingdom,Birmingham,None,Gabriel Jesus,Retro,2023-11-18,True,False
S002873,Hassan,65+,United Kingdom,Manchester,Free,Vivianne Miedema,Training Wear,2019-02-28,True,False
S002874,Gabriel,45-54,United Kingdom,Manchester,Silver,Bukayo Saka,Third Kit,2021-12-13,True,False
S002875,Vivianne,25-34,United Kingdom,Birmingham,Silver,Kai Havertz,Away Shirt,2023-04-14,False,False
S002876,Reese,35-44,United Kingdom,Manchester,Silver,William Saliba,Accessories,2019-10-13,True,False
S002877,Sam,55-64,United Kingdom,London,Red Member,Bukayo Saka,Away Shirt,2021-12-24,True,True
S002878,Rowan,35-44,United Kingdom,Leeds,None,Ben White,Retro,2023-03-15,True,False
S002879,Harper,35-44,India,Bengaluru,Free,Gabriel Martinelli,Kids,2017-01-14,True,False
S002880,Katie,25-34,United Kingdom,London,Free,Vivianne Miedema,Third Kit,2020-12-16,True,False
S002881,Kenji,35-44,United Kingdom,Manchester,Free,Bukayo Saka,Retro,2021-10-14,True,False
S002882,Olivia,25-34,United Kingdom,Bristol,Silver,Beth Mead,Training Wear,2021-10-08,False,False
S002883,Olivia,25-34,Norway,Oslo,Free,Gabriel Jesus,Away Shirt,2019-12-29,False,False
S002884,Sam,65+,United States,New York,Free,Gabriel Martinelli,Hospitality,2019-08-31,True,False
S002885,Emile,25-34,Nigeria,Abuja,None,Beth Mead,Training Wear,2018-10-29,True,False
S002886,Diego,25-34,United Kingdom,Liverpool,Gold,William Saliba,Accessories,2017-12-18,True,True
S002887,Yuki,25-34,United Kingdom,Bristol,Gold,Ben White,Kids,2022-01-27,True,False
S002888,Leah,25-34,United Kingdom,Manchester,None,William Saliba,Retro,2019-07-07,True,False
S002889,Jordan,25-34,United Kingdom,London,Free,Martin Odegaard,Training Wear,2022-12-22,True,False
S002890,Chidi,18-24,Canada,Toronto,None,Declan Rice,Hospitality,2025-02-05,True,False
S002891,Ingrid,18-24,United Kingdom,Manchester,None,Kai Havertz,Third Kit,2019-03-05,True,False
S002892,Olivia,25-34,Nigeria,Lagos,Silver,Vivianne Miedema,Retro,2021-10-23,True,False
S002893,Noor,35-44,United Arab Emirates,Abu Dhabi,Free,Ben White,Retro,2024-08-30,True,False
S002894,Wei,35-44,Nigeria,Abuja,None,Martin Odegaard,Retro,2016-04-19,True,False
S002895,Hassan,65+,United Kingdom,London,None,Declan Rice,Accessories,2019-09-01,True,False
S002896,Morgan,65+,United Kingdom,Leeds,Gold,Beth Mead,Retro,2021-10-09,True,False
S002897,Declan,45-54,India,Delhi,Silver,Vivianne Miedema,Kids,2019-04-02,True,False
S002898,Riley,,United States,Chicago,Red Member,Leah Williamson,Home Shirt,2023-12-10,True,True
S002899,Drew,55-64,United States,New York,Silver,Martin Odegaard,Training Wear,2019-02-10,True,False
S002900,Katie,18-24,United Kingdom,Leeds,Free,Bukayo Saka,Third Kit,2021-08-20,True,False
S002901,Liam,45-54,United Kingdom,Birmingham,Gold,Vivianne Miedema,Third Kit,2020-01-14,True,True
S002902,Kai,18-24,United Kingdom,Manchester,Silver,Vivianne Miedema,Away Shirt,2019-09-28,True,False
S002903,Ingrid,65+,United Kingdom,Liverpool,None,Gabriel Jesus,Home Shirt,2016-08-17,True,False
S002904,Drew,45-54,United Kingdom,Manchester,Free,Beth Mead,Accessories,2024-02-20,True,False
S002905,Jordan,35-44,United Kingdom,Leeds,Free,Declan Rice,Home Shirt,2019-10-15,True,False
S002906,Vivianne,65+,United Kingdom,Leeds,Free,Gabriel Jesus,Away Shirt,2016-03-09,True,False
S002907,Wei,35-44,United Kingdom,Bristol,Free,Gabriel Martinelli,Home Shirt,2016-09-01,True,False
S002908,Hassan,65+,Canada,Toronto,Gold,Beth Mead,Away Shirt,2016-11-08,True,True
S002909,Vivianne,18-24,United Kingdom,London,Free,Ben White,Kids,2020-05-24,True,False
S002910,Gabriel,25-34,United Kingdom,Liverpool,None,Bukayo Saka,Kids,2023-07-23,True,False
S002911,Taylor,18-24,Nigeria,Lagos,None,Martin Odegaard,Hospitality,2025-01-31,True,False
S002912,Reese,55-64,Nigeria,Lagos,None,Declan Rice,Training Wear,2022-12-19,True,False
S002913,Olivia,18-24,Nigeria,Ibadan,Red Member,Vivianne Miedema,Retro,2019-08-27,True,True
S002914,Riley,65+,United States,Los Angeles,Free,William Saliba,Third Kit,2024-05-18,False,False
S002915,Kai,45-54,United Kingdom,Bristol,Free,Gabriel Martinelli,Accessories,2019-03-07,True,False
S002916,Alex,55-64,Canada,Toronto,None,William Saliba,Accessories,2018-11-16,True,False
S002917,Chidi,45-54,Norway,Oslo,Gold,Kai Havertz,Away Shirt,2019-03-10,True,True
S002918,Taylor,18-24,Canada,Vancouver,None,Ben White,Training Wear,2022-05-23,True,False
S002919,Katie,45-54,United States,New York,Red Member,Gabriel Martinelli,Away Shirt,2020-05-08,True,True
S002920,Chidi,35-44,Canada,Toronto,Free,William Saliba,Training Wear,2017-01-29,True,False
S002921,Morgan,45-54,United Kingdom,Liverpool,None,Ben White,Away Shirt,2017-07-18,True,False
S002922,Cameron,18-24,Japan,Osaka,Free,Beth Mead,Away Shirt,2021-02-17,True,False
S002923,Mateo,45-54,United Kingdom,Birmingham,Free,Bukayo Saka,Retro,2023-08-06,True,False
S002924,Wei,45-54,Japan,Tokyo,None,Gabriel Martinelli,Hospitality,2020-06-28,True,False
S002925,Sam,25-34,United States,Boston,Free,Bukayo Saka,Hospitality,2019-09-11,True,False
S002926,Taylor,25-34,United Kingdom,Manchester,Silver,Kai Havertz,Away Shirt,2024-07-10,True,False
S002927,Ingrid,45-54,United Kingdom,Manchester,Free,Gabriel Jesus,Kids,2017-10-04,True,False
S002928,Cameron,25-34,United Kingdom,Birmingham,None,Martin Odegaard,Kids,2022-02-12,True,False
S002929,Olivia,55-64,United Kingdom,Leeds,Free,Ben White,Away Shirt,2018-04-12,True,False
S002930,Mateo,45-54,United Kingdom,Leeds,Gold,Martin Odegaard,Accessories,2022-01-20,False,True
S002931,Quinn,35-44,Norway,Bergen,Silver,Leah Williamson,Training Wear,2019-05-13,True,False
S002932,Chidi,35-44,United Kingdom,Liverpool,Free,Martin Odegaard,Kids,2024-06-15,True,False
S002933,Rowan,25-34,Nigeria,Lagos,Red Member,Declan Rice,Kids,2018-11-03,True,True
S002934,Gabriel,25-34,United Kingdom,London,None,Gabriel Jesus,Retro,2017-04-26,True,False
S002935,Skyler,25-34,United Kingdom,Liverpool,Red Member,Leah Williamson,Hospitality,2017-12-13,True,False
S002936,Amara,45-54,United Arab Emirates,Abu Dhabi,Gold,Kai Havertz,Accessories,2020-08-19,True,True
S002937,Jordan,35-44,Australia,Melbourne,Free,Vivianne Miedema,Training Wear,2016-01-08,True,False
S002938,Sofia,25-34,United Kingdom,London,Free,Declan Rice,Training Wear,2024-08-08,True,False
S002939,Wei,55-64,United Kingdom,Leeds,Gold,Leah Williamson,Hospitality,2018-01-23,True,False
S002940,Hassan,25-34,United Arab Emirates,Abu Dhabi,Silver,Kai Havertz,Accessories,2016-01-07,True,False
S002941,Morgan,25-34,United States,Chicago,Free,Gabriel Jesus,Away Shirt,2019-06-01,True,False
S002942,Harper,65+,United Kingdom,Manchester,None,William Saliba,Home Shirt,2024-10-04,True,False
S002943,Noor,25-34,United Kingdom,London,None,Martin Odegaard,Hospitality,2017-11-20,True,False
S002944,Riley,55-64,Japan,Osaka,Red Member,Beth Mead,Third Kit,2016-04-18,True,True
S002945,Olivia,65+,United Kingdom,Bristol,None,Gabriel Jesus,Kids,2016-03-09,True,False
S002946,Emile,25-34,United Kingdom,Manchester,Free,Vivianne Miedema,Home Shirt,2017-10-11,True,False
S002947,Diego,35-44,United Kingdom,London,None,Bukayo Saka,Hospitality,2023-11-13,True,False
S002948,Liam,25-34,United Kingdom,Birmingham,None,Beth Mead,Kids,2016-06-03,True,False
S002949,Taylor,65+,United States,Los Angeles,None,Beth Mead,Retro,2023-11-12,True,False
S002950,Sam,18-24,Canada,Toronto,Free,Leah Williamson,Training Wear,2019-02-28,True,False
S002951,Liam,35-44,United Kingdom,Leeds,Gold,Leah Williamson,Hospitality,2017-06-16,True,True
S002952,Diego,35-44,Norway,Bergen,Free,Vivianne Miedema,Away Shirt,2023-05-25,True,False
S002953,Jamie,25-34,United Kingdom,Manchester,Silver,William Saliba,Home Shirt,2020-07-14,True,False
S002954,Drew,55-64,Norway,Oslo,Silver,Gabriel Martinelli,Kids,2018-04-30,True,False
S002955,Amara,45-54,United States,Chicago,Free,Beth Mead,Away Shirt,2022-12-18,True,False
S002956,Hassan,18-24,India,Mumbai,Gold,Bukayo Saka,Accessories,2023-09-27,True,True
S002957,Mateo,35-44,United Kingdom,Liverpool,Free,Kai Havertz,Retro,2020-12-02,True,False
S002958,Hassan,45-54,United Kingdom,Manchester,Free,Gabriel Jesus,Hospitality,2024-06-16,False,False
S002959,Morgan,25-34,United Kingdom,Birmingham,Silver,Leah Williamson,Retro,2022-01-23,True,False
S002960,Emile,55-64,United Kingdom,Bristol,None,Gabriel Martinelli,Hospitality,2022-03-16,True,False
S002961,Alex,35-44,United States,Boston,None,Gabriel Jesus,Retro,2024-03-30,True,False
S002962,Hassan,45-54,United Kingdom,Birmingham,Red Member,William Saliba,Away Shirt,2024-11-30,True,True
S002963,Drew,45-54,India,Bengaluru,Silver,Martin Odegaard,Retro,2023-02-13,True,False
S002964,Yuki,55-64,India,Delhi,Silver,Gabriel Jesus,Accessories,2016-06-14,True,False
S002965,Liam,25-34,United Kingdom,Liverpool,Red Member,Gabriel Martinelli,Kids,2021-06-08,True,False
S002966,Chidi,25-34,United States,Los Angeles,Red Member,Declan Rice,Training Wear,2021-04-30,True,False
S002967,Riley,35-44,United States,Los Angeles,Silver,Martin Odegaard,Hospitality,2022-04-26,True,False
S002968,Liam,55-64,United Kingdom,Manchester,Silver,Gabriel Martinelli,Home Shirt,2022-02-26,True,False
S002969,Sofia,18-24,United Kingdom,Leeds,None,Kai Havertz,Retro,2023-03-09,True,False
S002970,Diego,25-34,United Kingdom,Manchester,None,Gabriel Jesus,Away Shirt,2023-05-20,True,False
S002971,Devon,45-54,United Kingdom,London,None,Ben White,Training Wear,2024-04-26,True,False
S002972,Sofia,18-24,United Arab Emirates,Dubai,Silver,Bukayo Saka,Hospitality,2021-05-13,False,False
S002973,Hassan,35-44,India,Delhi,None,Leah Williamson,Retro,2024-05-20,True,False
S002974,Katie,18-24,United States,Los Angeles,Silver,Leah Williamson,Away Shirt,2020-04-06,True,False
S002975,Alex,55-64,United Kingdom,Manchester,Gold,William Saliba,Hospitality,2019-07-31,True,True
S002976,Chidi,25-34,United Kingdom,Birmingham,Gold,Vivianne Miedema,Retro,2022-02-21,True,True
S002977,Leah,55-64,United Kingdom,Birmingham,Free,Declan Rice,Accessories,2017-05-25,True,False
S002978,Yuki,35-44,United States,Dallas,None,Vivianne Miedema,Home Shirt,2019-03-01,False,False
S002979,Morgan,55-64,United Kingdom,Liverpool,None,Vivianne Miedema,Retro,2020-07-14,True,False
S002980,Emile,65+,United Kingdom,Bristol,None,Leah Williamson,Away Shirt,2020-09-13,True,False
S002981,Priya,45-54,United Arab Emirates,Dubai,Red Member,Ben White,Third Kit,2021-11-21,True,True
S002982,Rowan,45-54,United Kingdom,Manchester,None,Martin Odegaard,Accessories,2021-07-05,True,False
S002983,Beth,45-54,United Kingdom,Liverpool,None,Vivianne Miedema,Accessories,2022-11-24,True,False
S002984,Quinn,45-54,Australia,Melbourne,Silver,William Saliba,Third Kit,2024-03-30,True,False
S002985,Leah,25-34,India,Mumbai,Red Member,Declan Rice,Away Shirt,2020-05-24,True,False
S002986,Mateo,18-24,United Kingdom,Manchester,Silver,Leah Williamson,Hospitality,2025-02-13,True,False
S002987,Cameron,25-34,United States,Chicago,Silver,Beth Mead,Away Shirt,2016-03-08,True,False
S002988,Charlie,45-54,United Kingdom,Leeds,Silver,Vivianne Miedema,Home Shirt,2025-07-01,True,False
S002989,Charlie,35-44,United Kingdom,Manchester,Gold,Gabriel Jesus,Kids,2018-12-12,True,False
S002990,Morgan,35-44,Nigeria,Ibadan,Silver,Gabriel Martinelli,Hospitality,2018-08-03,False,False
S002991,Kai,25-34,United States,Los Angeles,Red Member,Martin Odegaard,Accessories,2018-08-23,False,False
S002992,Jordan,45-54,United Kingdom,Leeds,None,Bukayo Saka,Retro,2016-06-19,True,False
S002993,Diego,45-54,Nigeria,Kano,None,Bukayo Saka,Accessories,2017-06-21,False,False
S002994,Yuki,35-44,United Kingdom,Manchester,Red Member,Gabriel Jesus,Accessories,2020-01-29,True,False
S002995,Yuki,18-24,Canada,Vancouver,Gold,Bukayo Saka,Away Shirt,2024-09-24,True,True
S002996,Bukayo,35-44,United Kingdom,Birmingham,Free,Martin Odegaard,Hospitality,2025-02-11,True,False
S002997,Leah,55-64,United Kingdom,Bristol,Gold,Bukayo Saka,Training Wear,2016-12-08,False,True
S002998,Riley,45-54,United Kingdom,Liverpool,Red Member,Kai Havertz,Hospitality,2020-10-16,True,True
S002999,Katie,35-44,India,Mumbai,None,Bukayo Saka,Hospitality,2016-01-07,False,False
S003000,Beth,35-44,United Kingdom,Leeds,None,Vivianne Miedema,Hospitality,2024-12-31,True,False
S003001,Reese,55-64,United States,Chicago,None,Gabriel Jesus,Retro,2025-01-16,True,False
S003002,Quinn,25-34,United Kingdom,London,None,Gabriel Martinelli,Home Shirt,2020-05-22,False,False
S003003,Rowan,45-54,United Kingdom,Leeds,None,Martin Odegaard,Training Wear,2023-02-23,True,False
S003004,Olivia,18-24,United States,Dallas,Red Member,Kai Havertz,Third Kit,2025-07-30,True,False
S003005,Drew,18-24,Nigeria,Ibadan,Free,Beth Mead,Training Wear,2017-09-12,True,False
S003006,Gabriel,35-44,United Kingdom,Birmingham,Free,Declan Rice,Third Kit,2024-01-26,True,False
S003007,Priya,35-44,United Kingdom,Birmingham,None,Vivianne Miedema,Third Kit,2019-06-17,True,False
S003008,Drew,25-34,United Kingdom,Birmingham,None,Ben White,Kids,2024-10-26,True,False
S003009,Charlie,35-44,United Kingdom,Leeds,Gold,Declan Rice,Retro,2025-07-07,True,True
S003010,Sofia,45-54,United States,New York,Silver,Gabriel Martinelli,Home Shirt,2025-07-27,False,False
S003011,Skyler,18-24,United Kingdom,Manchester,None,Leah Williamson,Home Shirt,2023-08-22,True,False
S003012,Jordan,45-54,Nigeria,Abuja,Silver,Gabriel Jesus,Kids,2020-04-13,True,False
S003013,Rowan,25-34,United States,New York,Red Member,William Saliba,Away Shirt,2019-08-02,False,True
S003014,Kai,45-54,United Kingdom,London,None,Ben White,Training Wear,2023-06-12,True,False
S003015,Drew,35-44,United Kingdom,Birmingham,Free,Beth Mead,Hospitality,2024-12-21,True,False
S003016,Declan,35-44,United States,Boston,Free,Kai Havertz,Hospitality,2023-05-30,True,False
S003017,Hassan,25-34,United States,Los Angeles,Silver,Declan Rice,Hospitality,2022-08-23,True,False
S003018,Quinn,55-64,Australia,Sydney,None,Bukayo Saka,Accessories,2017-10-26,True,False
S003019,Rowan,35-44,United States,Chicago,Gold,William Saliba,Third Kit,2025-02-27,True,False
S003020,Quinn,18-24,United Kingdom,Leeds,None,Gabriel Jesus,Hospitality,2017-09-04,True,False
S003021,Noor,35-44,United Arab Emirates,Abu Dhabi,Free,Leah Williamson,Training Wear,2016-06-07,True,False
S003022,Liam,35-44,United Kingdom,Bristol,Free,Kai Havertz,Kids,2018-05-28,True,False
S003023,Noor,35-44,United Kingdom,Birmingham,Silver,William Saliba,Home Shirt,2023-12-19,True,False
S003024,Drew,45-54,United Kingdom,Birmingham,Gold,Declan Rice,Training Wear,2023-12-04,True,True
S003025,Amara,25-34,United Kingdom,London,Red Member,Gabriel Jesus,Training Wear,2016-09-09,True,True
S003026,Noor,18-24,United Kingdom,Manchester,None,Declan Rice,Away Shirt,2020-02-23,True,False
S003027,Vivianne,45-54,United Kingdom,Bristol,Silver,Gabriel Jesus,Kids,2021-12-11,True,False
S003028,Wei,35-44,United Kingdom,London,Free,Beth Mead,Kids,2021-12-30,True,False
S003029,Vivianne,35-44,United Kingdom,Liverpool,Silver,Martin Odegaard,Kids,2019-04-04,False,False
S003030,Chidi,35-44,United Kingdom,Birmingham,Red Member,Bukayo Saka,Home Shirt,2025-02-06,True,False
S003031,Skyler,25-34,India,Mumbai,Free,Gabriel Jesus,Third Kit,2024-06-08,True,False
S003032,Kai,25-34,United Kingdom,Leeds,Free,Bukayo Saka,Third Kit,2016-10-10,True,False
S003033,Diego,55-64,Canada,Toronto,None,Gabriel Martinelli,Accessories,2024-02-13,False,False
S003034,Jamie,65+,United Kingdom,Bristol,Gold,Bukayo Saka,Third Kit,2016-05-29,True,False
S003035,Sam,25-34,United Kingdom,Birmingham,Silver,Martin Odegaard,Accessories,2016-06-13,True,False
S003036,Ingrid,35-44,United States,New York,Red Member,Gabriel Martinelli,Training Wear,2021-12-13,True,False
S003037,Jordan,25-34,Australia,Sydney,None,Ben White,Accessories,2024-04-17,True,False
S003038,Diego,35-44,Nigeria,Abuja,Free,Kai Havertz,Training Wear,2020-06-15,True,False
S003039,Cameron,45-54,United Kingdom,Bristol,Free,Bukayo Saka,Hospitality,2019-06-29,False,False
S003040,Katie,35-44,United Kingdom,Manchester,None,Martin Odegaard,Third Kit,2024-11-14,True,False
S003041,Cameron,35-44,United Kingdom,Liverpool,None,William Saliba,Hospitality,2018-03-06,False,False
S003042,Drew,55-64,Norway,Oslo,Free,Vivianne Miedema,Kids,2021-12-29,True,False
S003043,Sofia,25-34,United Kingdom,Manchester,None,William Saliba,Away Shirt,2023-12-22,True,False
S003044,Riley,65+,United States,Boston,None,Gabriel Jesus,Accessories,2024-02-03,True,False
S003045,Declan,45-54,United Kingdom,London,Free,Declan Rice,Away Shirt,2017-02-09,False,False
S003046,Jamie,18-24,Australia,Melbourne,Silver,Gabriel Martinelli,Training Wear,2022-04-29,True,False
S003047,Drew,55-64,United Arab Emirates,Dubai,Silver,Martin Odegaard,Away Shirt,2021-09-16,True,False
S003048,Jamie,25-34,Norway,Bergen,Gold,Declan Rice,Away Shirt,2021-03-02,True,True
S003049,Reese,18-24,India,Delhi,Free,Bukayo Saka,Accessories,2018-02-16,True,False
S003050,Liam,45-54,United Kingdom,Leeds,None,Martin Odegaard,Third Kit,2023-02-21,True,False
S003051,Yuki,18-24,United States,New York,None,Ben White,Home Shirt,2022-04-08,True,False
S003052,Rowan,35-44,Canada,Toronto,None,Ben White,Retro,2024-04-20,False,False
S003053,Devon,35-44,United Kingdom,Bristol,None,Gabriel Jesus,Away Shirt,2018-06-25,True,False
S003054,Noor,18-24,Germany,Hamburg,Free,Leah Williamson,Away Shirt,2025-04-07,False,False
S003055,Jamie,25-34,United Kingdom,Manchester,None,Ben White,Training Wear,2016-08-11,True,False
S003056,Jamie,45-54,Nigeria,Lagos,None,Gabriel Martinelli,Hospitality,2025-01-30,True,False
S003057,Sam,25-34,United Kingdom,Manchester,Gold,Gabriel Jesus,Retro,2022-03-02,True,False
S003058,Olivia,18-24,India,Bengaluru,None,Declan Rice,Accessories,2019-09-01,True,False
S003059,Leah,45-54,United States,Dallas,None,Gabriel Martinelli,Accessories,2021-11-18,True,False
S003060,Sofia,35-44,India,Delhi,Silver,Gabriel Martinelli,Away Shirt,2025-03-17,True,False
S003061,Jordan,45-54,India,Delhi,Gold,Ben White,Kids,2021-07-20,True,False
S003062,Sofia,35-44,United Kingdom,Birmingham,Free,Leah Williamson,Training Wear,2025-01-15,True,False
S003063,Sam,35-44,Canada,Vancouver,Gold,Martin Odegaard,Away Shirt,2016-01-03,True,True
S003064,Morgan,65+,United States,Dallas,Red Member,Declan Rice,Home Shirt,2019-10-25,False,False
S003065,Yuki,25-34,Japan,Tokyo,None,William Saliba,Retro,2025-02-20,False,False
S003066,Gabriel,25-34,India,Mumbai,None,William Saliba,Home Shirt,2017-10-27,True,False
S003067,Katie,55-64,United Kingdom,London,Free,Beth Mead,Third Kit,2021-03-13,True,False
S003068,Kai,25-34,Nigeria,Abuja,Silver,Ben White,Retro,2019-03-19,True,False
S003069,Ingrid,35-44,India,Mumbai,Free,Ben White,Training Wear,2025-04-25,True,False
S003070,Sofia,55-64,United Kingdom,Bristol,None,Martin Odegaard,Accessories,2024-05-03,True,False
S003071,Rowan,45-54,United Kingdom,Liverpool,Silver,Ben White,Training Wear,2025-02-12,True,False
S003072,Emile,55-64,Canada,Toronto,None,Bukayo Saka,Accessories,2024-05-15,True,False
S003073,Reese,35-44,United Kingdom,Birmingham,None,Gabriel Jesus,Third Kit,2023-07-20,True,False
S003074,Leah,55-64,United Kingdom,Liverpool,Silver,Declan Rice,Home Shirt,2019-10-04,True,False
S003075,Noor,45-54,United Kingdom,London,Free,Martin Odegaard,Training Wear,2017-01-02,True,False
S003076,Harper,18-24,United Kingdom,Liverpool,Gold,Ben White,Accessories,2020-10-27,True,True
S003077,Noor,25-34,United Kingdom,Manchester,None,Ben White,Hospitality,2024-10-24,True,False
S003078,Bukayo,25-34,United Kingdom,Leeds,None,Gabriel Jesus,Accessories,2019-07-14,True,False
S003079,Bukayo,55-64,United Arab Emirates,Abu Dhabi,Gold,Gabriel Jesus,Kids,2022-11-15,True,False
S003080,Harper,45-54,Germany,Berlin,None,Gabriel Martinelli,Home Shirt,2017-12-05,True,False
S003081,Ingrid,18-24,India,Mumbai,None,Vivianne Miedema,Retro,2025-02-14,False,False
S003082,Noor,25-34,United Kingdom,Leeds,Red Member,Bukayo Saka,Third Kit,2022-12-21,True,True
S003083,Amara,35-44,United Kingdom,Liverpool,Silver,Vivianne Miedema,Third Kit,2018-08-23,True,False
S003084,Taylor,65+,United Kingdom,London,Free,Martin Odegaard,Retro,2023-01-16,True,False
S003085,Skyler,25-34,United Kingdom,London,Gold,Kai Havertz,Retro,2020-06-04,True,True
S003086,Martin,55-64,United Kingdom,London,Free,Martin Odegaard,Home Shirt,2017-09-12,True,False
S003087,Jordan,35-44,Nigeria,Ibadan,None,Kai Havertz,Third Kit,2016-11-30,True,False
S003088,Charlie,25-34,United Kingdom,Birmingham,Free,Leah Williamson,Third Kit,2021-12-25,True,False
S003089,Alex,25-34,United Kingdom,Liverpool,Red Member,Gabriel Martinelli,Kids,2016-09-07,True,True
S003090,Yuki,45-54,Nigeria,Abuja,Red Member,Gabriel Martinelli,Hospitality,2023-03-27,True,True
S003091,Beth,35-44,United States,Los Angeles,None,William Saliba,Away Shirt,2016-10-16,False,False
S003092,Devon,65+,United Kingdom,Leeds,Silver,Kai Havertz,Training Wear,2025-06-30,True,False
S003093,Hassan,35-44,Australia,Melbourne,None,Kai Havertz,Home Shirt,2016-11-25,True,False
S003094,Wei,25-34,United Kingdom,Leeds,Red Member,William Saliba,Third Kit,2017-09-29,True,False
S003095,Sofia,45-54,Germany,Munich,None,Beth Mead,Accessories,2025-07-31,False,False
S003096,Rowan,35-44,United Kingdom,London,None,Kai Havertz,Third Kit,2022-08-20,True,False
S003097,Noor,45-54,United Kingdom,Leeds,Silver,Declan Rice,Third Kit,2019-01-26,False,False
S003098,Emile,55-64,United States,Los Angeles,Free,Martin Odegaard,Away Shirt,2021-09-28,True,False
S003099,Vivianne,25-34,United States,Dallas,None,Martin Odegaard,Retro,2025-03-07,True,False
S003100,Reese,35-44,United Kingdom,Leeds,Gold,Beth Mead,Away Shirt,2016-04-28,True,True
S003101,Quinn,55-64,Japan,Osaka,Free,Beth Mead,Retro,2018-07-21,True,False
S003102,Charlie,55-64,India,Bengaluru,None,Vivianne Miedema,Retro,2025-03-01,False,False
S003103,Martin,65+,United States,New York,Gold,Gabriel Jesus,Third Kit,2023-05-29,True,True
S003104,Riley,25-34,United States,Chicago,Gold,Leah Williamson,Training Wear,2022-03-01,True,True
S003105,Sam,25-34,United Kingdom,Leeds,Free,William Saliba,Retro,2020-01-24,True,False
S003106,Leah,55-64,United Kingdom,Liverpool,Free,Kai Havertz,Retro,2017-11-02,True,False
S003107,Kai,18-24,United Kingdom,London,Red Member,Ben White,Training Wear,2024-02-08,True,True
S003108,Harper,35-44,United Kingdom,Manchester,None,Vivianne Miedema,Home Shirt,2024-06-25,True,False
S003109,Cameron,25-34,India,Bengaluru,Gold,Leah Williamson,Accessories,2025-04-18,True,False
S003110,Sofia,45-54,United Kingdom,Birmingham,Red Member,Kai Havertz,Accessories,2019-03-03,True,True
S003111,Jordan,45-54,United Kingdom,Birmingham,Red Member,Gabriel Jesus,Kids,2023-08-24,True,False
S003112,Quinn,65+,United Kingdom,Bristol,Free,Leah Williamson,Away Shirt,2022-05-15,True,False
S003113,Jamie,55-64,Japan,Osaka,Free,William Saliba,Kids,2021-07-25,True,False
S003114,Yuki,35-44,United Kingdom,Liverpool,Silver,Martin Odegaard,Accessories,2017-07-06,True,False
S003115,Taylor,35-44,Germany,Munich,Free,Kai Havertz,Hospitality,2023-09-27,True,False
S003116,Bukayo,25-34,Germany,Hamburg,None,Ben White,Away Shirt,2021-08-13,True,False
S003117,Noor,25-34,United Kingdom,Manchester,Silver,Gabriel Jesus,Training Wear,2021-01-24,True,False
S003118,Riley,55-64,United States,Chicago,None,Bukayo Saka,Kids,2019-06-17,True,False
S003119,Diego,65+,United Kingdom,Bristol,Silver,Martin Odegaard,Away Shirt,2019-02-15,True,False
S003120,Quinn,55-64,United States,New York,None,Ben White,Training Wear,2020-01-15,True,False
S003121,Priya,18-24,United Kingdom,Leeds,Gold,Leah Williamson,Accessories,2022-02-14,True,False
S003122,Olivia,25-34,United States,New York,Gold,Gabriel Martinelli,Third Kit,2020-04-15,True,True
S003123,Sofia,45-54,United Arab Emirates,Dubai,None,Gabriel Martinelli,Home Shirt,2024-08-28,True,False
S003124,Declan,55-64,Norway,Oslo,None,Gabriel Martinelli,Accessories,2020-03-28,True,False
S003125,Amara,35-44,United States,New York,Silver,Beth Mead,Away Shirt,2020-10-25,True,False
S003126,Yuki,35-44,United Kingdom,Bristol,Free,Beth Mead,Third Kit,2016-06-03,True,False
S003127,Jamie,25-34,United Kingdom,Manchester,Silver,Gabriel Jesus,Home Shirt,2019-02-28,False,False
S003128,Ingrid,35-44,United States,New York,Silver,Beth Mead,Retro,2019-06-12,True,False
S003129,Hassan,25-34,United States,Dallas,Free,Vivianne Miedema,Retro,2019-09-27,True,False
S003130,Gabriel,45-54,United Kingdom,Leeds,Silver,Ben White,Away Shirt,2017-04-15,True,False
S003131,Gabriel,35-44,Germany,Berlin,None,Ben White,Third Kit,2023-08-16,True,False
S003132,Morgan,18-24,Nigeria,Abuja,Free,Martin Odegaard,Away Shirt,2019-02-28,False,False
S003133,Devon,55-64,United Kingdom,Birmingham,Silver,Bukayo Saka,Accessories,2020-04-30,True,False
S003134,Reese,35-44,United Kingdom,Manchester,None,Beth Mead,Kids,2018-02-18,True,False
S003135,Riley,45-54,United Arab Emirates,Abu Dhabi,Silver,Kai Havertz,Third Kit,2023-10-12,False,False
S003136,Gabriel,35-44,Canada,Vancouver,None,William Saliba,Training Wear,2016-03-28,True,False
S003137,Beth,45-54,United Kingdom,Leeds,Red Member,William Saliba,Hospitality,2021-05-14,True,True
S003138,Yuki,45-54,United Kingdom,London,None,Martin Odegaard,Home Shirt,2023-06-09,True,False
S003139,Jordan,35-44,United Kingdom,Manchester,Free,Declan Rice,Third Kit,2023-03-26,False,False
S003140,Riley,35-44,United Kingdom,Liverpool,None,Bukayo Saka,Hospitality,2017-12-11,True,False
S003141,Mateo,25-34,United Kingdom,Bristol,None,Bukayo Saka,Training Wear,2024-12-31,True,False
S003142,Kai,35-44,United Kingdom,Leeds,Free,Beth Mead,Training Wear,2024-06-30,True,False
S003143,Quinn,65+,United Kingdom,Manchester,None,Leah Williamson,Home Shirt,2024-11-06,False,False
S003144,Skyler,25-34,United Kingdom,Manchester,Free,William Saliba,Away Shirt,2021-10-01,True,False
S003145,Hassan,25-34,India,Delhi,Silver,Vivianne Miedema,Training Wear,2021-01-17,True,False
S003146,Beth,18-24,United Kingdom,Liverpool,None,William Saliba,Home Shirt,2024-12-13,True,False
S003147,Sam,25-34,Nigeria,Kano,Silver,Declan Rice,Hospitality,2020-12-26,True,False
S003148,Morgan,18-24,United States,Dallas,Free,Declan Rice,Kids,2024-11-01,True,False
S003149,Ingrid,35-44,United Kingdom,Bristol,None,Bukayo Saka,Third Kit,2023-06-15,True,False
S003150,Mateo,45-54,United Kingdom,Bristol,Silver,Kai Havertz,Third Kit,2016-09-29,True,False
S003151,Bukayo,45-54,United Kingdom,Bristol,Free,Gabriel Jesus,Third Kit,2019-03-08,True,False
S003152,Ingrid,18-24,United Kingdom,Birmingham,None,Gabriel Martinelli,Hospitality,2021-04-15,True,False
S003153,Reese,25-34,United Kingdom,Birmingham,Gold,Ben White,Away Shirt,2020-05-27,False,True
S003154,Declan,25-34,United Arab Emirates,Abu Dhabi,Free,William Saliba,Away Shirt,2021-06-15,True,False
S003155,Ingrid,25-34,Japan,Osaka,Silver,Beth Mead,Retro,2020-08-17,True,False
S003156,Alex,45-54,United States,Chicago,None,Declan Rice,Kids,2019-05-07,False,False
S003157,Sam,18-24,Japan,Tokyo,Free,Kai Havertz,Hospitality,2021-08-02,True,False
S003158,Kenji,55-64,United Kingdom,Birmingham,Silver,Ben White,Hospitality,2021-06-12,True,False
S003159,Gabriel,18-24,Germany,Munich,Free,Kai Havertz,Kids,2017-11-16,True,False
S003160,Martin,25-34,United States,Los Angeles,Red Member,William Saliba,Away Shirt,2020-09-30,True,False
S003161,Mateo,45-54,United Kingdom,London,Gold,Leah Williamson,Away Shirt,2019-09-06,True,False
S003162,Declan,25-34,United States,Los Angeles,Gold,Beth Mead,Accessories,2021-02-28,False,True
S003163,Kenji,35-44,Nigeria,Abuja,Gold,Declan Rice,Accessories,2023-06-27,True,True
S003164,Olivia,45-54,United States,Boston,Silver,Gabriel Jesus,Third Kit,2020-07-02,True,False
S003165,Jordan,35-44,United Kingdom,London,Silver,Declan Rice,Retro,2023-12-14,True,False
S003166,Chidi,18-24,United Kingdom,Liverpool,Silver,Martin Odegaard,Kids,2019-09-02,False,False
S003167,Priya,25-34,United Kingdom,Birmingham,Silver,Ben White,Kids,2016-05-17,False,False
S003168,Hassan,25-34,Japan,Osaka,Free,Ben White,Accessories,2023-09-25,False,False
S003169,Taylor,55-64,United States,New York,Free,Gabriel Jesus,Home Shirt,2019-02-13,True,False
S003170,Taylor,55-64,United Arab Emirates,Dubai,Free,Gabriel Martinelli,Kids,2017-09-05,True,False
S003171,Alex,45-54,United Kingdom,Birmingham,Free,Vivianne Miedema,Away Shirt,2016-06-22,True,False
S003172,Leah,45-54,Nigeria,Lagos,Silver,Gabriel Martinelli,Retro,2021-12-16,False,False
S003173,Yuki,18-24,United Kingdom,Manchester,Free,Declan Rice,Training Wear,2019-05-29,True,False
S003174,Emile,18-24,United Kingdom,Leeds,Gold,Martin Odegaard,Away Shirt,2018-01-22,True,True
S003175,Mateo,55-64,United States,Dallas,None,Gabriel Jesus,Retro,2022-11-06,True,False
S003176,Kai,18-24,United Kingdom,Leeds,Free,William Saliba,Training Wear,2017-05-03,True,False
S003177,Rowan,55-64,United Kingdom,Birmingham,Red Member,Gabriel Jesus,Away Shirt,2022-01-20,True,True
S003178,Kenji,18-24,United Kingdom,Leeds,Silver,Bukayo Saka,Hospitality,2022-03-22,True,False
S003179,Beth,35-44,Canada,Vancouver,Free,Vivianne Miedema,Kids,2022-08-02,True,False
S003180,Kenji,55-64,United Kingdom,Manchester,Silver,Ben White,Hospitality,2019-06-17,True,False
S003181,Hassan,35-44,United Kingdom,Birmingham,Silver,Gabriel Jesus,Hospitality,2024-11-28,False,False
S003182,Alex,35-44,United Kingdom,Liverpool,Free,Gabriel Jesus,Third Kit,2019-04-16,True,False
S003183,Ingrid,25-34,Germany,Hamburg,None,Ben White,Kids,2019-06-09,True,False
S003184,Rowan,55-64,Japan,Osaka,None,Kai Havertz,Home Shirt,2022-02-06,True,False
S003185,Priya,25-34,United Kingdom,Leeds,Gold,Martin Odegaard,Third Kit,2017-03-17,True,True
S003186,Katie,35-44,India,Delhi,None,Vivianne Miedema,Training Wear,2016-04-14,True,False
S003187,Quinn,55-64,United Kingdom,Bristol,Free,Bukayo Saka,Third Kit,2017-07-18,True,False
S003188,Sam,45-54,Nigeria,Kano,Red Member,Ben White,Hospitality,2021-01-07,True,False
S003189,Hassan,18-24,United Kingdom,Bristol,Free,Martin Odegaard,Home Shirt,2017-10-29,True,False
S003190,Chidi,35-44,Canada,Vancouver,None,Declan Rice,Kids,2024-03-11,True,False
S003191,Leah,45-54,United States,Dallas,None,Martin Odegaard,Kids,2024-02-07,True,False
S003192,Taylor,35-44,United Kingdom,Leeds,None,William Saliba,Accessories,2024-10-30,True,False
S003193,Reese,55-64,United Kingdom,Manchester,Red Member,Bukayo Saka,Retro,2022-03-31,True,False
S003194,Devon,45-54,United Kingdom,Leeds,Silver,Gabriel Martinelli,Kids,2023-04-22,True,False
S003195,Chidi,18-24,United Kingdom,Birmingham,None,Leah Williamson,Training Wear,2023-06-17,True,False
S003196,Taylor,25-34,Norway,Oslo,Silver,Vivianne Miedema,Home Shirt,2017-02-24,True,False
S003197,Jordan,18-24,United Kingdom,Leeds,Free,Bukayo Saka,Third Kit,2023-07-05,True,False
S003198,Devon,35-44,United Arab Emirates,Abu Dhabi,Free,Declan Rice,Kids,2020-06-27,True,False
S003199,Sofia,45-54,United Kingdom,London,None,Kai Havertz,Retro,2016-03-07,False,False
S003200,Sofia,35-44,Nigeria,Lagos,Free,Gabriel Jesus,Away Shirt,2023-02-15,True,False
S003201,Emile,18-24,United States,Chicago,None,Leah Williamson,Home Shirt,2025-06-14,False,False
S003202,Devon,35-44,United Kingdom,London,Silver,Ben White,Kids,2021-07-04,False,False
S003203,Reese,65+,United Kingdom,Manchester,Silver,Beth Mead,Training Wear,2019-02-16,True,False
S003204,Jordan,65+,Norway,Oslo,Free,Kai Havertz,Kids,2023-10-31,True,False
S003205,Chidi,45-54,United Kingdom,London,None,Vivianne Miedema,Accessories,2021-12-21,False,False
S003206,Wei,18-24,United Kingdom,Manchester,Free,Declan Rice,Home Shirt,2024-05-28,True,False
S003207,Martin,25-34,United States,Los Angeles,Silver,Gabriel Jesus,Away Shirt,2017-02-25,False,False
S003208,Riley,25-34,United Arab Emirates,Abu Dhabi,None,Bukayo Saka,Accessories,2024-04-24,True,False
S003209,Cameron,55-64,United Kingdom,London,None,Leah Williamson,Away Shirt,2018-04-01,True,False
S003210,Martin,35-44,United States,Boston,Gold,William Saliba,Retro,2021-11-22,True,True
S003211,Alex,35-44,Nigeria,Lagos,Red Member,Martin Odegaard,Third Kit,2023-02-10,True,True
S003212,Skyler,55-64,United Kingdom,London,Silver,Martin Odegaard,Third Kit,2018-11-23,False,False
S003213,Skyler,35-44,Germany,Berlin,Silver,Ben White,Home Shirt,2019-08-11,False,False
S003214,Rowan,25-34,United Kingdom,Manchester,Free,Kai Havertz,Kids,2019-10-22,True,False
S003215,Charlie,45-54,United Kingdom,Manchester,Free,Martin Odegaard,Training Wear,2023-06-04,True,False
S003216,Kai,25-34,United States,Dallas,Gold,Leah Williamson,Hospitality,2024-05-25,True,False
S003217,Kai,25-34,United Kingdom,Leeds,Silver,Gabriel Martinelli,Kids,2018-02-05,True,False
S003218,Chidi,45-54,United Kingdom,Bristol,Free,Declan Rice,Home Shirt,2024-12-14,True,False
S003219,Chidi,45-54,United Kingdom,London,Gold,Bukayo Saka,Away Shirt,2023-01-03,True,True
S003220,Jamie,18-24,United States,Boston,None,Gabriel Jesus,Away Shirt,2016-03-13,False,False
S003221,Alex,45-54,India,Delhi,None,Gabriel Martinelli,Third Kit,2022-05-16,True,False
S003222,Cameron,18-24,United Kingdom,Leeds,Silver,Martin Odegaard,Home Shirt,2025-03-12,True,False
S003223,Wei,18-24,Australia,Melbourne,None,Kai Havertz,Kids,2019-12-20,True,False
S003224,Mateo,25-34,United States,Chicago,None,Gabriel Jesus,Retro,2024-03-22,True,False
S003225,Harper,18-24,Nigeria,Ibadan,None,Leah Williamson,Kids,2016-06-04,False,False
S003226,Wei,35-44,Nigeria,Lagos,None,Vivianne Miedema,Third Kit,2016-04-19,False,False
S003227,Mateo,55-64,United Kingdom,London,Free,Beth Mead,Retro,2017-12-07,True,False
S003228,Sofia,35-44,United States,Dallas,Silver,Vivianne Miedema,Home Shirt,2023-05-19,False,False
S003229,Cameron,45-54,United Kingdom,Liverpool,None,Gabriel Jesus,Retro,2019-07-18,True,False
S003230,Charlie,25-34,United Kingdom,Manchester,Free,Kai Havertz,Home Shirt,2020-08-26,True,False
S003231,Beth,18-24,Japan,Osaka,Free,Declan Rice,Third Kit,2022-12-28,True,False
S003232,Hassan,45-54,Australia,Melbourne,Silver,Leah Williamson,Accessories,2020-07-16,False,False
S003233,Sam,35-44,Nigeria,Abuja,Red Member,Gabriel Jesus,Away Shirt,2020-05-28,True,True
S003234,Jamie,25-34,India,Mumbai,None,Ben White,Home Shirt,2018-11-25,True,False
S003235,Charlie,25-34,India,Bengaluru,Free,Leah Williamson,Accessories,2025-07-07,True,False
S003236,Vivianne,45-54,United Kingdom,Manchester,Gold,Leah Williamson,Retro,2025-08-01,True,True
S003237,Amara,65+,United States,New York,Silver,Bukayo Saka,Retro,2022-08-20,True,False
S003238,Cameron,25-34,United Kingdom,Leeds,Free,Bukayo Saka,Training Wear,2024-05-10,True,False
S003239,Kai,25-34,United Arab Emirates,Abu Dhabi,Free,Vivianne Miedema,Home Shirt,2022-03-27,True,False
S003240,Rowan,55-64,United Kingdom,London,Silver,Declan Rice,Retro,2018-06-22,True,False
S003241,Priya,18-24,United Kingdom,Bristol,Silver,Declan Rice,Kids,2020-08-24,True,False
S003242,Kai,18-24,United Kingdom,Liverpool,None,Gabriel Jesus,Accessories,2023-03-05,True,False
S003243,Jordan,35-44,Canada,Toronto,None,Gabriel Jesus,Retro,2024-12-10,True,False
S003244,Bukayo,18-24,Norway,Oslo,None,Bukayo Saka,Retro,2019-05-07,True,False
S003245,Ingrid,25-34,Nigeria,Abuja,None,Gabriel Martinelli,Retro,2022-08-21,False,False
S003246,Emile,45-54,United Kingdom,Bristol,None,William Saliba,Away Shirt,2024-07-12,True,False
S003247,Jamie,18-24,India,Delhi,None,Bukayo Saka,Home Shirt,2022-11-17,True,False
S003248,Olivia,65+,United Kingdom,Birmingham,Red Member,Vivianne Miedema,Retro,2017-07-31,True,False
S003249,Ingrid,18-24,Canada,Toronto,None,Declan Rice,Retro,2017-09-05,True,False
S003250,Liam,45-54,United Kingdom,Bristol,Free,Bukayo Saka,Retro,2019-11-04,False,False
S003251,Martin,45-54,United States,Los Angeles,Silver,Ben White,Third Kit,2023-07-02,True,False
S003252,Declan,45-54,India,Bengaluru,None,Kai Havertz,Retro,2020-11-12,True,False
S003253,Katie,25-34,United Kingdom,Bristol,None,Leah Williamson,Third Kit,2017-11-06,True,False
S003254,Martin,35-44,United States,New York,Gold,Kai Havertz,Kids,2024-06-22,True,False
S003255,Riley,45-54,United Kingdom,Birmingham,Free,Bukayo Saka,Away Shirt,2025-03-03,True,False
S003256,Mateo,65+,United Kingdom,London,Gold,Martin Odegaard,Away Shirt,2020-05-05,True,True
S003257,Morgan,35-44,United States,Los Angeles,None,Bukayo Saka,Home Shirt,2021-11-01,True,False
S003258,Skyler,25-34,United Arab Emirates,Dubai,None,Gabriel Jesus,Third Kit,2023-09-09,False,False
S003259,Rowan,25-34,Germany,Berlin,None,Martin Odegaard,Third Kit,2024-07-20,True,False
S003260,Noor,55-64,United Kingdom,Birmingham,Red Member,Gabriel Martinelli,Third Kit,2024-09-15,False,False
S003261,Ingrid,25-34,Nigeria,Lagos,Red Member,Gabriel Martinelli,Accessories,2016-11-21,True,True
S003262,Sofia,25-34,United Arab Emirates,Abu Dhabi,None,Kai Havertz,Third Kit,2019-08-01,True,False
S003263,Alex,35-44,United States,New York,Free,Vivianne Miedema,Home Shirt,2019-06-05,True,False
S003264,Kenji,25-34,United Kingdom,Liverpool,None,Martin Odegaard,Away Shirt,2016-08-21,False,False
S003265,Reese,45-54,Japan,Tokyo,None,Beth Mead,Home Shirt,2017-03-13,True,False
S003266,Amara,65+,Canada,Toronto,Free,Vivianne Miedema,Away Shirt,2022-09-09,True,False
S003267,Quinn,35-44,United Kingdom,Leeds,Silver,Ben White,Hospitality,2017-09-15,True,False
S003268,Kai,18-24,United Kingdom,Birmingham,Silver,Gabriel Martinelli,Third Kit,2016-05-03,True,False
S003269,Beth,25-34,Germany,Berlin,Free,Ben White,Training Wear,2022-02-06,True,False
S003270,Liam,55-64,United States,Los Angeles,Silver,Ben White,Kids,2022-07-22,True,False
S003271,Chidi,18-24,Germany,Munich,None,Ben White,Hospitality,2021-09-25,True,False
S003272,Jordan,25-34,United Kingdom,Birmingham,Free,Vivianne Miedema,Third Kit,2016-05-05,True,False
S003273,Charlie,35-44,Canada,Toronto,None,Declan Rice,Retro,2023-07-12,True,False
S003274,Hassan,18-24,United Kingdom,Liverpool,None,Vivianne Miedema,Third Kit,2024-10-14,True,False
S003275,Mateo,35-44,United Kingdom,Birmingham,None,Vivianne Miedema,Accessories,2021-04-03,False,False
S003276,Beth,25-34,United Kingdom,Liverpool,Silver,Ben White,Hospitality,2021-08-25,True,False
S003277,Taylor,55-64,United Kingdom,Manchester,Red Member,Kai Havertz,Hospitality,2017-06-29,False,True
S003278,Drew,25-34,United States,Chicago,Silver,Vivianne Miedema,Third Kit,2018-09-20,True,False
S003279,Declan,65+,United Kingdom,Leeds,None,Bukayo Saka,Kids,2018-05-17,True,False
S003280,Alex,18-24,United Kingdom,Liverpool,Silver,William Saliba,Hospitality,2020-04-20,True,False
S003281,Wei,25-34,United Kingdom,Liverpool,None,Leah Williamson,Home Shirt,2023-12-06,True,False
S003282,Chidi,35-44,Australia,Sydney,Silver,Declan Rice,Third Kit,2022-12-15,True,False
S003283,Yuki,35-44,United States,Chicago,Silver,Declan Rice,Away Shirt,2018-10-20,True,False
S003284,Beth,18-24,Germany,Hamburg,Free,Martin Odegaard,Kids,2025-01-15,True,False
S003285,Ingrid,35-44,United Kingdom,Leeds,Free,Martin Odegaard,Accessories,2018-11-11,False,False
S003286,Cameron,18-24,United Kingdom,Birmingham,Free,Vivianne Miedema,Third Kit,2016-06-24,True,False
S003287,Bukayo,25-34,United Kingdom,London,None,Vivianne Miedema,Hospitality,2017-08-24,False,False
S003288,Amara,35-44,United Kingdom,Bristol,Free,Martin Odegaard,Accessories,2020-03-25,True,False
S003289,Sofia,35-44,United Kingdom,Bristol,None,Vivianne Miedema,Training Wear,2023-03-05,True,False
S003290,Gabriel,25-34,United Kingdom,Leeds,None,Bukayo Saka,Training Wear,2016-02-01,True,False
S003291,Declan,35-44,United Kingdom,Birmingham,None,Beth Mead,Retro,2019-07-28,False,False
S003292,Sam,18-24,United States,Chicago,Free,Beth Mead,Hospitality,2016-01-26,True,False
S003293,Declan,35-44,United States,Chicago,Silver,Ben White,Retro,2019-10-23,False,False
S003294,Wei,35-44,Japan,Osaka,Red Member,Declan Rice,Kids,2018-04-22,True,True
S003295,Reese,45-54,United Kingdom,Manchester,Free,Kai Havertz,Kids,2023-06-23,True,False
S003296,Priya,25-34,United Kingdom,Bristol,Silver,Bukayo Saka,Kids,2025-03-01,True,False
S003297,Diego,25-34,Norway,Bergen,Silver,Gabriel Jesus,Hospitality,2020-01-24,True,False
S003298,Cameron,25-34,United States,Dallas,None,Ben White,Third Kit,2025-06-02,True,False
S003299,Noor,18-24,Nigeria,Ibadan,None,Leah Williamson,Kids,2024-09-12,True,False
S003300,Harper,45-54,Norway,Oslo,None,Beth Mead,Accessories,2020-07-16,True,False
S003301,Devon,25-34,Germany,Hamburg,Silver,Leah Williamson,Home Shirt,2022-07-25,True,False
S003302,Kenji,18-24,United Arab Emirates,Abu Dhabi,None,Gabriel Martinelli,Home Shirt,2022-07-10,True,False
S003303,Beth,25-34,United Kingdom,Leeds,Gold,William Saliba,Kids,2019-08-03,True,True
S003304,Alex,55-64,United Kingdom,Leeds,Gold,Kai Havertz,Hospitality,2021-11-17,True,True
S003305,Sam,55-64,United Kingdom,Manchester,Gold,William Saliba,Retro,2024-03-14,False,False
S003306,Kai,25-34,Nigeria,Ibadan,Silver,Gabriel Jesus,Third Kit,2021-01-11,False,False
S003307,Skyler,65+,United Kingdom,London,Red Member,William Saliba,Accessories,2023-06-28,True,False
S003308,Diego,35-44,United Kingdom,Bristol,None,Vivianne Miedema,Retro,2017-02-06,True,False
S003309,Emile,25-34,Japan,Osaka,Free,Vivianne Miedema,Kids,2025-01-04,True,False
S003310,Mateo,18-24,United Kingdom,London,Free,Declan Rice,Retro,2023-06-13,True,False
S003311,Katie,25-34,Nigeria,Kano,Gold,Leah Williamson,Away Shirt,2017-06-18,False,False
S003312,Kai,65+,United Kingdom,Manchester,None,William Saliba,Hospitality,2021-01-01,False,False
S003313,Ingrid,25-34,India,Delhi,None,Martin Odegaard,Away Shirt,2017-05-04,True,False
S003314,Kenji,45-54,Australia,Sydney,Free,Leah Williamson,Accessories,2022-11-18,False,False
S003315,Cameron,35-44,United Kingdom,Leeds,Gold,Vivianne Miedema,Hospitality,2021-07-22,True,True
S003316,Reese,65+,Nigeria,Abuja,None,Gabriel Martinelli,Third Kit,2023-06-05,True,False
S003317,Skyler,25-34,United Kingdom,Bristol,Free,Bukayo Saka,Kids,2020-08-28,True,False
S003318,Amara,18-24,United Kingdom,Manchester,Silver,Beth Mead,Retro,2019-06-24,True,False
S003319,Liam,65+,India,Bengaluru,Silver,Declan Rice,Accessories,2019-05-30,True,False
S003320,Charlie,25-34,United Kingdom,Manchester,Gold,William Saliba,Kids,2016-09-24,True,True
S003321,Alex,25-34,United Kingdom,London,None,Vivianne Miedema,Third Kit,2016-02-22,True,False
S003322,Olivia,35-44,United Kingdom,Leeds,Free,Kai Havertz,Home Shirt,2021-12-25,False,False
S003323,Emile,35-44,United Kingdom,Leeds,None,Declan Rice,Away Shirt,2024-08-22,False,False
S003324,Noor,18-24,Norway,Oslo,Free,Kai Havertz,Hospitality,2021-03-17,True,False
S003325,Leah,55-64,Nigeria,Lagos,Silver,Bukayo Saka,Accessories,2024-10-19,True,False
S003326,Gabriel,25-34,INDIA,Bengaluru,Silver,Bukayo Saka,Training Wear,2020-03-30,True,False
S003327,Wei,55-64,United Kingdom,Bristol,None,Gabriel Martinelli,Third Kit,2016-08-06,True,False
S003328,Emile,35-44,United Kingdom,London,None,Leah Williamson,Retro,2023-05-14,True,False
S003329,Gabriel,45-54,NORWAY,Bergen,None,Gabriel Jesus,Hospitality,2023-10-28,True,False
S003330,Jamie,25-34,United Kingdom,Liverpool,None,Leah Williamson,Retro,2024-11-20,False,False
S003331,Yuki,35-44,United Kingdom,Bristol,None,Gabriel Martinelli,Away Shirt,2018-09-20,True,False
S003332,Vivianne,25-34,United Kingdom,Bristol,Free,Kai Havertz,Away Shirt,2022-04-26,True,False
S003333,Martin,35-44,United Kingdom,London,None,Declan Rice,Home Shirt,2017-08-26,False,False
S003334,Kai,25-34,Canada,Toronto,Gold,William Saliba,Accessories,2017-11-20,True,True
S003335,Harper,35-44,United States,Los Angeles,None,Martin Odegaard,Accessories,2022-12-06,True,False
S003336,Katie,18-24,India,Delhi,None,Gabriel Jesus,Retro,2019-04-14,True,False
S003337,Bukayo,25-34,India,Mumbai,Gold,Leah Williamson,Kids,2021-01-19,False,False
S003338,Vivianne,45-54,India,Bengaluru,Gold,Martin Odegaard,Retro,2024-01-15,True,True
S003339,Quinn,25-34,United States,Los Angeles,None,Martin Odegaard,Third Kit,2018-10-05,False,False
S003340,Bukayo,55-64,United Kingdom,Birmingham,Red Member,Vivianne Miedema,Accessories,2021-09-20,True,True
S003341,Katie,18-24,India,Delhi,Gold,Kai Havertz,Kids,2024-02-23,True,True
S003342,Sam,45-54,United Kingdom,Birmingham,Gold,Vivianne Miedema,Training Wear,2019-08-21,True,False
S003343,Alex,18-24,United States,Chicago,None,Beth Mead,Hospitality,2023-11-25,True,False
S003344,Leah,35-44,India,Delhi,Free,Ben White,Accessories,2024-06-24,False,False
S003345,Quinn,35-44,United Kingdom,Birmingham,Silver,Beth Mead,Hospitality,2023-07-08,True,False
S003346,Amara,35-44,United Kingdom,Bristol,Silver,Gabriel Jesus,Hospitality,2019-01-10,True,False
S003347,Mateo,45-54,Australia,Melbourne,None,Gabriel Martinelli,Retro,2022-05-01,True,False
S003348,Jamie,35-44,Japan,Tokyo,Silver,Vivianne Miedema,Third Kit,2024-09-07,False,False
S003349,Mateo,25-34,United Kingdom,Liverpool,Free,Martin Odegaard,Third Kit,2024-09-04,True,False
S003350,Jordan,25-34,United Kingdom,Manchester,Free,Bukayo Saka,Third Kit,2025-02-01,False,False
S003351,Jamie,18-24,United Kingdom,Birmingham,Free,William Saliba,Home Shirt,2016-12-13,True,False
S003352,Beth,25-34,United Kingdom,Bristol,Free,Beth Mead,Kids,2022-09-14,True,False
S003353,Liam,25-34,United States,New York,Free,William Saliba,Kids,2025-06-16,True,False
S003354,Gabriel,65+,United Kingdom,Manchester,Free,Beth Mead,Accessories,2021-09-10,False,False
S003355,Beth,55-64,United Kingdom,Manchester,None,Bukayo Saka,Retro,2016-10-27,False,False
S003356,Bukayo,65+,United States,Los Angeles,Gold,Declan Rice,Third Kit,2024-12-29,True,False
S003357,Liam,45-54,United Kingdom,Birmingham,Free,Beth Mead,Third Kit,2017-08-01,True,False
S003358,Skyler,65+,Nigeria,Abuja,None,Declan Rice,Training Wear,2019-08-01,True,False
S003359,Hassan,25-34,United Kingdom,Manchester,None,Kai Havertz,Home Shirt,2023-11-06,False,False
S003360,Amara,25-34,United Kingdom,Liverpool,Red Member,Declan Rice,Training Wear,2017-06-17,True,True
S003361,Emile,35-44,India,Mumbai,None,Vivianne Miedema,Home Shirt,2020-03-24,True,False
S003362,Jamie,55-64,United Kingdom,Manchester,Free,Declan Rice,Training Wear,2022-06-26,True,False
S003363,Kenji,55-64,United Kingdom,Bristol,Free,Leah Williamson,Kids,2019-03-03,True,False
S003364,Rowan,65+,India,Delhi,Silver,Declan Rice,Accessories,2016-02-13,True,False
S003365,Drew,35-44,United Kingdom,London,None,William Saliba,Home Shirt,2022-03-14,False,False
S003366,Beth,45-54,Norway,Oslo,Gold,Martin Odegaard,Training Wear,2021-02-12,False,True
S003367,Kenji,18-24,Nigeria,Ibadan,Free,Ben White,Hospitality,2024-04-01,True,False
S003368,Katie,45-54,United Kingdom,Bristol,None,Kai Havertz,Third Kit,2024-03-09,False,False
S003369,Liam,25-34,United States,Boston,Gold,Bukayo Saka,Training Wear,2019-03-27,True,True
S003370,Devon,65+,United Kingdom,Manchester,Silver,Declan Rice,Hospitality,2020-07-15,True,False
S003371,Drew,18-24,United Kingdom,Manchester,Gold,Vivianne Miedema,Kids,2024-09-02,True,False
S003372,Taylor,35-44,India,Mumbai,Silver,Declan Rice,Away Shirt,2017-03-16,True,False
S003373,Quinn,25-34,India,Mumbai,Free,Ben White,Hospitality,2020-03-04,True,False
S003374,Morgan,35-44,United Kingdom,Birmingham,Silver,Ben White,Hospitality,2024-08-08,True,False
S003375,Olivia,35-44,United Kingdom,Liverpool,Free,Bukayo Saka,Third Kit,2023-08-11,True,False
S003376,Devon,65+,United Kingdom,Leeds,Free,Bukayo Saka,Accessories,2020-09-29,True,False
S003377,Chidi,35-44,United Kingdom,London,Silver,Gabriel Jesus,Kids,2021-09-25,True,False
S003378,Noor,25-34,India,Mumbai,Free,Leah Williamson,Retro,2024-07-20,True,False
S003379,Martin,65+,United Kingdom,London,Silver,Martin Odegaard,Training Wear,2019-10-21,True,False
S003380,Diego,45-54,United Kingdom,Bristol,Silver,Gabriel Martinelli,Training Wear,2017-01-19,False,False
S003381,Taylor,65+,United Kingdom,London,Silver,Gabriel Jesus,Kids,2021-10-29,True,False
S003382,Skyler,25-34,United Kingdom,Manchester,None,Bukayo Saka,Third Kit,2019-09-21,True,False
S003383,Morgan,35-44,United States,Boston,Free,Gabriel Martinelli,Home Shirt,2017-12-15,False,False
S003384,Riley,18-24,United Kingdom,Bristol,Free,Martin Odegaard,Away Shirt,2019-01-21,True,False
S003385,Quinn,45-54,Germany,Hamburg,Red Member,Declan Rice,Retro,2022-11-27,True,True
S003386,Diego,18-24,United States,Chicago,None,Gabriel Jesus,Hospitality,2022-09-23,True,False
S003387,Beth,25-34,United States,New York,Gold,Gabriel Martinelli,Kids,2021-07-20,False,True
S003388,Harper,45-54,United Kingdom,London,Red Member,Kai Havertz,Accessories,2017-09-15,True,True
S003389,Bukayo,25-34,United Kingdom,London,Red Member,Declan Rice,Third Kit,2017-04-22,True,False
S003390,Priya,18-24,United Kingdom,Birmingham,None,Ben White,Third Kit,2017-01-03,False,False
S003391,Diego,35-44,Australia,Sydney,None,Leah Williamson,Home Shirt,2021-02-06,False,False
S003392,Sam,25-34,Nigeria,Ibadan,Red Member,Ben White,Third Kit,2020-07-05,True,True
S003393,Sam,35-44,United Kingdom,Birmingham,Free,Gabriel Jesus,Third Kit,2017-07-06,True,False
S003394,Katie,25-34,United Kingdom,Manchester,None,Gabriel Jesus,Third Kit,2018-02-10,False,False
S003395,Sam,18-24,Norway,Bergen,None,William Saliba,Kids,2023-07-16,True,False
S003396,Riley,18-24,United Kingdom,London,None,Martin Odegaard,Away Shirt,2020-02-09,True,False
S003397,Alex,18-24,United Kingdom,Leeds,None,Vivianne Miedema,Hospitality,2018-02-17,True,False
S003398,Priya,25-34,United Kingdom,London,Gold,Vivianne Miedema,Training Wear,2024-11-03,False,False
S003399,Quinn,45-54,United Kingdom,Liverpool,None,Gabriel Jesus,Retro,2019-02-27,True,False
S003400,Skyler,35-44,United Kingdom,Liverpool,Gold,Martin Odegaard,Accessories,2017-02-09,False,True
S003401,Noor,18-24,United States,New York,Silver,Beth Mead,Hospitality,2018-06-18,False,False
S003402,Beth,25-34,India,Bengaluru,Gold,Beth Mead,Hospitality,2019-08-05,True,True
S003403,Bukayo,45-54,United Kingdom,Liverpool,Free,Declan Rice,Accessories,2016-02-02,True,False
S003404,Gabriel,25-34,United States,Los Angeles,None,Vivianne Miedema,Accessories,2024-05-11,True,False
S003405,Sam,25-34,United Arab Emirates,Abu Dhabi,Silver,Gabriel Jesus,Third Kit,2020-05-02,False,False
S003406,Charlie,65+,United Kingdom,London,Free,Leah Williamson,Hospitality,2016-01-29,False,False
S003407,Martin,35-44,United Kingdom,Liverpool,None,Vivianne Miedema,Away Shirt,2023-03-26,True,False
S003408,Beth,25-34,United Kingdom,Birmingham,Free,Vivianne Miedema,Hospitality,2017-12-01,True,False
S003409,Vivianne,25-34,Australia,Sydney,None,Leah Williamson,Third Kit,2021-06-26,True,False
S003410,Sofia,45-54,United Kingdom,Manchester,Silver,Leah Williamson,Retro,2024-10-21,False,False
S003411,Devon,35-44,Norway,Oslo,Free,Ben White,Kids,2021-03-05,True,False
S003412,Taylor,25-34,India,Bengaluru,None,Kai Havertz,Home Shirt,2019-06-13,True,False
S003413,Skyler,25-34,United Kingdom,Manchester,None,Declan Rice,Accessories,2017-03-15,True,False
S003414,Hassan,55-64,United States,Chicago,Free,Gabriel Jesus,Kids,2016-12-03,True,False
S003415,Harper,55-64,United Kingdom,London,None,Gabriel Martinelli,Third Kit,2023-04-01,True,False
S003416,Yuki,18-24,United Kingdom,Birmingham,Silver,Kai Havertz,Retro,2022-09-04,True,False
S003417,Gabriel,25-34,United Kingdom,Manchester,None,Gabriel Jesus,Accessories,2025-02-04,True,False
S003418,Liam,35-44,Germany,Hamburg,None,William Saliba,Third Kit,2024-06-10,False,False
S003419,Kai,45-54,United Arab Emirates,Dubai,None,Vivianne Miedema,Home Shirt,2021-04-12,True,False
S003420,Liam,55-64,United Kingdom,London,Free,Kai Havertz,Training Wear,2024-09-15,False,False
S003421,Hassan,18-24,United States,Dallas,Free,Leah Williamson,Away Shirt,2021-11-07,True,False
S003422,Hassan,18-24,United Kingdom,Leeds,Gold,William Saliba,Accessories,2019-08-21,True,True
S003423,Ingrid,18-24,United States,Dallas,Gold,William Saliba,Kids,2018-02-17,True,False
S003424,Ingrid,65+,United Kingdom,Birmingham,Gold,Declan Rice,Accessories,2016-05-30,True,False
S003425,Bukayo,35-44,Nigeria,Ibadan,Gold,Ben White,Training Wear,2016-11-03,True,True
S003426,Martin,55-64,United Kingdom,Leeds,Red Member,Gabriel Jesus,Retro,2016-06-29,True,True
S003427,Harper,25-34,United States,Los Angeles,None,Beth Mead,Kids,2023-03-17,True,False
S003428,Beth,65+,Canada,Toronto,Free,Gabriel Jesus,Kids,2019-10-16,True,False
S003429,Beth,25-34,United States,Boston,None,Gabriel Jesus,Accessories,2019-04-29,True,False
S003430,Gabriel,65+,United Kingdom,Liverpool,None,Kai Havertz,Kids,2024-02-25,True,False
S003431,Declan,35-44,United Arab Emirates,Dubai,None,Gabriel Jesus,Accessories,2021-05-10,True,False
S003432,Amara,35-44,United States,Los Angeles,Gold,Bukayo Saka,Kids,2019-11-22,True,False
S003433,Skyler,18-24,United Kingdom,Leeds,Free,Beth Mead,Accessories,2024-07-31,True,False
S003434,Charlie,45-54,India,Bengaluru,None,Gabriel Martinelli,Training Wear,2019-02-04,True,False
S003435,Harper,45-54,United Kingdom,Bristol,None,Gabriel Martinelli,Hospitality,2019-04-04,True,False
S003436,Reese,45-54,United Kingdom,London,Silver,Leah Williamson,Retro,2019-02-22,True,False
S003437,Kenji,35-44,United Kingdom,Liverpool,Free,Ben White,Hospitality,2024-06-24,False,False
S003438,Vivianne,35-44,United Kingdom,Birmingham,Free,Vivianne Miedema,Hospitality,2020-11-07,True,False
S003439,Morgan,45-54,United States,Los Angeles,Free,Leah Williamson,Retro,2018-09-08,True,False
S003440,Emile,25-34,United Kingdom,Bristol,Free,Beth Mead,Away Shirt,2020-01-23,True,False
S003441,Hassan,65+,United Kingdom,Birmingham,Free,Bukayo Saka,Accessories,2019-05-04,True,False
S003442,Diego,55-64,United States,New York,Free,Beth Mead,Retro,2016-07-30,True,False
S003443,Amara,25-34,United Kingdom,London,None,Kai Havertz,Retro,2020-04-06,False,False
S003444,Leah,35-44,India,Delhi,Gold,Declan Rice,Accessories,2017-03-17,False,True
S003445,Hassan,25-34,Norway,Bergen,Free,Declan Rice,Away Shirt,2021-08-31,True,False
S003446,Reese,65+,India,Delhi,Red Member,Bukayo Saka,Retro,2025-08-16,True,False
S003447,Noor,35-44,United Kingdom,Birmingham,None,Declan Rice,Home Shirt,2019-02-10,False,False
S003448,Cameron,35-44,Australia,Sydney,Silver,Ben White,Away Shirt,2018-01-19,True,False
S003449,Wei,35-44,United Kingdom,London,Silver,Kai Havertz,Third Kit,2024-08-31,True,False
S003450,Devon,18-24,United Kingdom,Manchester,None,Bukayo Saka,Hospitality,2022-05-26,False,False
S003451,Alex,35-44,United Kingdom,Liverpool,Silver,Declan Rice,Hospitality,2019-01-30,False,False
S003452,Cameron,18-24,Germany,Berlin,Gold,Ben White,Home Shirt,2020-10-30,True,False
S003453,Rowan,65+,United Kingdom,Birmingham,Gold,Declan Rice,Accessories,2024-10-02,False,True
S003454,Yuki,25-34,Canada,Toronto,Silver,Leah Williamson,Retro,2022-02-24,True,False
S003455,Bukayo,35-44,United Kingdom,Bristol,Gold,Beth Mead,Hospitality,2017-11-06,True,True
S003456,Leah,55-64,Germany,Munich,None,Martin Odegaard,Kids,2024-03-18,True,False
S003457,Liam,25-34,United Kingdom,Leeds,None,William Saliba,Third Kit,2023-01-19,True,False
S003458,Sofia,35-44,United Kingdom,Birmingham,None,Vivianne Miedema,Third Kit,2022-03-01,False,False
S003459,Reese,55-64,United Kingdom,Manchester,Free,Leah Williamson,Kids,2019-03-20,True,False
S003460,Liam,55-64,United Kingdom,Birmingham,Gold,Martin Odegaard,Third Kit,2022-04-06,True,False
S003461,Gabriel,35-44,Norway,Bergen,Red Member,Ben White,Accessories,2024-04-16,True,True
S003462,Morgan,25-34,India,Bengaluru,Free,Kai Havertz,Home Shirt,2021-12-26,True,False
S003463,Leah,35-44,United States,Dallas,Gold,Beth Mead,Kids,2018-04-12,True,False
S003464,Emile,45-54,United States,New York,Red Member,Declan Rice,Home Shirt,2022-12-29,True,True
S003465,Jamie,18-24,Nigeria,Lagos,Silver,Martin Odegaard,Third Kit,2016-11-26,True,False
S003466,Cameron,45-54,United Kingdom,Bristol,Free,William Saliba,Away Shirt,2021-09-06,True,False
S003467,Rowan,65+,United Kingdom,Liverpool,None,Martin Odegaard,Third Kit,2017-05-18,True,False
S003468,Quinn,25-34,United Kingdom,Manchester,Silver,Kai Havertz,Retro,2018-05-28,True,False
S003469,Hassan,25-34,United Kingdom,Bristol,Gold,Kai Havertz,Accessories,2019-08-20,True,True
S003470,Skyler,25-34,United Kingdom,London,Silver,William Saliba,Retro,2017-02-10,True,False
S003471,Quinn,35-44,United Arab Emirates,Abu Dhabi,Gold,Gabriel Martinelli,Home Shirt,2020-03-14,True,True
S003472,Vivianne,35-44,United Kingdom,Liverpool,Gold,Declan Rice,Third Kit,2021-06-27,False,True
S003473,Kai,55-64,United Kingdom,Liverpool,None,Bukayo Saka,Retro,2022-07-29,True,False
S003474,Leah,18-24,United Kingdom,Manchester,None,Gabriel Jesus,Training Wear,2019-04-24,True,False
S003475,Kenji,35-44,Nigeria,Abuja,Gold,Ben White,Kids,2024-07-18,True,False
S003476,Katie,18-24,United States,Boston,None,Gabriel Jesus,Accessories,2024-09-22,True,False
S003477,Kai,35-44,United Arab Emirates,Dubai,Silver,Gabriel Jesus,Away Shirt,2020-04-25,True,False
S003478,Skyler,35-44,United Kingdom,Liverpool,None,Declan Rice,Training Wear,2016-06-14,True,False
S003479,Leah,25-34,India,Delhi,None,Vivianne Miedema,Kids,2020-04-19,True,False
S003480,Riley,35-44,United Kingdom,Bristol,None,Leah Williamson,Away Shirt,2019-05-27,True,False
S003481,Chidi,25-34,United Kingdom,Liverpool,Silver,Kai Havertz,Third Kit,2024-02-06,True,False
S003482,Priya,35-44,United Kingdom,Leeds,Gold,Gabriel Martinelli,Home Shirt,2023-08-20,True,False
S003483,Mateo,35-44,United Kingdom,London,Free,Gabriel Jesus,Third Kit,2023-07-18,False,False
S003484,Bukayo,45-54,United Kingdom,Bristol,Gold,Martin Odegaard,Home Shirt,2024-02-07,True,False
S003485,Liam,65+,United Kingdom,Manchester,None,Bukayo Saka,Accessories,2025-02-07,False,False
S003486,Wei,65+,Japan,Osaka,None,William Saliba,Home Shirt,2023-04-12,True,False
S003487,Harper,45-54,United Kingdom,Leeds,Silver,Gabriel Martinelli,Hospitality,2017-07-23,True,False
S003488,Vivianne,35-44,United Kingdom,Manchester,None,Kai Havertz,Home Shirt,2016-08-02,True,False
S003489,Harper,25-34,Norway,Bergen,Red Member,Bukayo Saka,Hospitality,2019-09-21,False,False
S003490,Katie,25-34,United Kingdom,Bristol,Free,Kai Havertz,Hospitality,2019-01-30,True,False
S003491,Jordan,55-64,United States,Boston,Gold,Bukayo Saka,Accessories,2020-08-06,False,True
S003492,Priya,35-44,United Kingdom,Manchester,Silver,Vivianne Miedema,Away Shirt,2022-11-12,False,False
S003493,Devon,25-34,United Kingdom,London,None,Gabriel Martinelli,Training Wear,2022-06-09,False,False
S003494,Kai,25-34,UNITED KINGDOM,Manchester,Free,William Saliba,Home Shirt,2023-12-23,True,False
S003495,Hassan,25-34,United Kingdom,Leeds,Silver,William Saliba,Home Shirt,2020-09-20,True,False
S003496,Skyler,25-34,United Kingdom,Liverpool,Gold,William Saliba,Hospitality,2025-03-31,False,True
S003497,Martin,65+,United Kingdom,Manchester,Red Member,Martin Odegaard,Retro,2017-01-14,True,True
S003498,Declan,25-34,United Kingdom,London,None,William Saliba,Retro,2024-06-16,True,False
S003499,Skyler,65+,United Kingdom,Liverpool,Free,Kai Havertz,Retro,2022-08-08,True,False
S003500,Bukayo,35-44,United Kingdom,Leeds,None,Leah Williamson,Hospitality,2022-04-28,False,False
S003501,Declan,45-54,United Kingdom,Bristol,Silver,Gabriel Martinelli,Hospitality,2018-01-06,True,False
S003502,Jordan,18-24,United Kingdom,Liverpool,Gold,William Saliba,Retro,2018-05-14,True,True
S003503,Leah,55-64,United Kingdom,Birmingham,None,Declan Rice,Kids,2022-08-03,True,False
S003504,Martin,35-44,India,Bengaluru,Free,Ben White,Training Wear,2023-11-08,True,False
S003505,Amara,35-44,United Kingdom,Liverpool,None,Martin Odegaard,Home Shirt,2025-01-27,True,False
S003506,Quinn,45-54,United Arab Emirates,Dubai,Free,Gabriel Jesus,Away Shirt,2024-12-24,True,False
S003507,Alex,25-34,India,Bengaluru,Free,Ben White,Training Wear,2025-04-05,True,False
S003508,Martin,18-24,United Kingdom,Leeds,None,Bukayo Saka,Retro,2022-01-28,True,False
S003509,Liam,35-44,United States,Los Angeles,None,Declan Rice,Third Kit,2019-03-27,True,False
S003510,Quinn,25-34,United Kingdom,Liverpool,Silver,Beth Mead,Hospitality,2025-03-23,True,False
S003511,Taylor,35-44,United States,Dallas,Red Member,Bukayo Saka,Accessories,2023-09-24,True,True
S003512,Taylor,25-34,Germany,Berlin,None,Beth Mead,Kids,2022-12-10,True,False
S003513,Jordan,45-54,India,Delhi,None,William Saliba,Away Shirt,2018-01-17,True,False
S003514,Jordan,55-64,India,Mumbai,Free,Ben White,Third Kit,2020-09-26,True,False
S003515,Quinn,65+,United Kingdom,Manchester,None,Beth Mead,Hospitality,2017-11-10,True,False
S003516,Bukayo,25-34,United Kingdom,Manchester,None,Declan Rice,Training Wear,2018-01-05,True,False
S003517,Olivia,45-54,United Kingdom,London,None,Ben White,Away Shirt,2018-12-02,True,False
S003518,Charlie,18-24,Canada,Vancouver,Gold,Bukayo Saka,Third Kit,2019-11-21,True,False
S003519,Devon,35-44,United Kingdom,London,None,Gabriel Jesus,Away Shirt,2017-12-15,True,False
S003520,Reese,35-44,United States,Boston,Free,Ben White,Accessories,2019-10-16,True,False
S003521,Vivianne,18-24,United Kingdom,Birmingham,Free,Ben White,Home Shirt,2020-09-03,True,False
S003522,Ingrid,25-34,United Kingdom,Birmingham,Silver,Ben White,Third Kit,2022-10-13,True,False
S003523,Kai,25-34,Australia,Sydney,None,Gabriel Martinelli,Accessories,2018-10-22,True,False
S003524,Charlie,25-34,United Kingdom,Liverpool,Silver,Beth Mead,Accessories,2022-12-14,True,False
S003525,Rowan,18-24,United Kingdom,Manchester,None,Beth Mead,Accessories,2024-11-23,True,False
S003526,Declan,18-24,Germany,Hamburg,Silver,Declan Rice,Retro,2017-12-08,True,False
S003527,Quinn,45-54,Japan,Tokyo,None,Declan Rice,Third Kit,2018-09-22,True,False
S003528,Kenji,25-34,United States,Boston,None,Vivianne Miedema,Kids,2025-01-22,True,False
S003529,Alex,35-44,United Kingdom,Liverpool,Red Member,Beth Mead,Training Wear,2024-08-10,True,True
S003530,Gabriel,35-44,United Kingdom,Bristol,None,Ben White,Accessories,2022-09-12,True,False
S003531,Wei,35-44,United Arab Emirates,Abu Dhabi,None,Declan Rice,Retro,2018-09-14,False,False
S003532,Martin,25-34,United Kingdom,Leeds,Gold,Bukayo Saka,Accessories,2023-07-09,True,False
S003533,Amara,55-64,United Arab Emirates,Abu Dhabi,Gold,Martin Odegaard,Hospitality,2023-10-27,True,False
S003534,Harper,25-34,Norway,Bergen,Red Member,Ben White,Hospitality,2021-07-29,True,True
S003535,Bukayo,55-64,Nigeria,Lagos,None,Martin Odegaard,Away Shirt,2016-09-20,True,False
S003536,Reese,35-44,United Kingdom,Manchester,Free,Vivianne Miedema,Hospitality,2023-02-01,True,False
S003537,Jordan,55-64,India,Bengaluru,None,Declan Rice,Retro,2022-07-21,True,False
S003538,Amara,25-34,United Kingdom,London,Silver,Bukayo Saka,Accessories,2025-08-11,True,False
S003539,Leah,35-44,United Kingdom,London,None,Declan Rice,Accessories,2025-07-21,True,False
S003540,Gabriel,18-24,Germany,Hamburg,Gold,Declan Rice,Training Wear,2020-04-27,True,False
S003541,Leah,25-34,United Kingdom,Liverpool,None,Gabriel Martinelli,Retro,2019-04-09,True,False
S003542,Amara,25-34,India,Mumbai,Silver,Gabriel Martinelli,Home Shirt,2024-05-11,False,False
S003543,Gabriel,18-24,United States,Chicago,None,Gabriel Jesus,Accessories,2025-08-08,False,False
S003544,Leah,18-24,United Kingdom,Birmingham,Gold,Beth Mead,Hospitality,2023-10-15,True,True
S003545,Jordan,25-34,United Arab Emirates,Dubai,None,William Saliba,Third Kit,2022-03-04,True,False
S003546,Quinn,25-34,United Kingdom,Manchester,Silver,Beth Mead,Home Shirt,2020-04-30,True,False
S003547,Beth,45-54,United Kingdom,Birmingham,None,Martin Odegaard,Away Shirt,2018-04-30,True,False
S003548,Drew,55-64,UNITED STATES,Dallas,Silver,Beth Mead,Kids,2024-04-28,True,False
S003549,Sam,25-34,United Kingdom,Leeds,Red Member,Leah Williamson,Home Shirt,2017-01-06,True,False
S003550,Yuki,35-44,India,Bengaluru,None,Beth Mead,Retro,2017-12-09,False,False
S003551,Leah,45-54,United Kingdom,Leeds,Free,Gabriel Jesus,Hospitality,2018-09-06,True,False
S003552,Morgan,55-64,United Kingdom,Birmingham,None,Declan Rice,Hospitality,2017-05-22,False,False
S003553,Bukayo,25-34,United Kingdom,Liverpool,Free,Kai Havertz,Away Shirt,2018-11-13,True,False
S003554,Alex,25-34,United Arab Emirates,Dubai,Gold,Gabriel Jesus,Kids,2021-05-26,True,True
S003555,Priya,25-34,United Kingdom,Bristol,None,Kai Havertz,Retro,2021-07-07,True,False
S003556,Devon,35-44,Germany,Berlin,None,Beth Mead,Accessories,2016-01-27,True,False
S003557,Rowan,55-64,United Kingdom,Birmingham,Red Member,Bukayo Saka,Training Wear,2023-06-11,True,True
S003558,Taylor,25-34,United Kingdom,Birmingham,None,William Saliba,Away Shirt,2021-10-24,False,False
S003559,Alex,55-64,United States,New York,None,William Saliba,Third Kit,2017-07-05,True,False
S003560,Bukayo,35-44,India,Bengaluru,Free,Martin Odegaard,Retro,2018-05-12,True,False
S003561,Cameron,18-24,United Kingdom,Bristol,Silver,Martin Odegaard,Hospitality,2018-08-02,True,False
S003562,Charlie,45-54,United Kingdom,Bristol,None,Vivianne Miedema,Accessories,2024-11-26,True,False
S003563,Beth,25-34,United Kingdom,London,Free,Gabriel Martinelli,Home Shirt,2017-08-03,True,False
S003564,Hassan,55-64,United Kingdom,Liverpool,Free,Bukayo Saka,Retro,2018-11-29,False,False
S003565,Hassan,35-44,Japan,Tokyo,Gold,Martin Odegaard,Third Kit,2019-06-13,True,True
S003566,Liam,18-24,United Kingdom,London,Silver,Vivianne Miedema,Kids,2018-10-06,True,False
S003567,Gabriel,35-44,United Kingdom,Birmingham,Gold,William Saliba,Third Kit,2020-10-16,True,True
S003568,Alex,25-34,United States,Los Angeles,Silver,Kai Havertz,Training Wear,2021-07-14,True,False
S003569,Reese,25-34,United Kingdom,Birmingham,Free,William Saliba,Home Shirt,2024-09-11,True,False
S003570,Chidi,45-54,United Kingdom,Birmingham,Gold,Declan Rice,Home Shirt,2017-12-15,True,False
S003571,Charlie,65+,Nigeria,Kano,Free,Beth Mead,Home Shirt,2018-10-27,True,False
S003572,Declan,45-54,United Kingdom,Bristol,None,Beth Mead,Away Shirt,2018-04-06,True,False
S003573,Katie,35-44,India,Delhi,Red Member,Ben White,Kids,2022-08-16,True,False
S003574,Noor,35-44,Canada,Vancouver,None,Vivianne Miedema,Retro,2019-01-06,True,False
S003575,Vivianne,45-54,United Arab Emirates,Abu Dhabi,Gold,Leah Williamson,Retro,2024-08-16,True,False
S003576,Drew,35-44,United States,Chicago,None,Leah Williamson,Retro,2024-09-10,True,False
S003577,Skyler,65+,United Kingdom,Birmingham,Free,Leah Williamson,Retro,2022-10-07,True,False
S003578,Beth,18-24,United Kingdom,Leeds,Free,Beth Mead,Accessories,2021-08-02,True,False
S003579,Mateo,55-64,United Kingdom,Bristol,Silver,Martin Odegaard,Retro,2018-03-10,True,False
S003580,Riley,65+,United Kingdom,Bristol,Gold,Beth Mead,Kids,2016-10-15,True,True
S003581,Wei,25-34,United Kingdom,Bristol,None,Gabriel Martinelli,Home Shirt,2016-04-01,True,False
S003582,Sofia,25-34,Germany,Berlin,Gold,Martin Odegaard,Training Wear,2021-06-04,False,False
S003583,Reese,35-44,Norway,Bergen,Silver,Gabriel Jesus,Away Shirt,2024-06-17,True,False
S003584,Kenji,35-44,United Kingdom,Leeds,Free,William Saliba,Home Shirt,2023-06-01,True,False
S003585,Leah,35-44,United States,New York,Red Member,Bukayo Saka,Kids,2018-04-25,True,False
S003586,Bukayo,25-34,United States,Boston,Gold,Leah Williamson,Accessories,2020-02-15,True,True
S003587,Alex,55-64,United Kingdom,Leeds,Free,Gabriel Jesus,Hospitality,2022-05-22,True,False
S003588,Reese,45-54,Canada,Vancouver,None,Bukayo Saka,Home Shirt,2024-02-28,True,False
S003589,Hassan,18-24,United Kingdom,Manchester,Free,Kai Havertz,Kids,2016-06-06,False,False
S003590,Vivianne,35-44,United Kingdom,Manchester,Silver,Martin Odegaard,Retro,2020-08-06,False,False
S003591,Kai,25-34,Canada,Vancouver,Gold,Declan Rice,Kids,2024-06-18,True,True
S003592,Katie,45-54,United States,Los Angeles,Red Member,Martin Odegaard,Hospitality,2018-08-24,True,False
S003593,Katie,25-34,Japan,Tokyo,Free,Vivianne Miedema,Third Kit,2023-03-24,True,False
S003594,Alex,35-44,United Kingdom,Leeds,Free,Ben White,Third Kit,2019-09-28,False,False
S003595,Leah,65+,United Kingdom,Liverpool,Gold,William Saliba,Away Shirt,2022-09-15,False,False
S003596,Ingrid,25-34,Nigeria,Kano,Red Member,Ben White,Training Wear,2022-10-10,True,True
S003597,Devon,35-44,United Kingdom,Manchester,Free,Leah Williamson,Third Kit,2023-12-04,True,False
S003598,Chidi,25-34,United Kingdom,Birmingham,Silver,Leah Williamson,Third Kit,2022-09-09,True,False
S003599,Rowan,55-64,United Kingdom,London,Free,Kai Havertz,Home Shirt,2020-07-17,True,False
S003600,Devon,45-54,United States,Chicago,Gold,Gabriel Martinelli,Accessories,2016-11-16,False,True
S003601,Amara,45-54,United Kingdom,London,Gold,Leah Williamson,Away Shirt,2020-05-30,True,False
S003602,Yuki,25-34,United States,Los Angeles,Free,Martin Odegaard,Hospitality,2021-01-17,True,False
S003603,Chidi,25-34,United States,Los Angeles,Gold,William Saliba,Training Wear,2022-02-28,True,False
S003604,Mateo,25-34,United Kingdom,Liverpool,Free,Bukayo Saka,Accessories,2023-12-25,False,False
S003605,Ingrid,18-24,Nigeria,Ibadan,Silver,William Saliba,Retro,2020-09-18,True,False
S003606,Liam,25-34,India,Delhi,None,Kai Havertz,Home Shirt,2018-12-27,True,False
S003607,Kenji,35-44,United Kingdom,Liverpool,Red Member,Kai Havertz,Retro,2022-04-03,True,True
S003608,Charlie,45-54,United Kingdom,Leeds,Free,Gabriel Martinelli,Hospitality,2022-11-26,True,False
S003609,Devon,45-54,United Kingdom,Bristol,None,Leah Williamson,Retro,2025-02-18,True,False
S003610,Kenji,45-54,Canada,Toronto,Silver,William Saliba,Away Shirt,2020-10-06,True,False
S003611,Noor,65+,United Kingdom,Leeds,Free,Gabriel Jesus,Kids,2025-08-04,False,False
S003612,Yuki,45-54,United Kingdom,Liverpool,None,Ben White,Home Shirt,2019-04-22,True,False
S003613,Alex,25-34,Norway,Bergen,Silver,Martin Odegaard,Training Wear,2017-09-04,True,False
S003614,Reese,18-24,India,Delhi,Red Member,Bukayo Saka,Retro,2022-07-23,True,False
S003615,Cameron,35-44,United States,Dallas,None,William Saliba,Accessories,2025-05-16,True,False
S003616,Chidi,35-44,India,Bengaluru,Silver,Gabriel Martinelli,Third Kit,2023-08-17,False,False
S003617,Cameron,18-24,United States,Dallas,Free,Gabriel Martinelli,Away Shirt,2023-09-01,True,False
S003618,Morgan,18-24,United Kingdom,Bristol,None,William Saliba,Away Shirt,2020-06-03,True,False
S003619,Alex,45-54,United States,Los Angeles,None,Leah Williamson,Third Kit,2018-08-07,True,False
S003620,Devon,25-34,United Kingdom,Leeds,None,William Saliba,Hospitality,2019-04-17,True,False
S003621,Cameron,35-44,Canada,Toronto,Red Member,Ben White,Kids,2023-01-18,True,False
S003622,Skyler,18-24,United Kingdom,Liverpool,Free,Bukayo Saka,Kids,2019-07-31,True,False
S003623,Amara,55-64,India,Bengaluru,Free,Bukayo Saka,Training Wear,2018-05-22,True,False
S003624,Morgan,18-24,United Kingdom,London,Silver,Beth Mead,Retro,2025-07-12,False,False
S003625,Liam,35-44,United Kingdom,Leeds,Silver,William Saliba,Accessories,2022-04-10,True,False
S003626,Declan,18-24,United Kingdom,Bristol,Free,Ben White,Kids,2024-11-07,True,False
S003627,Leah,35-44,United Kingdom,Bristol,Silver,Leah Williamson,Third Kit,2024-06-13,True,False
S003628,Ingrid,18-24,Australia,Melbourne,Free,Gabriel Martinelli,Kids,2021-09-03,True,False
S003629,Emile,18-24,United Kingdom,Manchester,Silver,Declan Rice,Hospitality,2024-09-11,True,False
S003630,Declan,25-34,Norway,Bergen,None,Beth Mead,Home Shirt,2022-05-31,True,False
S003631,Diego,25-34,United States,Chicago,None,Declan Rice,Hospitality,2018-02-16,True,False
S003632,Yuki,45-54,Canada,Toronto,Silver,Bukayo Saka,Retro,2021-05-31,True,False
S003633,Skyler,45-54,United Kingdom,Birmingham,Free,Kai Havertz,Hospitality,2017-06-29,True,False
S003634,Chidi,35-44,United Kingdom,Bristol,Silver,Declan Rice,Away Shirt,2017-08-29,False,False
S003635,Rowan,25-34,United Kingdom,Liverpool,Red Member,Gabriel Martinelli,Home Shirt,2020-03-03,True,True
S003636,Martin,35-44,India,Bengaluru,Free,Declan Rice,Kids,2019-10-09,False,False
S003637,Olivia,25-34,United Kingdom,Liverpool,Red Member,Vivianne Miedema,Away Shirt,2023-03-18,True,False
S003638,Ingrid,25-34,United Kingdom,Leeds,Silver,Vivianne Miedema,Away Shirt,2024-09-20,True,False
S003639,Liam,35-44,United Kingdom,Bristol,None,Beth Mead,Third Kit,2023-08-01,True,False
S003640,Quinn,65+,United States,Los Angeles,None,Declan Rice,Accessories,2023-03-23,True,False
S003641,Diego,18-24,United States,Dallas,Free,Gabriel Martinelli,Kids,2020-11-05,False,False
S003642,Leah,25-34,United Kingdom,Leeds,Gold,Gabriel Martinelli,Accessories,2022-11-13,True,False
S003643,Ingrid,55-64,United Kingdom,London,Free,Gabriel Martinelli,Away Shirt,2020-04-30,True,False
S003644,Drew,55-64,India,Mumbai,Free,Beth Mead,Hospitality,2025-01-18,True,False
S003645,Emile,35-44,Norway,Bergen,Silver,Leah Williamson,Training Wear,2019-05-18,True,False
S003646,Liam,25-34,United Kingdom,London,Gold,Beth Mead,Hospitality,2023-12-31,True,True
S003647,Riley,25-34,United Kingdom,Leeds,None,Martin Odegaard,Training Wear,2024-04-06,True,False
S003648,Jamie,25-34,United States,Boston,Free,Ben White,Hospitality,2019-04-26,True,False
S003649,Quinn,35-44,Japan,Tokyo,None,Gabriel Jesus,Away Shirt,2017-11-02,True,False
S003650,Kai,55-64,United Kingdom,Leeds,Free,Gabriel Jesus,Accessories,2020-02-11,True,False
S003651,Martin,45-54,Canada,Vancouver,Red Member,Gabriel Martinelli,Hospitality,2022-10-10,True,True
S003652,Emile,55-64,United Kingdom,Leeds,Gold,Gabriel Jesus,Away Shirt,2019-11-01,True,True
S003653,Drew,25-34,United Kingdom,Liverpool,Silver,Bukayo Saka,Hospitality,2024-03-01,True,False
S003654,Charlie,45-54,United States,Los Angeles,Free,Gabriel Martinelli,Third Kit,2016-07-31,True,False
S003655,Reese,18-24,United Kingdom,London,None,Beth Mead,Third Kit,2018-06-20,True,False
S003656,Taylor,35-44,United Kingdom,Bristol,Silver,William Saliba,Home Shirt,2019-01-24,False,False
S003657,Charlie,35-44,United Kingdom,Liverpool,Free,William Saliba,Hospitality,2020-07-17,True,False
S003658,Vivianne,18-24,United States,New York,Silver,Vivianne Miedema,Retro,2020-10-31,True,False
S003659,Olivia,45-54,United Kingdom,Birmingham,Gold,Kai Havertz,Kids,2022-09-06,True,False
S003660,Mateo,35-44,United Kingdom,Bristol,Silver,Bukayo Saka,Kids,2024-08-03,True,False
S003661,Mateo,45-54,Canada,Vancouver,Silver,Vivianne Miedema,Away Shirt,2018-11-25,True,False
S003662,Priya,18-24,United Kingdom,Leeds,Free,Gabriel Martinelli,Training Wear,2019-07-03,True,False
S003663,Martin,25-34,United Kingdom,Birmingham,Gold,Beth Mead,Kids,2025-02-28,True,True
S003664,Drew,25-34,United States,Boston,Free,William Saliba,Training Wear,2018-02-06,True,False
S003665,Sofia,55-64,United States,Boston,None,Kai Havertz,Home Shirt,2021-02-22,False,False
S003666,Sam,35-44,United Kingdom,Liverpool,Red Member,Gabriel Jesus,Kids,2017-01-04,False,True
S003667,Kenji,25-34,Japan,Osaka,Free,Gabriel Martinelli,Hospitality,2023-11-16,True,False
S003668,Devon,35-44,United Kingdom,Bristol,Silver,William Saliba,Training Wear,2025-03-23,True,False
S003669,Alex,25-34,United Kingdom,Leeds,Gold,Bukayo Saka,Away Shirt,2022-12-11,False,True
S003670,Chidi,35-44,Germany,Munich,Silver,Bukayo Saka,Retro,2019-02-20,True,False
S003671,Amara,35-44,Nigeria,Abuja,Red Member,Martin Odegaard,Third Kit,2021-07-25,True,True
S003672,Rowan,,United Kingdom,Bristol,Silver,Declan Rice,Hospitality,2019-12-03,True,False
S003673,Drew,65+,United Kingdom,Birmingham,None,Gabriel Jesus,Kids,2025-02-05,False,False
S003674,Kai,18-24,United Kingdom,Manchester,Red Member,William Saliba,Hospitality,2018-08-20,True,True
S003675,Alex,55-64,United Kingdom,Bristol,None,Gabriel Martinelli,Accessories,2019-11-02,True,False
S003676,Drew,18-24,United States,Boston,None,Ben White,Kids,2017-06-17,True,False
S003677,Hassan,18-24,United Kingdom,Birmingham,None,Bukayo Saka,Away Shirt,2021-03-16,True,False
S003678,Hassan,55-64,United Kingdom,Birmingham,Gold,Gabriel Jesus,Home Shirt,2018-07-10,True,True
S003679,Martin,55-64,United Kingdom,Bristol,Silver,Martin Odegaard,Kids,2018-05-14,False,False
S003680,Devon,65+,United Kingdom,Leeds,None,Gabriel Martinelli,Accessories,2019-07-26,False,False
S003681,Leah,25-34,United Kingdom,Bristol,None,Beth Mead,Home Shirt,2016-11-11,True,False
S003682,Katie,65+,United Kingdom,London,Silver,William Saliba,Third Kit,2018-12-05,True,False
S003683,Yuki,35-44,Norway,Bergen,None,Bukayo Saka,Home Shirt,2025-02-28,False,False
S003684,Liam,45-54,Canada,Vancouver,Silver,Kai Havertz,Home Shirt,2016-10-27,True,False
S003685,Morgan,45-54,Canada,Toronto,Free,Gabriel Martinelli,Accessories,2023-05-26,False,False
S003686,Gabriel,45-54,United Kingdom,Liverpool,Free,Bukayo Saka,Kids,2016-03-16,True,False
S003687,Beth,45-54,United Arab Emirates,Abu Dhabi,Free,Declan Rice,Accessories,2023-03-29,True,False
S003688,Sofia,55-64,Nigeria,Lagos,Free,Gabriel Jesus,Home Shirt,2018-04-25,True,False
S003689,Leah,18-24,Canada,Toronto,Silver,Beth Mead,Kids,2018-04-06,True,False
S003690,Declan,55-64,India,Mumbai,Free,Gabriel Martinelli,Training Wear,2022-04-08,True,False
S003691,Charlie,35-44,United Kingdom,Leeds,Free,Ben White,Home Shirt,2021-08-12,True,False
S003692,Kenji,18-24,United Kingdom,Leeds,Red Member,Ben White,Accessories,2024-07-13,True,True
S003693,Reese,25-34,India,Mumbai,Free,Declan Rice,Retro,2021-03-16,True,False
S003694,Jordan,25-34,United Kingdom,Manchester,Silver,Martin Odegaard,Retro,2019-11-25,True,False
S003695,Rowan,35-44,Germany,Berlin,Silver,Leah Williamson,Third Kit,2017-10-21,True,False
S003696,Alex,18-24,India,Bengaluru,Free,Gabriel Martinelli,Away Shirt,2021-11-05,True,False
S003697,Hassan,25-34,Nigeria,Abuja,Free,William Saliba,Kids,2020-11-29,False,False
S003698,Yuki,18-24,United Kingdom,Birmingham,None,Bukayo Saka,Home Shirt,2016-06-08,True,False
S003699,Priya,18-24,United Kingdom,Manchester,None,Vivianne Miedema,Kids,2016-05-13,True,False
S003700,Rowan,18-24,United Kingdom,Leeds,Silver,William Saliba,Home Shirt,2020-01-13,False,False
S003701,Martin,45-54,India,Bengaluru,Silver,William Saliba,Accessories,2018-02-13,True,False
S003702,Harper,25-34,United Arab Emirates,Dubai,Free,Bukayo Saka,Home Shirt,2021-04-15,True,False
S003703,Katie,65+,United States,New York,None,Declan Rice,Third Kit,2020-01-08,True,False
S003704,Rowan,25-34,United Kingdom,Bristol,None,Leah Williamson,Hospitality,2019-03-26,True,False
S003705,Diego,18-24,Germany,Munich,Gold,Vivianne Miedema,Third Kit,2024-01-22,True,False
S003706,Sofia,25-34,United Kingdom,Liverpool,None,Beth Mead,Training Wear,2023-10-19,True,False
S003707,Chidi,45-54,Nigeria,Kano,Silver,Gabriel Jesus,Kids,2016-08-01,True,False
S003708,Amara,45-54,Nigeria,Lagos,Silver,William Saliba,Kids,2023-02-07,True,False
S003709,Reese,25-34,India,Delhi,Free,Vivianne Miedema,Kids,2021-03-02,False,False
S003710,Beth,18-24,United States,New York,Red Member,William Saliba,Accessories,2023-11-21,False,False
S003711,Morgan,25-34,United Kingdom,Birmingham,Free,Martin Odegaard,Home Shirt,2019-02-19,True,False
S003712,Kenji,45-54,United Kingdom,Manchester,None,Declan Rice,Training Wear,2019-03-05,False,False
S003713,Liam,18-24,Norway,Oslo,Red Member,William Saliba,Away Shirt,2020-10-07,False,True
S003714,Drew,25-34,Nigeria,Abuja,None,Kai Havertz,Hospitality,2021-02-18,True,False
S003715,Beth,45-54,United Kingdom,London,Free,Gabriel Jesus,Third Kit,2020-11-21,False,False
S003716,Jamie,35-44,United States,New York,None,Declan Rice,Hospitality,2019-05-22,True,False
S003717,Olivia,55-64,United Kingdom,Bristol,Silver,Declan Rice,Retro,2022-07-13,True,False
S003718,Taylor,55-64,United Kingdom,Birmingham,Free,Gabriel Jesus,Hospitality,2022-10-01,True,False
S003719,Cameron,25-34,United Kingdom,London,Silver,Kai Havertz,Training Wear,2022-11-05,True,False
S003720,Priya,18-24,United Kingdom,Bristol,Free,Declan Rice,Retro,2024-02-27,True,False
S003721,Mateo,35-44,Nigeria,Abuja,Free,Declan Rice,Training Wear,2017-04-19,True,False
S003722,Jordan,25-34,India,Mumbai,Free,Vivianne Miedema,Retro,2017-11-02,True,False
S003723,Yuki,45-54,United States,Boston,Gold,Beth Mead,Retro,2023-08-14,True,True
S003724,Alex,35-44,Norway,Oslo,Gold,Martin Odegaard,Kids,2023-02-28,True,True
S003725,Reese,25-34,United Kingdom,Birmingham,Free,Martin Odegaard,Hospitality,2025-05-22,True,False
S003726,Quinn,25-34,United Kingdom,Leeds,Free,Vivianne Miedema,Third Kit,2025-04-16,True,False
S003727,Vivianne,25-34,Nigeria,Lagos,Silver,Leah Williamson,Kids,2024-06-13,True,False
S003728,Wei,25-34,United States,Chicago,Free,Bukayo Saka,Kids,2017-09-20,True,False
S003729,Yuki,35-44,Nigeria,Lagos,Free,Ben White,Accessories,2021-01-02,True,False
S003730,Skyler,25-34,United States,Chicago,Silver,Beth Mead,Kids,2016-10-23,True,False
S003731,Beth,45-54,United Kingdom,Birmingham,Silver,Martin Odegaard,Third Kit,2016-09-24,True,False
S003732,Skyler,25-34,United Kingdom,Manchester,None,Martin Odegaard,Hospitality,2019-06-26,True,False
S003733,Sofia,45-54,United States,Boston,None,Kai Havertz,Third Kit,2022-11-25,True,False
S003734,Amara,25-34,United Kingdom,Bristol,Red Member,Bukayo Saka,Third Kit,2022-07-04,False,True
S003735,Alex,18-24,United States,Chicago,Red Member,William Saliba,Away Shirt,2024-11-13,True,True
S003736,Riley,35-44,United Kingdom,Leeds,Free,Vivianne Miedema,Retro,2024-07-01,True,False
S003737,Hassan,45-54,Australia,Sydney,Silver,Beth Mead,Retro,2023-10-13,False,False
S003738,Ingrid,45-54,United Kingdom,Liverpool,Free,William Saliba,Kids,2025-01-27,True,False
S003739,Wei,55-64,United Kingdom,London,None,Ben White,Training Wear,2016-11-19,True,False
S003740,Amara,65+,United Kingdom,Bristol,Silver,Bukayo Saka,Home Shirt,2018-08-06,True,False
S003741,Olivia,45-54,Nigeria,Kano,Free,Beth Mead,Hospitality,2023-05-11,True,False
S003742,Yuki,35-44,United States,Chicago,None,Martin Odegaard,Hospitality,2024-12-01,True,False
S003743,Yuki,55-64,India,Mumbai,Silver,Ben White,Training Wear,2022-01-16,True,False
S003744,Priya,25-34,India,Delhi,None,Declan Rice,Training Wear,2021-10-09,True,False
S003745,Alex,18-24,United Kingdom,London,Silver,Gabriel Martinelli,Kids,2016-09-27,True,False
S003746,Leah,35-44,United Kingdom,London,Silver,Ben White,Home Shirt,2022-09-14,True,False
S003747,Bukayo,25-34,India,Mumbai,Silver,Bukayo Saka,Away Shirt,2020-08-06,True,False
S003748,Ingrid,45-54,Germany,Munich,Free,Beth Mead,Away Shirt,2019-09-22,True,False
S003749,Gabriel,45-54,Nigeria,Lagos,Gold,Gabriel Jesus,Retro,2020-12-22,False,True
S003750,Declan,65+,United Kingdom,London,None,Ben White,Away Shirt,2020-10-21,False,False
S003751,Kenji,35-44,Germany,Berlin,Silver,Gabriel Jesus,Training Wear,2017-12-28,True,False
S003752,Diego,25-34,United States,Boston,Red Member,Gabriel Jesus,Third Kit,2023-09-05,True,False
S003753,Reese,65+,United Kingdom,Bristol,Gold,Martin Odegaard,Hospitality,2025-06-19,True,True
S003754,Reese,55-64,United Arab Emirates,Dubai,Free,Vivianne Miedema,Training Wear,2024-12-15,True,False
S003755,Quinn,35-44,United States,Chicago,None,Gabriel Jesus,Accessories,2017-07-21,False,False
S003756,Jordan,18-24,United States,Dallas,Free,Kai Havertz,Accessories,2023-08-16,True,False
S003757,Noor,35-44,United Kingdom,Bristol,Free,Vivianne Miedema,Kids,2019-05-27,True,False
S003758,Sam,55-64,United Kingdom,Manchester,Gold,Vivianne Miedema,Third Kit,2017-12-29,False,False
S003759,Liam,65+,United Kingdom,Liverpool,Gold,Kai Havertz,Home Shirt,2018-01-26,True,True
S003760,Vivianne,45-54,United Kingdom,Leeds,Free,Gabriel Jesus,Kids,2017-07-28,True,False
S003761,Cameron,25-34,United Kingdom,Leeds,Silver,Vivianne Miedema,Third Kit,2018-11-20,True,False
S003762,Drew,18-24,United Kingdom,Birmingham,Red Member,Ben White,Home Shirt,2022-12-25,True,False
S003763,Cameron,35-44,United Kingdom,Leeds,None,William Saliba,Accessories,2020-06-08,True,False
S003764,Katie,25-34,United States,Los Angeles,Red Member,Bukayo Saka,Accessories,2016-10-17,True,True
S003765,Priya,18-24,United Kingdom,Leeds,Silver,Martin Odegaard,Accessories,2020-07-17,True,False
S003766,Declan,25-34,United Kingdom,Liverpool,None,Declan Rice,Retro,2019-03-29,False,False
S003767,Priya,65+,United Kingdom,Bristol,Free,Declan Rice,Kids,2025-08-20,True,False
S003768,Liam,25-34,United States,Chicago,Silver,William Saliba,Hospitality,2020-07-24,True,False
S003769,Wei,35-44,Nigeria,Lagos,None,Martin Odegaard,Hospitality,2023-09-28,False,False
S003770,Wei,18-24,India,Bengaluru,Free,Vivianne Miedema,Retro,2018-09-17,False,False
S003771,Ingrid,25-34,United Kingdom,Leeds,Free,Martin Odegaard,Third Kit,2016-04-23,True,False
S003772,Riley,18-24,Nigeria,Abuja,None,Leah Williamson,Retro,2021-02-27,True,False
S003773,Yuki,25-34,Germany,Hamburg,None,Vivianne Miedema,Retro,2021-03-07,True,False
S003774,Morgan,18-24,Norway,Oslo,None,Declan Rice,Home Shirt,2022-06-24,True,False
S003775,Taylor,35-44,United Kingdom,Birmingham,Silver,Gabriel Jesus,Third Kit,2023-10-29,True,False
S003776,Declan,65+,United Arab Emirates,Dubai,Free,William Saliba,Retro,2016-07-26,True,False
S003777,Charlie,18-24,United Kingdom,Manchester,Silver,Declan Rice,Away Shirt,2016-01-07,False,False
S003778,Priya,35-44,United Kingdom,Manchester,Silver,Beth Mead,Home Shirt,2017-06-19,True,False
S003779,Katie,25-34,United States,Boston,Free,Gabriel Martinelli,Retro,2023-09-01,False,False
S003780,Amara,35-44,United Arab Emirates,Dubai,Free,Kai Havertz,Third Kit,2020-06-18,True,False
S003781,Chidi,45-54,United Kingdom,Liverpool,Silver,Beth Mead,Hospitality,2017-03-23,True,False
S003782,Beth,18-24,United Kingdom,Birmingham,Free,Ben White,Third Kit,2022-11-16,False,False
S003783,Wei,18-24,United States,New York,Silver,William Saliba,Kids,2021-04-21,False,False
S003784,Noor,65+,United States,Boston,Free,Vivianne Miedema,Training Wear,2024-05-24,True,False
S003785,Vivianne,55-64,United Arab Emirates,Dubai,Silver,Martin Odegaard,Training Wear,2021-11-06,True,False
S003786,Reese,35-44,United Kingdom,Liverpool,Free,Bukayo Saka,Third Kit,2017-12-15,True,False
S003787,Wei,45-54,United Kingdom,Birmingham,Silver,Kai Havertz,Away Shirt,2021-09-15,False,False
S003788,Riley,65+,United Kingdom,Manchester,Silver,Gabriel Martinelli,Retro,2023-08-26,False,False
S003789,Leah,45-54,Nigeria,Ibadan,None,Gabriel Martinelli,Home Shirt,2016-02-10,True,False
S003790,Jordan,35-44,United Kingdom,Bristol,None,Leah Williamson,Retro,2024-09-23,True,False
S003791,Charlie,25-34,United States,Los Angeles,Silver,William Saliba,Away Shirt,2021-03-15,True,False
S003792,Kenji,25-34,United Arab Emirates,Abu Dhabi,None,William Saliba,Training Wear,2021-10-29,True,False
S003793,Harper,35-44,United Kingdom,Leeds,None,Leah Williamson,Away Shirt,2019-11-13,False,False
S003794,Drew,55-64,United Kingdom,Liverpool,None,Gabriel Jesus,Kids,2024-03-15,True,False
S003795,Yuki,35-44,United Kingdom,Liverpool,None,Ben White,Away Shirt,2021-08-22,True,False
S003796,Drew,45-54,United Kingdom,Birmingham,Silver,Declan Rice,Away Shirt,2025-07-26,True,False
S003797,Hassan,25-34,United Kingdom,Bristol,Silver,Vivianne Miedema,Third Kit,2020-07-25,True,False
S003798,Kai,35-44,United States,Dallas,None,Gabriel Martinelli,Kids,2022-01-17,True,False
S003799,Amara,65+,United Kingdom,London,None,Beth Mead,Accessories,2021-06-17,False,False
S003800,Quinn,25-34,United States,Chicago,None,William Saliba,Retro,2021-09-24,True,False
S003801,Skyler,18-24,United Kingdom,Manchester,Free,Kai Havertz,Training Wear,2025-03-31,True,False
S003802,Declan,35-44,United Kingdom,Birmingham,None,Gabriel Martinelli,Retro,2019-09-26,True,False
S003803,Riley,25-34,United Kingdom,Leeds,None,Beth Mead,Kids,2025-02-01,True,False
S003804,Priya,25-34,United Kingdom,Liverpool,Silver,Martin Odegaard,Retro,2018-09-18,False,False
S003805,Amara,55-64,United States,New York,Gold,Ben White,Hospitality,2020-06-30,False,True
S003806,Priya,18-24,United States,Dallas,Free,Beth Mead,Away Shirt,2020-02-27,True,False
S003807,Skyler,25-34,Canada,Vancouver,None,Ben White,Accessories,2019-12-11,False,False
S003808,Olivia,25-34,United Kingdom,Manchester,Free,Gabriel Martinelli,Training Wear,2019-05-28,True,False
S003809,Devon,25-34,Norway,Oslo,Free,Gabriel Martinelli,Training Wear,2021-03-23,True,False
S003810,Chidi,25-34,United States,Boston,Free,Martin Odegaard,Third Kit,2019-09-26,True,False
S003811,Diego,18-24,United Kingdom,Leeds,Silver,William Saliba,Home Shirt,2019-10-04,False,False
S003812,Emile,45-54,United Kingdom,Manchester,Silver,Ben White,Home Shirt,2022-12-26,True,False
S003813,Noor,18-24,India,Mumbai,Silver,Vivianne Miedema,Accessories,2021-07-23,False,False
S003814,Amara,25-34,Nigeria,Kano,Free,Beth Mead,Away Shirt,2021-07-06,True,False
S003815,Wei,18-24,Nigeria,Kano,Free,Ben White,Retro,2024-01-08,True,False
S003816,Charlie,25-34,United States,Boston,None,Bukayo Saka,Home Shirt,2020-05-29,True,False
S003817,Charlie,45-54,United Kingdom,London,None,Bukayo Saka,Kids,2025-07-29,True,False
S003818,Wei,45-54,United Kingdom,Liverpool,Silver,Leah Williamson,Third Kit,2020-02-21,True,False
S003819,Rowan,45-54,Nigeria,Ibadan,None,Bukayo Saka,Retro,2024-08-16,True,False
S003820,Jamie,45-54,UNITED KINGDOM,Leeds,Free,Vivianne Miedema,Hospitality,2023-04-21,True,False
S003821,Diego,35-44,United Kingdom,Leeds,Red Member,Bukayo Saka,Kids,2025-06-03,True,False
S003822,Cameron,35-44,United Kingdom,Liverpool,None,Gabriel Jesus,Away Shirt,2019-10-18,True,False
S003823,Martin,25-34,Australia,Sydney,Silver,Declan Rice,Hospitality,2024-02-02,True,False
S003824,Reese,35-44,United States,Los Angeles,Free,Vivianne Miedema,Kids,2016-09-18,True,False
S003825,Hassan,25-34,United Kingdom,London,Free,William Saliba,Home Shirt,2024-12-14,True,False
S003826,Wei,35-44,United Kingdom,London,Free,Leah Williamson,Home Shirt,2024-05-16,True,False
S003827,Noor,35-44,United States,Dallas,Free,Bukayo Saka,Hospitality,2016-09-08,False,False
S003828,Jordan,45-54,United Kingdom,Liverpool,None,Declan Rice,Training Wear,2024-03-31,True,False
S003829,Vivianne,25-34,United States,Chicago,Gold,Leah Williamson,Home Shirt,2025-02-23,True,True
S003830,Chidi,55-64,United Kingdom,Manchester,Red Member,Gabriel Jesus,Accessories,2021-01-03,False,True
S003831,Vivianne,65+,United Kingdom,Liverpool,Gold,Bukayo Saka,Home Shirt,2019-05-06,False,False
S003832,Martin,18-24,United Kingdom,Leeds,Silver,Gabriel Martinelli,Away Shirt,2023-02-08,True,False
S003833,Chidi,35-44,United States,Dallas,Silver,Beth Mead,Home Shirt,2020-04-02,True,False
S003834,Wei,35-44,United Kingdom,Manchester,None,Vivianne Miedema,Home Shirt,2023-07-20,True,False
S003835,Bukayo,25-34,United Kingdom,Leeds,Gold,Leah Williamson,Third Kit,2019-08-20,True,True
S003836,Drew,35-44,Canada,Toronto,None,Declan Rice,Training Wear,2019-07-30,True,False
S003837,Declan,25-34,United Kingdom,Liverpool,Silver,Ben White,Hospitality,2022-11-09,True,False
S003838,Sofia,25-34,United Kingdom,Birmingham,Silver,Vivianne Miedema,Away Shirt,2018-08-10,True,False
S003839,Yuki,18-24,United Kingdom,Bristol,Gold,Ben White,Home Shirt,2018-01-06,True,True
S003840,Martin,55-64,United Kingdom,London,Free,Declan Rice,Retro,2024-11-08,True,False
S003841,Olivia,18-24,United Kingdom,Leeds,None,Vivianne Miedema,Hospitality,2022-10-11,True,False
S003842,Riley,25-34,United Kingdom,London,Free,Kai Havertz,Kids,2016-08-15,True,False
S003843,Drew,25-34,United Kingdom,Leeds,Free,Gabriel Martinelli,Retro,2017-06-19,True,False
S003844,Ingrid,25-34,United States,New York,Gold,William Saliba,Third Kit,2025-08-10,True,False
S003845,Vivianne,35-44,United Kingdom,Bristol,Gold,Gabriel Martinelli,Third Kit,2018-07-22,True,False
S003846,Liam,35-44,United Arab Emirates,Abu Dhabi,None,Gabriel Martinelli,Away Shirt,2016-11-05,True,False
S003847,Noor,18-24,India,Bengaluru,Gold,Beth Mead,Third Kit,2020-09-01,False,False
S003848,Leah,25-34,Norway,Bergen,None,Ben White,Home Shirt,2020-04-02,True,False
S003849,Taylor,18-24,United Kingdom,Liverpool,None,Gabriel Jesus,Accessories,2025-05-31,True,False
S003850,Kenji,45-54,United Kingdom,Bristol,Free,Beth Mead,Home Shirt,2025-03-24,True,False
S003851,Alex,45-54,Germany,Hamburg,Silver,Leah Williamson,Third Kit,2022-07-16,True,False
S003852,Martin,35-44,United Kingdom,Birmingham,Red Member,Leah Williamson,Retro,2019-12-04,True,False
S003853,Reese,45-54,United Kingdom,London,Free,Kai Havertz,Accessories,2018-03-03,True,False
S003854,Wei,55-64,United Kingdom,Bristol,Silver,Bukayo Saka,Home Shirt,2021-12-09,True,False
S003855,Cameron,35-44,Germany,Hamburg,Free,Declan Rice,Hospitality,2021-01-24,True,False
S003856,Harper,25-34,Canada,Toronto,None,Declan Rice,Kids,2019-12-26,True,False
S003857,Declan,65+,United Kingdom,Bristol,None,Gabriel Martinelli,Training Wear,2019-10-03,True,False
S003858,Taylor,25-34,Germany,Hamburg,Gold,Beth Mead,Away Shirt,2020-03-10,False,True
S003859,Jamie,18-24,United Kingdom,Manchester,Gold,Beth Mead,Away Shirt,2016-05-15,True,True
S003860,Noor,18-24,Germany,Hamburg,Free,Leah Williamson,Training Wear,2016-12-05,True,False
S003861,Leah,65+,United Kingdom,Manchester,Silver,Leah Williamson,Training Wear,2025-07-10,True,False
S003862,Diego,18-24,United Kingdom,Bristol,Free,Beth Mead,Hospitality,2022-01-31,False,False
S003863,Beth,55-64,United States,Dallas,Gold,Bukayo Saka,Hospitality,2017-09-03,True,False
S003864,Sofia,45-54,United Kingdom,London,Gold,Leah Williamson,Training Wear,2021-11-02,False,True
S003865,Morgan,35-44,United States,Chicago,None,Declan Rice,Accessories,2019-05-07,True,False
S003866,Reese,18-24,United Kingdom,Manchester,Free,Beth Mead,Home Shirt,2017-06-07,True,False
S003867,Gabriel,45-54,Germany,Berlin,Free,Bukayo Saka,Hospitality,2024-08-31,True,False
S003868,Alex,18-24,Japan,Tokyo,Gold,Vivianne Miedema,Third Kit,2023-09-14,True,False
S003869,Bukayo,55-64,Germany,Hamburg,Free,Leah Williamson,Hospitality,2022-09-13,True,False
S003870,Liam,55-64,Australia,Sydney,Red Member,Beth Mead,Hospitality,2022-09-30,False,True
S003871,Riley,25-34,India,Mumbai,Free,Leah Williamson,Hospitality,2018-01-12,True,False
S003872,Devon,18-24,United Kingdom,Liverpool,None,Ben White,Home Shirt,2020-03-15,False,False
S003873,Vivianne,45-54,United Kingdom,Leeds,Free,Kai Havertz,Accessories,2025-05-04,False,False
S003874,Chidi,25-34,United Kingdom,London,Gold,Ben White,Hospitality,2023-08-03,True,False
S003875,Mateo,25-34,United Arab Emirates,Abu Dhabi,Red Member,Vivianne Miedema,Home Shirt,2022-05-12,True,False
S003876,Cameron,18-24,United Kingdom,Liverpool,Silver,Beth Mead,Third Kit,2018-10-03,True,False
S003877,Bukayo,18-24,United Kingdom,Leeds,Free,Declan Rice,Retro,2016-06-01,False,False
S003878,Mateo,35-44,United Kingdom,Bristol,Free,Declan Rice,Away Shirt,2017-08-25,True,False
S003879,Ingrid,35-44,United Kingdom,Manchester,Silver,Vivianne Miedema,Kids,2017-01-14,True,False
S003880,Skyler,18-24,United Kingdom,Leeds,Free,Bukayo Saka,Away Shirt,2023-11-02,True,False
S003881,Jordan,25-34,United Kingdom,London,None,Kai Havertz,Accessories,2023-06-09,True,False
S003882,Katie,25-34,United States,Dallas,None,Martin Odegaard,Hospitality,2019-09-20,True,False
S003883,Yuki,45-54,United Kingdom,Birmingham,None,Martin Odegaard,Home Shirt,2017-07-08,True,False
S003884,Bukayo,18-24,United Kingdom,Manchester,Free,Gabriel Martinelli,Retro,2017-11-23,True,False
S003885,Morgan,55-64,United Kingdom,Manchester,Silver,Kai Havertz,Third Kit,2018-07-22,True,False
S003886,Liam,55-64,Australia,Sydney,Gold,William Saliba,Home Shirt,2019-03-14,False,True
S003887,Riley,25-34,Australia,Sydney,None,Ben White,Retro,2021-02-17,True,False
S003888,Sofia,35-44,United States,Dallas,Silver,Ben White,Accessories,2017-04-23,True,False
S003889,Declan,35-44,United Kingdom,Manchester,Free,William Saliba,Home Shirt,2022-02-04,True,False
S003890,Jordan,55-64,United Kingdom,Birmingham,Free,Martin Odegaard,Accessories,2022-11-19,True,False
S003891,Declan,25-34,United Kingdom,Birmingham,None,Ben White,Hospitality,2021-05-29,False,False
S003892,Quinn,45-54,United States,Dallas,Free,Martin Odegaard,Hospitality,2022-06-08,False,False
S003893,Kenji,18-24,United Arab Emirates,Abu Dhabi,Free,Beth Mead,Retro,2019-04-21,True,False
S003894,Quinn,18-24,United Kingdom,Liverpool,None,Kai Havertz,Hospitality,2022-12-09,False,False
S003895,Sam,25-34,Nigeria,Ibadan,None,Gabriel Jesus,Home Shirt,2022-05-15,True,False
S003896,Drew,55-64,Nigeria,Ibadan,Free,Bukayo Saka,Hospitality,2020-07-04,True,False
S003897,Taylor,25-34,United Kingdom,London,None,Declan Rice,Hospitality,2016-12-25,False,False
S003898,Drew,35-44,United Kingdom,Bristol,None,Gabriel Jesus,Training Wear,2016-05-20,True,False
S003899,Morgan,18-24,United States,Dallas,None,Martin Odegaard,Away Shirt,2021-08-03,True,False
S003900,Riley,45-54,United Kingdom,Manchester,None,Kai Havertz,Retro,2023-04-28,True,False
S003901,Jamie,18-24,United Kingdom,Leeds,None,Beth Mead,Away Shirt,2024-04-02,True,False
S003902,Ingrid,18-24,United Kingdom,Birmingham,None,Gabriel Jesus,Home Shirt,2018-12-02,True,False
S003903,Declan,35-44,United Kingdom,Liverpool,None,Vivianne Miedema,Home Shirt,2025-08-08,True,False
S003904,Devon,45-54,United Arab Emirates,Abu Dhabi,Gold,Declan Rice,Home Shirt,2019-06-12,True,False
S003905,Olivia,45-54,United Kingdom,Leeds,Free,Ben White,Away Shirt,2022-02-04,False,False
S003906,Jamie,55-64,Nigeria,Abuja,Free,Leah Williamson,Third Kit,2017-06-17,False,False
S003907,Leah,25-34,United Kingdom,Birmingham,None,Gabriel Jesus,Kids,2022-07-27,True,False
S003908,Leah,18-24,Japan,Tokyo,Free,Declan Rice,Kids,2016-02-16,False,False
S003909,Sam,18-24,United Kingdom,London,Free,Gabriel Martinelli,Retro,2025-05-31,True,False
S003910,Diego,35-44,United Kingdom,Birmingham,Free,Vivianne Miedema,Away Shirt,2019-04-27,False,False
S003911,Kai,25-34,Nigeria,Kano,None,Leah Williamson,Kids,2020-12-26,False,False
S003912,Kai,18-24,Nigeria,Lagos,Free,William Saliba,Third Kit,2017-04-13,True,False
S003913,Yuki,18-24,United Kingdom,Birmingham,None,Beth Mead,Training Wear,2017-12-27,True,False
S003914,Charlie,35-44,Canada,Vancouver,Silver,Martin Odegaard,Away Shirt,2017-05-13,True,False
S003915,Beth,55-64,United Kingdom,London,Free,Ben White,Hospitality,2017-09-22,True,False
S003916,Rowan,18-24,United Kingdom,Liverpool,Free,Gabriel Martinelli,Accessories,2017-03-04,True,False
S003917,Kenji,18-24,United States,Boston,Silver,Bukayo Saka,Kids,2021-07-14,True,False
S003918,Charlie,65+,United Kingdom,Manchester,None,Martin Odegaard,Home Shirt,2018-08-17,True,False
S003919,Cameron,18-24,United States,Dallas,None,Declan Rice,Kids,2016-07-04,False,False
S003920,Mateo,35-44,United Kingdom,Birmingham,Gold,Gabriel Martinelli,Training Wear,2021-02-15,True,False
S003921,Leah,45-54,United Kingdom,Leeds,Silver,Vivianne Miedema,Hospitality,2020-09-26,True,False
S003922,Morgan,45-54,United Kingdom,Birmingham,None,Declan Rice,Home Shirt,2017-03-03,True,False
S003923,Noor,35-44,United Kingdom,Manchester,Free,Gabriel Jesus,Training Wear,2024-02-15,False,False
S003924,Alex,45-54,Japan,Tokyo,Gold,Gabriel Jesus,Retro,2017-09-09,True,True
S003925,Harper,18-24,United Kingdom,Bristol,None,Beth Mead,Home Shirt,2022-01-14,True,False
S003926,Harper,25-34,United Kingdom,Birmingham,Free,Gabriel Martinelli,Hospitality,2025-04-17,True,False
S003927,Vivianne,35-44,United Kingdom,Liverpool,None,William Saliba,Retro,2017-11-29,True,False
S003928,Katie,55-64,United Kingdom,London,Free,Gabriel Jesus,Home Shirt,2022-01-05,True,False
S003929,Katie,35-44,United States,Boston,None,Bukayo Saka,Accessories,2023-08-07,True,False
S003930,Sofia,18-24,United Kingdom,Manchester,Red Member,Declan Rice,Third Kit,2021-05-31,True,False
S003931,Jordan,35-44,United Arab Emirates,Abu Dhabi,None,Kai Havertz,Retro,2018-05-12,True,False
S003932,Kai,35-44,United Kingdom,London,None,Martin Odegaard,Home Shirt,2025-04-05,True,False
S003933,Emile,18-24,United Kingdom,London,Silver,Ben White,Third Kit,2018-08-30,True,False
S003934,Declan,45-54,United Kingdom,Manchester,None,Declan Rice,Retro,2018-10-31,True,False
S003935,Gabriel,18-24,United Kingdom,Bristol,Silver,Martin Odegaard,Third Kit,2020-09-21,True,False
S003936,Mateo,35-44,Norway,Bergen,Free,Leah Williamson,Hospitality,2022-07-12,False,False
S003937,Declan,35-44,United Arab Emirates,Dubai,Silver,Bukayo Saka,Retro,2018-05-14,False,False
S003938,Kai,25-34,United Kingdom,Bristol,Silver,Leah Williamson,Hospitality,2021-04-12,False,False
S003939,Leah,55-64,India,Delhi,None,Gabriel Martinelli,Kids,2023-09-13,True,False
S003940,Ingrid,35-44,United States,New York,Silver,Leah Williamson,Third Kit,2016-05-07,False,False
S003941,Cameron,65+,United Kingdom,Birmingham,Silver,Bukayo Saka,Accessories,2019-04-22,True,False
S003942,Jordan,45-54,United Kingdom,Manchester,Free,Leah Williamson,Training Wear,2021-08-09,True,False
S003943,Amara,35-44,United Kingdom,Leeds,None,Martin Odegaard,Training Wear,2021-08-09,True,False
S003944,Kenji,35-44,United Kingdom,Bristol,None,William Saliba,Kids,2020-03-15,False,False
S003945,Jordan,55-64,United Kingdom,Bristol,Free,Martin Odegaard,Retro,2020-05-05,True,False
S003946,Alex,25-34,India,Bengaluru,Silver,Kai Havertz,Away Shirt,2021-07-07,True,False
S003947,Katie,65+,United Kingdom,Liverpool,Silver,Beth Mead,Hospitality,2020-01-24,True,False
S003948,Kai,65+,Canada,Toronto,None,Kai Havertz,Home Shirt,2017-10-23,True,False
S003949,Taylor,18-24,United States,Chicago,Silver,Vivianne Miedema,Third Kit,2018-10-23,True,False
S003950,Riley,25-34,Germany,Hamburg,None,Vivianne Miedema,Retro,2016-04-01,True,False
S003951,Yuki,25-34,Australia,Melbourne,Gold,Vivianne Miedema,Home Shirt,2022-01-16,True,True
S003952,Charlie,35-44,Japan,Osaka,Gold,Gabriel Jesus,Accessories,2021-03-04,True,True
S003953,Jamie,45-54,United Kingdom,Bristol,Silver,Leah Williamson,Kids,2016-07-10,True,False
S003954,Harper,45-54,Japan,Tokyo,Free,Martin Odegaard,Accessories,2022-09-09,True,False
S003955,Priya,25-34,United Kingdom,Liverpool,Free,Bukayo Saka,Retro,2024-03-22,True,False
S003956,Charlie,55-64,India,Delhi,Free,Beth Mead,Hospitality,2017-10-04,True,False
S003957,Noor,25-34,UNITED KINGDOM,Manchester,Silver,Leah Williamson,Third Kit,2024-01-11,True,False
S003958,Cameron,45-54,Nigeria,Ibadan,Free,Declan Rice,Retro,2021-09-16,True,False
S003959,Vivianne,45-54,United Kingdom,London,Free,Bukayo Saka,Retro,2016-02-16,False,False
S003960,Drew,65+,United Kingdom,Birmingham,Red Member,Ben White,Hospitality,2020-02-15,True,True
S003961,Mateo,45-54,Nigeria,Lagos,Free,Gabriel Martinelli,Third Kit,2021-12-19,True,False
S003962,Vivianne,18-24,India,Delhi,Silver,Gabriel Martinelli,Accessories,2017-03-20,True,False
S003963,Declan,25-34,United Kingdom,Manchester,Silver,Kai Havertz,Training Wear,2018-11-15,True,False
S003964,Olivia,45-54,United Kingdom,Birmingham,Free,Leah Williamson,Home Shirt,2025-01-30,True,False
S003965,Drew,25-34,United Kingdom,Liverpool,Gold,Bukayo Saka,Third Kit,2019-03-15,True,True
S003966,Wei,35-44,United Kingdom,London,None,Gabriel Jesus,Training Wear,2017-05-18,False,False
S003967,Declan,35-44,Germany,Hamburg,Gold,Vivianne Miedema,Hospitality,2018-06-26,True,True
S003968,Yuki,35-44,United Kingdom,Bristol,None,Beth Mead,Home Shirt,2017-12-26,True,False
S003969,Wei,25-34,India,Bengaluru,Silver,Declan Rice,Hospitality,2018-06-11,True,False
S003970,Jordan,35-44,United States,Dallas,Red Member,Declan Rice,Accessories,2016-07-10,True,False
S003971,Chidi,18-24,Germany,Munich,Silver,Bukayo Saka,Accessories,2018-09-19,True,False
S003972,Riley,35-44,United States,Dallas,None,Kai Havertz,Third Kit,2022-09-15,True,False
S003973,Amara,45-54,United Arab Emirates,Dubai,Free,Gabriel Jesus,Third Kit,2025-02-09,True,False
S003974,Jordan,18-24,Canada,Toronto,Free,Ben White,Kids,2016-10-31,True,False
S003975,Quinn,35-44,United Arab Emirates,Abu Dhabi,Free,Leah Williamson,Hospitality,2018-11-12,True,False
S003976,Skyler,35-44,United Kingdom,Birmingham,None,Leah Williamson,Training Wear,2024-06-17,True,False
S003977,Yuki,35-44,United Kingdom,Birmingham,None,Ben White,Training Wear,2019-05-23,True,False
S003978,Taylor,25-34,United States,Chicago,Silver,Gabriel Martinelli,Third Kit,2025-02-03,True,False
S003979,Harper,45-54,United Kingdom,Liverpool,None,Kai Havertz,Kids,2021-09-16,True,False
S003980,Harper,25-34,United Kingdom,Leeds,Gold,Vivianne Miedema,Kids,2021-07-05,False,False
S003981,Ingrid,18-24,United Kingdom,Leeds,None,Ben White,Hospitality,2019-07-21,True,False
S003982,Emile,45-54,United Kingdom,Manchester,None,Bukayo Saka,Accessories,2025-02-05,True,False
S003983,Devon,25-34,United Kingdom,Birmingham,Free,Gabriel Martinelli,Retro,2020-08-06,True,False
S003984,Jamie,55-64,United Kingdom,Birmingham,Silver,Ben White,Training Wear,2018-12-07,False,False
S003985,Noor,55-64,United Kingdom,London,None,Vivianne Miedema,Training Wear,2024-12-07,True,False
S003986,Diego,35-44,United States,Chicago,Free,Declan Rice,Third Kit,2021-10-08,True,False
S003987,Hassan,18-24,United States,New York,None,Martin Odegaard,Hospitality,2022-08-20,False,False
S003988,Emile,45-54,United Kingdom,Manchester,Red Member,Gabriel Martinelli,Training Wear,2023-08-21,True,False
S003989,Noor,35-44,Australia,Sydney,Silver,Martin Odegaard,Third Kit,2024-12-15,True,False
S003990,Declan,35-44,United Kingdom,Birmingham,Free,Leah Williamson,Away Shirt,2023-05-05,True,False
S003991,Yuki,35-44,United Kingdom,Leeds,Gold,William Saliba,Third Kit,2016-04-15,True,True
S003992,Taylor,18-24,United Kingdom,Leeds,Silver,Bukayo Saka,Retro,2023-08-27,False,False
S003993,Bukayo,55-64,United Kingdom,Bristol,Gold,Gabriel Martinelli,Kids,2017-10-13,True,False
S003994,Olivia,45-54,United States,Boston,None,Martin Odegaard,Third Kit,2025-04-22,True,False
S003995,Taylor,45-54,United Kingdom,Birmingham,Free,Vivianne Miedema,Training Wear,2022-10-02,True,False
S003996,Sam,55-64,United Kingdom,Birmingham,Silver,Bukayo Saka,Third Kit,2018-03-20,True,False
S003997,Mateo,18-24,Nigeria,Ibadan,Silver,Vivianne Miedema,Training Wear,2024-01-22,True,False
S003998,Beth,55-64,United Kingdom,Liverpool,Free,Gabriel Martinelli,Retro,2016-02-12,False,False
S003999,Vivianne,65+,United Kingdom,Liverpool,None,Vivianne Miedema,Away Shirt,2023-09-28,True,False
S004000,Devon,65+,United Kingdom,Liverpool,None,Vivianne Miedema,Away Shirt,2022-06-02,True,False
S004001,Gabriel,55-64,Norway,Bergen,Gold,Martin Odegaard,Accessories,2020-02-22,True,False
S004002,Hassan,45-54,United Kingdom,London,None,Kai Havertz,Kids,2023-07-05,False,False
S004003,Emile,18-24,United Arab Emirates,Dubai,Gold,Kai Havertz,Hospitality,2019-01-17,True,True
S004004,Olivia,18-24,United Kingdom,London,None,Bukayo Saka,Hospitality,2017-05-28,False,False
S004005,Kai,25-34,India,Delhi,None,Gabriel Jesus,Training Wear,2021-08-06,False,False
S004006,Riley,25-34,United Kingdom,Bristol,Free,Leah Williamson,Home Shirt,2025-04-02,True,False
S004007,Alex,25-34,United Kingdom,Liverpool,Red Member,Gabriel Martinelli,Retro,2017-01-03,True,True
S004008,Emile,25-34,United Arab Emirates,Abu Dhabi,None,Martin Odegaard,Kids,2023-01-01,True,False
S004009,Charlie,25-34,India,Delhi,Gold,Kai Havertz,Training Wear,2020-08-11,True,True
S004010,Yuki,25-34,United Kingdom,Manchester,Free,William Saliba,Accessories,2018-09-11,True,False
S004011,Gabriel,55-64,United Kingdom,Birmingham,None,William Saliba,Third Kit,2024-09-10,True,False
S004012,Rowan,65+,United Kingdom,Liverpool,Gold,Kai Havertz,Kids,2019-05-19,True,False
S004013,Jordan,35-44,Nigeria,Abuja,None,Bukayo Saka,Home Shirt,2018-02-11,True,False
S004014,Gabriel,45-54,Japan,Tokyo,Free,Martin Odegaard,Third Kit,2024-04-24,True,False
S004015,Kenji,18-24,United States,New York,Red Member,William Saliba,Retro,2025-01-30,True,True
S004016,Riley,45-54,United States,Los Angeles,Gold,Gabriel Jesus,Accessories,2018-06-03,True,True
S004017,Charlie,45-54,United Kingdom,Bristol,None,Gabriel Jesus,Accessories,2016-11-02,True,False
S004018,Beth,55-64,United States,Dallas,None,Martin Odegaard,Training Wear,2019-10-06,True,False
S004019,Drew,25-34,United Kingdom,Bristol,None,Bukayo Saka,Hospitality,2019-11-21,True,False
S004020,Jordan,25-34,United Kingdom,Liverpool,Gold,Gabriel Jesus,Accessories,2021-11-30,True,True
S004021,Riley,35-44,United Kingdom,Leeds,Silver,Martin Odegaard,Hospitality,2016-02-04,True,False
S004022,Bukayo,18-24,United Kingdom,Bristol,Red Member,Gabriel Jesus,Away Shirt,2019-12-21,False,True
S004023,Charlie,45-54,United States,New York,None,Beth Mead,Accessories,2019-04-30,True,False
S004024,Sam,55-64,United States,Boston,Silver,William Saliba,Training Wear,2023-02-02,False,False
S004025,Bukayo,35-44,United Kingdom,Leeds,Silver,Gabriel Jesus,Retro,2022-11-18,True,False
S004026,Harper,35-44,United Kingdom,Liverpool,None,Ben White,Kids,2018-10-10,False,False
S004027,Amara,65+,United Kingdom,London,None,Vivianne Miedema,Hospitality,2019-03-16,True,False
S004028,Sofia,45-54,United States,Dallas,Free,Gabriel Jesus,Hospitality,2021-05-24,True,False
S004029,Jordan,25-34,United Kingdom,Bristol,None,Gabriel Jesus,Away Shirt,2023-10-10,True,False
S004030,Amara,45-54,Canada,Vancouver,None,Declan Rice,Third Kit,2021-09-08,True,False
S004031,Noor,25-34,Australia,Melbourne,Silver,Kai Havertz,Third Kit,2018-01-31,True,False
S004032,Mateo,25-34,United Kingdom,Leeds,None,Ben White,Retro,2024-08-28,False,False
S004033,Kai,65+,United Kingdom,London,Free,Leah Williamson,Third Kit,2025-01-18,True,False
S004034,Sofia,18-24,United Kingdom,London,Free,Ben White,Hospitality,2018-11-19,True,False
S004035,Cameron,25-34,Germany,Munich,Red Member,William Saliba,Retro,2021-11-26,True,True
S004036,Bukayo,35-44,United Kingdom,Liverpool,Silver,Gabriel Martinelli,Away Shirt,2018-08-14,True,False
S004037,Harper,25-34,Japan,Tokyo,None,William Saliba,Away Shirt,2022-10-06,True,False
S004038,Sam,45-54,United States,New York,Silver,Vivianne Miedema,Home Shirt,2016-01-16,False,False
S004039,Emile,18-24,United States,Los Angeles,None,Leah Williamson,Accessories,2017-11-25,True,False
S004040,Mateo,55-64,United States,New York,None,Vivianne Miedema,Home Shirt,2025-03-26,True,False
S004041,Beth,55-64,United Kingdom,Bristol,None,William Saliba,Retro,2023-05-06,True,False
S004042,Diego,45-54,United Kingdom,Birmingham,Red Member,Bukayo Saka,Hospitality,2016-01-02,True,True
S004043,Skyler,35-44,United Kingdom,Manchester,Silver,Martin Odegaard,Kids,2021-04-03,True,False
S004044,Sofia,18-24,Canada,Toronto,Free,Bukayo Saka,Retro,2023-09-04,True,False
S004045,Riley,45-54,United States,New York,Free,Ben White,Home Shirt,2020-10-31,True,False
S004046,Noor,35-44,United States,New York,Silver,Leah Williamson,Third Kit,2022-11-26,True,False
S004047,Jamie,65+,Germany,Munich,Free,Martin Odegaard,Hospitality,2021-05-20,True,False
S004048,Taylor,18-24,United States,Los Angeles,Silver,Vivianne Miedema,Hospitality,2018-02-26,False,False
S004049,Reese,25-34,United Kingdom,Liverpool,Free,Beth Mead,Home Shirt,2021-07-01,True,False
S004050,Declan,25-34,Canada,Toronto,Free,Declan Rice,Training Wear,2023-12-05,True,False
S004051,Leah,18-24,United Kingdom,Bristol,None,Bukayo Saka,Accessories,2021-07-17,False,False
S004052,Harper,18-24,Canada,Vancouver,None,Bukayo Saka,Kids,2022-08-15,False,False
S004053,Hassan,35-44,United Kingdom,Birmingham,None,Leah Williamson,Third Kit,2020-07-29,False,False
S004054,Ingrid,35-44,United States,New York,None,Bukayo Saka,Home Shirt,2021-02-04,False,False
S004055,Rowan,55-64,India,Delhi,Silver,Ben White,Home Shirt,2019-07-16,True,False
S004056,Riley,65+,United Kingdom,Leeds,None,Gabriel Jesus,Hospitality,2019-04-28,True,False
S004057,Amara,45-54,United Kingdom,Liverpool,Free,Declan Rice,Home Shirt,2018-08-30,True,False
S004058,Leah,25-34,United Kingdom,Bristol,Silver,Kai Havertz,Training Wear,2020-08-18,True,False
S004059,Cameron,18-24,India,Delhi,None,Kai Havertz,Third Kit,2016-07-28,True,False
S004060,Gabriel,65+,United Kingdom,Leeds,Free,William Saliba,Kids,2017-02-25,False,False
S004061,Alex,35-44,United Kingdom,Bristol,Silver,Gabriel Jesus,Training Wear,2024-06-07,True,False
S004062,Emile,18-24,United Kingdom,Liverpool,Silver,Leah Williamson,Hospitality,2023-03-28,True,False
S004063,Reese,35-44,United Kingdom,Birmingham,Silver,Vivianne Miedema,Retro,2019-05-19,True,False
S004064,Leah,35-44,United Kingdom,Liverpool,None,Leah Williamson,Training Wear,2021-02-16,True,False
S004065,Bukayo,65+,United States,Boston,None,William Saliba,Third Kit,2022-09-30,True,False
S004066,Ingrid,55-64,India,Delhi,Red Member,Leah Williamson,Third Kit,2024-11-16,False,False
S004067,Yuki,65+,United Kingdom,Birmingham,None,Bukayo Saka,Away Shirt,2019-09-13,True,False
S004068,Morgan,25-34,United Kingdom,Manchester,Free,Gabriel Martinelli,Third Kit,2021-05-10,True,False
S004069,Cameron,25-34,United Kingdom,Liverpool,None,Kai Havertz,Retro,2022-11-27,True,False
S004070,Vivianne,25-34,United Kingdom,Manchester,Free,Declan Rice,Training Wear,2018-07-27,True,False
S004071,Emile,65+,Nigeria,Lagos,None,Ben White,Kids,2019-09-12,True,False
S004072,Mateo,55-64,United Kingdom,Leeds,None,William Saliba,Away Shirt,2024-08-03,True,False
S004073,Declan,55-64,United Kingdom,London,None,Beth Mead,Away Shirt,2023-02-01,True,False
S004074,Devon,35-44,United Kingdom,Birmingham,Red Member,William Saliba,Third Kit,2022-08-18,True,True
S004075,Gabriel,25-34,United Kingdom,Bristol,Free,Martin Odegaard,Home Shirt,2018-09-02,True,False
S004076,Hassan,25-34,United Kingdom,Manchester,Free,Gabriel Martinelli,Away Shirt,2018-10-11,True,False
S004077,Leah,35-44,UNITED KINGDOM,London,Gold,Gabriel Martinelli,Third Kit,2018-01-24,True,True
S004078,Olivia,25-34,United States,Chicago,Red Member,William Saliba,Accessories,2019-08-03,False,False
S004079,Leah,55-64,United Kingdom,London,Red Member,William Saliba,Accessories,2024-02-11,False,True
S004080,Kenji,65+,United Kingdom,Manchester,None,Kai Havertz,Accessories,2016-07-12,True,False
S004081,Mateo,18-24,United Kingdom,Leeds,Silver,Vivianne Miedema,Kids,2022-12-31,True,False
S004082,Katie,18-24,United Kingdom,Birmingham,Gold,Bukayo Saka,Away Shirt,2016-08-23,True,False
S004083,Diego,65+,United Kingdom,Manchester,Free,Leah Williamson,Hospitality,2023-06-12,True,False
S004084,Liam,65+,United Kingdom,Liverpool,Free,Martin Odegaard,Third Kit,2017-11-05,False,False
S004085,Taylor,35-44,United Kingdom,Bristol,Silver,William Saliba,Accessories,2023-01-22,True,False
S004086,Charlie,25-34,United Kingdom,Bristol,Free,Bukayo Saka,Home Shirt,2021-11-28,True,False
S004087,Vivianne,25-34,United Kingdom,Birmingham,Silver,Ben White,Hospitality,2025-07-02,False,False
S004088,Cameron,45-54,United Kingdom,Liverpool,Silver,Leah Williamson,Kids,2016-10-14,True,False
S004089,Katie,55-64,Australia,Melbourne,None,Kai Havertz,Third Kit,2020-06-19,True,False
S004090,Drew,35-44,Norway,Bergen,None,William Saliba,Training Wear,2024-10-12,True,False
S004091,Amara,18-24,United States,Chicago,Silver,Gabriel Martinelli,Home Shirt,2019-10-18,True,False
S004092,Yuki,35-44,United Kingdom,Liverpool,Silver,Gabriel Martinelli,Third Kit,2025-02-18,True,False
S004093,Skyler,25-34,United Kingdom,Birmingham,Red Member,Vivianne Miedema,Home Shirt,2023-02-06,True,False
S004094,Jordan,45-54,United Kingdom,London,Gold,William Saliba,Home Shirt,2021-10-19,True,False
S004095,Drew,25-34,United Kingdom,Leeds,Free,Vivianne Miedema,Home Shirt,2020-01-09,True,False
S004096,Morgan,55-64,United Kingdom,Leeds,Silver,Martin Odegaard,Away Shirt,2017-12-13,True,False
S004097,Jamie,45-54,United Kingdom,London,Silver,Gabriel Jesus,Accessories,2016-02-22,True,False
S004098,Olivia,18-24,United Kingdom,Liverpool,Free,Beth Mead,Away Shirt,2020-12-29,True,False
S004099,Sofia,65+,United Kingdom,Liverpool,Silver,Declan Rice,Third Kit,2017-12-20,True,False
S004100,Yuki,18-24,Japan,Osaka,Red Member,Gabriel Martinelli,Kids,2023-01-02,True,True
S004101,Chidi,65+,United Kingdom,Liverpool,Free,Martin Odegaard,Hospitality,2018-02-28,True,False
S004102,Wei,25-34,United Kingdom,Birmingham,None,Declan Rice,Kids,2018-03-06,True,False
S004103,Alex,25-34,United Kingdom,Manchester,None,Kai Havertz,Training Wear,2020-01-19,True,False
S004104,Vivianne,25-34,United Arab Emirates,Abu Dhabi,Free,William Saliba,Away Shirt,2019-12-25,False,False
S004105,Taylor,55-64,United Kingdom,Birmingham,Red Member,Gabriel Martinelli,Training Wear,2022-07-02,True,False
S004106,Ingrid,25-34,United Kingdom,Bristol,Gold,Beth Mead,Training Wear,2016-09-03,True,True
S004107,Noor,35-44,United States,Dallas,Silver,Declan Rice,Away Shirt,2019-02-15,True,False
S004108,Wei,25-34,United Kingdom,Manchester,Gold,Kai Havertz,Kids,2022-06-18,True,True
S004109,Sofia,25-34,Canada,Toronto,Gold,Beth Mead,Hospitality,2024-12-02,True,True
S004110,Wei,35-44,Japan,Osaka,Gold,Bukayo Saka,Accessories,2019-05-03,True,False
S004111,Mateo,65+,Japan,Tokyo,None,Leah Williamson,Retro,2024-06-11,False,False
S004112,Olivia,55-64,United Arab Emirates,Abu Dhabi,None,Leah Williamson,Home Shirt,2023-08-28,True,False
S004113,Jamie,35-44,United Kingdom,Leeds,Silver,William Saliba,Hospitality,2018-05-31,True,False
S004114,Gabriel,45-54,United Kingdom,Manchester,Red Member,Gabriel Martinelli,Third Kit,2019-05-20,False,False
S004115,Alex,25-34,United Kingdom,Birmingham,Free,Bukayo Saka,Kids,2019-10-19,True,False
S004116,Alex,35-44,United Kingdom,London,Free,Beth Mead,Training Wear,2023-03-31,True,False
S004117,Liam,25-34,Canada,Vancouver,Gold,William Saliba,Hospitality,2021-05-04,True,False
S004118,Wei,35-44,United Kingdom,Liverpool,None,Declan Rice,Hospitality,2019-07-08,True,False
S004119,Liam,18-24,United Kingdom,Liverpool,None,Gabriel Jesus,Kids,2022-04-14,False,False
S004120,Mateo,65+,United Kingdom,Leeds,Free,Bukayo Saka,Third Kit,2022-06-24,True,False
S004121,Morgan,65+,United States,Chicago,None,Beth Mead,Retro,2021-06-08,True,False
S004122,Harper,18-24,Norway,Bergen,None,Gabriel Jesus,Home Shirt,2021-06-04,True,False
S004123,Yuki,55-64,India,Bengaluru,Free,Martin Odegaard,Third Kit,2021-07-02,False,False
S004124,Sofia,35-44,United States,Boston,Free,Kai Havertz,Third Kit,2022-06-10,True,False
S004125,Olivia,18-24,United Kingdom,Birmingham,Free,Vivianne Miedema,Accessories,2019-05-23,True,False
S004126,Kenji,35-44,United States,Los Angeles,Silver,Kai Havertz,Training Wear,2023-11-30,False,False
S004127,Charlie,65+,United Kingdom,Liverpool,Free,Martin Odegaard,Third Kit,2020-05-24,True,False
S004128,Devon,45-54,United Kingdom,Leeds,Silver,Bukayo Saka,Retro,2023-05-29,True,False
S004129,Hassan,55-64,United Kingdom,Birmingham,Gold,Ben White,Hospitality,2024-03-30,False,False
S004130,Noor,18-24,United Kingdom,Manchester,Free,Martin Odegaard,Third Kit,2019-10-20,True,False
S004131,Cameron,18-24,United Kingdom,Bristol,None,Gabriel Martinelli,Home Shirt,2023-10-19,False,False
S004132,Skyler,55-64,Norway,Oslo,Free,Kai Havertz,Away Shirt,2017-11-02,True,False
S004133,Rowan,25-34,United Kingdom,Manchester,Silver,Declan Rice,Hospitality,2021-03-01,True,False
S004134,Diego,35-44,United Kingdom,Liverpool,Free,Declan Rice,Accessories,2022-06-06,True,False
S004135,Riley,25-34,United Kingdom,Manchester,Free,Declan Rice,Training Wear,2024-10-12,True,False
S004136,Reese,45-54,United Kingdom,Manchester,Gold,Kai Havertz,Accessories,2019-01-09,True,False
S004137,Charlie,25-34,United Arab Emirates,Abu Dhabi,Gold,Kai Havertz,Retro,2020-11-23,True,True
S004138,Skyler,25-34,United Kingdom,Leeds,None,Kai Havertz,Accessories,2023-05-14,True,False
S004139,Quinn,55-64,United Kingdom,Leeds,None,Vivianne Miedema,Retro,2018-04-10,False,False
S004140,Yuki,55-64,United States,Los Angeles,Silver,Gabriel Martinelli,Kids,2019-09-20,False,False
S004141,Rowan,45-54,United Kingdom,Bristol,Gold,Gabriel Martinelli,Hospitality,2024-04-10,False,False
S004142,Jamie,45-54,India,Bengaluru,None,Vivianne Miedema,Hospitality,2023-01-05,True,False
S004143,Diego,65+,United Kingdom,London,None,Bukayo Saka,Training Wear,2017-09-25,True,False
S004144,Chidi,18-24,United Kingdom,Liverpool,Free,Vivianne Miedema,Hospitality,2023-10-25,True,False
S004145,Cameron,35-44,United Kingdom,Birmingham,Silver,Kai Havertz,Retro,2020-12-22,False,False
S004146,Chidi,35-44,United Kingdom,London,Silver,Leah Williamson,Accessories,2019-05-05,True,False
S004147,Emile,35-44,United Kingdom,London,Free,William Saliba,Retro,2024-07-23,False,False
S004148,Martin,25-34,United States,Boston,Free,Martin Odegaard,Retro,2020-10-10,True,False
S004149,Leah,35-44,United States,Los Angeles,Silver,Ben White,Training Wear,2018-03-13,True,False
S004150,Vivianne,45-54,Germany,Berlin,Gold,Leah Williamson,Away Shirt,2019-05-07,True,False
S004151,Taylor,35-44,United Kingdom,Liverpool,None,Vivianne Miedema,Retro,2017-08-01,True,False
S004152,Sofia,35-44,United States,New York,Free,Gabriel Jesus,Home Shirt,2025-07-15,True,False
S004153,Leah,65+,United Kingdom,Manchester,Free,Bukayo Saka,Third Kit,2016-02-02,True,False
S004154,Olivia,25-34,United States,Dallas,Free,William Saliba,Training Wear,2025-07-20,True,False
S004155,Skyler,65+,United Kingdom,Liverpool,Silver,Martin Odegaard,Retro,2020-01-10,True,False
S004156,Yuki,25-34,United Kingdom,Liverpool,Free,Leah Williamson,Away Shirt,2018-04-30,False,False
S004157,Quinn,45-54,United Kingdom,Birmingham,None,Martin Odegaard,Training Wear,2020-03-06,True,False
S004158,Liam,55-64,United Kingdom,Bristol,Free,Gabriel Martinelli,Third Kit,2022-06-19,True,False
S004159,Noor,65+,United Kingdom,London,None,Leah Williamson,Training Wear,2024-08-13,True,False
S004160,Alex,25-34,United Kingdom,London,Free,Bukayo Saka,Accessories,2025-06-25,True,False
S004161,Kai,18-24,United Kingdom,Bristol,None,Kai Havertz,Retro,2022-04-09,True,False
S004162,Morgan,25-34,United Kingdom,London,None,Kai Havertz,Retro,2016-07-21,True,False
S004163,Ingrid,55-64,Norway,Bergen,Silver,Leah Williamson,Home Shirt,2020-07-20,True,False
S004164,Priya,45-54,India,Delhi,None,Ben White,Hospitality,2021-09-19,False,False
S004165,Olivia,65+,India,Mumbai,Free,Kai Havertz,Retro,2024-10-02,True,False
S004166,Alex,45-54,United Kingdom,Bristol,None,Gabriel Jesus,Home Shirt,2020-11-08,True,False
S004167,Diego,25-34,Australia,Melbourne,Free,Gabriel Jesus,Kids,2023-11-11,True,False
S004168,Liam,25-34,Japan,Osaka,Silver,William Saliba,Training Wear,2017-02-15,False,False
S004169,Kenji,25-34,Norway,Oslo,Gold,Declan Rice,Hospitality,2016-10-23,True,True
S004170,Jordan,18-24,United States,Los Angeles,None,William Saliba,Hospitality,2019-08-19,False,False
S004171,Jordan,35-44,India,Mumbai,Silver,Martin Odegaard,Hospitality,2021-12-18,True,False
S004172,Hassan,65+,United Kingdom,Bristol,Free,Martin Odegaard,Third Kit,2021-09-15,True,False
S004173,Ingrid,65+,United Kingdom,Leeds,Free,Vivianne Miedema,Kids,2025-06-26,False,False
S004174,Noor,35-44,United Kingdom,Leeds,None,Martin Odegaard,Home Shirt,2016-06-06,True,False
S004175,Yuki,45-54,Norway,Oslo,Red Member,Ben White,Away Shirt,2017-11-21,True,True
S004176,Sofia,55-64,United Kingdom,Leeds,None,Bukayo Saka,Home Shirt,2023-10-02,True,False
S004177,Devon,18-24,Japan,Osaka,None,Bukayo Saka,Away Shirt,2024-11-25,True,False
S004178,Ingrid,25-34,United Kingdom,Leeds,Red Member,Gabriel Martinelli,Accessories,2024-09-21,False,True
S004179,Wei,45-54,India,Delhi,Silver,Kai Havertz,Hospitality,2021-07-05,True,False
S004180,Amara,45-54,United States,Dallas,Gold,Martin Odegaard,Away Shirt,2024-01-06,True,True
S004181,Liam,18-24,United Kingdom,Bristol,Free,Bukayo Saka,Accessories,2016-10-26,True,False
S004182,Jordan,18-24,Canada,Toronto,Gold,Gabriel Martinelli,Accessories,2016-12-26,True,True
S004183,Martin,65+,United Kingdom,Leeds,Free,Kai Havertz,Accessories,2021-11-02,True,False
S004184,Drew,55-64,United Kingdom,Birmingham,Red Member,Declan Rice,Home Shirt,2019-12-17,True,False
S004185,Gabriel,25-34,United Kingdom,London,Silver,Gabriel Martinelli,Away Shirt,2016-02-14,True,False
S004186,Quinn,65+,United Kingdom,Bristol,Silver,Leah Williamson,Training Wear,2021-12-04,True,False
S004187,Riley,18-24,United Kingdom,Liverpool,Silver,Declan Rice,Training Wear,2024-12-09,True,False
S004188,Diego,18-24,Norway,Oslo,Free,Beth Mead,Retro,2016-02-04,True,False
S004189,Olivia,25-34,Germany,Hamburg,Silver,Martin Odegaard,Accessories,2016-09-04,False,False
S004190,Beth,65+,Australia,Sydney,Gold,Martin Odegaard,Retro,2020-09-04,True,False
S004191,Devon,25-34,United States,Chicago,Silver,Ben White,Away Shirt,2017-11-25,True,False
S004192,Chidi,45-54,United States,Boston,Silver,Declan Rice,Away Shirt,2021-01-19,True,False
S004193,Quinn,65+,United Kingdom,London,None,Gabriel Martinelli,Away Shirt,2025-04-22,True,False
S004194,Devon,25-34,United Kingdom,London,Red Member,William Saliba,Away Shirt,2023-03-22,True,False
S004195,Quinn,35-44,Australia,Melbourne,Silver,Bukayo Saka,Training Wear,2016-01-19,True,False
S004196,Katie,45-54,United Kingdom,Birmingham,None,Ben White,Accessories,2021-01-03,True,False
S004197,Cameron,45-54,United Kingdom,London,Silver,William Saliba,Retro,2019-04-27,True,False
S004198,Jamie,55-64,United Kingdom,Manchester,None,Bukayo Saka,Accessories,2019-03-29,True,False
S004199,Amara,18-24,United Kingdom,Leeds,Silver,Leah Williamson,Away Shirt,2024-04-01,True,False
S004200,Cameron,45-54,United Kingdom,London,None,Vivianne Miedema,Hospitality,2021-08-08,True,False
S004201,Drew,25-34,United Kingdom,Birmingham,Silver,Ben White,Away Shirt,2016-03-22,True,False
S004202,Taylor,65+,United Kingdom,Birmingham,None,Kai Havertz,Kids,2020-09-04,True,False
S004203,Rowan,35-44,Germany,Munich,Free,Vivianne Miedema,Training Wear,2017-09-19,True,False
S004204,Declan,55-64,Australia,Sydney,None,Gabriel Jesus,Away Shirt,2021-04-22,True,False
S004205,Katie,25-34,United Kingdom,London,Free,Beth Mead,Accessories,2022-09-12,True,False
S004206,Devon,45-54,United Kingdom,Manchester,Free,Beth Mead,Third Kit,2025-03-11,True,False
S004207,Riley,35-44,United States,Los Angeles,Red Member,Vivianne Miedema,Home Shirt,2024-07-08,True,False
S004208,Riley,18-24,United States,Dallas,Silver,Martin Odegaard,Retro,2016-12-28,True,False
S004209,Riley,35-44,United Kingdom,London,Silver,Vivianne Miedema,Training Wear,2025-03-20,True,False
S004210,Leah,55-64,United States,Dallas,Red Member,Beth Mead,Third Kit,2017-05-09,True,True
S004211,Charlie,45-54,United Kingdom,Liverpool,None,Bukayo Saka,Home Shirt,2021-03-03,True,False
S004212,Chidi,25-34,United Kingdom,London,Silver,Declan Rice,Third Kit,2022-12-01,True,False
S004213,Charlie,35-44,United Kingdom,Birmingham,None,Vivianne Miedema,Third Kit,2023-11-27,True,False
S004214,Bukayo,35-44,United Kingdom,Manchester,Gold,Gabriel Jesus,Retro,2025-02-04,False,True
S004215,Morgan,18-24,United Kingdom,Leeds,Silver,Vivianne Miedema,Away Shirt,2023-03-08,True,False
S004216,Katie,45-54,Canada,Vancouver,Red Member,Kai Havertz,Home Shirt,2024-09-18,True,False
S004217,Riley,25-34,United Kingdom,Bristol,Silver,Gabriel Martinelli,Accessories,2020-01-25,False,False
S004218,Cameron,35-44,United Kingdom,Bristol,Silver,Bukayo Saka,Training Wear,2020-06-26,True,False
S004219,Cameron,65+,Nigeria,Lagos,None,Gabriel Jesus,Accessories,2025-08-04,True,False
S004220,Devon,25-34,United Kingdom,Manchester,Free,Ben White,Kids,2017-06-07,True,False
S004221,Jamie,55-64,GERMANY,Munich,Silver,Ben White,Away Shirt,2021-10-07,True,False
S004222,Leah,55-64,United Kingdom,Manchester,Free,Beth Mead,Retro,2025-06-14,True,False
S004223,Sam,18-24,United Kingdom,London,None,Leah Williamson,Training Wear,2024-11-06,False,False
S004224,Liam,55-64,United Kingdom,Leeds,Free,Gabriel Jesus,Hospitality,2018-07-31,True,False
S004225,Hassan,45-54,Norway,Oslo,Gold,Bukayo Saka,Home Shirt,2016-08-08,True,True
S004226,Morgan,65+,United Kingdom,Leeds,Free,Leah Williamson,Kids,2022-01-08,True,False
S004227,Amara,45-54,United Kingdom,Leeds,Gold,Leah Williamson,Accessories,2016-11-25,True,False
S004228,Reese,25-34,United Kingdom,Bristol,Silver,Martin Odegaard,Away Shirt,2023-08-11,True,False
S004229,Ingrid,25-34,Canada,Vancouver,None,Gabriel Jesus,Third Kit,2018-11-20,True,False
S004230,Sofia,18-24,United States,Los Angeles,Silver,Beth Mead,Accessories,2019-05-10,True,False
S004231,Devon,35-44,United Kingdom,Birmingham,Free,Declan Rice,Kids,2022-01-17,True,False
S004232,Drew,35-44,United Kingdom,Bristol,Free,Bukayo Saka,Kids,2018-11-28,True,False
S004233,Jamie,25-34,United States,Los Angeles,None,Leah Williamson,Accessories,2024-07-19,True,False
S004234,Sofia,45-54,United Kingdom,Leeds,Red Member,Gabriel Martinelli,Training Wear,2016-06-10,False,False
S004235,Skyler,35-44,United Kingdom,Manchester,Silver,Bukayo Saka,Third Kit,2019-05-01,True,False
S004236,Devon,18-24,Norway,Oslo,  None ,Declan Rice,Hospitality,2016-08-31,True,False
S004237,Sam,65+,United States,Los Angeles,None,Beth Mead,Third Kit,2018-10-14,False,False
S004238,Liam,65+,United Kingdom,Birmingham,None,Vivianne Miedema,Away Shirt,2022-10-07,True,False
S004239,Alex,25-34,United States,Dallas,Silver,Ben White,Home Shirt,2020-01-28,True,False
S004240,Rowan,45-54,United Kingdom,London,None,Gabriel Jesus,Training Wear,2024-08-26,True,False
S004241,Kenji,45-54,United Kingdom,Leeds,Free,Leah Williamson,Away Shirt,2023-12-18,True,False
S004242,Cameron,35-44,Norway,Bergen,Silver,Vivianne Miedema,Retro,2021-06-26,False,False
S004243,Yuki,18-24,United Kingdom,London,None,Gabriel Martinelli,Hospitality,2019-12-21,True,False
S004244,Noor,65+,United Kingdom,London,Silver,Ben White,Hospitality,2025-08-06,True,False
S004245,Cameron,35-44,India,Bengaluru,Free,Declan Rice,Away Shirt,2022-05-23,True,False
S004246,Taylor,35-44,Nigeria,Abuja,Free,William Saliba,Home Shirt,2020-04-06,True,False
S004247,Ingrid,35-44,United States,Dallas,Gold,Vivianne Miedema,Retro,2017-05-29,False,True
S004248,Alex,45-54,United States,Boston,Free,Gabriel Martinelli,Away Shirt,2023-03-25,True,False
S004249,Devon,25-34,Nigeria,Abuja,None,William Saliba,Kids,2017-08-06,True,False
S004250,Liam,45-54,United States,Chicago,Free,Vivianne Miedema,Hospitality,2023-04-29,True,False
S004251,Yuki,25-34,United Kingdom,Bristol,Free,Leah Williamson,Accessories,2018-03-27,True,False
S004252,Jamie,35-44,Australia,Sydney,Silver,Gabriel Jesus,Home Shirt,2022-10-23,True,False
S004253,Amara,35-44,Germany,Munich,Silver,Declan Rice,Accessories,2017-10-15,True,False
S004254,Yuki,55-64,United Kingdom,Manchester,Silver,William Saliba,Training Wear,2019-01-11,False,False
S004255,Noor,45-54,Australia,Melbourne,Free,Martin Odegaard,Accessories,2018-01-07,True,False
S004256,Jamie,18-24,United Kingdom,Bristol,Gold,Gabriel Martinelli,Home Shirt,2022-10-25,True,False
S004257,Bukayo,25-34,United Kingdom,Manchester,None,Beth Mead,Third Kit,2024-02-28,True,False
S004258,Katie,18-24,Germany,Berlin,Silver,Beth Mead,Retro,2023-09-13,True,False
S004259,Gabriel,25-34,Japan,Tokyo,Silver,Beth Mead,Kids,2019-04-10,True,False
S004260,Rowan,25-34,United Kingdom,Leeds,Free,Kai Havertz,Away Shirt,2016-08-17,True,False
S004261,Taylor,55-64,United Kingdom,Leeds,None,Martin Odegaard,Third Kit,2020-05-03,True,False
S004262,Devon,45-54,United States,Boston,Free,Vivianne Miedema,Training Wear,2020-06-24,True,False
S004263,Jordan,45-54,United Kingdom,Manchester,Free,Martin Odegaard,Third Kit,2024-09-26,True,False
S004264,Sam,25-34,United Arab Emirates,Abu Dhabi,Silver,Vivianne Miedema,Retro,2024-05-27,True,False
S004265,Liam,45-54,United Kingdom,Bristol,Silver,Gabriel Jesus,Hospitality,2021-05-02,True,False
S004266,Riley,25-34,Germany,Hamburg,None,Beth Mead,Accessories,2019-05-20,False,False
S004267,Taylor,65+,Germany,Hamburg,Silver,Leah Williamson,Third Kit,2016-05-25,True,False
S004268,Jamie,45-54,Norway,Bergen,Free,Gabriel Martinelli,Third Kit,2023-05-12,True,False
S004269,Declan,55-64,Germany,Hamburg,Silver,Martin Odegaard,Third Kit,2025-07-26,True,False
S004270,Diego,35-44,United States,Boston,Silver,Vivianne Miedema,Kids,2016-06-08,True,False
S004271,Liam,25-34,United Kingdom,Birmingham,Free,Vivianne Miedema,Away Shirt,2017-11-09,False,False
S004272,Mateo,25-34,United Kingdom,London,Free,Beth Mead,Home Shirt,2017-09-15,True,False
S004273,Leah,18-24,United Kingdom,Liverpool,None,Gabriel Jesus,Third Kit,2016-03-24,True,False
S004274,Chidi,18-24,United Kingdom,Bristol,None,Ben White,Hospitality,2023-10-27,True,False
S004275,Sofia,18-24,United Kingdom,Leeds,Red Member,Gabriel Martinelli,Home Shirt,2024-03-21,False,False
S004276,Charlie,55-64,United States,Los Angeles,Silver,Beth Mead,Kids,2023-04-18,True,False
S004277,Charlie,35-44,United States,Boston,Free,Gabriel Jesus,Training Wear,2019-11-05,False,False
S004278,Katie,25-34,United Kingdom,Leeds,Silver,Gabriel Martinelli,Away Shirt,2020-03-25,True,False
S004279,Quinn,18-24,Australia,Melbourne,Free,Leah Williamson,Training Wear,2023-07-20,False,False
S004280,Reese,25-34,United States,Los Angeles,None,William Saliba,Kids,2023-03-21,False,False
S004281,Harper,55-64,United Kingdom,Birmingham,Gold,Gabriel Martinelli,Hospitality,2025-05-10,True,True
S004282,Devon,25-34,United Kingdom,Birmingham,None,Beth Mead,Hospitality,2024-05-18,True,False
S004283,Chidi,45-54,United Kingdom,Leeds,Red Member,Martin Odegaard,Accessories,2019-06-04,False,True
S004284,Skyler,55-64,United Kingdom,Birmingham,None,Martin Odegaard,Hospitality,2022-02-20,True,False
S004285,Bukayo,45-54,Germany,Munich,Free,William Saliba,Home Shirt,2023-06-17,True,False
S004286,Sam,18-24,United Kingdom,Bristol,None,Martin Odegaard,Kids,2023-03-19,True,False
S004287,Rowan,45-54,United Kingdom,Bristol,Red Member,Bukayo Saka,Away Shirt,2023-11-29,True,True
S004288,Wei,55-64,United States,Los Angeles,Free,Kai Havertz,Retro,2024-04-12,True,False
S004289,Rowan,45-54,India,Delhi,Silver,Gabriel Martinelli,Hospitality,2019-06-10,True,False
S004290,Sofia,25-34,United Arab Emirates,Dubai,None,Gabriel Jesus,Training Wear,2023-05-09,False,False
S004291,Gabriel,65+,United Kingdom,Leeds,Red Member,Gabriel Jesus,Kids,2017-01-24,True,True
S004292,Alex,45-54,United Kingdom,Bristol,None,Leah Williamson,Away Shirt,2020-12-13,True,False
S004293,Ingrid,25-34,United Kingdom,Birmingham,Gold,Kai Havertz,Retro,2017-07-12,True,True
S004294,Drew,45-54,United Kingdom,Bristol,Free,Kai Havertz,Home Shirt,2023-07-22,False,False
S004295,Sofia,18-24,United Kingdom,Bristol,Free,Declan Rice,Retro,2018-03-19,True,False
S004296,Gabriel,55-64,United Kingdom,Liverpool,Silver,Ben White,Retro,2025-07-05,True,False
S004297,Alex,18-24,Nigeria,Lagos,None,Leah Williamson,Accessories,2020-04-07,True,False
S004298,Yuki,25-34,United Kingdom,Liverpool,Silver,Declan Rice,Training Wear,2017-01-22,True,False
S004299,Gabriel,35-44,United Kingdom,Liverpool,Gold,Bukayo Saka,Kids,2022-08-06,True,True
S004300,Jamie,18-24,United Kingdom,Manchester,Red Member,Kai Havertz,Training Wear,2018-04-22,True,False
S004301,Harper,25-34,United Kingdom,Bristol,None,Bukayo Saka,Home Shirt,2025-08-05,True,False
S004302,Charlie,25-34,Canada,Toronto,Free,William Saliba,Third Kit,2024-11-15,True,False
S004303,Chidi,45-54,United Kingdom,Leeds,Free,Bukayo Saka,Away Shirt,2019-02-06,True,False
S004304,Priya,18-24,United Kingdom,Liverpool,Silver,Ben White,Hospitality,2023-08-13,False,False
S004305,Emile,18-24,India,Delhi,None,Declan Rice,Third Kit,2023-03-09,False,False
S004306,Reese,25-34,United Kingdom,Leeds,Free,Ben White,Retro,2018-01-20,True,False
S004307,Sofia,18-24,United Kingdom,London,Silver,Declan Rice,Hospitality,2023-12-11,True,False
S004308,Ingrid,65+,United Arab Emirates,Dubai,Red Member,Declan Rice,Away Shirt,2019-06-13,True,True
S004309,Drew,25-34,Japan,Tokyo,None,Kai Havertz,Kids,2017-05-07,True,False
S004310,Wei,18-24,United Kingdom,Manchester,None,Vivianne Miedema,Retro,2017-11-06,True,False
S004311,Harper,55-64,India,Delhi,Free,William Saliba,Home Shirt,2020-03-20,True,False
S004312,Liam,35-44,United Kingdom,Manchester,Free,Vivianne Miedema,Hospitality,2020-10-18,True,False
S004313,Drew,35-44,Nigeria,Kano,Silver,Bukayo Saka,Hospitality,2018-07-28,True,False
S004314,Kai,18-24,United Kingdom,Manchester,None,Declan Rice,Away Shirt,2021-03-11,True,False
S004315,Beth,18-24,United Kingdom,Bristol,Gold,Bukayo Saka,Training Wear,2022-02-19,True,True
S004316,Alex,35-44,United Kingdom,London,Red Member,Declan Rice,Accessories,2021-12-22,True,True
S004317,Sam,45-54,United Kingdom,Birmingham,Gold,Beth Mead,Third Kit,2019-03-28,True,True
S004318,Charlie,25-34,United States,Boston,None,Ben White,Home Shirt,2025-05-19,False,False
S004319,Katie,35-44,United Kingdom,London,Silver,Vivianne Miedema,Away Shirt,2023-06-06,True,False
S004320,Alex,25-34,United Kingdom,Bristol,None,William Saliba,Kids,2021-04-07,True,False
S004321,Rowan,25-34,United Kingdom,Leeds,Free,Bukayo Saka,Hospitality,2024-03-16,True,False
S004322,Drew,55-64,Nigeria,Lagos,Silver,Kai Havertz,Training Wear,2025-05-25,True,False
S004323,Amara,18-24,United Kingdom,Birmingham,Silver,Declan Rice,Third Kit,2020-06-28,True,False
S004324,Sam,35-44,United States,New York,Silver,Gabriel Jesus,Training Wear,2020-11-30,True,False
S004325,Mateo,35-44,United Kingdom,London,Free,Bukayo Saka,Kids,2022-07-19,True,False
S004326,Emile,25-34,Norway,Oslo,Silver,Leah Williamson,Accessories,2019-12-27,True,False
S004327,Sam,35-44,United States,Dallas,Free,Vivianne Miedema,Training Wear,2019-12-27,True,False
S004328,Jamie,35-44,United States,Boston,Free,Declan Rice,Home Shirt,2017-11-03,False,False
S004329,Emile,35-44,India,Delhi,None,Kai Havertz,Third Kit,2023-04-24,True,False
S004330,Bukayo,35-44,Australia,Melbourne,None,Gabriel Martinelli,Training Wear,2017-12-17,True,False
S004331,Skyler,45-54,United States,New York,Free,William Saliba,Training Wear,2021-05-30,True,False
S004332,Vivianne,25-34,United Kingdom,Leeds,Red Member,Martin Odegaard,Third Kit,2024-07-09,True,True
S004333,Amara,35-44,Germany,Berlin,Free,Martin Odegaard,Training Wear,2024-09-11,True,False
S004334,Amara,35-44,Norway,Bergen,Silver,Martin Odegaard,Hospitality,2017-10-08,True,False
S004335,Skyler,25-34,Germany,Hamburg,None,Vivianne Miedema,Third Kit,2023-04-20,True,False
S004336,Cameron,18-24,United Kingdom,Bristol,Gold,William Saliba,Retro,2018-05-16,True,False
S004337,Diego,35-44,United Arab Emirates,Abu Dhabi,None,Bukayo Saka,Home Shirt,2023-07-17,True,False
S004338,Vivianne,18-24,United Kingdom,London,Free,Gabriel Jesus,Kids,2023-09-13,True,False
S004339,Emile,25-34,United Kingdom,London,Silver,Leah Williamson,Third Kit,2020-12-12,True,False
S004340,Amara,35-44,Germany,Berlin,None,Beth Mead,Accessories,2022-10-16,True,False
S004341,Hassan,25-34,United States,Dallas,Silver,Leah Williamson,Accessories,2022-01-08,True,False
S004342,Vivianne,18-24,Norway,Oslo,Silver,Martin Odegaard,Kids,2022-08-02,True,False
S004343,Wei,18-24,United Kingdom,Birmingham,Free,Bukayo Saka,Hospitality,2024-01-26,True,False
S004344,Taylor,55-64,United Kingdom,Birmingham,Silver,Leah Williamson,Accessories,2023-10-27,True,False
S004345,Katie,45-54,Nigeria,Lagos,Free,William Saliba,Hospitality,2022-11-15,True,False
S004346,Wei,25-34,Germany,Munich,None,Ben White,Home Shirt,2023-02-15,True,False
S004347,Leah,35-44,United Kingdom,London,Gold,Gabriel Jesus,Training Wear,2017-04-04,True,False
S004348,Rowan,65+,United Kingdom,Liverpool,Gold,William Saliba,Training Wear,2020-11-29,True,True
S004349,Alex,25-34,United Kingdom,Manchester,Free,Gabriel Jesus,Home Shirt,2024-12-15,True,False
S004350,Rowan,25-34,Canada,Toronto,Silver,Bukayo Saka,Away Shirt,2024-09-26,True,False
S004351,Amara,18-24,Japan,Tokyo,None,Gabriel Jesus,Hospitality,2019-05-13,True,False
S004352,Devon,45-54,United Kingdom,Birmingham,Silver,Beth Mead,Kids,2016-03-18,True,False
S004353,Bukayo,18-24,India,Bengaluru,Red Member,Declan Rice,Kids,2017-08-25,True,True
S004354,Declan,25-34,United Arab Emirates,Abu Dhabi,Red Member,Ben White,Retro,2019-04-18,False,True
S004355,Wei,25-34,Norway,Bergen,None,William Saliba,Home Shirt,2019-03-26,True,False
S004356,Harper,45-54,United Kingdom,Birmingham,Red Member,Martin Odegaard,Home Shirt,2025-04-08,True,True
S004357,Drew,55-64,United Kingdom,Bristol,None,Gabriel Jesus,Accessories,2017-12-31,True,False
S004358,Beth,35-44,United Kingdom,Leeds,Red Member,Vivianne Miedema,Away Shirt,2018-08-02,True,True
S004359,Katie,35-44,United Kingdom,Bristol,Free,Declan Rice,Kids,2020-10-18,True,False
S004360,Yuki,18-24,United States,Los Angeles,Silver,Gabriel Martinelli,Home Shirt,2022-10-13,True,False
S004361,Beth,18-24,United States,New York,Free,Ben White,Retro,2019-07-31,True,False
S004362,Katie,35-44,United States,Chicago,Silver,William Saliba,Home Shirt,2018-04-12,True,False
S004363,Alex,25-34,Germany,Hamburg,Free,Kai Havertz,Retro,2020-08-10,True,False
S004364,Rowan,55-64,United States,Dallas,None,Gabriel Jesus,Away Shirt,2018-01-26,False,False
S004365,Emile,35-44,United Kingdom,Liverpool,Free,Ben White,Home Shirt,2018-10-21,True,False
S004366,Jamie,18-24,United Kingdom,Birmingham,Silver,Bukayo Saka,Kids,2016-05-25,True,False
S004367,Liam,35-44,India,Bengaluru,None,Gabriel Jesus,Kids,2021-02-05,True,False
S004368,Chidi,18-24,United Kingdom,London,None,William Saliba,Hospitality,2019-09-14,True,False
S004369,Priya,25-34,United Kingdom,London,Free,Kai Havertz,Hospitality,2023-05-05,False,False
S004370,Noor,65+,Nigeria,Abuja,Gold,Gabriel Martinelli,Kids,2022-02-18,True,True
S004371,Taylor,35-44,United Kingdom,Bristol,Gold,Kai Havertz,Third Kit,2016-07-19,True,True
S004372,Quinn,18-24,United Arab Emirates,Abu Dhabi,None,Declan Rice,Training Wear,2019-05-28,False,False
S004373,Ingrid,45-54,United Kingdom,Birmingham,Free,William Saliba,Third Kit,2017-06-04,False,False
S004374,Olivia,65+,United Kingdom,London,Silver,William Saliba,Kids,2018-01-16,True,False
S004375,Riley,18-24,United Kingdom,Bristol,Silver,Ben White,Away Shirt,2019-03-12,True,False
S004376,Charlie,25-34,Nigeria,Abuja,None,Martin Odegaard,Kids,2024-04-02,True,False
S004377,Drew,65+,United States,Boston,None,William Saliba,Training Wear,2025-05-22,True,False
S004378,Ingrid,25-34,United Kingdom,Leeds,Free,Beth Mead,Home Shirt,2017-04-07,True,False
S004379,Katie,25-34,United Kingdom,Birmingham,Gold,Declan Rice,Third Kit,2021-01-08,True,False
S004380,Noor,18-24,United Kingdom,Liverpool,Free,Kai Havertz,Hospitality,2018-06-16,True,False
S004381,Drew,65+,United Kingdom,Leeds,None,Martin Odegaard,Accessories,2016-11-20,True,False
S004382,Ingrid,18-24,United Kingdom,Leeds,Free,Gabriel Martinelli,Home Shirt,2017-03-25,True,False
S004383,Vivianne,25-34,United Kingdom,Birmingham,Free,William Saliba,Home Shirt,2019-04-02,True,False
S004384,Mateo,35-44,United Kingdom,Leeds,Gold,Kai Havertz,Training Wear,2018-03-05,True,False
S004385,Jordan,18-24,United Kingdom,Birmingham,Gold,William Saliba,Home Shirt,2016-06-03,False,False
S004386,Liam,18-24,United Kingdom,Liverpool,Gold,Gabriel Jesus,Kids,2025-05-25,True,True
S004387,Declan,18-24,United Kingdom,Liverpool,None,Vivianne Miedema,Away Shirt,2017-02-17,True,False
S004388,Reese,25-34,United Kingdom,Manchester,None,Gabriel Martinelli,Away Shirt,2021-12-20,True,False
S004389,Cameron,55-64,Nigeria,Kano,Gold,Vivianne Miedema,Accessories,2024-04-16,True,True
S004390,Rowan,45-54,Nigeria,Lagos,Free,Leah Williamson,Third Kit,2018-01-04,True,False
S004391,Devon,35-44,United Kingdom,London,Silver,Beth Mead,Away Shirt,2020-02-14,True,False
S004392,Drew,65+,Japan,Osaka,Silver,Gabriel Martinelli,Training Wear,2023-01-30,True,False
S004393,Cameron,18-24,Germany,Munich,Silver,Gabriel Jesus,Home Shirt,2018-06-09,True,False
S004394,Morgan,55-64,United Kingdom,Leeds,None,Leah Williamson,Third Kit,2020-03-04,False,False
S004395,Sofia,35-44,United Kingdom,Manchester,None,Martin Odegaard,Third Kit,2025-04-17,True,False
S004396,Devon,25-34,United Kingdom,London,Red Member,Gabriel Jesus,Kids,2017-09-24,False,True
S004397,Liam,25-34,Australia,Melbourne,None,Kai Havertz,Hospitality,2021-12-22,True,False
S004398,Amara,18-24,Norway,Bergen,Free,Gabriel Martinelli,Third Kit,2025-01-29,True,False
S004399,Leah,25-34,United Kingdom,Leeds,Silver,Leah Williamson,Retro,2023-03-03,True,False
S004400,Bukayo,25-34,India,Bengaluru,Gold,Declan Rice,Kids,2021-01-17,True,True
S004401,Leah,25-34,United Kingdom,Manchester,Free,William Saliba,Kids,2017-02-23,True,False
S004402,Reese,65+,United Kingdom,Manchester,None,Leah Williamson,Training Wear,2022-10-26,True,False
S004403,Devon,25-34,United Kingdom,London,Free,Bukayo Saka,Hospitality,2024-05-11,True,False
S004404,Amara,18-24,United Kingdom,Bristol,Silver,Bukayo Saka,Kids,2020-09-11,False,False
S004405,Devon,35-44,United States,Dallas,None,Declan Rice,Training Wear,2024-01-23,False,False
S004406,Alex,25-34,United States,Boston,Free,Bukayo Saka,Accessories,2017-11-20,False,False
S004407,Taylor,45-54,Norway,Bergen,Free,Ben White,Away Shirt,2023-11-07,True,False
S004408,Gabriel,55-64,Germany,Munich,Gold,Declan Rice,Home Shirt,2022-01-24,True,False
S004409,Hassan,55-64,United Kingdom,London,None,Gabriel Martinelli,Kids,2018-05-26,True,False
S004410,Wei,45-54,United Kingdom,London,None,Gabriel Jesus,Training Wear,2024-01-29,True,False
S004411,Sofia,25-34,United Kingdom,Liverpool,Gold,William Saliba,Retro,2019-03-03,False,False
S004412,Beth,45-54,India,Delhi,Gold,Ben White,Home Shirt,2016-02-26,True,True
S004413,Amara,65+,United Kingdom,Leeds,None,Gabriel Martinelli,Accessories,2018-08-19,True,False
S004414,Kai,25-34,Australia,Sydney,None,Kai Havertz,Kids,2025-07-16,True,False
S004415,Hassan,55-64,United States,Los Angeles,None,Martin Odegaard,Kids,2024-01-25,True,False
S004416,Taylor,55-64,United Kingdom,Birmingham,None,William Saliba,Accessories,2020-02-28,True,False
S004417,Devon,45-54,United States,Los Angeles,Gold,Gabriel Jesus,Accessories,2016-03-05,True,True
S004418,Chidi,55-64,United States,Los Angeles,Gold,Martin Odegaard,Away Shirt,2018-11-26,True,True
S004419,Rowan,25-34,United States,Dallas,None,Gabriel Martinelli,Accessories,2023-04-16,False,False
S004420,Cameron,18-24,Norway,Oslo,Free,Leah Williamson,Away Shirt,2021-11-05,True,False
S004421,Taylor,35-44,India,Delhi,Free,Vivianne Miedema,Third Kit,2021-05-30,False,False
S004422,Rowan,25-34,United Kingdom,Birmingham,Free,Martin Odegaard,Hospitality,2022-03-16,False,False
S004423,Quinn,55-64,United Arab Emirates,Abu Dhabi,None,Ben White,Third Kit,2022-08-29,True,False
S004424,Sofia,35-44,United States,Boston,Silver,William Saliba,Retro,2017-04-15,True,False
S004425,Chidi,55-64,United Kingdom,London,None,Bukayo Saka,Retro,2018-02-16,True,False
S004426,Sam,35-44,United Kingdom,Manchester,Free,Gabriel Martinelli,Accessories,2025-07-21,False,False
S004427,Wei,25-34,United Kingdom,Liverpool,Silver,Gabriel Martinelli,Hospitality,2018-11-20,True,False
S004428,Bukayo,25-34,United States,Dallas,Red Member,William Saliba,Third Kit,2020-07-16,True,True
S004429,Emile,25-34,United Kingdom,Bristol,Silver,Kai Havertz,Home Shirt,2018-12-13,True,False
S004430,Priya,35-44,United States,Boston,Free,Declan Rice,Retro,2016-07-13,True,False
S004431,Wei,25-34,United Kingdom,Birmingham,Free,Vivianne Miedema,Retro,2024-12-25,False,False
S004432,Beth,18-24,United Kingdom,London,None,Martin Odegaard,Away Shirt,2016-09-18,True,False
S004433,Sofia,35-44,United Kingdom,Birmingham,None,Gabriel Martinelli,Third Kit,2018-08-21,True,False
S004434,Katie,35-44,United States,Chicago,Free,Kai Havertz,Retro,2021-11-28,True,False
S004435,Amara,25-34,United Kingdom,Liverpool,Free,Kai Havertz,Accessories,2019-02-03,False,False
S004436,Charlie,55-64,United Arab Emirates,Abu Dhabi,Free,Martin Odegaard,Kids,2021-02-13,True,False
S004437,Olivia,35-44,India,Delhi,Free,Kai Havertz,Away Shirt,2019-12-04,True,False
S004438,Rowan,25-34,United States,Boston,None,Bukayo Saka,Accessories,2016-02-27,True,False
S004439,Quinn,18-24,United Kingdom,Liverpool,None,Leah Williamson,Kids,2019-09-03,True,False
S004440,Ingrid,35-44,United Kingdom,Bristol,Red Member,Beth Mead,Retro,2017-12-06,True,False
S004441,Riley,18-24,United States,Los Angeles,Silver,Ben White,Retro,2017-11-13,True,False
S004442,Declan,55-64,United Kingdom,Bristol,Silver,William Saliba,Third Kit,2017-04-19,True,False
S004443,Sofia,35-44,United Kingdom,London,None,Gabriel Martinelli,Accessories,2018-11-20,False,False
S004444,Leah,25-34,United Kingdom,Manchester,Free,Gabriel Jesus,Retro,2017-05-27,True,False
S004445,Gabriel,25-34,Australia,Melbourne,None,Ben White,Kids,2020-07-20,True,False
S004446,Sam,35-44,United Kingdom,Liverpool,Free,William Saliba,Kids,2021-08-27,True,False
S004447,Wei,35-44,United Kingdom,London,Free,Kai Havertz,Training Wear,2016-02-28,True,False
S004448,Leah,18-24,United Kingdom,Liverpool,Gold,Ben White,Accessories,2021-12-20,True,True
S004449,Charlie,25-34,United States,Chicago,None,William Saliba,Kids,2024-08-11,True,False
S004450,Jordan,45-54,United States,Boston,Silver,Gabriel Martinelli,Kids,2025-07-28,True,False
S004451,Gabriel,18-24,Canada,Vancouver,Silver,Vivianne Miedema,Hospitality,2024-07-09,True,False
S004452,Diego,25-34,United Kingdom,Leeds,None,Gabriel Jesus,Hospitality,2024-10-04,True,False
S004453,Bukayo,18-24,Germany,Berlin,None,Vivianne Miedema,Kids,2022-10-16,True,False
S004454,Jordan,25-34,United States,Boston,Silver,William Saliba,Home Shirt,2023-01-17,True,False
S004455,Alex,25-34,United Kingdom,Manchester,Silver,Beth Mead,Hospitality,2020-05-03,True,False
S004456,Jordan,18-24,United States,New York,Free,Vivianne Miedema,Accessories,2022-08-20,False,False
S004457,Ingrid,35-44,United States,Los Angeles,Red Member,Vivianne Miedema,Away Shirt,2021-02-13,True,False
S004458,Mateo,35-44,Germany,Berlin,None,Leah Williamson,Training Wear,2020-12-24,True,False
S004459,Kenji,35-44,United Kingdom,Manchester,Gold,Beth Mead,Third Kit,2023-09-05,False,False
S004460,Noor,35-44,Nigeria,Abuja,Red Member,Martin Odegaard,Training Wear,2016-10-24,False,False
S004461,Alex,65+,United Kingdom,Leeds,Free,Kai Havertz,Retro,2020-02-27,False,False
S004462,Alex,35-44,Nigeria,Abuja,None,Beth Mead,Hospitality,2025-02-21,True,False
S004463,Reese,25-34,United Arab Emirates,Abu Dhabi,Gold,Bukayo Saka,Kids,2024-12-14,True,True
S004464,Skyler,45-54,United Arab Emirates,Dubai,Free,Gabriel Martinelli,Third Kit,2016-10-04,True,False
S004465,Gabriel,18-24,Australia,Melbourne,Silver,Kai Havertz,Away Shirt,2020-06-17,True,False
S004466,Devon,18-24,United Kingdom,Bristol,Gold,Kai Havertz,Third Kit,2023-03-22,True,True
S004467,Liam,25-34,Australia,Melbourne,Red Member,Gabriel Martinelli,Training Wear,2021-12-22,True,False
S004468,Taylor,35-44,United Kingdom,Birmingham,Gold,William Saliba,Third Kit,2018-05-19,True,False
S004469,Alex,55-64,Norway,Oslo,Silver,Declan Rice,Retro,2020-04-17,True,False
S004470,Katie,25-34,United Kingdom,Leeds,Free,Martin Odegaard,Accessories,2018-05-20,True,False
S004471,Kai,25-34,United Kingdom,Leeds,None,Beth Mead,Retro,2017-03-05,True,False
S004472,Wei,35-44,Australia,Melbourne,Free,Martin Odegaard,Home Shirt,2016-11-28,True,False
S004473,Skyler,25-34,United Kingdom,London,Gold,Gabriel Martinelli,Away Shirt,2019-10-04,True,True
S004474,Martin,18-24,United Kingdom,Birmingham,Free,Gabriel Martinelli,Away Shirt,2018-03-04,True,False
S004475,Leah,45-54,United Kingdom,Bristol,Red Member,Declan Rice,Third Kit,2016-01-29,True,True
S004476,Jamie,18-24,Norway,Bergen,Silver,Vivianne Miedema,Retro,2016-11-19,False,False
S004477,Noor,18-24,Nigeria,Kano,Silver,Vivianne Miedema,Kids,2019-12-05,True,False
S004478,Jamie,25-34,United States,Boston,Free,Ben White,Training Wear,2023-10-13,True,False
S004479,Harper,25-34,United Kingdom,London,None,Martin Odegaard,Accessories,2021-11-09,True,False
S004480,Leah,45-54,United Kingdom,Manchester,Free,Declan Rice,Third Kit,2021-06-03,True,False
S004481,Olivia,65+,United Kingdom,London,None,Gabriel Jesus,Training Wear,2021-12-28,True,False
S004482,Emile,65+,United Kingdom,London,None,Ben White,Third Kit,2025-02-08,True,False
S004483,Wei,18-24,United Kingdom,Leeds,Free,Vivianne Miedema,Retro,2019-09-10,True,False
S004484,Kenji,35-44,United Kingdom,Bristol,Silver,Beth Mead,Home Shirt,2016-03-17,True,False
S004485,Wei,25-34,United States,Los Angeles,Gold,Gabriel Martinelli,Home Shirt,2019-08-26,True,True
S004486,Gabriel,18-24,United States,Dallas,Free,Gabriel Martinelli,Third Kit,2021-06-29,True,False
S004487,Kai,35-44,United Kingdom,Leeds,Free,William Saliba,Away Shirt,2021-01-05,True,False
S004488,Wei,35-44,Nigeria,Kano,None,Martin Odegaard,Third Kit,2020-06-08,True,False
S004489,Riley,25-34,United States,Chicago,Free,Martin Odegaard,Retro,2023-01-01,True,False
S004490,Leah,18-24,United Kingdom,Bristol,Free,Leah Williamson,Kids,2018-05-20,True,False
S004491,Ingrid,18-24,United Kingdom,Liverpool,Silver,Kai Havertz,Hospitality,2023-06-05,True,False
S004492,Liam,35-44,United States,Dallas,Red Member,Kai Havertz,Hospitality,2017-03-03,True,False
S004493,Devon,25-34,Germany,Berlin,Free,Leah Williamson,Accessories,2024-11-16,False,False
S004494,Vivianne,35-44,United Kingdom,Birmingham,None,Beth Mead,Retro,2024-03-26,True,False
S004495,Harper,25-34,Canada,Toronto,Free,William Saliba,Kids,2023-08-17,True,False
S004496,Gabriel,18-24,United Kingdom,Manchester,Silver,Leah Williamson,Accessories,2017-08-03,True,False
S004497,Declan,18-24,Nigeria,Lagos,None,William Saliba,Home Shirt,2025-03-30,True,False
S004498,Sofia,45-54,Germany,Munich,Free,Kai Havertz,Training Wear,2016-06-06,True,False
S004499,Wei,18-24,Canada,Vancouver,Gold,Beth Mead,Training Wear,2018-04-06,True,False
S004500,Diego,55-64,Nigeria,Abuja,Silver,Kai Havertz,Retro,2018-07-22,True,False
S004501,Katie,35-44,Japan,Osaka,None,Beth Mead,Retro,2018-10-29,True,False
S004502,Beth,18-24,Japan,Tokyo,Free,Martin Odegaard,Third Kit,2022-09-05,False,False
S004503,Skyler,18-24,United Kingdom,Leeds,Silver,Beth Mead,Training Wear,2016-05-03,True,False
S004504,Beth,35-44,United States,Boston,None,Martin Odegaard,Accessories,2022-01-01,False,False
S004505,Olivia,25-34,United Kingdom,Birmingham,None,Ben White,Accessories,2019-05-23,True,False
S004506,Sam,35-44,Germany,Berlin,Silver,Gabriel Jesus,Kids,2024-12-18,True,False
S004507,Harper,18-24,United Kingdom,Leeds,Gold,Gabriel Martinelli,Retro,2016-06-06,True,True
S004508,Declan,18-24,United States,Boston,None,Gabriel Jesus,Retro,2016-06-18,True,False
S004509,Yuki,45-54,Germany,Berlin,Silver,Gabriel Jesus,Hospitality,2016-11-18,True,False
S004510,Amara,25-34,United Kingdom,Liverpool,None,Gabriel Jesus,Home Shirt,2020-01-02,True,False
S004511,Kenji,35-44,United States,New York,None,Declan Rice,Away Shirt,2022-12-25,True,False
S004512,Gabriel,65+,Germany,Hamburg,Gold,Gabriel Martinelli,Third Kit,2017-05-18,True,True
S004513,Alex,18-24,United Kingdom,Leeds,Free,William Saliba,Accessories,2023-02-11,True,False
S004514,Morgan,18-24,United States,Los Angeles,Red Member,William Saliba,Home Shirt,2021-12-27,True,False
S004515,Reese,65+,Norway,Oslo,None,Bukayo Saka,Accessories,2017-04-06,True,False
S004516,Martin,25-34,United Kingdom,Liverpool,Free,Beth Mead,Away Shirt,2023-09-06,False,False
S004517,Leah,45-54,United States,Los Angeles,Free,Kai Havertz,Hospitality,2024-10-25,True,False
S004518,Bukayo,18-24,Australia,Sydney,None,Leah Williamson,Home Shirt,2024-01-01,True,False
S004519,Noor,35-44,United Kingdom,Bristol,Free,Vivianne Miedema,Kids,2021-06-23,True,False
S004520,Sam,55-64,India,Mumbai,None,Gabriel Jesus,Home Shirt,2016-12-08,True,False
S004521,Diego,45-54,Norway,Oslo,Gold,Vivianne Miedema,Accessories,2020-11-08,True,False
S004522,Sam,55-64,United Kingdom,Leeds,Red Member,Bukayo Saka,Kids,2024-01-29,True,True
S004523,Diego,65+,United Kingdom,Birmingham,Silver,Leah Williamson,Away Shirt,2018-09-11,True,False
S004524,Yuki,65+,United Kingdom,Leeds,Free,Gabriel Jesus,Accessories,2025-03-13,True,False
S004525,Quinn,25-34,United Kingdom,Birmingham,Red Member,Gabriel Martinelli,Kids,2021-11-05,True,False
S004526,Riley,25-34,India,Bengaluru,None,Martin Odegaard,Accessories,2018-09-17,False,False
S004527,Hassan,55-64,United Kingdom,Manchester,Gold,Declan Rice,Away Shirt,2022-08-17,True,False
S004528,Bukayo,45-54,Nigeria,Abuja,None,Kai Havertz,Hospitality,2017-08-02,True,False
S004529,Wei,35-44,United Kingdom,Birmingham,Gold,Leah Williamson,Retro,2019-04-07,False,True
S004530,Bukayo,45-54,United Kingdom,Leeds,Silver,Bukayo Saka,Hospitality,2018-08-23,True,False
S004531,Emile,18-24,United Kingdom,Birmingham,None,William Saliba,Away Shirt,2019-05-15,True,False
S004532,Morgan,45-54,United Kingdom,London,Silver,Gabriel Jesus,Third Kit,2016-01-22,True,False
S004533,Martin,45-54,United States,Dallas,Red Member,William Saliba,Training Wear,2016-11-02,True,True
S004534,Sam,18-24,United Kingdom,Liverpool,Free,Gabriel Jesus,Retro,2020-04-11,True,False
S004535,Jamie,18-24,United States,Dallas,Free,Declan Rice,Kids,2016-05-01,False,False
S004536,Kenji,35-44,Germany,Hamburg,None,Gabriel Jesus,Retro,2019-01-03,True,False
S004537,Diego,35-44,United Kingdom,Birmingham,Free,Gabriel Jesus,Third Kit,2021-03-25,True,False
S004538,Wei,55-64,United Kingdom,Birmingham,Gold,Declan Rice,Accessories,2025-03-26,True,False
S004539,Declan,35-44,United Arab Emirates,Abu Dhabi,None,Gabriel Martinelli,Third Kit,2025-05-01,True,False
S004540,Drew,35-44,United Kingdom,Liverpool,None,Gabriel Jesus,Training Wear,2021-10-05,True,False
S004541,Rowan,25-34,United Kingdom,Birmingham,Silver,Declan Rice,Hospitality,2017-01-02,True,False
S004542,Sofia,55-64,United Kingdom,Bristol,None,Gabriel Jesus,Accessories,2023-02-18,True,False
S004543,Mateo,35-44,United Kingdom,Bristol,None,Ben White,Training Wear,2021-10-14,False,False
S004544,Wei,25-34,United Kingdom,Birmingham,Gold,Gabriel Jesus,Third Kit,2020-04-02,False,True
S004545,Drew,45-54,United States,Chicago,Gold,Kai Havertz,Home Shirt,2025-05-05,True,True
S004546,Bukayo,65+,Japan,Tokyo,Free,Beth Mead,Third Kit,2022-02-18,True,False
S004547,Kai,18-24,United Kingdom,Liverpool,Silver,Martin Odegaard,Accessories,2021-11-19,True,False
S004548,Wei,25-34,Nigeria,Abuja,None,Gabriel Jesus,Retro,2025-02-21,True,False
S004549,Olivia,18-24,United Kingdom,Manchester,  Red Member ,Gabriel Jesus,Training Wear,2021-04-11,True,True
S004550,Wei,18-24,United Kingdom,Birmingham,Free,Ben White,Kids,2018-09-25,True,False
S004551,Priya,25-34,United Kingdom,London,None,Leah Williamson,Kids,2016-07-18,True,False
S004552,Katie,18-24,United Kingdom,Liverpool,Silver,Gabriel Jesus,Accessories,2023-01-13,False,False
S004553,Leah,25-34,United Kingdom,Birmingham,Free,Leah Williamson,Third Kit,2022-02-15,True,False
S004554,Skyler,25-34,United Kingdom,London,Gold,Beth Mead,Home Shirt,2016-07-07,True,True
S004555,Jamie,25-34,United Kingdom,Manchester,None,Ben White,Third Kit,2020-04-05,True,False
S004556,Mateo,65+,United Kingdom,Bristol,Free,Gabriel Jesus,Away Shirt,2024-04-12,True,False
S004557,Reese,35-44,Canada,Vancouver,Silver,Leah Williamson,Away Shirt,2019-01-14,True,False
S004558,Wei,55-64,United Kingdom,Manchester,Red Member,Gabriel Jesus,Accessories,2023-04-21,True,False
S004559,Emile,35-44,United Kingdom,London,None,Gabriel Jesus,Third Kit,2020-12-06,True,False
S004560,Sam,25-34,Canada,Toronto,Red Member,Ben White,Retro,2018-03-14,True,True
S004561,Gabriel,18-24,Australia,Melbourne,None,Gabriel Jesus,Home Shirt,2016-05-25,True,False
S004562,Katie,25-34,United States,Los Angeles,None,Beth Mead,Third Kit,2020-04-16,True,False
S004563,Chidi,25-34,United Kingdom,London,None,Gabriel Jesus,Training Wear,2022-08-22,True,False
S004564,Diego,18-24,India,Bengaluru,None,Leah Williamson,Kids,2021-08-26,True,False
S004565,Charlie,25-34,United Kingdom,Manchester,Silver,Gabriel Jesus,Hospitality,2018-03-05,False,False
S004566,Noor,45-54,United Kingdom,Leeds,Free,Gabriel Jesus,Away Shirt,2016-03-20,True,False
S004567,Katie,25-34,United Kingdom,Liverpool,None,Leah Williamson,Away Shirt,2024-03-10,True,False
S004568,Quinn,25-34,United Kingdom,Manchester,None,Bukayo Saka,Away Shirt,2019-11-06,True,False
S004569,Skyler,25-34,United States,New York,Silver,Leah Williamson,Hospitality,2018-04-10,True,False
S004570,Olivia,35-44,United Kingdom,London,Silver,Gabriel Jesus,Hospitality,2023-04-27,True,False
S004571,Wei,35-44,Canada,Vancouver,None,Kai Havertz,Third Kit,2023-03-09,True,False
S004572,Devon,18-24,United Kingdom,Leeds,Silver,Bukayo Saka,Retro,2019-11-18,True,False
S004573,Rowan,35-44,United Kingdom,Leeds,None,Ben White,Accessories,2020-06-02,True,False
S004574,Priya,55-64,United Kingdom,Liverpool,Gold,Martin Odegaard,Accessories,2017-09-10,True,False
S004575,Drew,18-24,Germany,Berlin,None,Bukayo Saka,Accessories,2016-01-15,True,False
S004576,Amara,18-24,Nigeria,Kano,Red Member,Martin Odegaard,Accessories,2016-09-20,True,True
S004577,Taylor,18-24,Nigeria,Kano,Silver,William Saliba,Training Wear,2016-11-27,False,False
S004578,Mateo,18-24,United Kingdom,Bristol,Free,Gabriel Martinelli,Accessories,2017-10-25,True,False
S004579,Beth,18-24,United Kingdom,Manchester,Red Member,Leah Williamson,Training Wear,2020-01-20,True,True
S004580,Rowan,18-24,India,Delhi,Free,Ben White,Third Kit,2019-12-16,True,False
S004581,Ingrid,18-24,United Kingdom,Birmingham,None,Declan Rice,Training Wear,2025-01-22,False,False
S004582,Declan,35-44,United Kingdom,Birmingham,None,Gabriel Jesus,Home Shirt,2021-09-12,True,False
S004583,Jamie,25-34,United States,Los Angeles,Free,Leah Williamson,Third Kit,2018-10-12,True,False
S004584,Sofia,18-24,United Kingdom,Manchester,Silver,Leah Williamson,Training Wear,2017-07-05,True,False
S004585,Priya,25-34,United States,Chicago,Free,Declan Rice,Hospitality,2018-04-05,True,False
S004586,Beth,18-24,United Kingdom,Birmingham,Free,William Saliba,Kids,2023-03-10,False,False
S004587,Morgan,65+,Germany,Hamburg,Free,Gabriel Jesus,Accessories,2018-02-15,True,False
S004588,Wei,18-24,Canada,Vancouver,Silver,Martin Odegaard,Retro,2018-06-01,True,False
S004589,Wei,45-54,United States,Dallas,Red Member,Vivianne Miedema,Retro,2019-03-17,True,False
S004590,Olivia,25-34,United Kingdom,London,None,Kai Havertz,Kids,2016-06-01,True,False
S004591,Quinn,25-34,United Kingdom,Bristol,None,Beth Mead,Away Shirt,2017-02-09,True,False
S004592,Ingrid,55-64,United Arab Emirates,Abu Dhabi,Free,Ben White,Hospitality,2018-12-05,True,False
S004593,Martin,65+,Norway,Bergen,Free,Gabriel Martinelli,Training Wear,2024-09-22,True,False
S004594,Priya,18-24,Germany,Berlin,None,Vivianne Miedema,Training Wear,2022-10-14,True,False
S004595,Hassan,65+,United States,Dallas,Silver,Gabriel Jesus,Home Shirt,2016-08-28,False,False
S004596,Alex,65+,United Kingdom,Bristol,Red Member,Bukayo Saka,Third Kit,2016-02-01,False,True
S004597,Rowan,65+,India,Bengaluru,Free,Gabriel Martinelli,Retro,2025-02-15,True,False
S004598,Taylor,55-64,United Kingdom,London,None,Declan Rice,Kids,2021-06-24,True,False
S004599,Jamie,25-34,United States,Boston,Free,Bukayo Saka,Accessories,2022-03-20,False,False
S004600,Charlie,35-44,Australia,Sydney,Silver,Martin Odegaard,Retro,2024-09-02,True,False
S004601,Beth,25-34,India,Mumbai,Red Member,Ben White,Training Wear,2025-03-12,False,False
S004602,Skyler,45-54,United Kingdom,Manchester,Silver,Declan Rice,Away Shirt,2022-07-30,False,False
S004603,Reese,35-44,United Kingdom,Birmingham,None,Leah Williamson,Retro,2022-01-06,False,False
S004604,Jamie,35-44,United Kingdom,Leeds,Gold,Martin Odegaard,Retro,2016-11-22,True,False
S004605,Skyler,45-54,United States,New York,Free,Beth Mead,Hospitality,2023-03-27,False,False
S004606,Kai,18-24,United Arab Emirates,Dubai,Silver,Declan Rice,Home Shirt,2019-07-12,True,False
S004607,Beth,35-44,United Kingdom,London,Gold,Leah Williamson,Training Wear,2019-05-03,True,True
S004608,Jordan,45-54,United Kingdom,Bristol,Gold,Gabriel Jesus,Kids,2019-07-25,True,True
S004609,Leah,18-24,United Kingdom,London,Free,Leah Williamson,Accessories,2023-12-03,True,False
S004610,Kenji,25-34,United Kingdom,Bristol,Gold,Leah Williamson,Hospitality,2021-08-15,True,False
S004611,Liam,45-54,Nigeria,Kano,None,Martin Odegaard,Away Shirt,2018-06-23,False,False
S004612,Olivia,45-54,India,Bengaluru,Gold,Beth Mead,Home Shirt,2020-01-28,True,False
S004613,Sam,65+,India,Bengaluru,Free,Declan Rice,Home Shirt,2025-04-13,False,False
S004614,Ingrid,18-24,United Kingdom,Birmingham,Silver,Martin Odegaard,Kids,2017-11-28,True,False
S004615,Declan,25-34,India,Mumbai,Free,Leah Williamson,Third Kit,2020-02-20,True,False
S004616,Alex,18-24,Nigeria,Ibadan,Silver,Gabriel Jesus,Accessories,2016-07-27,True,False
S004617,Martin,25-34,United Kingdom,Liverpool,Silver,Leah Williamson,Hospitality,2019-04-25,True,False
S004618,Declan,35-44,United States,Dallas,None,Gabriel Martinelli,Kids,2020-12-14,True,False
S004619,Sofia,25-34,Canada,Toronto,Silver,William Saliba,Training Wear,2016-03-19,True,False
S004620,Beth,35-44,United Kingdom,Leeds,Silver,Kai Havertz,Hospitality,2024-05-20,True,False
S004621,Declan,25-34,United Kingdom,London,Silver,Martin Odegaard,Retro,2016-03-05,True,False
S004622,Sam,35-44,Australia,Sydney,None,Leah Williamson,Home Shirt,2016-10-30,False,False
S004623,Charlie,45-54,United States,Chicago,Gold,Bukayo Saka,Accessories,2025-07-09,False,True
S004624,Riley,25-34,United Kingdom,Birmingham,Silver,Leah Williamson,Hospitality,2022-08-17,False,False
S004625,Amara,45-54,United States,Chicago,None,Ben White,Hospitality,2016-03-05,True,False
S004626,Rowan,35-44,Nigeria,Abuja,Silver,Gabriel Jesus,Kids,2023-01-25,True,False
S004627,Martin,18-24,United States,Chicago,None,Gabriel Martinelli,Away Shirt,2017-05-09,True,False
S004628,Gabriel,35-44,United Kingdom,Bristol,Silver,Ben White,Hospitality,2018-07-28,True,False
S004629,Katie,25-34,United Kingdom,London,Free,Bukayo Saka,Third Kit,2023-07-04,True,False
S004630,Ingrid,18-24,Australia,Melbourne,Silver,Leah Williamson,Kids,2025-07-29,True,False
S004631,Mateo,55-64,India,Delhi,Silver,Gabriel Martinelli,Away Shirt,2025-01-07,True,False
S004632,Harper,45-54,Nigeria,Kano,None,Leah Williamson,Third Kit,2023-08-14,True,False
S004633,Katie,25-34,India,Mumbai,Free,Kai Havertz,Accessories,2018-09-13,True,False
S004634,Declan,45-54,United Kingdom,London,None,Beth Mead,Hospitality,2016-04-22,True,False
S004635,Wei,25-34,United Kingdom,London,Silver,Kai Havertz,Hospitality,2024-08-11,True,False
S004636,Morgan,25-34,United Kingdom,Manchester,None,Beth Mead,Retro,2019-12-10,True,False
S004637,Sofia,25-34,United Kingdom,Liverpool,None,William Saliba,Training Wear,2020-01-14,True,False
S004638,Charlie,45-54,United Kingdom,Bristol,Free,Kai Havertz,Training Wear,2019-09-08,True,False
S004639,Gabriel,18-24,United States,Los Angeles,Free,Vivianne Miedema,Accessories,2023-01-19,True,False
S004640,Martin,35-44,United Kingdom,London,Silver,Leah Williamson,Accessories,2017-12-26,True,False
S004641,Hassan,35-44,United Kingdom,London,Free,Leah Williamson,Retro,2022-12-05,True,False
S004642,Morgan,18-24,United Kingdom,Leeds,None,Kai Havertz,Third Kit,2019-05-25,True,False
S004643,Jamie,25-34,United States,Dallas,Silver,William Saliba,Accessories,2021-11-07,True,False
S004644,Priya,45-54,United States,Los Angeles,Free,Declan Rice,Hospitality,2017-03-22,True,False
S004645,Devon,18-24,United Kingdom,Bristol,None,Bukayo Saka,Retro,2016-12-15,True,False
S004646,Ingrid,35-44,United Kingdom,Leeds,Red Member,Beth Mead,Hospitality,2018-04-09,True,True
S004647,Kenji,25-34,United Kingdom,Bristol,Red Member,Martin Odegaard,Home Shirt,2017-11-01,True,True
S004648,Leah,35-44,United Kingdom,Liverpool,None,Kai Havertz,Hospitality,2021-05-29,True,False
S004649,Cameron,18-24,Australia,Sydney,Silver,Gabriel Martinelli,Training Wear,2018-09-17,True,False
S004650,Bukayo,35-44,United Kingdom,Bristol,Free,Leah Williamson,Training Wear,2019-10-25,True,False
S004651,Sofia,25-34,United States,Boston,None,Kai Havertz,Hospitality,2022-10-31,True,False
S004652,Skyler,35-44,United Kingdom,Leeds,Gold,Kai Havertz,Retro,2016-01-08,True,True
S004653,Priya,18-24,United Kingdom,Leeds,Free,William Saliba,Home Shirt,2024-08-26,False,False
S004654,Mateo,65+,United States,Chicago,Free,Vivianne Miedema,Home Shirt,2022-08-31,True,False
S004655,Riley,65+,United Kingdom,Bristol,None,Martin Odegaard,Retro,2021-01-30,True,False
S004656,Bukayo,45-54,Germany,Munich,Gold,Ben White,Home Shirt,2016-11-20,True,True
S004657,Hassan,25-34,United Kingdom,Liverpool,Gold,Beth Mead,Retro,2021-07-30,True,True
S004658,Kenji,25-34,Germany,Hamburg,Free,William Saliba,Accessories,2018-08-15,True,False
S004659,Drew,18-24,United Kingdom,Manchester,None,Gabriel Martinelli,Retro,2019-06-08,False,False
S004660,Reese,35-44,United Kingdom,Bristol,None,Ben White,Home Shirt,2018-01-13,False,False
S004661,Skyler,35-44,United Kingdom,Bristol,Silver,Martin Odegaard,Hospitality,2025-02-16,False,False
S004662,Alex,25-34,United Kingdom,Birmingham,Free,Ben White,Hospitality,2019-02-21,False,False
S004663,Charlie,65+,Nigeria,Lagos,Gold,Gabriel Jesus,Hospitality,2024-05-31,True,True
S004664,Amara,45-54,Germany,Hamburg,Red Member,Bukayo Saka,Kids,2022-02-24,True,True
S004665,Morgan,25-34,United Kingdom,Manchester,None,Gabriel Jesus,Home Shirt,2022-05-29,True,False
S004666,Rowan,18-24,United Kingdom,Bristol,Free,Gabriel Jesus,Retro,2023-02-01,True,False
S004667,Ingrid,35-44,United Kingdom,Birmingham,Free,Gabriel Jesus,Retro,2023-03-13,True,False
S004668,Hassan,35-44,United Kingdom,Manchester,Silver,Gabriel Martinelli,Retro,2017-01-13,False,False
S004669,Diego,35-44,United Kingdom,Leeds,Free,Bukayo Saka,Training Wear,2025-07-31,True,False
S004670,Wei,18-24,United Kingdom,Leeds,Free,Beth Mead,Hospitality,2024-09-18,True,False
S004671,Kai,18-24,India,Bengaluru,None,Declan Rice,Away Shirt,2018-01-12,False,False
S004672,Beth,25-34,United Kingdom,Birmingham,Silver,Beth Mead,Home Shirt,2016-03-01,False,False
S004673,Beth,45-54,United Arab Emirates,Abu Dhabi,Silver,Gabriel Jesus,Home Shirt,2025-03-26,True,False
S004674,Kai,45-54,Nigeria,Kano,Free,Declan Rice,Kids,2021-02-03,True,False
S004675,Gabriel,35-44,United Kingdom,Bristol,Free,Kai Havertz,Retro,2023-05-01,False,False
S004676,Chidi,65+,United Arab Emirates,Dubai,Free,Bukayo Saka,Home Shirt,2016-01-12,False,False
S004677,Mateo,55-64,United Arab Emirates,Abu Dhabi,Silver,Beth Mead,Home Shirt,2021-12-04,True,False
S004678,Hassan,35-44,India,Bengaluru,Silver,William Saliba,Kids,2024-06-08,True,False
S004679,Beth,65+,United Kingdom,Leeds,None,Vivianne Miedema,Training Wear,2024-01-01,True,False
S004680,Emile,25-34,India,Delhi,Free,Leah Williamson,Kids,2020-01-09,True,False
S004681,Kenji,35-44,United Kingdom,Bristol,Silver,Ben White,Kids,2024-01-23,True,False
S004682,Charlie,25-34,United States,Dallas,Gold,Leah Williamson,Training Wear,2024-10-12,True,False
S004683,Harper,65+,United States,Los Angeles,None,Bukayo Saka,Away Shirt,2021-10-26,True,False
S004684,Riley,25-34,United States,Los Angeles,Free,Gabriel Martinelli,Home Shirt,2020-03-15,True,False
S004685,Chidi,25-34,Nigeria,Lagos,None,Gabriel Jesus,Hospitality,2024-02-09,True,False
S004686,Skyler,35-44,United Kingdom,Bristol,None,Gabriel Martinelli,Home Shirt,2016-03-09,True,False
S004687,Morgan,65+,United Kingdom,Leeds,Red Member,Declan Rice,Home Shirt,2016-07-02,True,False
S004688,Charlie,45-54,United Kingdom,London,Free,Gabriel Martinelli,Home Shirt,2016-11-15,True,False
S004689,Taylor,35-44,Japan,Osaka,Gold,Beth Mead,Third Kit,2018-02-11,True,True
S004690,Liam,65+,United Arab Emirates,Dubai,Gold,Bukayo Saka,Retro,2018-04-24,True,True
S004691,Harper,55-64,United Kingdom,Bristol,None,Bukayo Saka,Home Shirt,2023-04-08,True,False
S004692,Drew,18-24,United Kingdom,London,Red Member,Gabriel Martinelli,Kids,2024-01-15,True,True
S004693,Quinn,45-54,United Kingdom,London,Silver,William Saliba,Third Kit,2016-12-25,True,False
S004694,Sofia,25-34,United Kingdom,Manchester,Red Member,Bukayo Saka,Accessories,2017-05-08,True,True
S004695,Sam,45-54,United States,Los Angeles,Free,Declan Rice,Away Shirt,2022-10-01,True,False
S004696,Alex,18-24,United Kingdom,Bristol,Free,Declan Rice,Accessories,2024-09-27,True,False
S004697,Riley,18-24,Germany,Berlin,Silver,Declan Rice,Accessories,2024-10-10,False,False
S004698,Declan,25-34,United Kingdom,Liverpool,Free,Bukayo Saka,Kids,2021-02-07,True,False
S004699,Cameron,25-34,United Kingdom,Liverpool,None,Bukayo Saka,Training Wear,2023-05-24,True,False
S004700,Emile,25-34,Germany,Hamburg,Silver,Declan Rice,Home Shirt,2020-05-14,True,False
S004701,Hassan,18-24,India,Delhi,Free,Martin Odegaard,Accessories,2020-05-03,False,False
S004702,Sam,25-34,United Kingdom,Birmingham,None,Gabriel Martinelli,Away Shirt,2017-06-22,False,False
S004703,Cameron,18-24,United Kingdom,Leeds,Free,Leah Williamson,Hospitality,2018-05-06,True,False
S004704,Amara,18-24,United Kingdom,Liverpool,None,Martin Odegaard,Kids,2020-03-02,True,False
S004705,Wei,25-34,United Kingdom,Leeds,Silver,Gabriel Jesus,Home Shirt,2019-01-27,True,False
S004706,Mateo,35-44,Australia,Melbourne,None,Gabriel Jesus,Kids,2017-04-13,True,False
S004707,Alex,45-54,India,Delhi,None,Leah Williamson,Accessories,2018-03-23,True,False
S004708,Sofia,35-44,United Kingdom,London,None,Beth Mead,Hospitality,2018-03-26,True,False
S004709,Beth,35-44,United Kingdom,Leeds,Free,Vivianne Miedema,Kids,2021-06-21,True,False
S004710,Ingrid,45-54,Japan,Osaka,Free,Beth Mead,Retro,2019-02-01,True,False
S004711,Devon,25-34,United Kingdom,Liverpool,Silver,Leah Williamson,Training Wear,2024-06-13,True,False
S004712,Hassan,25-34,United Arab Emirates,Abu Dhabi,None,Vivianne Miedema,Accessories,2025-05-26,True,False
S004713,Jamie,35-44,United Kingdom,Bristol,Free,Vivianne Miedema,Third Kit,2022-07-29,True,False
S004714,Skyler,18-24,United Kingdom,Birmingham,Silver,Leah Williamson,Away Shirt,2019-03-14,True,False
S004715,Jordan,18-24,United Kingdom,Leeds,Gold,William Saliba,Kids,2023-03-24,True,True
S004716,Taylor,55-64,United Kingdom,London,None,Vivianne Miedema,Hospitality,2025-08-17,True,False
S004717,Declan,25-34,Norway,Oslo,None,Leah Williamson,Accessories,2017-03-16,True,False
S004718,Skyler,45-54,United Kingdom,Birmingham,Red Member,Vivianne Miedema,Away Shirt,2018-03-13,True,True
S004719,Amara,25-34,Norway,Oslo,None,Leah Williamson,Retro,2024-01-21,True,False
S004720,Leah,18-24,Australia,Sydney,Gold,William Saliba,Training Wear,2016-06-06,True,True
S004721,Vivianne,65+,United Kingdom,Manchester,Red Member,Kai Havertz,Hospitality,2017-05-02,True,False
S004722,Diego,18-24,United Kingdom,Liverpool,None,Beth Mead,Hospitality,2024-02-24,True,False
S004723,Vivianne,45-54,United Kingdom,London,None,Beth Mead,Home Shirt,2024-01-03,True,False
S004724,Emile,35-44,Australia,Melbourne,None,Ben White,Kids,2019-10-27,True,False
S004725,Yuki,35-44,United Arab Emirates,Abu Dhabi,Free,Gabriel Martinelli,Third Kit,2025-02-08,True,False
S004726,Sofia,55-64,United States,Los Angeles,Silver,William Saliba,Training Wear,2025-06-10,True,False
S004727,Wei,35-44,Canada,Toronto,Silver,Beth Mead,Retro,2020-12-11,True,False
S004728,Skyler,35-44,United States,New York,Free,Kai Havertz,Away Shirt,2023-12-30,True,False
S004729,Ingrid,25-34,Nigeria,Lagos,Free,Bukayo Saka,Kids,2023-06-17,True,False
S004730,Skyler,18-24,United Kingdom,Manchester,Free,Ben White,Kids,2023-03-13,True,False
S004731,Diego,25-34,United States,Los Angeles,None,Leah Williamson,Retro,2025-01-24,True,False
S004732,Beth,35-44,United Kingdom,Leeds,Red Member,Vivianne Miedema,Accessories,2018-01-14,True,True
S004733,Noor,35-44,United Kingdom,Leeds,None,William Saliba,Hospitality,2024-07-26,True,False
S004734,Alex,25-34,United Kingdom,London,Free,Kai Havertz,Hospitality,2017-08-21,True,False
S004735,Yuki,35-44,India,Delhi,None,Leah Williamson,Third Kit,2024-03-13,True,False
S004736,Chidi,18-24,Japan,Osaka,Red Member,Martin Odegaard,Retro,2019-12-10,True,False
S004737,Taylor,35-44,Japan,Tokyo,Red Member,Gabriel Jesus,Retro,2016-06-02,True,False
S004738,Sofia,55-64,United Kingdom,Liverpool,Silver,William Saliba,Retro,2018-09-04,False,False
S004739,Amara,55-64,United States,Dallas,None,Vivianne Miedema,Training Wear,2021-06-04,True,False
S004740,Katie,55-64,Nigeria,Kano,None,Declan Rice,Hospitality,2017-09-18,True,False
S004741,Gabriel,55-64,United Kingdom,Birmingham,None,William Saliba,Third Kit,2020-04-01,True,False
S004742,Rowan,35-44,United States,Chicago,Silver,Leah Williamson,Away Shirt,2025-06-25,True,False
S004743,Wei,35-44,Canada,Vancouver,Silver,Martin Odegaard,Training Wear,2024-10-22,True,False
S004744,Charlie,35-44,India,Mumbai,Silver,Ben White,Kids,2019-05-27,True,False
S004745,Chidi,35-44,United Kingdom,Manchester,None,Gabriel Jesus,Hospitality,2020-01-06,False,False
S004746,Diego,25-34,United Kingdom,Liverpool,Silver,Beth Mead,Training Wear,2016-08-11,True,False
S004747,Morgan,18-24,United States,Boston,Red Member,Beth Mead,Home Shirt,2022-11-11,True,False
S004748,Morgan,25-34,United Kingdom,Leeds,Red Member,Gabriel Martinelli,Training Wear,2020-03-07,True,True
S004749,Wei,55-64,United Kingdom,Liverpool,Gold,William Saliba,Away Shirt,2022-05-29,True,True
S004750,Hassan,18-24,India,Bengaluru,Free,William Saliba,Hospitality,2022-08-06,True,False
S004751,Martin,35-44,United Kingdom,Liverpool,None,Beth Mead,Accessories,2017-05-03,False,False
S004752,Olivia,55-64,Australia,Sydney,Gold,Beth Mead,Third Kit,2025-05-31,True,False
S004753,Declan,45-54,Australia,Melbourne,Free,Gabriel Jesus,Away Shirt,2021-01-18,True,False
S004754,Jordan,45-54,Nigeria,Kano,Silver,Beth Mead,Away Shirt,2023-05-04,True,False
S004755,Kenji,35-44,United Kingdom,Bristol,Silver,Beth Mead,Away Shirt,2020-07-10,True,False
S004756,Skyler,65+,United States,Dallas,None,Beth Mead,Retro,2018-06-25,True,False
S004757,Martin,18-24,United Kingdom,London,Gold,Bukayo Saka,Hospitality,2016-08-11,False,False
S004758,Sam,25-34,Japan,Osaka,Free,Declan Rice,Accessories,2017-09-17,False,False
S004759,Emile,35-44,Nigeria,Abuja,Silver,Martin Odegaard,Home Shirt,2020-08-08,True,False
S004760,Drew,25-34,United Kingdom,Manchester,None,Gabriel Martinelli,Hospitality,2022-04-03,False,False
S004761,Amara,25-34,United States,New York,None,Martin Odegaard,Training Wear,2018-02-09,False,False
S004762,Sam,25-34,United Kingdom,Bristol,Gold,Vivianne Miedema,Hospitality,2018-01-06,True,True
S004763,Yuki,18-24,India,Delhi,None,Ben White,Home Shirt,2021-12-06,False,False
S004764,Wei,25-34,United Kingdom,Liverpool,Free,Declan Rice,Third Kit,2023-11-04,False,False
S004765,Mateo,18-24,United Kingdom,Birmingham,Free,Bukayo Saka,Retro,2025-07-02,True,False
S004766,Katie,35-44,Germany,Berlin,Gold,Vivianne Miedema,Kids,2025-03-07,True,True
S004767,Emile,35-44,Norway,Bergen,Red Member,Kai Havertz,Retro,2021-12-10,True,False
S004768,Martin,25-34,United Kingdom,London,Gold,Declan Rice,Kids,2020-10-20,False,False
S004769,Yuki,25-34,United States,Los Angeles,Silver,Vivianne Miedema,Third Kit,2016-02-05,True,False
S004770,Reese,25-34,United States,New York,None,Beth Mead,Training Wear,2017-07-04,True,False
S004771,Chidi,18-24,Nigeria,Kano,Red Member,Martin Odegaard,Third Kit,2023-11-29,True,True
S004772,Priya,35-44,Canada,Vancouver,Gold,Declan Rice,Kids,2023-11-05,True,True
S004773,Leah,45-54,Canada,Vancouver,None,Vivianne Miedema,Hospitality,2017-01-29,True,False
S004774,Amara,18-24,Germany,Munich,Free,Beth Mead,Hospitality,2023-09-05,True,False
S004775,Harper,45-54,Nigeria,Ibadan,Free,Beth Mead,Accessories,2020-03-15,True,False
S004776,Ingrid,25-34,United Arab Emirates,Dubai,Gold,Vivianne Miedema,Home Shirt,2025-06-11,False,False
S004777,Emile,25-34,United States,New York,Free,Leah Williamson,Home Shirt,2023-11-15,True,False
S004778,Declan,65+,United Kingdom,London,Silver,Vivianne Miedema,Away Shirt,2025-05-12,False,False
S004779,Harper,35-44,United Kingdom,Liverpool,None,Kai Havertz,Home Shirt,2023-10-17,True,False
S004780,Hassan,18-24,United States,New York,None,Gabriel Martinelli,Retro,2021-06-19,True,False
S004781,Wei,45-54,Japan,Osaka,None,Martin Odegaard,Home Shirt,2021-04-06,True,False
S004782,Bukayo,25-34,United Kingdom,Bristol,None,Gabriel Martinelli,Training Wear,2023-03-02,True,False
S004783,Diego,35-44,Nigeria,Abuja,Gold,Gabriel Martinelli,Retro,2018-08-23,False,True
S004784,Diego,25-34,United Kingdom,Liverpool,Gold,Gabriel Jesus,Away Shirt,2019-04-02,True,False
S004785,Martin,35-44,Japan,Osaka,None,Leah Williamson,Training Wear,2022-04-01,True,False
S004786,Declan,65+,United Kingdom,Liverpool,None,Leah Williamson,Third Kit,2023-02-18,True,False
S004787,Priya,35-44,Norway,Bergen,Gold,Ben White,Away Shirt,2023-02-06,True,False
S004788,Harper,45-54,India,Mumbai,Free,Kai Havertz,Kids,2018-08-20,True,False
S004789,Harper,25-34,United Kingdom,Birmingham,Silver,William Saliba,Home Shirt,2018-03-04,True,False
S004790,Charlie,35-44,United Kingdom,Bristol,None,Declan Rice,Accessories,2018-09-16,True,False
S004791,Diego,65+,United Kingdom,Liverpool,Free,Bukayo Saka,Accessories,2017-07-06,True,False
S004792,Gabriel,55-64,United Kingdom,Manchester,None,Gabriel Jesus,Accessories,2016-09-13,True,False
S004793,Priya,25-34,United Kingdom,Manchester,Silver,Martin Odegaard,Third Kit,2021-06-21,False,False
S004794,Mateo,25-34,United Kingdom,Manchester,None,Ben White,Retro,2023-11-30,True,False
S004795,Rowan,25-34,United Kingdom,Liverpool,Silver,Beth Mead,Home Shirt,2020-12-01,True,False
S004796,Kenji,35-44,United Kingdom,Leeds,Free,Declan Rice,Third Kit,2022-08-21,True,False
S004797,Jamie,55-64,United States,Chicago,Free,Vivianne Miedema,Home Shirt,2017-04-14,True,False
S004798,Ingrid,55-64,Norway,Bergen,Gold,Bukayo Saka,Home Shirt,2019-07-31,True,False
S004799,Taylor,35-44,United Kingdom,London,Silver,Kai Havertz,Accessories,2024-10-11,True,False
S004800,Diego,55-64,United Kingdom,London,Silver,Leah Williamson,Training Wear,2024-03-01,True,False
S004801,Harper,25-34,United Kingdom,Liverpool,Free,Vivianne Miedema,Home Shirt,2025-05-17,True,False
S004802,Harper,45-54,Nigeria,Ibadan,Free,Ben White,Third Kit,2025-07-27,False,False
S004803,Gabriel,35-44,India,Mumbai,None,Leah Williamson,Away Shirt,2021-02-08,True,False
S004804,Alex,35-44,United Kingdom,Birmingham,Silver,Kai Havertz,Third Kit,2023-05-23,True,False
S004805,Chidi,35-44,United Kingdom,Manchester,None,Ben White,Away Shirt,2025-05-11,True,False
S004806,Liam,18-24,United Kingdom,Manchester,Silver,Ben White,Third Kit,2016-07-20,True,False
S004807,Martin,35-44,Australia,Sydney,None,Ben White,Retro,2016-01-07,True,False
S004808,Drew,25-34,United Kingdom,Bristol,Silver,Beth Mead,Training Wear,2023-09-03,False,False
S004809,Bukayo,35-44,United States,Los Angeles,Gold,Martin Odegaard,Third Kit,2021-09-24,True,True
S004810,Declan,45-54,United Kingdom,Leeds,Silver,William Saliba,Training Wear,2017-01-12,True,False
S004811,Liam,35-44,United States,Dallas,None,Gabriel Jesus,Away Shirt,2020-12-04,False,False
S004812,Sofia,45-54,United States,New York,None,Vivianne Miedema,Hospitality,2018-01-27,True,False
S004813,Alex,25-34,United Kingdom,Liverpool,None,Bukayo Saka,Third Kit,2024-02-22,True,False
S004814,Devon,55-64,United Kingdom,Bristol,Free,Kai Havertz,Home Shirt,2018-02-03,True,False
S004815,Gabriel,18-24,United States,Boston,Red Member,Bukayo Saka,Hospitality,2024-08-30,True,True
S004816,Hassan,25-34,United States,Los Angeles,None,Kai Havertz,Hospitality,2023-04-06,True,False
S004817,Devon,25-34,United Kingdom,Bristol,Free,Bukayo Saka,Training Wear,2021-08-28,False,False
S004818,Martin,45-54,India,Mumbai,Gold,Beth Mead,Retro,2021-01-31,True,True
S004819,Wei,25-34,United Kingdom,London,None,Leah Williamson,Kids,2021-03-22,True,False
S004820,Yuki,35-44,United States,New York,Free,Gabriel Martinelli,Kids,2020-03-19,True,False
S004821,Katie,25-34,United Kingdom,Leeds,Silver,Gabriel Jesus,Away Shirt,2024-03-02,True,False
S004822,Bukayo,55-64,Canada,Vancouver,None,Gabriel Jesus,Hospitality,2025-06-15,True,False
S004823,Sofia,35-44,United Kingdom,Leeds,Red Member,William Saliba,Accessories,2022-12-05,True,True
S004824,Taylor,18-24,Nigeria,Ibadan,None,Vivianne Miedema,Away Shirt,2020-07-24,True,False
S004825,Sam,35-44,United Kingdom,Liverpool,Free,Ben White,Third Kit,2017-06-26,True,False
S004826,Wei,45-54,Germany,Hamburg,Free,Beth Mead,Third Kit,2017-06-24,True,False
S004827,Chidi,18-24,United Kingdom,Manchester,Free,Vivianne Miedema,Hospitality,2023-11-13,False,False
S004828,Priya,35-44,United Kingdom,Birmingham,Red Member,Kai Havertz,Away Shirt,2022-12-10,True,True
S004829,Drew,25-34,United States,Los Angeles,None,Declan Rice,Accessories,2019-02-13,True,False
S004830,Wei,35-44,Germany,Hamburg,Free,Vivianne Miedema,Retro,2025-04-27,True,False
S004831,Cameron,65+,United Kingdom,Manchester,None,Declan Rice,Hospitality,2016-08-01,True,False
S004832,Emile,65+,United Kingdom,Birmingham,Gold,Vivianne Miedema,Third Kit,2021-09-25,True,True
S004833,Chidi,,United Kingdom,Leeds,Gold,Ben White,Training Wear,2021-02-17,True,False
S004834,Rowan,65+,United States,Los Angeles,None,Declan Rice,Hospitality,2024-05-01,False,False
S004835,Alex,35-44,United Kingdom,Leeds,Free,Beth Mead,Accessories,2022-03-09,True,False
S004836,Bukayo,25-34,Germany,Hamburg,Red Member,Gabriel Jesus,Third Kit,2023-09-12,True,False
S004837,Bukayo,65+,United Kingdom,Manchester,Red Member,Gabriel Martinelli,Accessories,2017-04-24,False,True
S004838,Kai,25-34,Germany,Berlin,Red Member,Ben White,Home Shirt,2023-03-15,False,False
S004839,Priya,35-44,United Kingdom,Bristol,Silver,Gabriel Jesus,Hospitality,2023-01-09,True,False
S004840,Skyler,35-44,United Kingdom,Bristol,Silver,Bukayo Saka,Kids,2018-10-30,True,False
S004841,Kai,55-64,United States,Chicago,None,Gabriel Martinelli,Third Kit,2020-10-04,True,False
S004842,Mateo,35-44,United Kingdom,Leeds,Free,William Saliba,Home Shirt,2021-07-28,False,False
S004843,Hassan,35-44,United Kingdom,Bristol,Red Member,William Saliba,Retro,2018-12-22,True,False
S004844,Kenji,25-34,United States,Los Angeles,Gold,Leah Williamson,Home Shirt,2019-07-16,True,True
S004845,Mateo,55-64,Nigeria,Lagos,Silver,Beth Mead,Accessories,2024-02-17,True,False
S004846,Emile,35-44,United States,Boston,Silver,William Saliba,Hospitality,2022-03-12,True,False
S004847,Skyler,25-34,United Kingdom,Bristol,Gold,Gabriel Jesus,Home Shirt,2019-01-30,False,True
S004848,Bukayo,65+,United Kingdom,London,None,Beth Mead,Retro,2023-10-09,True,False
S004849,Mateo,25-34,Japan,Tokyo,Free,Leah Williamson,Kids,2019-02-04,False,False
S004850,Reese,18-24,United States,Los Angeles,Red Member,Bukayo Saka,Training Wear,2021-10-19,True,True
S004851,Wei,18-24,United Kingdom,Liverpool,Free,Gabriel Martinelli,Accessories,2024-11-10,True,False
S004852,Martin,35-44,United Kingdom,Manchester,Gold,Leah Williamson,Hospitality,2016-02-20,True,False
S004853,Quinn,65+,United States,Dallas,None,Leah Williamson,Third Kit,2016-06-11,True,False
S004854,Martin,25-34,United Kingdom,Liverpool,None,Gabriel Jesus,Hospitality,2022-04-20,True,False
S004855,Leah,35-44,United States,Los Angeles,Free,Leah Williamson,Hospitality,2016-06-15,True,False
S004856,Riley,45-54,United Kingdom,Manchester,Free,William Saliba,Retro,2025-01-03,True,False
S004857,Liam,45-54,United Kingdom,Bristol,Silver,Ben White,Accessories,2022-09-14,True,False
S004858,Sofia,45-54,India,Bengaluru,Free,Kai Havertz,Third Kit,2020-12-02,False,False
S004859,Morgan,45-54,United Kingdom,Liverpool,Silver,Beth Mead,Hospitality,2020-04-07,True,False
S004860,Noor,55-64,United Kingdom,London,Gold,Kai Havertz,Third Kit,2021-07-13,True,False
S004861,Charlie,35-44,Germany,Munich,None,Ben White,Home Shirt,2021-12-17,True,False
S004862,Amara,25-34,United Kingdom,London,Silver,Declan Rice,Away Shirt,2025-01-24,True,False
S004863,Olivia,65+,United Kingdom,London,Silver,Gabriel Jesus,Away Shirt,2018-12-04,False,False
S004864,Taylor,45-54,United Kingdom,Manchester,Silver,Vivianne Miedema,Training Wear,2024-01-16,True,False
S004865,Devon,45-54,United States,Chicago,None,Gabriel Jesus,Away Shirt,2020-06-04,True,False
S004866,Jamie,45-54,Canada,Vancouver,Free,Leah Williamson,Training Wear,2016-04-16,True,False
S004867,Skyler,45-54,United States,Chicago,Silver,Bukayo Saka,Third Kit,2018-11-11,False,False
S004868,Kenji,45-54,United Kingdom,Birmingham,Silver,Beth Mead,Away Shirt,2024-08-06,True,False
S004869,Drew,55-64,United States,New York,Free,Beth Mead,Home Shirt,2017-10-20,True,False
S004870,Kai,25-34,Canada,Vancouver,Free,Vivianne Miedema,Accessories,2023-02-05,False,False
S004871,Mateo,65+,United Kingdom,Bristol,Free,Beth Mead,Retro,2018-07-06,True,False
S004872,Hassan,35-44,United States,Los Angeles,Red Member,Declan Rice,Training Wear,2020-05-08,False,True
S004873,Jamie,35-44,Nigeria,Ibadan,None,William Saliba,Hospitality,2022-03-30,True,False
S004874,Bukayo,25-34,United States,Dallas,None,Gabriel Martinelli,Away Shirt,2019-03-17,True,False
S004875,Katie,35-44,Germany,Berlin,None,Declan Rice,Accessories,2017-07-05,True,False
S004876,Jamie,25-34,United Kingdom,Birmingham,Silver,Vivianne Miedema,Third Kit,2019-10-30,False,False
S004877,Martin,25-34,India,Bengaluru,Free,Bukayo Saka,Away Shirt,2017-06-05,True,False
S004878,Yuki,18-24,United States,Dallas,Gold,William Saliba,Kids,2017-02-11,True,False
S004879,Yuki,55-64,United Kingdom,Liverpool,None,Ben White,Kids,2017-02-06,False,False
S004880,Sofia,18-24,United States,Los Angeles,Silver,Vivianne Miedema,Accessories,2020-04-04,False,False
S004881,Kai,18-24,United Kingdom,Manchester,Free,William Saliba,Training Wear,2023-05-30,True,False
S004882,Bukayo,18-24,United Kingdom,Liverpool,None,Beth Mead,Kids,2019-01-28,True,False
S004883,Hassan,25-34,United States,Los Angeles,Free,Leah Williamson,Home Shirt,2016-09-26,True,False
S004884,Priya,45-54,United Kingdom,Liverpool,Red Member,Beth Mead,Third Kit,2020-03-11,True,True
S004885,Sam,55-64,United States,Los Angeles,Free,Beth Mead,Away Shirt,2021-03-14,False,False
S004886,Mateo,18-24,United Kingdom,Bristol,None,Vivianne Miedema,Accessories,2017-02-15,True,False
S004887,Olivia,45-54,United Kingdom,Manchester,Silver,Vivianne Miedema,Retro,2021-08-24,False,False
S004888,Olivia,25-34,United Kingdom,Birmingham,Free,Gabriel Jesus,Away Shirt,2023-06-10,True,False
S004889,Jordan,35-44,United States,New York,Gold,Vivianne Miedema,Away Shirt,2018-11-13,True,True
S004890,Taylor,45-54,United Kingdom,Leeds,Silver,Declan Rice,Accessories,2020-01-25,True,False
S004891,Alex,45-54,United Kingdom,Liverpool,None,Beth Mead,Accessories,2021-07-05,True,False
S004892,Charlie,18-24,India,Delhi,Free,Gabriel Jesus,Retro,2020-11-06,True,False
S004893,Sofia,35-44,Australia,Sydney,Gold,Bukayo Saka,Third Kit,2020-06-25,True,True
S004894,Priya,25-34,United Kingdom,Bristol,None,Gabriel Martinelli,Kids,2020-05-29,True,False
S004895,Reese,35-44,United Kingdom,Bristol,None,Beth Mead,Training Wear,2017-12-08,True,False
S004896,Reese,18-24,United Kingdom,London,Free,Martin Odegaard,Hospitality,2025-05-11,True,False
S004897,Beth,35-44,Norway,Oslo,Free,Gabriel Jesus,Away Shirt,2020-02-20,True,False
S004898,Mateo,25-34,United States,Chicago,Free,Bukayo Saka,Hospitality,2017-03-06,True,False
S004899,Charlie,35-44,Australia,Sydney,Gold,Gabriel Martinelli,Hospitality,2022-12-20,True,True
S004900,Vivianne,25-34,India,Mumbai,Silver,Kai Havertz,Home Shirt,2021-02-23,True,False
S004901,Leah,55-64,United Kingdom,Leeds,Silver,Kai Havertz,Accessories,2023-08-20,True,False
S004902,Alex,18-24,Australia,Sydney,Gold,William Saliba,Third Kit,2024-08-08,False,True
S004903,Cameron,25-34,Nigeria,Ibadan,Free,Kai Havertz,Retro,2024-08-11,True,False
S004904,Skyler,25-34,United Kingdom,Leeds,Free,Bukayo Saka,Away Shirt,2023-09-08,False,False
S004905,Noor,55-64,United States,Boston,Red Member,Ben White,Retro,2021-10-16,True,True
S004906,Charlie,25-34,Germany,Munich,None,Martin Odegaard,Training Wear,2021-05-28,True,False
S004907,Harper,18-24,United Kingdom,Leeds,None,Vivianne Miedema,Away Shirt,2020-08-09,True,False
S004908,Diego,25-34,United Kingdom,Bristol,None,William Saliba,Retro,2020-04-24,True,False
S004909,Rowan,25-34,United Kingdom,Manchester,Silver,Beth Mead,Training Wear,2017-10-17,True,False
S004910,Jordan,25-34,United States,New York,Silver,Vivianne Miedema,Hospitality,2017-10-05,True,False
S004911,Jordan,25-34,United Kingdom,Manchester,None,Beth Mead,Third Kit,2018-12-03,True,False
S004912,Sam,25-34,United Kingdom,Manchester,Silver,Martin Odegaard,Retro,2025-06-16,True,False
S004913,Mateo,45-54,Canada,Vancouver,Free,William Saliba,Training Wear,2025-04-30,True,False
S004914,Mateo,35-44,United Kingdom,London,Silver,Kai Havertz,Third Kit,2023-07-29,True,False
S004915,Skyler,45-54,United States,Los Angeles,Free,Gabriel Martinelli,Hospitality,2023-10-26,True,False
S004916,Riley,25-34,Japan,Osaka,None,Bukayo Saka,Third Kit,2016-12-07,False,False
S004917,Emile,25-34,United States,Chicago,None,Gabriel Jesus,Retro,2025-01-15,False,False
S004918,Kenji,45-54,United Kingdom,Liverpool,None,Leah Williamson,Retro,2022-12-01,True,False
S004919,Cameron,45-54,United Kingdom,Birmingham,Silver,Kai Havertz,Kids,2017-07-11,True,False
S004920,Gabriel,55-64,India,Mumbai,None,Leah Williamson,Training Wear,2021-06-29,True,False
S004921,Noor,25-34,Japan,Osaka,None,Leah Williamson,Hospitality,2017-10-19,True,False
S004922,Hassan,35-44,India,Bengaluru,None,Gabriel Jesus,Home Shirt,2018-06-30,True,False
S004923,Skyler,65+,United States,Chicago,Free,Gabriel Martinelli,Home Shirt,2024-06-14,True,False
S004924,Emile,45-54,United Arab Emirates,Abu Dhabi,Silver,Leah Williamson,Away Shirt,2020-05-19,True,False
S004925,Cameron,18-24,India,Bengaluru,Free,William Saliba,Away Shirt,2023-06-30,True,False
S004926,Mateo,18-24,United Kingdom,Birmingham,None,Declan Rice,Training Wear,2019-12-23,True,False
S004927,Jordan,55-64,United Kingdom,Birmingham,None,Kai Havertz,Accessories,2018-10-21,True,False
S004928,Emile,35-44,United Kingdom,Leeds,Red Member,Gabriel Jesus,Hospitality,2017-09-18,False,True
S004929,Yuki,55-64,United States,Dallas,Silver,Martin Odegaard,Accessories,2020-02-05,True,False
S004930,Wei,35-44,United Kingdom,Leeds,Red Member,Martin Odegaard,Accessories,2025-02-12,True,True
S004931,Taylor,25-34,United Kingdom,Bristol,Free,Declan Rice,Accessories,2025-01-12,True,False
S004932,Harper,55-64,United Kingdom,London,Red Member,Gabriel Martinelli,Training Wear,2025-08-15,False,True
S004933,Declan,45-54,United Kingdom,London,Free,Martin Odegaard,Away Shirt,2025-04-16,True,False
S004934,Martin,45-54,United Kingdom,Bristol,None,Bukayo Saka,Training Wear,2019-03-20,True,False
S004935,Reese,25-34,United Kingdom,Leeds,None,Beth Mead,Third Kit,2020-06-27,True,False
S004936,Emile,18-24,United Kingdom,London,None,Declan Rice,Hospitality,2019-12-06,True,False
S004937,Jordan,18-24,Japan,Tokyo,Silver,Beth Mead,Training Wear,2023-02-16,True,False
S004938,Olivia,25-34,United Kingdom,Liverpool,Free,Beth Mead,Home Shirt,2022-05-06,True,False
S004939,Devon,18-24,United States,Chicago,Silver,William Saliba,Third Kit,2016-02-27,True,False
S004940,Rowan,25-34,United Kingdom,Leeds,Gold,Leah Williamson,Kids,2020-06-09,True,True
S004941,Jamie,25-34,Nigeria,Abuja,None,Martin Odegaard,Kids,2024-01-18,True,False
S004942,Jamie,25-34,United Kingdom,Leeds,Free,Beth Mead,Kids,2018-09-12,True,False
S004943,Drew,45-54,United Kingdom,London,Silver,Ben White,Home Shirt,2022-12-26,True,False
S004944,Taylor,18-24,United Kingdom,Birmingham,Gold,Leah Williamson,Third Kit,2023-02-08,True,True
S004945,Martin,18-24,Nigeria,Ibadan,Silver,Gabriel Martinelli,Accessories,2023-08-30,False,False
S004946,Martin,45-54,United States,Dallas,Gold,Kai Havertz,Home Shirt,2023-08-10,True,False
S004947,Hassan,65+,United States,Dallas,Free,Gabriel Martinelli,Home Shirt,2022-02-13,True,False
S004948,Mateo,18-24,India,Bengaluru,Free,William Saliba,Home Shirt,2020-01-26,True,False
S004949,Sofia,45-54,Germany,Munich,Silver,William Saliba,Accessories,2022-03-24,True,False
S004950,Rowan,18-24,United Kingdom,Birmingham,Silver,Ben White,Third Kit,2023-01-14,True,False
S004951,Morgan,35-44,Canada,Vancouver,Free,Declan Rice,Kids,2016-07-10,True,False
S004952,Martin,25-34,Japan,Osaka,Free,William Saliba,Hospitality,2025-07-26,False,False
S004953,Vivianne,45-54,Australia,Melbourne,Free,Gabriel Martinelli,Kids,2016-08-19,True,False
S004954,Devon,45-54,United States,Los Angeles,Gold,William Saliba,Third Kit,2023-07-23,True,False
S004955,Gabriel,18-24,United Kingdom,Liverpool,None,Kai Havertz,Third Kit,2020-12-21,False,False
S004956,Riley,25-34,United Kingdom,Bristol,Red Member,Beth Mead,Retro,2023-03-11,True,True
S004957,Sam,35-44,United Kingdom,Manchester,Silver,Kai Havertz,Training Wear,2024-01-18,True,False
S004958,Noor,25-34,United Kingdom,Leeds,Gold,William Saliba,Away Shirt,2023-03-24,True,True
S004959,Rowan,65+,United States,Dallas,Silver,Beth Mead,Hospitality,2025-02-16,True,False
S004960,Riley,55-64,Nigeria,Abuja,None,Martin Odegaard,Third Kit,2020-06-15,True,False
S004961,Declan,65+,Nigeria,Ibadan,Free,Kai Havertz,Retro,2016-02-20,False,False
S004962,Ingrid,25-34,United Kingdom,Liverpool,Free,Kai Havertz,Hospitality,2019-07-17,True,False
S004963,Ingrid,25-34,United States,Los Angeles,None,Vivianne Miedema,Home Shirt,2020-08-14,True,False
S004964,Wei,25-34,Norway,Bergen,Gold,Leah Williamson,Third Kit,2024-03-10,True,True
S004965,Vivianne,55-64,United Kingdom,London,None,Bukayo Saka,Accessories,2022-10-31,True,False
S004966,Mateo,45-54,United Kingdom,Manchester,Silver,William Saliba,Hospitality,2017-11-17,True,False
S004967,Bukayo,35-44,United Kingdom,London,Red Member,Leah Williamson,Kids,2024-09-25,True,True
S004968,Rowan,35-44,Norway,Bergen,None,Gabriel Martinelli,Away Shirt,2017-07-07,False,False
S004969,Cameron,25-34,Germany,Munich,Gold,Ben White,Training Wear,2024-07-18,True,False
S004970,Declan,25-34,United Kingdom,London,None,Gabriel Martinelli,Retro,2022-10-29,True,False
S004971,Kenji,65+,United Kingdom,Bristol,None,Gabriel Jesus,Retro,2024-06-22,True,False
S004972,Taylor,55-64,United Kingdom,Birmingham,Free,Leah Williamson,Kids,2025-04-15,False,False
S004973,Mateo,55-64,United Arab Emirates,Dubai,Free,Gabriel Martinelli,Training Wear,2022-07-05,True,False
S004974,Riley,65+,Germany,Munich,Silver,Kai Havertz,Retro,2019-09-24,True,False
S004975,Declan,55-64,United Kingdom,Manchester,None,Gabriel Jesus,Retro,2016-02-16,True,False
S004976,Morgan,45-54,United Kingdom,Bristol,Free,Beth Mead,Kids,2021-04-09,True,False
S004977,Devon,25-34,United Kingdom,Leeds,None,Vivianne Miedema,Hospitality,2017-06-09,True,False
S004978,Alex,18-24,United Kingdom,Birmingham,Free,Gabriel Martinelli,Kids,2019-07-04,True,False
S004979,Kai,18-24,United Kingdom,Bristol,None,Declan Rice,Training Wear,2019-07-16,True,False
S004980,Bukayo,45-54,United Kingdom,London,Silver,Gabriel Martinelli,Retro,2019-01-20,True,False
S004981,Rowan,45-54,United Kingdom,Manchester,Silver,William Saliba,Training Wear,2022-03-11,True,False
S004982,Jamie,25-34,United Kingdom,Manchester,Gold,Beth Mead,Away Shirt,2023-05-16,True,False
S004983,Diego,45-54,United Kingdom,Manchester,Free,Bukayo Saka,Home Shirt,2024-03-24,True,False
S004984,Emile,25-34,Germany,Berlin,Gold,Bukayo Saka,Training Wear,2017-02-21,True,True
S004985,Diego,35-44,Nigeria,Lagos,Free,Ben White,Training Wear,2021-07-14,True,False
S004986,Diego,45-54,United Kingdom,Manchester,None,Leah Williamson,Retro,2020-02-26,False,False
S004987,Vivianne,45-54,United Kingdom,Bristol,Silver,Leah Williamson,Training Wear,2016-08-12,True,False
S004988,Quinn,35-44,Nigeria,Abuja,Silver,Gabriel Jesus,Accessories,2016-04-17,True,False
S004989,Jordan,18-24,United Kingdom,Leeds,Silver,Bukayo Saka,Third Kit,2023-06-12,True,False
S004990,Taylor,18-24,United Kingdom,Leeds,Gold,Ben White,Accessories,2023-02-07,True,False
S004991,Quinn,45-54,Germany,Hamburg,Free,Gabriel Jesus,Away Shirt,2016-08-03,True,False
S004992,Drew,35-44,United Kingdom,Birmingham,Red Member,Martin Odegaard,Hospitality,2022-07-15,True,True
S004993,Chidi,55-64,United Kingdom,London,Free,Beth Mead,Retro,2022-02-27,True,False
S004994,Declan,25-34,United Kingdom,London,Silver,Kai Havertz,Home Shirt,2021-05-08,True,False
S004995,Jordan,25-34,United Kingdom,Liverpool,None,Declan Rice,Away Shirt,2017-10-04,False,False
S004996,Noor,55-64,United Kingdom,Liverpool,Free,Gabriel Jesus,Training Wear,2024-03-16,True,False
S004997,Riley,65+,United Kingdom,Leeds,Free,William Saliba,Kids,2022-09-11,True,False
S004998,Wei,45-54,United States,Chicago,None,Beth Mead,Kids,2016-11-28,True,False
S004999,Devon,18-24,India,Bengaluru,Free,William Saliba,Training Wear,2021-04-28,True,False
S005000,Skyler,35-44,Nigeria,Kano,Silver,Ben White,Home Shirt,2016-01-08,True,False
