supporter_id,match,competition,ticket_type,ticket_price,purchase_timestamp,attended
S003296,Arsenal vs Tottenham,Premier League,Club Level,112.18,2025-04-23 05:38:34,True
S000907,Arsenal vs Liverpool,Premier League,Club Level,108.08,2025-04-01 00:13:14,True
S004614,Arsenal vs Liverpool,Premier League,Club Level,144.27,2025-06-16 15:46:42,True
S000892,Arsenal vs Man City,Premier League,General Admission,57.0,2025-06-06 06:44:29,True
S001261,Arsenal vs Man United,Premier League,General Admission,70.1,2024-12-07 18:01:14,True
S001518,Arsenal vs Chelsea,Premier League,General Admission,55.23,2025-01-22 02:53:08,True
S000199,Arsenal vs Liverpool,Premier League,General Admission,61.31,2025-03-03 19:28:33,True
S000058,Arsenal vs Bayern Munich,Champions League,General Admission,65.8,2024-09-20 14:10:56,True
S000295,Arsenal vs Real Madrid,Champions League,Club Level,133.31,2025-04-02 09:10:43,True
S000869,Arsenal vs Real Madrid,Champions League,General Admission,54.65,2025-02-16 05:06:54,False
S001795,Arsenal vs Man United,Premier League,Family Enclosure,58.24,2025-06-22 11:58:23,False
S003441,Arsenal vs Luton,Premier League,General Admission,62.03,2025-03-26 20:13:05,True
S000561,Arsenal vs Man City,Premier League,General Admission,53.32,2025-02-20 22:33:15,True
S004365,Arsenal vs Tottenham,Premier League,General Admission,50.65,2025-07-14 18:39:21,True
S004911,Arsenal vs Man City,Premier League,General Admission,56.85,2025-03-30 03:21:31,True
S000021,Arsenal vs Liverpool,Premier League,Club Level,146.22,2025-04-28 12:52:28,False
S001608,Arsenal vs Sheffield Utd,Carabao Cup,Family Enclosure,54.11,2025-08-16 18:40:38,True
S000810,Arsenal vs Real Madrid,Champions League,Family Enclosure,51.51,2025-08-23 13:44:51,True
S000598,Arsenal vs Sheffield Utd,Carabao Cup,Away End,38.37,2025-02-28 04:40:17,True
S003362,Arsenal vs Liverpool,Premier League,Club Level,113.99,2025-04-30 21:01:41,True
S003008,Arsenal vs Man City,Premier League,Club Level,113.89,2025-02-23 07:42:38,True
S004273,Arsenal vs Man City,Premier League,General Admission,52.5,2024-12-13 11:15:22,False
S004826,Arsenal vs Chelsea,Premier League,General Admission,62.78,2025-06-28 13:23:39,True
S003935,Arsenal vs Fulham,Premier League,Club Level,122.52,2025-03-18 16:42:02,True
S002706,Arsenal vs Everton,Premier League,General Admission,60.01,2025-01-18 23:25:57,False
S002828,Arsenal vs Bayern Munich,Champions League,Family Enclosure,45.64,2025-09-09 03:52:41,True
S000199,Arsenal vs Brighton,Premier League,General Admission,63.19,2025-07-19 10:50:00,True
S004857,Arsenal vs Liverpool,Premier League,General Admission,64.62,2025-05-03 10:32:49,False
S002643,Arsenal vs Tottenham,Premier League,Family Enclosure,47.13,2025-05-08 21:36:25,True
S000741,Arsenal vs Fulham,Premier League,Club Level,127.22,2025-08-13 02:40:03,False
S003452,Arsenal vs Liverpool,Premier League,General Admission,50.31,2025-01-07 15:29:36,True
S001830,Arsenal vs Fulham,Premier League,Club Level,131.38,2024-09-22 05:26:00,True
S004402,Arsenal vs Chelsea,Premier League,Club Level,111.07,2025-05-23 20:45:52,True
S004027,Arsenal vs Real Madrid,Champions League,Hospitality,433.89,2024-09-24 19:26:32,True
S000938,Arsenal vs Chelsea,Premier League,General Admission,55.47,2025-03-04 05:17:20,True
S000134,Arsenal vs Liverpool,Premier League,General Admission,70.34,2025-01-05 20:50:13,False
S004157,Arsenal vs Real Madrid,Champions League,Club Level,113.7,2025-03-22 10:23:05,True
S000721,Arsenal vs Real Madrid,Champions League,General Admission,54.35,2024-12-16 04:19:50,True
S004141,Arsenal vs Luton,Premier League,General Admission,62.1,2025-04-05 07:41:54,True
S004342,Arsenal vs Chelsea,Premier League,Club Level,136.29,2024-09-22 23:16:38,True
S000824,Arsenal vs Fulham,Premier League,Away End,42.33,2025-07-31 11:47:57,True
S000439,Arsenal vs Fulham,Premier League,General Admission,64.39,2024-09-21 08:10:39,False
S000871,Arsenal vs Sheffield Utd,Carabao Cup,Club Level,131.86,2025-01-12 01:35:51,False
S003944,Arsenal vs Liverpool,Premier League,General Admission,66.37,2024-10-30 02:46:27,False
S002779,Arsenal vs Tottenham,Premier League,Hospitality,413.4,2025-01-14 15:26:38,True
S003702,Arsenal vs Chelsea,Premier League,Away End,41.16,2025-01-30 12:48:31,True
S001083,Arsenal vs Luton,Premier League,Family Enclosure,44.31,2025-06-26 22:58:40,True
S001709,Arsenal vs Everton,Premier League,Family Enclosure,40.8,2024-10-11 13:38:09,True
S003387,Arsenal vs Everton,Premier League,Club Level,141.25,2025-08-06 21:45:35,False
S000274,Arsenal vs Everton,Premier League,General Admission,67.31,2024-09-26 03:43:28,True
S003330,Arsenal vs Sheffield Utd,Carabao Cup,General Admission,55.41,2025-05-03 00:50:03,True
S003378,Arsenal vs Man City,Premier League,Club Level,110.48,2024-12-23 21:58:44,True
S000568,Arsenal vs Liverpool,Premier League,General Admission,59.49,2025-06-15 06:51:17,True
S004189,Arsenal vs Fulham,Premier League,Club Level,144.78,2025-04-04 17:39:06,True
S004135,Arsenal vs Man United,Premier League,General Admission,54.39,2025-05-07 11:47:16,True
S000323,Arsenal vs Fulham,Premier League,Hospitality,344.95,2025-03-28 19:50:36,True
S003525,Arsenal vs Fulham,Premier League,Family Enclosure,41.59,2025-02-25 04:37:57,False
S001600,Arsenal vs Brighton,Premier League,General Admission,60.79,2025-06-22 18:54:30,True
S002958,Arsenal vs Fulham,Premier League,Family Enclosure,56.06,2025-04-13 13:29:03,True
S000120,Arsenal vs Tottenham,Premier League,Hospitality,427.4,2025-07-20 01:28:29,True
S000533,Arsenal vs Bayern Munich,Champions League,General Admission,60.51,2025-01-31 17:28:18,False
S002671,Arsenal vs Luton,Premier League,Family Enclosure,49.0,2024-10-28 20:40:36,True
S002928,Arsenal vs Luton,Premier League,Club Level,128.95,2025-08-06 05:01:29,True
S001228,Arsenal vs Sheffield Utd,Carabao Cup,Club Level,117.23,2025-06-16 17:15:14,True
S001769,Arsenal vs Luton,Premier League,Hospitality,419.35,2025-01-31 06:50:45,True
S003839,Arsenal vs Chelsea,Premier League,General Admission,51.91,2025-07-27 21:33:10,True
S002751,Arsenal vs Sheffield Utd,Carabao Cup,Family Enclosure,46.31,2025-02-08 15:18:08,True
S003974,Arsenal vs Everton,Premier League,Away End,41.79,2024-10-13 21:41:38,True
S003927,Arsenal vs Liverpool,Premier League,General Admission,63.29,2024-11-07 00:15:55,True
S004831,Arsenal vs Man United,Premier League,General Admission,58.87,2025-04-06 12:13:10,True
S003849,Arsenal vs Tottenham,Premier League,Away End,45.76,2025-06-01 11:42:12,True
S000061,Arsenal vs Everton,Premier League,General Admission,56.0,2025-05-03 06:53:21,False
S004120,Arsenal vs Real Madrid,Champions League,Hospitality,411.45,2025-03-25 04:28:42,False
S002140,Arsenal vs Bayern Munich,Champions League,Family Enclosure,49.12,2025-02-09 20:26:46,True
S004773,Arsenal vs Liverpool,Premier League,Hospitality,380.39,2024-09-21 04:53:26,False
S002746,Arsenal vs Sheffield Utd,Carabao Cup,Club Level,119.13,2024-11-01 07:28:44,True
S004374,Arsenal vs Man United,Premier League,General Admission,64.36,2025-08-31 00:19:42,True
S003766,Arsenal vs Sheffield Utd,Carabao Cup,Club Level,127.05,2024-11-08 02:42:24,False
S000887,Arsenal vs Man United,Premier League,General Admission,58.78,2025-01-25 04:28:45,True
S000501,Arsenal vs Brighton,Premier League,General Admission,56.5,2025-02-07 18:08:48,False
S001679,Arsenal vs Chelsea,Premier League,Family Enclosure,44.46,2025-02-15 14:53:00,True
S003199,Arsenal vs Man City,Premier League,Club Level,148.21,2025-03-04 09:41:11,True
S002650,Arsenal vs Liverpool,Premier League,Club Level,138.36,2025-06-30 11:34:16,True
S003708,Arsenal vs Brighton,Premier League,Family Enclosure,43.19,2025-05-23 23:08:36,True
S000316,Arsenal vs Bayern Munich,Champions League,Family Enclosure,49.36,2024-12-23 22:33:47,False
S003051,Arsenal vs Tottenham,Premier League,General Admission,68.77,2025-04-08 20:25:43,False
S001913,Arsenal vs Man United,Premier League,General Admission,65.74,2025-08-07 15:15:03,True
S001584,Arsenal vs Sheffield Utd,Carabao Cup,Hospitality,421.04,2025-05-12 02:21:20,True
S001769,Arsenal vs Man City,Premier League,General Admission,57.68,2025-05-25 00:46:07,True
S002009,Arsenal vs Chelsea,Premier League,Family Enclosure,41.47,2024-10-25 08:27:36,True
S004135,Arsenal vs Real Madrid,Champions League,Family Enclosure,44.73,2024-11-07 08:51:05,False
S000048,Arsenal vs Everton,Premier League,Club Level,147.57,2024-11-28 23:11:06,True
S002917,Arsenal vs Man United,Premier League,Club Level,108.38,2025-09-05 04:16:32,True
S002758,Arsenal vs Tottenham,Premier League,General Admission,50.43,2025-08-30 16:27:12,True
S002126,Arsenal vs Liverpool,Premier League,General Admission,62.18,2025-06-22 13:05:27,False
S002870,Arsenal vs Tottenham,Premier League,General Admission,70.09,2025-06-23 05:41:36,True
S000290,Arsenal vs Sheffield Utd,Carabao Cup,General Admission,63.7,2024-09-22 13:43:50,False
S003592,Arsenal vs Sheffield Utd,Carabao Cup,Away End,40.56,2025-01-20 04:52:31,True
S002036,Arsenal vs Tottenham,Premier League,General Admission,52.51,2025-01-23 18:01:34,True
S001268,Arsenal vs Bayern Munich,Champions League,General Admission,49.61,2025-03-11 19:25:19,True
S004379,Arsenal vs Luton,Premier League,Family Enclosure,54.1,2025-05-09 13:35:30,True
S001267,Arsenal vs Sheffield Utd,Carabao Cup,Away End,39.21,2025-08-04 10:13:05,True
S003655,Arsenal vs Tottenham,Premier League,General Admission,63.31,2024-11-27 15:41:31,False
S000780,Arsenal vs Man United,Premier League,Club Level,123.61,2024-10-23 09:39:55,False
S004390,Arsenal vs Sheffield Utd,Carabao Cup,Club Level,134.44,2025-06-13 21:19:51,False
S003731,Arsenal vs Luton,Premier League,General Admission,66.43,2025-09-09 00:20:11,True
S004388,Arsenal vs Man City,Premier League,Club Level,112.58,2025-07-21 12:03:24,True
S000967,Arsenal vs Bayern Munich,Champions League,General Admission,62.07,2024-09-28 04:09:21,True
S002922,Arsenal vs Bayern Munich,Champions League,Family Enclosure,54.07,2025-05-01 00:11:02,True
S000694,Arsenal vs Man City,Premier League,Club Level,136.72,2025-08-07 11:49:25,False
S002269,Arsenal vs Liverpool,Premier League,General Admission,63.51,2025-02-13 09:27:26,True
S004799,Arsenal vs Brighton,Premier League,General Admission,49.72,2024-10-10 15:07:53,True
S001296,Arsenal vs Tottenham,Premier League,Club Level,111.87,2025-05-31 09:38:15,False
S003371,Arsenal vs Bayern Munich,Champions League,Family Enclosure,44.26,2025-04-14 09:12:14,True
S001587,Arsenal vs Chelsea,Premier League,Family Enclosure,46.8,2024-11-12 14:35:11,False
S001196,Arsenal vs Fulham,Premier League,General Admission,52.83,2025-08-23 08:33:31,True
S003328,Arsenal vs Fulham,Premier League,Family Enclosure,42.49,2025-09-04 00:15:00,True
S003030,Arsenal vs Everton,Premier League,Family Enclosure,46.51,2024-09-27 20:05:35,True
S004102,Arsenal vs Sheffield Utd,Carabao Cup,General Admission,60.6,2025-05-16 08:28:20,True
S003449,Arsenal vs Luton,Premier League,Away End,38.84,2024-10-24 22:06:15,False
S001542,Arsenal vs Sheffield Utd,Carabao Cup,Club Level,124.13,2025-01-02 11:40:34,True
S004062,Arsenal vs Luton,Premier League,Away End,51.05,2024-12-30 08:12:45,True
S000062,Arsenal vs Brighton,Premier League,Family Enclosure,55.48,2024-12-12 02:54:22,True
S003032,Arsenal vs Real Madrid,Champions League,General Admission,69.45,2024-12-19 23:57:22,True
S001093,Arsenal vs Tottenham,Premier League,Club Level,148.26,2024-11-24 05:57:27,True
S003390,Arsenal vs Luton,Premier League,Club Level,138.67,2024-12-04 08:55:31,True
S001424,Arsenal vs Chelsea,Premier League,General Admission,63.55,2024-11-21 22:44:24,True
S002484,Arsenal vs Everton,Premier League,General Admission,62.87,2024-12-13 00:38:00,True
S002546,Arsenal vs Bayern Munich,Champions League,General Admission,57.5,2024-10-08 05:07:08,True
S003644,Arsenal vs Man City,Premier League,Club Level,129.6,2025-05-17 21:19:49,True
S003817,Arsenal vs Liverpool,Premier League,General Admission,70.98,2025-01-03 16:52:55,True
S000858,Arsenal vs Man City,Premier League,General Admission,64.42,2025-03-20 14:55:04,True
S003635,Arsenal vs Chelsea,Premier League,General Admission,66.36,2024-10-13 09:56:48,True
S001333,Arsenal vs Bayern Munich,Champions League,Family Enclosure,49.43,2024-12-02 17:34:04,True
S000609,Arsenal vs Chelsea,Premier League,Family Enclosure,56.35,2025-09-20 05:03:30,True
S004854,Arsenal vs Real Madrid,Champions League,General Admission,50.72,2025-05-24 09:12:57,True
S000350,Arsenal vs Tottenham,Premier League,Family Enclosure,49.94,2025-06-12 13:19:38,False
S004507,Arsenal vs Man City,Premier League,Away End,51.12,2024-10-27 12:22:23,True
S001158,Arsenal vs Luton,Premier League,Club Level,111.0,2025-08-16 03:04:34,True
S004186,Arsenal vs Real Madrid,Champions League,Hospitality,441.53,2025-05-07 04:27:01,True
S000163,Arsenal vs Tottenham,Premier League,Club Level,138.72,2025-06-05 01:23:31,True
S004611,Arsenal vs Brighton,Premier League,Family Enclosure,46.75,2025-05-01 10:48:24,True
S001767,Arsenal vs Chelsea,Premier League,General Admission,57.08,2025-09-04 00:19:32,True
S004814,Arsenal vs Tottenham,Premier League,Club Level,147.38,2025-03-30 05:30:41,False
S003567,Arsenal vs Chelsea,Premier League,Family Enclosure,53.68,2024-11-10 00:51:09,True
S001643,Arsenal vs Luton,Premier League,Away End,43.52,2025-02-16 12:10:50,True
S003987,Arsenal vs Bayern Munich,Champions League,General Admission,65.27,2024-12-28 16:52:41,True
S000823,Arsenal vs Tottenham,Premier League,Away End,36.65,2024-10-08 16:09:21,True
S003211,Arsenal vs Man United,Premier League,Club Level,137.91,2025-05-17 22:02:08,True
S002648,Arsenal vs Everton,Premier League,Hospitality,401.69,2024-12-01 18:55:33,True
S001570,Arsenal vs Sheffield Utd,Carabao Cup,Family Enclosure,57.64,2025-05-12 23:44:53,True
S000627,Arsenal vs Everton,Premier League,Club Level,129.38,2025-07-05 22:55:37,True
S004232,Arsenal vs Liverpool,Premier League,General Admission,61.86,2025-03-22 06:11:27,False
S003210,Arsenal vs Man City,Premier League,Away End,51.35,2025-04-22 14:32:29,True
S003026,Arsenal vs Fulham,Premier League,Family Enclosure,47.14,2025-03-15 04:48:19,True
S003387,Arsenal vs Tottenham,Premier League,Club Level,151.05,2024-11-01 04:13:32,False
S003891,Arsenal vs Fulham,Premier League,General Admission,70.4,2025-02-20 06:03:32,True
S004017,Arsenal vs Luton,Premier League,Hospitality,432.17,2025-07-15 06:09:08,True
S000413,Arsenal vs Man United,Premier League,General Admission,59.48,2025-03-09 10:41:19,True
S000265,Arsenal vs Chelsea,Premier League,General Admission,61.87,2025-02-26 03:51:24,True
S002341,Arsenal vs Sheffield Utd,Carabao Cup,General Admission,57.21,2025-08-25 18:23:45,False
S002197,Arsenal vs Man United,Premier League,General Admission,56.15,2025-07-03 04:56:08,True
S000756,Arsenal vs Sheffield Utd,Carabao Cup,General Admission,62.87,2024-11-21 12:11:33,False
S003049,Arsenal vs Sheffield Utd,Carabao Cup,General Admission,50.93,2025-01-06 04:54:43,True
S001462,Arsenal vs Real Madrid,Champions League,General Admission,64.89,2025-01-10 14:05:49,True
S001521,Arsenal vs Fulham,Premier League,General Admission,62.93,2025-04-08 18:44:14,True
S000859,Arsenal vs Man City,Premier League,Family Enclosure,42.37,2025-01-16 08:20:37,True
S003961,Arsenal vs Brighton,Premier League,General Admission,69.81,2024-12-28 08:29:59,True
S003788,Arsenal vs Bayern Munich,Champions League,Hospitality,443.85,2025-05-14 09:33:29,True
S000062,Arsenal vs Everton,Premier League,General Admission,57.1,2024-09-28 18:35:33,True
S003898,Arsenal vs Sheffield Utd,Carabao Cup,Hospitality,391.43,2025-02-25 23:58:34,True
S000049,Arsenal vs Sheffield Utd,Carabao Cup,Away End,48.59,2024-11-02 11:24:31,True
S001111,Arsenal vs Everton,Premier League,Hospitality,322.95,2024-10-15 12:52:28,True
S004314,Arsenal vs Chelsea,Premier League,General Admission,54.12,2025-07-04 00:59:54,True
S000448,Arsenal vs Everton,Premier League,General Admission,65.18,2025-03-24 05:42:58,True
S001642,Arsenal vs Man United,Premier League,General Admission,60.81,2025-04-07 18:41:47,True
S004258,Arsenal vs Everton,Premier League,General Admission,57.38,2025-06-01 10:33:26,True
S000887,Arsenal vs Everton,Premier League,Away End,40.87,2025-06-02 00:24:31,False
S004517,Arsenal vs Liverpool,Premier League,General Admission,58.63,2025-09-07 03:21:07,True
S004139,Arsenal vs Liverpool,Premier League,Family Enclosure,56.76,2025-01-27 13:44:46,False
S000666,Arsenal vs Real Madrid,Champions League,General Admission,58.66,2025-02-15 06:50:13,False
S000544,Arsenal vs Real Madrid,Champions League,General Admission,58.98,2025-01-07 04:55:22,True
S004709,Arsenal vs Man United,Premier League,General Admission,51.83,2025-08-30 09:25:32,True
S004835,Arsenal vs Liverpool,Premier League,Club Level,147.87,2025-05-08 01:43:44,True
S003137,Arsenal vs Chelsea,Premier League,Club Level,135.38,2025-09-11 09:24:49,True
S002720,Arsenal vs Sheffield Utd,Carabao Cup,Hospitality,316.03,2024-11-23 18:23:58,True
S003649,Arsenal vs Man United,Premier League,Family Enclosure,47.2,2024-11-29 06:44:49,False
S003107,Arsenal vs Fulham,Premier League,Family Enclosure,55.97,2025-06-03 09:38:26,True
S000538,Arsenal vs Bayern Munich,Champions League,Club Level,114.78,2025-06-25 19:00:04,True
S002316,Arsenal vs Liverpool,Premier League,General Admission,52.64,2025-04-16 02:07:27,False
S002235,Arsenal vs Luton,Premier League,Family Enclosure,46.04,2024-11-27 15:33:28,True
S000644,Arsenal vs Chelsea,Premier League,General Admission,60.37,2025-08-21 12:05:32,True
S002664,Arsenal vs Fulham,Premier League,Club Level,132.21,2025-05-17 11:46:58,False
S004704,Arsenal vs Luton,Premier League,Hospitality,353.26,2025-05-17 23:05:06,True
S003381,Arsenal vs Liverpool,Premier League,Hospitality,395.4,2025-04-15 01:42:10,False
S003880,Arsenal vs Everton,Premier League,Club Level,123.16,2024-12-05 22:42:43,True
S002962,Arsenal vs Sheffield Utd,Carabao Cup,General Admission,56.46,2025-09-11 04:02:12,False
S000390,Arsenal vs Luton,Premier League,Family Enclosure,52.71,2025-01-21 06:05:42,True
S001238,Arsenal vs Tottenham,Premier League,General Admission,63.26,2025-08-11 19:41:48,True
S000396,Arsenal vs Luton,Premier League,Club Level,137.18,2025-01-29 12:36:13,True
S004526,Arsenal vs Man City,Premier League,General Admission,57.34,2025-08-29 01:53:55,True
S003262,Arsenal vs Brighton,Premier League,Family Enclosure,43.59,2025-02-03 00:45:26,True
S002968,Arsenal vs Man City,Premier League,General Admission,70.59,2025-02-09 12:07:36,True
S002647,Arsenal vs Brighton,Premier League,Club Level,142.91,2024-11-18 06:57:02,True
S004170,Arsenal vs Tottenham,Premier League,General Admission,69.29,2025-08-19 10:25:07,True
S003187,Arsenal vs Real Madrid,Champions League,Club Level,149.89,2024-10-15 01:59:05,True
S001727,Arsenal vs Liverpool,Premier League,General Admission,69.11,2024-11-10 20:57:33,True
S001981,Arsenal vs Everton,Premier League,Club Level,132.34,2024-12-24 19:58:30,True
S001068,Arsenal vs Fulham,Premier League,Club Level,149.7,2025-04-12 02:54:51,False
S001496,Arsenal vs Tottenham,Premier League,Away End,51.94,2024-12-06 17:48:17,True
S002618,Arsenal vs Man United,Premier League,Away End,37.12,2024-12-08 15:58:13,False
S002261,Arsenal vs Brighton,Premier League,Family Enclosure,43.4,2025-01-18 00:16:57,False
S000748,Arsenal vs Sheffield Utd,Carabao Cup,General Admission,59.6,2025-07-08 19:18:37,True
S000009,Arsenal vs Brighton,Premier League,Away End,44.61,2025-06-21 07:01:03,True
S004056,Arsenal vs Chelsea,Premier League,General Admission,52.2,2025-05-13 02:06:25,True
S004622,Arsenal vs Tottenham,Premier League,Club Level,150.71,2024-10-03 17:36:26,False
S001497,Arsenal vs Tottenham,Premier League,General Admission,53.99,2024-12-03 13:30:57,True
S000470,Arsenal vs Chelsea,Premier League,General Admission,66.11,2025-08-26 03:22:11,True
S004434,Arsenal vs Brighton,Premier League,Club Level,134.15,2024-11-24 14:46:22,True
S000176,Arsenal vs Bayern Munich,Champions League,General Admission,54.45,2025-08-23 02:41:58,True
S000096,Arsenal vs Liverpool,Premier League,Family Enclosure,56.75,2025-09-04 18:52:29,True
S000735,Arsenal vs Real Madrid,Champions League,General Admission,64.56,2024-12-05 07:07:27,True
S002412,Arsenal vs Man United,Premier League,Family Enclosure,43.6,2025-05-26 14:15:54,True
S004343,Arsenal vs Man United,Premier League,Club Level,148.78,2025-04-30 19:08:56,True
S001036,Arsenal vs Sheffield Utd,Carabao Cup,General Admission,68.92,2024-10-26 19:30:04,True
S001174,Arsenal vs Tottenham,Premier League,Family Enclosure,41.69,2024-10-17 20:52:47,True
S000439,Arsenal vs Real Madrid,Champions League,General Admission,58.7,2025-03-28 12:27:17,True
S000223,Arsenal vs Fulham,Premier League,General Admission,57.67,2025-07-23 18:38:35,True
S002020,Arsenal vs Fulham,Premier League,General Admission,49.7,2025-01-29 18:23:13,True
S001915,Arsenal vs Sheffield Utd,Carabao Cup,General Admission,58.08,2024-12-27 04:38:47,True
S004902,Arsenal vs Liverpool,Premier League,Club Level,127.06,2025-07-25 23:50:27,True
S004732,Arsenal vs Bayern Munich,Champions League,Family Enclosure,43.11,2024-10-21 12:27:29,True
S001111,Arsenal vs Man United,Premier League,Club Level,118.18,2025-05-12 15:12:53,True
S002719,Arsenal vs Everton,Premier League,Hospitality,422.98,2025-09-14 16:59:35,True
S002150,Arsenal vs Sheffield Utd,Carabao Cup,General Admission,57.43,2025-03-09 11:00:26,True
S000204,Arsenal vs Real Madrid,Champions League,General Admission,58.48,2025-06-28 11:18:40,True
S000569,Arsenal vs Bayern Munich,Champions League,General Admission,66.55,2025-09-04 21:41:14,False
S001264,Arsenal vs Sheffield Utd,Carabao Cup,Hospitality,423.06,2025-04-15 17:06:31,False
S003537,Arsenal vs Brighton,Premier League,Family Enclosure,51.26,2025-08-02 13:06:16,True
S004273,Arsenal vs Fulham,Premier League,General Admission,71.29,2024-11-17 05:16:36,True
S001710,Arsenal vs Man City,Premier League,General Admission,65.71,2025-08-27 06:23:06,True
S000605,Arsenal vs Luton,Premier League,Family Enclosure,51.6,2025-08-08 22:46:45,False
S001629,Arsenal vs Tottenham,Premier League,General Admission,56.02,2025-01-31 22:45:55,False
S004527,Arsenal vs Real Madrid,Champions League,General Admission,65.62,2025-03-24 09:50:01,False
S004964,Arsenal vs Man United,Premier League,General Admission,52.58,2025-04-04 23:25:49,True
S002504,Arsenal vs Sheffield Utd,Carabao Cup,Family Enclosure,53.94,2025-01-07 23:43:20,False
S000271,Arsenal vs Sheffield Utd,Carabao Cup,General Admission,67.9,2025-03-08 10:44:20,True
S003978,Arsenal vs Man United,Premier League,Away End,38.59,2024-10-20 17:46:10,True
S001503,Arsenal vs Bayern Munich,Champions League,Family Enclosure,49.74,2024-10-05 18:20:37,True
S004439,Arsenal vs Fulham,Premier League,Club Level,130.63,2025-03-17 17:02:18,True
S000518,Arsenal vs Sheffield Utd,Carabao Cup,Club Level,121.39,2025-01-11 08:40:58,True
S002667,Arsenal vs Tottenham,Premier League,Club Level,138.58,2025-05-02 13:17:41,True
S003735,Arsenal vs Chelsea,Premier League,General Admission,57.61,2024-12-21 02:26:52,True
S004959,Arsenal vs Chelsea,Premier League,General Admission,61.79,2025-09-02 03:00:04,True
S002879,Arsenal vs Sheffield Utd,Carabao Cup,General Admission,66.15,2025-06-28 05:41:47,True
S003685,Arsenal vs Tottenham,Premier League,General Admission,67.01,2025-01-24 02:09:37,True
S003531,Arsenal vs Tottenham,Premier League,General Admission,57.7,2025-03-30 09:43:07,True
S003594,Arsenal vs Fulham,Premier League,General Admission,71.13,2025-05-28 03:19:29,False
S004274,Arsenal vs Brighton,Premier League,Family Enclosure,51.95,2025-07-13 05:07:10,True
S002483,Arsenal vs Sheffield Utd,Carabao Cup,Club Level,146.56,2024-09-25 01:34:53,True
S004259,Arsenal vs Brighton,Premier League,General Admission,63.3,2025-04-28 11:32:26,True
S003110,Arsenal vs Fulham,Premier League,Family Enclosure,52.78,2024-10-23 18:05:44,True
S002955,Arsenal vs Real Madrid,Champions League,Away End,39.43,2025-04-03 23:11:21,True
S000878,Arsenal vs Sheffield Utd,Carabao Cup,General Admission,52.99,2025-08-01 14:19:15,True
S002441,Arsenal vs Fulham,Premier League,General Admission,53.21,2024-11-08 15:56:50,True
S002789,Arsenal vs Sheffield Utd,Carabao Cup,Hospitality,386.55,2025-01-21 10:40:39,True
S004051,Arsenal vs Sheffield Utd,Carabao Cup,Club Level,127.35,2025-02-02 18:13:37,True
S000343,Arsenal vs Tottenham,Premier League,Club Level,111.81,2025-04-09 07:29:11,False
S001494,Arsenal vs Everton,Premier League,Club Level,153.59,2025-06-07 13:23:28,False
S002076,Arsenal vs Liverpool,Premier League,Club Level,133.82,2024-12-26 21:22:16,True
S001201,Arsenal vs Sheffield Utd,Carabao Cup,General Admission,62.42,2025-06-18 19:23:05,True
S001368,Arsenal vs Man United,Premier League,General Admission,68.69,2024-10-27 01:43:04,True
S002925,Arsenal vs Everton,Premier League,Away End,36.31,2025-04-11 20:11:21,True
S004032,Arsenal vs Fulham,Premier League,Family Enclosure,41.7,2025-08-10 10:20:41,True
S003663,Arsenal vs Brighton,Premier League,Hospitality,333.24,2025-05-19 09:45:48,True
S000631,Arsenal vs Fulham,Premier League,General Admission,50.76,2025-08-05 07:03:26,True
S001029,Arsenal vs Real Madrid,Champions League,General Admission,68.32,2025-08-16 13:51:35,True
S002320,Arsenal vs Brighton,Premier League,General Admission,50.73,2025-06-09 17:17:19,True
S000689,Arsenal vs Chelsea,Premier League,General Admission,68.43,2025-01-29 04:55:03,True
S001521,Arsenal vs Man City,Premier League,General Admission,59.62,2025-08-10 12:19:00,True
S001106,Arsenal vs Man United,Premier League,General Admission,63.88,2025-05-03 18:34:07,True
S001400,Arsenal vs Chelsea,Premier League,General Admission,59.66,2025-03-28 13:43:22,False
S004474,Arsenal vs Liverpool,Premier League,General Admission,57.28,2024-12-25 00:22:02,True
S002644,Arsenal vs Sheffield Utd,Carabao Cup,General Admission,63.98,2024-12-04 16:53:10,True
S004315,Arsenal vs Fulham,Premier League,General Admission,52.97,2024-09-24 20:34:20,True
S000830,Arsenal vs Tottenham,Premier League,Club Level,130.3,2025-05-01 16:12:49,False
S001042,Arsenal vs Man City,Premier League,Club Level,108.44,2024-12-30 12:28:30,True
S003901,Arsenal vs Sheffield Utd,Carabao Cup,Hospitality,349.09,2025-06-08 05:42:53,True
S003477,Arsenal vs Man United,Premier League,Club Level,115.03,2024-10-04 17:15:20,False
S001236,Arsenal vs Chelsea,Premier League,Family Enclosure,58.17,2025-03-03 03:41:26,True
S004012,Arsenal vs Chelsea,Premier League,Hospitality,322.42,2025-01-07 18:02:48,True
S003174,Arsenal vs Real Madrid,Champions League,General Admission,60.81,2025-08-11 01:36:32,True
S004518,Arsenal vs Liverpool,Premier League,Hospitality,405.01,2025-07-11 09:56:38,False
S002548,Arsenal vs Bayern Munich,Champions League,General Admission,51.35,2025-05-23 08:53:29,True
S000945,Arsenal vs Chelsea,Premier League,Hospitality,417.39,2025-08-25 18:00:44,True
S000982,Arsenal vs Fulham,Premier League,General Admission,57.44,2025-02-05 06:20:18,True
S002106,Arsenal vs Fulham,Premier League,Club Level,129.11,2024-12-12 18:53:56,True
S003225,Arsenal vs Real Madrid,Champions League,General Admission,54.01,2025-08-10 07:09:57,True
S004991,Arsenal vs Liverpool,Premier League,General Admission,50.1,2024-11-07 05:20:31,True
S003615,Arsenal vs Tottenham,Premier League,Family Enclosure,49.42,2025-08-28 02:33:11,True
S002751,Arsenal vs Man United,Premier League,General Admission,53.26,2025-08-12 00:52:41,False
S000932,Arsenal vs Everton,Premier League,Club Level,135.91,2024-12-06 02:12:14,True
S001785,Arsenal vs Sheffield Utd,Carabao Cup,Hospitality,365.52,2024-11-21 13:12:24,True
S004960,Arsenal vs Sheffield Utd,Carabao Cup,Club Level,113.96,2024-10-22 20:33:11,True
S003134,Arsenal vs Tottenham,Premier League,Family Enclosure,48.19,2025-05-28 16:24:10,True
S001205,Arsenal vs Man United,Premier League,General Admission,64.06,2025-01-24 23:00:23,False
S004033,Arsenal vs Fulham,Premier League,Family Enclosure,42.83,2024-11-23 18:57:31,False
S004003,Arsenal vs Tottenham,Premier League,General Admission,59.95,2025-08-09 22:10:44,True
S000459,Arsenal vs Liverpool,Premier League,Club Level,127.37,2024-11-12 14:56:14,True
S004222,Arsenal vs Man United,Premier League,Club Level,152.11,2024-11-04 22:36:16,True
S001846,Arsenal vs Man City,Premier League,General Admission,49.94,2025-03-31 10:17:05,True
S003829,Arsenal vs Tottenham,Premier League,General Admission,57.55,2025-05-26 09:52:20,True
S004919,Arsenal vs Everton,Premier League,General Admission,56.24,2025-01-08 02:43:21,True
S003036,Arsenal vs Luton,Premier League,Club Level,118.03,2024-10-25 15:22:45,True
S003397,Arsenal vs Chelsea,Premier League,General Admission,52.2,2025-07-21 14:43:14,True
S000406,Arsenal vs Fulham,Premier League,Hospitality,376.72,2024-11-21 06:16:09,False
S000555,Arsenal vs Bayern Munich,Champions League,General Admission,64.46,2025-08-27 07:27:58,False
S001250,Arsenal vs Man United,Premier League,General Admission,56.17,2025-03-11 23:21:55,True
S002132,Arsenal vs Bayern Munich,Champions League,Away End,40.92,2024-12-23 20:11:28,True
S003682,Arsenal vs Fulham,Premier League,General Admission,60.27,2025-06-10 21:05:57,True
S004962,Arsenal vs Fulham,Premier League,General Admission,63.75,2025-02-05 23:55:02,True
S002688,Arsenal vs Tottenham,Premier League,General Admission,50.07,2025-01-23 20:13:31,True
S003576,Arsenal vs Bayern Munich,Champions League,General Admission,69.34,2025-01-14 20:18:11,True
S002721,Arsenal vs Luton,Premier League,Away End,42.93,2025-07-10 11:44:17,True
S001808,Arsenal vs Liverpool,Premier League,General Admission,55.58,2025-02-09 14:36:08,True
S004582,Arsenal vs Brighton,Premier League,Family Enclosure,52.07,2025-08-30 13:19:53,True
S003761,Arsenal vs Man City,Premier League,Hospitality,414.16,2024-12-29 09:08:34,True
S001722,Arsenal vs Tottenham,Premier League,General Admission,49.85,2025-02-27 23:52:04,True
S000202,Arsenal vs Brighton,Premier League,Club Level,148.28,2025-07-29 23:11:54,True
S001104,Arsenal vs Brighton,Premier League,General Admission,54.07,2025-09-11 12:54:48,True
S000672,Arsenal vs Sheffield Utd,Carabao Cup,Away End,36.03,2025-04-29 23:43:11,True
S003045,Arsenal vs Fulham,Premier League,General Admission,56.35,2024-09-28 12:38:37,True
S003828,Arsenal vs Bayern Munich,Champions League,Club Level,128.28,2025-02-12 02:43:43,False
S001348,Arsenal vs Luton,Premier League,Family Enclosure,52.91,2024-12-20 00:13:29,False
S001932,Arsenal vs Sheffield Utd,Carabao Cup,General Admission,50.33,2025-06-16 02:32:19,True
S000565,Arsenal vs Man United,Premier League,General Admission,61.25,2025-07-03 10:44:41,True
S003418,Arsenal vs Bayern Munich,Champions League,General Admission,60.09,2025-01-13 16:08:34,True
S001643,Arsenal vs Bayern Munich,Champions League,General Admission,55.9,2025-01-02 20:27:55,True
S001782,Arsenal vs Fulham,Premier League,Away End,37.74,2025-03-25 14:16:41,True
S004392,Arsenal vs Luton,Premier League,Family Enclosure,48.65,2025-03-13 05:42:45,False
S001007,Arsenal vs Tottenham,Premier League,Club Level,114.17,2025-04-05 21:42:54,True
S001049,Arsenal vs Fulham,Premier League,General Admission,62.92,2025-06-07 22:52:19,False
S002750,Arsenal vs Liverpool,Premier League,Hospitality,411.33,2024-11-13 04:20:39,True
S003767,Arsenal vs Tottenham,Premier League,Family Enclosure,44.87,2025-05-15 21:07:17,True
S002117,Arsenal vs Man City,Premier League,Club Level,111.57,2025-08-05 22:12:15,True
S003911,Arsenal vs Luton,Premier League,General Admission,58.66,2025-01-04 22:55:43,True
S004077,Arsenal vs Brighton,Premier League,Club Level,117.98,2025-09-09 10:31:46,True
S003359,Arsenal vs Liverpool,Premier League,Family Enclosure,56.26,2024-12-05 03:41:55,False
S003539,Arsenal vs Bayern Munich,Champions League,Club Level,128.94,2025-02-17 06:50:33,True
S001552,Arsenal vs Tottenham,Premier League,General Admission,51.93,2025-01-03 06:51:19,True
S001837,Arsenal vs Fulham,Premier League,General Admission,68.54,2025-05-30 07:42:49,False
S002835,Arsenal vs Tottenham,Premier League,General Admission,62.4,2025-08-31 18:09:01,True
S004448,Arsenal vs Man United,Premier League,Family Enclosure,50.9,2025-04-16 00:18:47,False
S002380,Arsenal vs Man City,Premier League,Club Level,123.38,2025-08-28 23:51:02,True
S000821,Arsenal vs Real Madrid,Champions League,Family Enclosure,56.59,2025-06-30 02:14:32,True
S000904,Arsenal vs Bayern Munich,Champions League,Away End,49.16,2025-07-04 13:24:38,True
S000054,Arsenal vs Fulham,Premier League,General Admission,53.05,2025-06-24 22:42:40,True
S003101,Arsenal vs Chelsea,Premier League,Club Level,150.89,2024-10-28 09:17:01,True
S001073,Arsenal vs Bayern Munich,Champions League,Family Enclosure,57.98,2025-08-02 02:00:32,True
S003527,Arsenal vs Chelsea,Premier League,Club Level,136.57,2025-04-11 06:24:34,True
S002752,Arsenal vs Liverpool,Premier League,Hospitality,315.48,2025-05-05 03:40:22,True
S002235,Arsenal vs Tottenham,Premier League,Family Enclosure,51.92,2025-01-23 00:47:13,True
S004924,Arsenal vs Man United,Premier League,General Admission,53.72,2024-10-14 19:17:17,True
S002417,Arsenal vs Sheffield Utd,Carabao Cup,Hospitality,454.95,2025-09-06 06:01:37,True
S002175,Arsenal vs Tottenham,Premier League,Family Enclosure,50.74,2024-10-12 23:38:09,True
S001049,Arsenal vs Luton,Premier League,General Admission,63.96,2024-10-15 04:38:14,True
S002894,Arsenal vs Tottenham,Premier League,General Admission,67.05,2025-07-04 04:47:08,True
S002460,Arsenal vs Tottenham,Premier League,Club Level,137.25,2025-06-11 01:47:02,False
S004317,Arsenal vs Sheffield Utd,Carabao Cup,Club Level,131.68,2025-09-13 00:11:49,True
S002343,Arsenal vs Everton,Premier League,General Admission,62.86,2025-02-13 02:13:31,True
S000994,Arsenal vs Bayern Munich,Champions League,Away End,40.36,2024-09-29 01:21:14,True
S000368,Arsenal vs Sheffield Utd,Carabao Cup,General Admission,60.28,2025-04-30 22:28:04,True
S003318,Arsenal vs Man United,Premier League,Club Level,124.52,2025-08-26 18:44:54,True
S001821,Arsenal vs Real Madrid,Champions League,General Admission,68.06,2025-08-10 09:21:26,True
S002797,Arsenal vs Brighton,Premier League,Club Level,137.36,2025-01-25 03:50:14,True
S003622,Arsenal vs Luton,Premier League,Club Level,147.93,2025-02-01 19:14:12,True
S001970,Arsenal vs Brighton,Premier League,Club Level,121.33,2025-01-28 12:22:28,True
S003200,Arsenal vs Chelsea,Premier League,General Admission,50.85,2024-10-24 15:17:09,False
S004074,Arsenal vs Bayern Munich,Champions League,General Admission,50.44,2024-11-24 22:32:31,False
S003735,Arsenal vs Everton,Premier League,Club Level,152.14,2024-12-05 08:07:25,True
S003772,Arsenal vs Tottenham,Premier League,General Admission,62.62,2024-10-11 08:41:54,True
S001378,Arsenal vs Real Madrid,Champions League,General Admission,55.47,2025-03-06 23:10:50,True
S001366,Arsenal vs Sheffield Utd,Carabao Cup,General Admission,56.76,2025-07-30 03:39:05,True
S003685,Arsenal vs Chelsea,Premier League,Club Level,149.05,2024-09-28 10:40:18,True
S004086,Arsenal vs Tottenham,Premier League,Club Level,138.51,2025-01-02 22:36:35,True
S003066,Arsenal vs Luton,Premier League,General Admission,55.28,2025-07-08 21:08:46,True
S004731,Arsenal vs Sheffield Utd,Carabao Cup,General Admission,58.92,2025-01-16 03:37:48,False
S002399,Arsenal vs Sheffield Utd,Carabao Cup,Family Enclosure,45.46,2025-06-02 17:40:39,False
S003992,Arsenal vs Everton,Premier League,Hospitality,330.19,2025-09-05 13:01:43,True
S003481,Arsenal vs Man United,Premier League,General Admission,53.58,2025-03-07 09:19:11,True
S003594,Arsenal vs Tottenham,Premier League,Hospitality,453.06,2025-08-13 19:25:36,True
S000062,Arsenal vs Brighton,Premier League,General Admission,63.43,2025-04-17 13:56:58,False
S000790,Arsenal vs Fulham,Premier League,General Admission,53.76,2025-07-12 05:27:22,True
S000099,Arsenal vs Fulham,Premier League,Family Enclosure,49.24,2025-06-08 14:01:56,True
S000026,Arsenal vs Everton,Premier League,Club Level,144.21,2025-07-17 06:55:05,True
S004475,Arsenal vs Tottenham,Premier League,General Admission,63.08,2025-02-26 23:08:49,True
S001937,Arsenal vs Bayern Munich,Champions League,General Admission,49.83,2025-05-24 19:17:28,True
S002926,Arsenal vs Real Madrid,Champions League,General Admission,65.61,2025-02-16 14:10:53,True
S001791,Arsenal vs Everton,Premier League,Family Enclosure,42.21,2024-10-09 03:41:32,True
S004258,Arsenal vs Luton,Premier League,General Admission,65.54,2025-02-14 15:49:43,True
S004455,Arsenal vs Chelsea,Premier League,General Admission,67.32,2025-05-23 13:00:38,True
S003606,Arsenal vs Luton,Premier League,Away End,44.92,2025-06-16 00:01:15,True
S002185,Arsenal vs Tottenham,Premier League,Club Level,129.19,2025-06-16 11:14:23,True
S000140,Arsenal vs Fulham,Premier League,General Admission,60.47,2024-10-09 22:02:54,True
S001916,Arsenal vs Brighton,Premier League,Club Level,146.97,2025-09-12 06:00:37,False
S002243,Arsenal vs Brighton,Premier League,Club Level,137.92,2025-02-09 09:59:04,False
S001013,Arsenal vs Bayern Munich,Champions League,Away End,43.95,2025-04-11 00:40:04,True
S004080,Arsenal vs Sheffield Utd,Carabao Cup,General Admission,63.23,2024-10-13 01:37:13,True
S001357,Arsenal vs Everton,Premier League,Hospitality,410.38,2025-04-10 23:55:39,False
S000029,Arsenal vs Brighton,Premier League,Hospitality,392.92,2025-07-02 01:59:42,True
S003349,Arsenal vs Bayern Munich,Champions League,Club Level,148.96,2024-11-18 03:47:33,True
S000488,Arsenal vs Liverpool,Premier League,Away End,40.56,2025-04-27 23:22:43,True
S002007,Arsenal vs Liverpool,Premier League,General Admission,69.17,2024-11-14 19:34:37,False
S000543,Arsenal vs Bayern Munich,Champions League,Away End,44.79,2024-10-08 04:14:46,True
S001659,Arsenal vs Brighton,Premier League,Club Level,127.88,2025-06-29 04:44:25,True
S004221,Arsenal vs Man United,Premier League,Club Level,146.57,2025-04-29 23:48:04,False
S000402,Arsenal vs Real Madrid,Champions League,General Admission,57.44,2024-11-04 23:39:09,False
S001186,Arsenal vs Real Madrid,Champions League,Family Enclosure,47.39,2024-11-26 11:52:03,False
S001824,Arsenal vs Everton,Premier League,Club Level,136.44,2025-05-29 21:20:02,True
S002040,Arsenal vs Man City,Premier League,General Admission,58.6,2024-09-25 08:09:13,True
S001231,Arsenal vs Sheffield Utd,Carabao Cup,Hospitality,405.86,2024-10-01 02:13:19,True
S001519,Arsenal vs Brighton,Premier League,General Admission,67.54,2024-11-14 19:51:56,True
S002505,Arsenal vs Everton,Premier League,Family Enclosure,55.71,2025-05-05 03:36:18,False
S002119,Arsenal vs Bayern Munich,Champions League,Club Level,153.51,2024-10-20 09:14:14,True
S002703,Arsenal vs Fulham,Premier League,Hospitality,318.15,2025-06-09 07:19:10,False
S002318,Arsenal vs Fulham,Premier League,General Admission,65.74,2025-06-28 03:58:48,True
S002677,Arsenal vs Sheffield Utd,Carabao Cup,General Admission,64.28,2025-03-29 14:41:18,True
S000964,Arsenal vs Luton,Premier League,Family Enclosure,47.82,2025-07-09 06:05:46,True
S001234,Arsenal vs Sheffield Utd,Carabao Cup,Away End,46.28,2025-03-26 07:51:16,True
S000044,Arsenal vs Man United,Premier League,Family Enclosure,45.29,2025-09-02 22:20:43,True
S003624,Arsenal vs Luton,Premier League,Club Level,108.65,2025-06-11 02:22:55,True
S003050,Arsenal vs Real Madrid,Champions League,General Admission,70.41,2025-07-18 17:19:40,True
S001956,Arsenal vs Luton,Premier League,General Admission,50.51,2025-03-19 13:35:04,True
S002145,Arsenal vs Brighton,Premier League,Hospitality,392.55,2025-07-15 11:50:01,True
S003228,Arsenal vs Luton,Premier League,Away End,39.89,2024-11-17 12:17:46,False
S002233,Arsenal vs Chelsea,Premier League,General Admission,69.06,2025-08-22 02:15:27,True
S003920,Arsenal vs Liverpool,Premier League,General Admission,55.06,2024-09-26 19:21:05,True
S002940,Arsenal vs Man City,Premier League,General Admission,58.99,2025-02-15 06:14:18,True
S003258,Arsenal vs Fulham,Premier League,General Admission,60.07,2024-12-16 06:26:32,True
S002512,Arsenal vs Fulham,Premier League,Club Level,148.7,2024-12-15 14:39:22,True
S000467,Arsenal vs Everton,Premier League,Club Level,135.53,2025-01-20 02:53:41,True
S002524,Arsenal vs Luton,Premier League,General Admission,70.05,2025-04-23 21:20:31,False
S002002,Arsenal vs Fulham,Premier League,General Admission,60.0,2025-09-02 14:37:36,True
S004187,Arsenal vs Bayern Munich,Champions League,General Admission,53.14,2024-09-25 17:36:05,True
S002981,Arsenal vs Real Madrid,Champions League,Away End,40.91,2025-05-23 09:41:15,True
S000718,Arsenal vs Fulham,Premier League,Hospitality,352.0,2025-08-15 01:08:03,True
S003327,Arsenal vs Everton,Premier League,General Admission,52.45,2025-01-12 18:22:59,True
S001220,Arsenal vs Fulham,Premier League,Club Level,140.37,2025-04-22 01:20:41,True
S004862,Arsenal vs Real Madrid,Champions League,Family Enclosure,46.33,2025-06-07 10:22:56,True
S000454,Arsenal vs Liverpool,Premier League,Hospitality,370.3,2025-09-04 15:55:10,True
S001445,Arsenal vs Man City,Premier League,General Admission,60.61,2025-03-08 03:54:10,True
S000177,Arsenal vs Man United,Premier League,General Admission,62.03,2025-09-16 04:37:50,True
S001325,Arsenal vs Bayern Munich,Champions League,Hospitality,438.23,2025-03-02 14:14:13,False
S002985,Arsenal vs Everton,Premier League,General Admission,69.83,2025-05-25 04:07:41,False
S003115,Arsenal vs Brighton,Premier League,Club Level,113.91,2025-07-09 14:06:48,True
S001861,Arsenal vs Fulham,Premier League,Family Enclosure,45.8,2025-05-10 12:44:47,True
S001243,Arsenal vs Tottenham,Premier League,General Admission,67.67,2025-01-04 20:10:51,True
S004532,Arsenal vs Fulham,Premier League,Away End,49.8,2025-04-24 14:42:22,True
S001309,Arsenal vs Tottenham,Premier League,Family Enclosure,50.58,2025-08-24 08:52:28,True
S000503,Arsenal vs Liverpool,Premier League,General Admission,62.24,2024-09-23 01:00:52,True
S002476,Arsenal vs Luton,Premier League,Family Enclosure,51.73,2024-11-29 20:39:14,True
S000253,Arsenal vs Brighton,Premier League,Hospitality,438.61,2025-01-08 19:30:45,True
S003371,Arsenal vs Man United,Premier League,Hospitality,420.07,2025-03-13 18:11:09,True
S002705,Arsenal vs Tottenham,Premier League,General Admission,55.02,2024-10-03 21:12:40,True
S002037,Arsenal vs Brighton,Premier League,General Admission,66.3,2025-07-11 09:03:27,True
S004614,Arsenal vs Real Madrid,Champions League,Hospitality,401.63,2025-07-25 04:08:07,True
S000430,Arsenal vs Luton,Premier League,Family Enclosure,51.96,2025-08-18 02:41:51,True
S004325,Arsenal vs Real Madrid,Champions League,General Admission,70.07,2025-08-29 11:00:27,True
S003913,Arsenal vs Chelsea,Premier League,General Admission,61.18,2025-03-26 23:34:52,False
S003408,Arsenal vs Everton,Premier League,Away End,51.21,2025-06-15 10:48:15,True
S004797,Arsenal vs Man City,Premier League,Club Level,144.71,2025-04-12 21:08:42,False
S002378,Arsenal vs Liverpool,Premier League,General Admission,51.23,2025-01-04 02:52:42,True
S004287,Arsenal vs Everton,Premier League,Hospitality,405.54,2024-09-24 00:59:37,True
S003238,Arsenal vs Brighton,Premier League,General Admission,67.72,2025-03-30 09:30:35,False
S003705,Arsenal vs Everton,Premier League,Hospitality,379.85,2025-09-17 22:49:54,True
S004669,Arsenal vs Chelsea,Premier League,General Admission,69.81,2025-08-07 21:46:25,True
S002466,Arsenal vs Man City,Premier League,General Admission,64.93,2025-05-31 01:56:05,True
S000087,Arsenal vs Bayern Munich,Champions League,General Admission,67.73,2025-03-31 11:40:42,True
S002063,Arsenal vs Brighton,Premier League,General Admission,66.9,2024-11-24 04:24:39,False
S000819,Arsenal vs Luton,Premier League,General Admission,69.03,2025-09-11 16:37:40,True
S003885,Arsenal vs Fulham,Premier League,General Admission,50.1,2024-12-28 12:35:39,True
S004570,Arsenal vs Chelsea,Premier League,Away End,48.68,2025-02-03 07:00:12,False
S004294,Arsenal vs Sheffield Utd,Carabao Cup,General Admission,53.34,2024-12-09 04:07:13,False
S002117,Arsenal vs Chelsea,Premier League,Club Level,128.25,2025-02-27 03:17:39,True
S003789,Arsenal vs Brighton,Premier League,Club Level,139.25,2025-07-29 22:24:09,True
S000631,Arsenal vs Real Madrid,Champions League,General Admission,63.17,2025-09-18 15:40:38,True
S003741,Arsenal vs Sheffield Utd,Carabao Cup,General Admission,52.21,2025-02-02 06:52:59,True
S002101,Arsenal vs Chelsea,Premier League,General Admission,67.05,2024-11-18 12:32:48,True
S004634,Arsenal vs Bayern Munich,Champions League,Hospitality,353.42,2024-11-05 09:16:39,True
S003051,Arsenal vs Liverpool,Premier League,Family Enclosure,51.54,2025-09-08 03:04:07,False
S001238,Arsenal vs Everton,Premier League,Away End,47.39,2025-03-06 08:37:03,True
S002442,Arsenal vs Real Madrid,Champions League,Club Level,136.14,2024-10-11 07:19:01,True
S001342,Arsenal vs Sheffield Utd,Carabao Cup,General Admission,52.9,2024-10-28 09:39:41,False
S003809,Arsenal vs Brighton,Premier League,General Admission,60.22,2024-11-16 13:29:49,True
S000607,Arsenal vs Chelsea,Premier League,General Admission,70.01,2024-10-30 17:17:26,True
S002020,Arsenal vs Man City,Premier League,General Admission,56.49,2025-08-04 17:43:34,True
S003235,Arsenal vs Everton,Premier League,Family Enclosure,52.28,2025-05-06 00:33:32,True
S004960,Arsenal vs Luton,Premier League,Family Enclosure,49.07,2025-02-08 23:13:18,True
S003140,Arsenal vs Sheffield Utd,Carabao Cup,Hospitality,428.46,2025-09-20 06:07:52,True
S004776,Arsenal vs Sheffield Utd,Carabao Cup,General Admission,61.46,2025-05-11 04:42:44,True
S004127,Arsenal vs Man United,Premier League,General Admission,71.33,2025-05-02 16:49:00,True
S002263,Arsenal vs Real Madrid,Champions League,Club Level,140.82,2024-11-20 11:16:45,True
S001237,Arsenal vs Tottenham,Premier League,Family Enclosure,43.13,2025-09-09 16:40:39,True
S002788,Arsenal vs Man United,Premier League,Away End,47.63,2024-12-09 07:48:04,True
S004977,Arsenal vs Liverpool,Premier League,General Admission,51.29,2025-08-19 02:57:34,True
S004161,Arsenal vs Luton,Premier League,Club Level,144.28,2025-07-18 17:26:13,True
S003346,Arsenal vs Real Madrid,Champions League,Away End,47.36,2025-02-01 01:07:17,True
S003834,Arsenal vs Luton,Premier League,Away End,40.89,2025-05-31 20:44:12,True
S002863,Arsenal vs Real Madrid,Champions League,General Admission,65.98,2024-10-24 08:09:06,False
S002183,Arsenal vs Tottenham,Premier League,Club Level,134.85,2024-11-07 19:12:29,True
S000334,Arsenal vs Man United,Premier League,Family Enclosure,43.77,2024-09-23 05:39:33,True
S002685,Arsenal vs Man United,Premier League,General Admission,68.11,2024-12-01 12:10:15,True
S003810,Arsenal vs Chelsea,Premier League,General Admission,50.45,2024-11-13 08:57:34,False
S003642,Arsenal vs Real Madrid,Champions League,Hospitality,407.14,2025-07-08 17:35:34,False
S003477,Arsenal vs Man United,Premier League,General Admission,54.63,2025-02-03 17:15:34,True
S004153,Arsenal vs Bayern Munich,Champions League,Family Enclosure,44.51,2025-07-14 06:42:29,True
S004254,Arsenal vs Real Madrid,Champions League,Away End,41.33,2024-10-05 22:10:09,True
S000389,Arsenal vs Liverpool,Premier League,General Admission,62.95,2024-12-15 23:18:55,True
S003235,Arsenal vs Sheffield Utd,Carabao Cup,Hospitality,433.46,2024-12-11 03:15:36,True
S003660,Arsenal vs Fulham,Premier League,General Admission,59.69,2025-08-24 12:16:01,False
S004582,Arsenal vs Luton,Premier League,Family Enclosure,49.4,2025-08-24 00:37:05,False
S000389,Arsenal vs Sheffield Utd,Carabao Cup,Away End,37.81,2024-10-23 10:13:02,True
S002921,Arsenal vs Sheffield Utd,Carabao Cup,General Admission,57.26,2025-03-27 03:56:27,False
S000700,Arsenal vs Liverpool,Premier League,General Admission,68.44,2024-10-25 10:18:21,True
S000290,Arsenal vs Liverpool,Premier League,General Admission,55.92,2025-06-17 01:09:26,True
S004598,Arsenal vs Man United,Premier League,Family Enclosure,52.02,2025-05-04 05:46:45,True
S004229,Arsenal vs Man United,Premier League,Club Level,122.97,2024-10-19 14:21:57,True
S002241,Arsenal vs Sheffield Utd,Carabao Cup,General Admission,69.91,2025-06-18 06:26:44,True
S002449,Arsenal vs Everton,Premier League,General Admission,61.52,2024-12-20 17:51:40,True
S000782,Arsenal vs Liverpool,Premier League,Family Enclosure,46.52,2025-01-27 19:02:40,True
S000376,Arsenal vs Bayern Munich,Champions League,Club Level,109.18,2025-02-04 11:19:16,True
S000005,Arsenal vs Man United,Premier League,General Admission,64.36,2025-05-18 00:16:21,True
S003450,Arsenal vs Real Madrid,Champions League,Club Level,114.39,2025-05-13 14:30:58,True
S003399,Arsenal vs Man United,Premier League,Club Level,152.22,2024-10-27 23:01:58,True
S001328,Arsenal vs Real Madrid,Champions League,General Admission,64.62,2025-09-19 17:19:06,True
S000071,Arsenal vs Brighton,Premier League,Hospitality,328.32,2025-05-14 02:19:20,True
S002833,Arsenal vs Sheffield Utd,Carabao Cup,General Admission,66.35,2025-05-02 13:25:34,True
S001810,Arsenal vs Man United,Premier League,Club Level,146.42,2024-11-06 20:29:59,True
S004523,Arsenal vs Sheffield Utd,Carabao Cup,Hospitality,405.91,2025-02-25 08:14:13,True
S001423,Arsenal vs Luton,Premier League,Club Level,132.3,2024-09-21 05:12:47,True
S000689,Arsenal vs Bayern Munich,Champions League,Hospitality,325.62,2025-04-28 22:11:30,False
S004520,Arsenal vs Man United,Premier League,Away End,47.38,2025-04-07 14:01:49,True
S004450,Arsenal vs Real Madrid,Champions League,General Admission,66.64,2025-03-10 12:52:11,True
S000067,Arsenal vs Chelsea,Premier League,Family Enclosure,46.02,2024-10-23 09:38:03,True
S002065,Arsenal vs Brighton,Premier League,Club Level,147.37,2024-12-11 20:18:54,True
S001901,Arsenal vs Brighton,Premier League,Hospitality,350.1,2025-03-16 17:16:22,True
S000498,Arsenal vs Fulham,Premier League,Away End,42.73,2024-11-18 00:07:10,True
S002519,Arsenal vs Everton,Premier League,Family Enclosure,51.78,2025-07-23 15:35:48,True
S004991,Arsenal vs Tottenham,Premier League,Hospitality,332.47,2024-12-07 04:47:01,True
S004231,Arsenal vs Tottenham,Premier League,General Admission,66.7,2024-10-15 01:36:40,False
S002835,Arsenal vs Fulham,Premier League,Club Level,112.7,2025-09-15 05:02:10,False
S000085,Arsenal vs Luton,Premier League,General Admission,55.21,2024-10-10 22:18:36,True
S002421,Arsenal vs Chelsea,Premier League,Away End,40.88,2025-01-08 10:32:43,True
S004164,Arsenal vs Real Madrid,Champions League,Away End,37.54,2025-04-08 09:18:41,False
S004748,Arsenal vs Fulham,Premier League,Family Enclosure,57.03,2024-10-16 13:54:53,True
S000673,Arsenal vs Liverpool,Premier League,General Admission,69.22,2025-03-07 03:34:51,True
S002947,Arsenal vs Real Madrid,Champions League,Hospitality,452.82,2025-04-04 00:59:18,True
S000187,Arsenal vs Fulham,Premier League,Away End,42.75,2025-04-08 07:54:20,False
S003763,Arsenal vs Fulham,Premier League,General Admission,61.08,2025-03-10 22:21:36,False
S003170,Arsenal vs Man United,Premier League,General Admission,61.87,2025-09-01 22:53:54,True
S001983,Arsenal vs Luton,Premier League,General Admission,66.71,2024-10-17 15:11:01,True
S003615,Arsenal vs Brighton,Premier League,Family Enclosure,48.47,2025-02-15 11:34:03,True
S004919,Arsenal vs Man United,Premier League,General Admission,52.37,2025-06-01 04:54:50,False
S004687,Arsenal vs Bayern Munich,Champions League,Away End,51.6,2025-04-09 00:26:32,True
S002708,Arsenal vs Liverpool,Premier League,Away End,50.95,2025-05-02 17:57:42,True
S002487,Arsenal vs Fulham,Premier League,Club Level,149.3,2025-06-18 05:18:42,False
S001528,Arsenal vs Sheffield Utd,Carabao Cup,Club Level,144.94,2025-04-04 08:09:38,True
S003103,Arsenal vs Fulham,Premier League,Club Level,142.19,2025-09-10 14:37:59,True
S003868,Arsenal vs Brighton,Premier League,General Admission,49.61,2024-10-02 06:13:26,False
S000788,Arsenal vs Real Madrid,Champions League,Club Level,141.55,2025-04-07 01:07:59,True
S004426,Arsenal vs Chelsea,Premier League,General Admission,55.22,2024-11-10 09:14:50,True
S001051,Arsenal vs Brighton,Premier League,General Admission,51.15,2024-10-24 08:17:23,True
S002956,Arsenal vs Fulham,Premier League,General Admission,54.86,2025-04-24 05:13:05,False
S000799,Arsenal vs Man United,Premier League,Club Level,121.05,2025-05-30 16:02:48,True
S001564,Arsenal vs Sheffield Utd,Carabao Cup,Club Level,136.92,2025-01-09 12:01:07,True
S001674,Arsenal vs Chelsea,Premier League,Family Enclosure,44.53,2025-03-31 00:41:46,False
S001264,Arsenal vs Man United,Premier League,General Admission,54.65,2025-01-03 10:35:05,True
S002473,Arsenal vs Sheffield Utd,Carabao Cup,General Admission,66.11,2024-12-06 01:08:35,True
S002197,Arsenal vs Real Madrid,Champions League,Hospitality,345.33,2024-11-25 11:40:37,True
S001256,Arsenal vs Brighton,Premier League,Club Level,124.39,2024-12-05 16:00:17,True
S000929,Arsenal vs Fulham,Premier League,Club Level,139.11,2025-01-18 08:33:24,False
S000748,Arsenal vs Liverpool,Premier League,Club Level,145.32,2025-02-27 09:43:26,True
S004183,Arsenal vs Everton,Premier League,General Admission,62.1,2025-05-09 18:54:57,True
S001738,Arsenal vs Luton,Premier League,General Admission,52.22,2024-09-30 18:03:53,True
S002149,Arsenal vs Brighton,Premier League,General Admission,63.22,2025-03-02 21:55:21,True
S003071,Arsenal vs Brighton,Premier League,General Admission,52.83,2025-04-25 10:30:29,True
S003615,Arsenal vs Man City,Premier League,Club Level,125.94,2024-11-23 20:28:45,True
S003071,Arsenal vs Luton,Premier League,Club Level,125.78,2024-11-13 08:49:40,True
S003679,Arsenal vs Sheffield Utd,Carabao Cup,Family Enclosure,54.43,2025-04-26 04:20:46,True
S000903,Arsenal vs Tottenham,Premier League,Club Level,109.66,2024-11-08 21:48:11,True
S002677,Arsenal vs Brighton,Premier League,Club Level,109.18,2025-08-03 18:02:42,True
S001262,Arsenal vs Sheffield Utd,Carabao Cup,General Admission,63.11,2025-04-11 12:24:40,True
S002121,Arsenal vs Brighton,Premier League,Club Level,146.77,2025-08-01 00:17:41,True
S003578,Arsenal vs Luton,Premier League,Family Enclosure,58.18,2024-12-12 05:40:12,True
S004762,Arsenal vs Sheffield Utd,Carabao Cup,Hospitality,446.06,2025-07-12 20:32:09,True
S003138,Arsenal vs Everton,Premier League,Away End,50.63,2025-08-04 10:11:42,True
S000489,Arsenal vs Chelsea,Premier League,General Admission,57.31,2025-01-26 11:17:44,True
S001194,Arsenal vs Tottenham,Premier League,Hospitality,342.03,2025-04-27 14:55:24,True
S003391,Arsenal vs Sheffield Utd,Carabao Cup,General Admission,57.52,2024-10-01 23:58:12,True
S003494,Arsenal vs Brighton,Premier League,Family Enclosure,51.28,2025-08-24 20:51:49,True
S004080,Arsenal vs Luton,Premier League,Family Enclosure,55.86,2024-11-26 08:06:19,True
S001704,Arsenal vs Sheffield Utd,Carabao Cup,Club Level,155.9,2025-02-01 16:46:54,True
S002987,Arsenal vs Fulham,Premier League,Family Enclosure,57.59,2025-02-09 09:18:52,True
S001260,Arsenal vs Liverpool,Premier League,General Admission,58.86,2025-01-20 13:44:19,False
S001981,Arsenal vs Chelsea,Premier League,Hospitality,423.88,2024-11-27 19:56:46,True
S002759,Arsenal vs Man City,Premier League,Club Level,154.92,2024-12-30 06:58:05,False
S002303,Arsenal vs Liverpool,Premier League,Club Level,149.17,2025-06-03 15:51:58,True
S003715,Arsenal vs Everton,Premier League,Family Enclosure,41.79,2025-04-27 22:05:25,True
S004882,Arsenal vs Chelsea,Premier League,Club Level,135.02,2024-12-06 00:13:54,True
S004507,Arsenal vs Tottenham,Premier League,General Admission,67.09,2025-07-31 20:18:51,True
S002506,Arsenal vs Man City,Premier League,General Admission,53.92,2025-03-24 02:42:53,True
S002440,Arsenal vs Everton,Premier League,General Admission,57.4,2025-04-05 21:47:00,True
S001168,Arsenal vs Tottenham,Premier League,Family Enclosure,56.23,2024-12-08 09:26:10,True
S001390,Arsenal vs Fulham,Premier League,Club Level,118.26,2025-06-26 15:43:08,True
S002168,Arsenal vs Liverpool,Premier League,Family Enclosure,54.62,2025-02-23 10:13:35,False
S001920,Arsenal vs Liverpool,Premier League,General Admission,50.01,2025-09-04 10:25:42,True
S004896,Arsenal vs Fulham,Premier League,Family Enclosure,42.92,2025-08-16 21:17:05,True
S004304,Arsenal vs Man City,Premier League,Club Level,116.57,2024-10-05 18:18:04,False
S004540,Arsenal vs Real Madrid,Champions League,Hospitality,442.84,2025-04-04 21:36:43,False
S004670,Arsenal vs Chelsea,Premier League,General Admission,53.83,2024-12-03 13:08:50,True
S002418,Arsenal vs Sheffield Utd,Carabao Cup,General Admission,60.12,2025-04-17 14:29:52,True
S000526,Arsenal vs Fulham,Premier League,General Admission,69.57,2025-06-26 05:35:56,True
S003241,Arsenal vs Fulham,Premier League,Family Enclosure,52.59,2025-01-03 11:42:16,True
S001087,Arsenal vs Man City,Premier League,General Admission,59.99,2024-12-11 21:43:19,True
S003388,Arsenal vs Chelsea,Premier League,General Admission,70.27,2025-06-30 06:01:31,True
S000263,Arsenal vs Luton,Premier League,Hospitality,411.49,2025-07-29 15:39:32,True
S002277,Arsenal vs Bayern Munich,Champions League,Club Level,151.75,2025-08-25 03:00:57,True
S002311,Arsenal vs Brighton,Premier League,Family Enclosure,45.06,2025-05-23 16:27:15,True
S000619,Arsenal vs Everton,Premier League,Away End,51.2,2024-11-27 10:56:38,True
S003428,Arsenal vs Man City,Premier League,General Admission,54.83,2025-05-08 04:35:56,True
S000062,Arsenal vs Tottenham,Premier League,Hospitality,435.03,2025-03-16 09:02:39,True
S004951,Arsenal vs Man United,Premier League,General Admission,70.97,2025-02-11 03:11:52,True
S002259,Arsenal vs Bayern Munich,Champions League,General Admission,62.64,2025-04-02 05:49:11,False
S000574,Arsenal vs Luton,Premier League,Club Level,148.75,2025-04-22 13:38:38,True
S002620,Arsenal vs Luton,Premier League,Club Level,149.13,2025-02-19 21:03:42,False
S001584,Arsenal vs Luton,Premier League,Club Level,148.23,2025-04-22 00:29:12,True
S003289,Arsenal vs Liverpool,Premier League,Club Level,116.25,2025-08-02 20:19:13,True
S000045,Arsenal vs Fulham,Premier League,Family Enclosure,54.96,2024-11-28 17:13:00,False
S004434,Arsenal vs Tottenham,Premier League,Hospitality,349.93,2025-03-01 10:30:48,True
S002268,Arsenal vs Fulham,Premier League,Club Level,113.93,2025-01-13 21:44:31,True
S004654,Arsenal vs Sheffield Utd,Carabao Cup,Hospitality,360.62,2024-12-31 21:46:20,True
S000087,Arsenal vs Brighton,Premier League,General Admission,61.51,2025-08-05 16:20:15,True
S004562,Arsenal vs Everton,Premier League,General Admission,65.76,2025-02-07 08:53:06,True
S002730,Arsenal vs Luton,Premier League,Club Level,137.99,2025-05-11 03:43:36,True
S002760,Arsenal vs Liverpool,Premier League,Hospitality,450.86,2024-12-29 04:29:19,False
S000207,Arsenal vs Tottenham,Premier League,Family Enclosure,53.4,2025-01-07 11:03:08,True
S004879,Arsenal vs Bayern Munich,Champions League,Away End,43.13,2025-04-07 15:39:39,True
S002321,Arsenal vs Sheffield Utd,Carabao Cup,Club Level,138.79,2025-02-26 16:18:53,True
S003698,Arsenal vs Tottenham,Premier League,Club Level,153.41,2025-01-05 03:45:59,True
S003147,Arsenal vs Fulham,Premier League,General Admission,70.23,2025-08-16 13:45:24,True
S001211,Arsenal vs Bayern Munich,Champions League,General Admission,67.94,2025-07-18 18:50:32,True
S004142,Arsenal vs Brighton,Premier League,Hospitality,328.17,2025-07-04 04:04:45,True
S002052,Arsenal vs Tottenham,Premier League,General Admission,50.55,2024-12-18 13:46:21,False
S004638,Arsenal vs Everton,Premier League,Away End,46.15,2024-11-12 03:26:46,True
S003042,Arsenal vs Tottenham,Premier League,General Admission,54.92,2024-10-22 08:02:15,False
S000392,Arsenal vs Brighton,Premier League,General Admission,69.63,2025-07-10 02:50:55,False
S004366,Arsenal vs Sheffield Utd,Carabao Cup,Family Enclosure,43.49,2025-02-24 06:28:22,True
S003722,Arsenal vs Chelsea,Premier League,General Admission,70.05,2025-09-17 07:34:27,True
S004357,Arsenal vs Sheffield Utd,Carabao Cup,Away End,38.24,2025-02-25 09:15:25,False
S002815,Arsenal vs Bayern Munich,Champions League,Club Level,111.32,2025-06-27 04:40:02,True
S003652,Arsenal vs Fulham,Premier League,General Admission,55.03,2025-08-08 20:02:37,True
S002858,Arsenal vs Brighton,Premier League,Club Level,123.01,2025-07-05 19:51:25,True
S003403,Arsenal vs Sheffield Utd,Carabao Cup,Family Enclosure,55.19,2025-01-20 08:23:03,False
S002740,Arsenal vs Man United,Premier League,General Admission,66.76,2025-08-21 15:16:17,False
S002049,Arsenal vs Fulham,Premier League,Hospitality,359.88,2025-02-23 11:43:52,True
S004329,Arsenal vs Man United,Premier League,General Admission,60.88,2025-02-01 03:03:49,True
S003974,Arsenal vs Everton,Premier League,General Admission,55.25,2025-06-06 13:20:32,False
S003062,Arsenal vs Real Madrid,Champions League,General Admission,67.39,2025-01-23 14:32:41,False
S002544,Arsenal vs Brighton,Premier League,Away End,43.42,2025-05-09 08:41:31,True
S001669,Arsenal vs Chelsea,Premier League,General Admission,52.08,2025-03-27 05:03:09,True
S002847,Arsenal vs Sheffield Utd,Carabao Cup,General Admission,65.77,2025-05-03 19:47:47,True
S000671,Arsenal vs Liverpool,Premier League,Club Level,130.38,2025-07-08 02:29:11,True
S003740,Arsenal vs Liverpool,Premier League,General Admission,67.34,2025-06-22 15:57:56,True
S004042,Arsenal vs Brighton,Premier League,Family Enclosure,47.95,2025-06-24 08:48:49,True
S000790,Arsenal vs Tottenham,Premier League,Club Level,144.07,2024-11-21 14:55:04,True
S002771,Arsenal vs Chelsea,Premier League,General Admission,67.38,2025-02-09 23:47:19,False
S002903,Arsenal vs Everton,Premier League,General Admission,49.88,2024-12-31 12:58:52,False
S001918,Arsenal vs Fulham,Premier League,Away End,36.53,2025-08-03 05:13:04,False
S000962,Arsenal vs Brighton,Premier League,General Admission,64.01,2025-05-10 03:41:01,True
S003951,Arsenal vs Tottenham,Premier League,General Admission,65.87,2025-02-10 00:19:20,True
S004218,Arsenal vs Real Madrid,Champions League,Club Level,134.47,2025-07-24 10:58:17,True
S002967,Arsenal vs Brighton,Premier League,General Admission,60.99,2025-06-14 06:25:02,True
S001334,Arsenal vs Bayern Munich,Champions League,Family Enclosure,47.73,2025-08-06 21:42:07,True
S004532,Arsenal vs Everton,Premier League,Hospitality,329.35,2024-11-24 03:43:15,True
S000637,Arsenal vs Man City,Premier League,General Admission,67.48,2025-06-03 07:08:47,True
S001678,Arsenal vs Chelsea,Premier League,General Admission,53.93,2024-11-23 10:36:12,False
S003814,Arsenal vs Man City,Premier League,Club Level,144.3,2024-10-25 06:39:47,False
S002724,Arsenal vs Chelsea,Premier League,Family Enclosure,51.48,2024-12-02 08:08:33,True
S002791,Arsenal vs Real Madrid,Champions League,Away End,47.62,2024-11-11 00:37:22,True
S000946,Arsenal vs Real Madrid,Champions League,Club Level,116.02,2025-03-09 10:05:03,True
S004247,Arsenal vs Man United,Premier League,Family Enclosure,53.8,2025-09-04 18:13:33,True
S001416,Arsenal vs Chelsea,Premier League,Club Level,127.42,2025-04-29 04:08:11,True
S002674,Arsenal vs Fulham,Premier League,General Admission,49.53,2025-01-11 16:35:09,True
S002040,Arsenal vs Real Madrid,Champions League,Club Level,130.98,2025-06-01 23:15:28,False
S000605,Arsenal vs Brighton,Premier League,General Admission,61.2,2025-05-19 21:23:37,True
S000166,Arsenal vs Tottenham,Premier League,General Admission,69.5,2024-12-27 10:14:13,True
S001878,Arsenal vs Man United,Premier League,Family Enclosure,48.85,2025-04-26 23:02:51,True
S002429,Arsenal vs Everton,Premier League,General Admission,54.99,2024-11-03 09:50:40,True
S000748,Arsenal vs Everton,Premier League,General Admission,49.8,2025-07-23 22:54:08,True
S001220,Arsenal vs Liverpool,Premier League,General Admission,49.98,2025-03-19 01:45:05,True
S002278,Arsenal vs Luton,Premier League,General Admission,50.14,2024-12-13 16:28:17,False
S000553,Arsenal vs Luton,Premier League,Away End,43.54,2024-11-07 19:31:38,True
S004324,Arsenal vs Everton,Premier League,Away End,49.2,2024-11-11 04:58:53,True
S004808,Arsenal vs Tottenham,Premier League,General Admission,61.73,2025-04-19 14:31:36,True
S000646,Arsenal vs Liverpool,Premier League,General Admission,68.03,2025-02-06 14:10:19,True
S000574,Arsenal vs Brighton,Premier League,Hospitality,323.52,2025-08-04 01:01:21,True
S002449,Arsenal vs Fulham,Premier League,General Admission,67.07,2024-11-03 23:05:04,True
S001452,Arsenal vs Luton,Premier League,General Admission,50.21,2025-06-20 00:27:39,True
S002122,Arsenal vs Everton,Premier League,Club Level,148.01,2025-07-31 16:18:15,True
S003254,Arsenal vs Liverpool,Premier League,General Admission,65.18,2025-03-26 06:59:23,True
S001005,Arsenal vs Luton,Premier League,Hospitality,432.82,2024-12-21 04:32:59,True
S004422,Arsenal vs Man City,Premier League,Club Level,154.55,2025-06-14 15:14:27,True
S002354,Arsenal vs Liverpool,Premier League,General Admission,59.96,2024-12-15 19:00:36,True
S003784,Arsenal vs Man City,Premier League,General Admission,63.39,2025-09-17 05:56:35,True
S002337,Arsenal vs Tottenham,Premier League,General Admission,58.84,2025-02-25 15:04:37,True
S001479,Arsenal vs Tottenham,Premier League,Family Enclosure,57.64,2024-09-27 10:41:24,True
S001266,Arsenal vs Tottenham,Premier League,General Admission,56.72,2025-02-07 18:03:27,True
S001788,Arsenal vs Man United,Premier League,Hospitality,409.91,2024-12-14 04:16:46,True
S002902,Arsenal vs Fulham,Premier League,General Admission,60.24,2025-09-13 16:00:33,True
S001424,Arsenal vs Brighton,Premier League,Club Level,132.41,2024-10-09 16:03:46,True
S003887,Arsenal vs Real Madrid,Champions League,General Admission,59.36,2025-09-09 13:40:41,False
S004116,Arsenal vs Bayern Munich,Champions League,Away End,38.07,2025-03-04 15:00:57,True
S004294,Arsenal vs Liverpool,Premier League,Club Level,153.4,2025-08-10 08:31:06,True
S003377,Arsenal vs Tottenham,Premier League,General Admission,67.51,2025-09-14 21:05:46,True
S003977,Arsenal vs Fulham,Premier League,Club Level,116.28,2024-11-25 23:48:46,False
S001737,Arsenal vs Everton,Premier League,General Admission,69.87,2025-05-23 05:56:20,True
S001567,Arsenal vs Man City,Premier League,Hospitality,351.33,2025-04-13 22:29:05,True
S000932,Arsenal vs Real Madrid,Champions League,General Admission,70.03,2025-04-25 08:11:16,True
S001412,Arsenal vs Luton,Premier League,Away End,40.73,2025-05-11 19:18:46,False
S001046,Arsenal vs Fulham,Premier League,General Admission,62.12,2024-10-12 17:49:53,True
S001800,Arsenal vs Sheffield Utd,Carabao Cup,Hospitality,320.85,2024-11-10 14:34:39,False
S004215,Arsenal vs Everton,Premier League,Hospitality,353.99,2025-07-28 15:28:37,False
S001020,Arsenal vs Luton,Premier League,Hospitality,340.79,2025-03-17 11:36:55,False
S002444,Arsenal vs Brighton,Premier League,General Admission,57.12,2025-05-10 11:41:51,True
S004930,Arsenal vs Tottenham,Premier League,General Admission,51.62,2025-07-08 10:11:09,False
S003826,Arsenal vs Brighton,Premier League,Family Enclosure,50.11,2024-11-02 01:25:08,True
S002963,Arsenal vs Sheffield Utd,Carabao Cup,Family Enclosure,56.11,2025-05-11 09:53:55,False
S000647,Arsenal vs Everton,Premier League,General Admission,51.55,2025-04-10 14:16:14,True
S001674,Arsenal vs Sheffield Utd,Carabao Cup,General Admission,66.76,2024-11-18 09:19:07,False
S002632,Arsenal vs Bayern Munich,Champions League,General Admission,58.49,2025-03-18 00:36:43,True
S003239,Arsenal vs Brighton,Premier League,General Admission,65.97,2025-04-06 11:38:44,True
S001665,Arsenal vs Real Madrid,Champions League,Family Enclosure,51.13,2025-07-31 22:23:16,True
S002732,Arsenal vs Chelsea,Premier League,General Admission,54.16,2025-06-23 00:06:01,True
S000421,Arsenal vs Chelsea,Premier League,General Admission,56.26,2024-10-17 13:14:23,False
S001871,Arsenal vs Chelsea,Premier League,Hospitality,438.29,2025-03-16 02:32:06,True
S004699,Arsenal vs Luton,Premier League,Hospitality,383.72,2025-03-03 22:20:04,True
S002693,Arsenal vs Sheffield Utd,Carabao Cup,General Admission,50.1,2025-01-07 23:56:18,False
S003982,Arsenal vs Luton,Premier League,General Admission,65.18,2024-11-06 09:29:38,True
S000118,Arsenal vs Man City,Premier League,General Admission,60.99,2025-07-12 08:43:56,False
S000924,Arsenal vs Brighton,Premier League,Family Enclosure,56.98,2025-07-04 09:30:15,True
S003871,Arsenal vs Brighton,Premier League,Club Level,148.18,2025-05-17 14:15:48,True
S000903,Arsenal vs Real Madrid,Champions League,General Admission,50.26,2025-01-23 07:14:48,True
S001320,Arsenal vs Sheffield Utd,Carabao Cup,General Admission,51.4,2024-09-27 09:50:19,True
S000232,Arsenal vs Everton,Premier League,Away End,51.64,2025-09-18 23:19:35,False
S001772,Arsenal vs Man City,Premier League,General Admission,57.33,2025-05-07 23:07:40,True
S004439,Arsenal vs Luton,Premier League,General Admission,67.56,2025-08-16 10:35:14,False
S003325,Arsenal vs Liverpool,Premier League,General Admission,49.62,2024-12-31 23:16:08,False
S004762,Arsenal vs Everton,Premier League,Hospitality,396.16,2025-04-28 10:38:25,True
S001971,Arsenal vs Real Madrid,Champions League,General Admission,53.98,2025-08-08 14:40:36,True
S003251,Arsenal vs Liverpool,Premier League,Family Enclosure,58.16,2025-06-21 14:42:35,True
S001531,Arsenal vs Sheffield Utd,Carabao Cup,Family Enclosure,45.46,2024-10-07 17:36:14,True
S002960,Arsenal vs Brighton,Premier League,General Admission,52.28,2025-06-15 22:28:15,True
S001832,Arsenal vs Liverpool,Premier League,Away End,39.31,2024-12-06 10:53:03,False
S001115,Arsenal vs Everton,Premier League,Club Level,150.15,2024-10-03 13:27:04,True
S002087,Arsenal vs Brighton,Premier League,Club Level,134.03,2025-02-21 07:50:35,True
S003503,Arsenal vs Real Madrid,Champions League,Hospitality,427.12,2025-01-16 02:31:23,True
S004128,Arsenal vs Man United,Premier League,General Admission,53.11,2024-10-24 13:45:12,True
S001567,Arsenal vs Real Madrid,Champions League,General Admission,57.43,2025-05-25 12:20:25,False
S003925,Arsenal vs Man United,Premier League,General Admission,58.54,2025-02-23 11:09:08,True
S003226,Arsenal vs Tottenham,Premier League,General Admission,68.67,2025-08-13 07:40:05,True
S001919,Arsenal vs Sheffield Utd,Carabao Cup,General Admission,59.17,2024-11-04 23:34:31,True
S001572,Arsenal vs Liverpool,Premier League,Away End,50.25,2025-09-17 22:50:02,False
S002476,Arsenal vs Bayern Munich,Champions League,General Admission,52.64,2024-10-16 05:05:09,True
S004959,Arsenal vs Luton,Premier League,Family Enclosure,50.31,2025-03-25 07:08:28,True
S001930,Arsenal vs Real Madrid,Champions League,General Admission,52.33,2024-11-21 15:00:00,True
S000304,Arsenal vs Bayern Munich,Champions League,Club Level,112.09,2025-05-23 02:34:16,True
S001606,Arsenal vs Everton,Premier League,Family Enclosure,50.06,2025-09-02 13:38:31,True
S002702,Arsenal vs Everton,Premier League,Hospitality,452.46,2025-02-14 08:47:32,True
S002323,Arsenal vs Brighton,Premier League,Hospitality,334.95,2025-05-24 07:59:03,True
S002285,Arsenal vs Brighton,Premier League,Club Level,153.84,2025-07-14 07:09:27,False
S004725,Arsenal vs Chelsea,Premier League,Family Enclosure,48.07,2025-06-26 02:21:17,True
S004546,Arsenal vs Brighton,Premier League,General Admission,67.46,2024-10-09 20:37:02,True
S000913,Arsenal vs Fulham,Premier League,Hospitality,346.1,2025-08-11 21:50:24,True
S004931,Arsenal vs Luton,Premier League,General Admission,70.62,2025-03-23 00:06:51,True
S002732,Arsenal vs Real Madrid,Champions League,Family Enclosure,47.8,2025-03-27 16:03:19,True
S001766,Arsenal vs Man United,Premier League,General Admission,52.48,2025-04-12 08:16:13,True
S003586,Arsenal vs Sheffield Utd,Carabao Cup,Club Level,128.51,2025-01-11 15:28:26,True
S002593,Arsenal vs Bayern Munich,Champions League,Family Enclosure,56.98,2025-09-17 23:48:02,True
S002525,Arsenal vs Man United,Premier League,General Admission,57.89,2024-12-20 02:51:01,True
S004453,Arsenal vs Chelsea,Premier League,General Admission,69.0,2025-04-25 11:37:25,True
S004638,Arsenal vs Brighton,Premier League,Family Enclosure,44.71,2025-05-16 11:28:15,True
S002407,Arsenal vs Chelsea,Premier League,General Admission,70.95,2024-11-05 18:56:58,True
S002440,Arsenal vs Man United,Premier League,General Admission,66.88,2024-11-13 11:07:38,False
S003893,Arsenal vs Brighton,Premier League,Family Enclosure,49.08,2024-12-06 07:59:02,True
S000799,Arsenal vs Man City,Premier League,General Admission,55.52,2025-07-02 00:21:44,True
S003218,Arsenal vs Man United,Premier League,General Admission,52.97,2025-04-20 11:39:17,False
S000835,Arsenal vs Man United,Premier League,Family Enclosure,55.21,2025-02-07 01:31:15,True
S000076,Arsenal vs Man United,Premier League,Away End,45.87,2025-09-16 21:12:46,True
S004749,Arsenal vs Chelsea,Premier League,Family Enclosure,51.15,2025-01-17 02:03:42,True
S000955,Arsenal vs Sheffield Utd,Carabao Cup,Club Level,125.42,2024-10-17 17:57:47,True
S001383,Arsenal vs Liverpool,Premier League,General Admission,52.97,2025-08-30 04:51:37,True
S001875,Arsenal vs Brighton,Premier League,General Admission,58.55,2025-07-12 10:10:46,False
S003869,Arsenal vs Man City,Premier League,Family Enclosure,41.1,2025-03-28 16:04:33,True
S001946,Arsenal vs Man City,Premier League,Family Enclosure,57.81,2025-06-28 10:10:31,True
S004973,Arsenal vs Bayern Munich,Champions League,General Admission,69.1,2024-12-22 00:06:40,True
S002389,Arsenal vs Chelsea,Premier League,Family Enclosure,56.26,2025-09-17 02:49:40,False
S004707,Arsenal vs Sheffield Utd,Carabao Cup,Club Level,129.42,2024-12-31 11:29:14,True
S001220,Arsenal vs Chelsea,Premier League,General Admission,53.74,2025-05-20 09:46:50,True
S004692,Arsenal vs Man United,Premier League,General Admission,67.74,2025-09-02 22:31:28,True
S004331,Arsenal vs Luton,Premier League,General Admission,65.9,2025-03-25 16:00:06,False
S001672,Arsenal vs Brighton,Premier League,General Admission,61.5,2025-09-17 13:22:55,False
S002174,Arsenal vs Chelsea,Premier League,General Admission,67.36,2025-06-07 11:08:00,True
S004375,Arsenal vs Real Madrid,Champions League,Family Enclosure,54.44,2025-01-19 02:05:24,True
S002227,Arsenal vs Fulham,Premier League,Hospitality,404.52,2025-02-25 12:25:22,True
S000045,Arsenal vs Man City,Premier League,Family Enclosure,44.59,2025-06-10 06:48:55,True
S003869,Arsenal vs Man City,Premier League,Away End,47.08,2024-11-04 23:21:58,True
S000999,Arsenal vs Real Madrid,Champions League,Away End,50.0,2024-11-28 15:45:28,True
S002969,Arsenal vs Sheffield Utd,Carabao Cup,General Admission,70.3,2025-02-27 15:22:18,True
S000477,Arsenal vs Brighton,Premier League,Away End,49.36,2025-05-01 08:35:00,True
S003051,Arsenal vs Tottenham,Premier League,General Admission,58.86,2025-08-18 23:24:34,True
S003311,Arsenal vs Tottenham,Premier League,General Admission,67.78,2025-01-09 04:37:40,True
S002310,Arsenal vs Sheffield Utd,Carabao Cup,General Admission,67.74,2025-04-29 00:07:36,True
S001777,Arsenal vs Brighton,Premier League,General Admission,62.52,2025-02-05 12:35:39,True
S004626,Arsenal vs Tottenham,Premier League,General Admission,67.98,2024-10-12 05:31:51,True
S000104,Arsenal vs Man City,Premier League,Hospitality,330.75,2025-08-26 19:17:01,False
S002336,Arsenal vs Man United,Premier League,Hospitality,348.64,2025-02-21 16:23:04,True
S000824,Arsenal vs Liverpool,Premier League,General Admission,57.41,2024-11-10 20:01:41,False
S001292,Arsenal vs Man City,Premier League,General Admission,63.0,2025-07-17 17:13:05,False
S003821,Arsenal vs Luton,Premier League,General Admission,59.4,2025-03-25 01:31:15,True
S001090,Arsenal vs Brighton,Premier League,General Admission,54.13,2025-08-21 11:03:22,False
S001376,Arsenal vs Bayern Munich,Champions League,Away End,39.99,2024-11-01 22:36:40,True
S004828,Arsenal vs Man City,Premier League,Club Level,150.14,2025-06-27 05:54:07,True
S004488,Arsenal vs Sheffield Utd,Carabao Cup,General Admission,54.52,2024-12-10 07:30:00,True
S000569,Arsenal vs Man United,Premier League,General Admission,55.28,2025-03-15 18:10:24,True
S002773,Arsenal vs Brighton,Premier League,Family Enclosure,43.78,2024-12-14 00:26:53,True
S000882,Arsenal vs Man City,Premier League,General Admission,67.14,2024-10-17 02:49:19,True
S003769,Arsenal vs Brighton,Premier League,Hospitality,344.47,2025-04-14 09:56:36,True
S003739,Arsenal vs Brighton,Premier League,Away End,49.27,2024-12-18 13:21:18,True
S003422,Arsenal vs Man United,Premier League,Family Enclosure,46.31,2025-06-28 16:49:16,True
S001472,Arsenal vs Tottenham,Premier League,Family Enclosure,49.13,2025-01-03 22:52:43,True
S001018,Arsenal vs Liverpool,Premier League,General Admission,60.18,2024-12-28 19:40:56,True
S001775,Arsenal vs Real Madrid,Champions League,Hospitality,427.25,2025-09-18 02:11:20,False
S004724,Arsenal vs Man United,Premier League,Club Level,153.95,2024-09-22 15:25:28,True
S000937,Arsenal vs Bayern Munich,Champions League,Family Enclosure,52.85,2025-09-03 03:52:37,True
S001184,Arsenal vs Tottenham,Premier League,General Admission,63.53,2024-10-22 12:05:08,True
S004698,Arsenal vs Tottenham,Premier League,Family Enclosure,47.28,2024-11-12 17:08:42,False
S003785,Arsenal vs Tottenham,Premier League,Family Enclosure,48.66,2025-05-13 20:18:42,True
S001656,Arsenal vs Bayern Munich,Champions League,Away End,39.13,2025-06-06 13:56:52,True
S001275,Arsenal vs Man City,Premier League,General Admission,70.5,2024-12-18 21:46:57,False
S002344,Arsenal vs Everton,Premier League,General Admission,59.84,2024-12-02 16:00:08,True
S000802,Arsenal vs Sheffield Utd,Carabao Cup,General Admission,50.31,2024-12-13 20:59:42,True
S000890,Arsenal vs Tottenham,Premier League,Club Level,146.21,2025-08-19 23:57:21,False
S003309,Arsenal vs Bayern Munich,Champions League,Family Enclosure,48.4,2025-03-20 07:24:16,True
S002420,Arsenal vs Liverpool,Premier League,Club Level,127.91,2025-07-29 18:24:43,False
S001033,Arsenal vs Everton,Premier League,Away End,50.03,2025-09-19 11:53:18,False
S003449,Arsenal vs Man United,Premier League,Hospitality,421.65,2025-01-04 19:33:53,True
S001361,Arsenal vs Fulham,Premier League,General Admission,61.11,2025-03-03 05:37:04,True
S000090,Arsenal vs Luton,Premier League,Hospitality,365.85,2024-12-18 19:30:27,False
S003413,Arsenal vs Brighton,Premier League,Club Level,117.78,2025-08-19 09:27:31,True
S000451,Arsenal vs Chelsea,Premier League,General Admission,66.16,2025-08-07 10:06:03,True
S001050,Arsenal vs Chelsea,Premier League,Club Level,131.28,2025-01-08 14:54:24,True
S001476,Arsenal vs Liverpool,Premier League,Club Level,145.52,2025-09-10 10:20:37,True
S000275,Arsenal vs Everton,Premier League,Club Level,145.48,2025-02-03 23:04:01,False
S004164,Arsenal vs Sheffield Utd,Carabao Cup,Away End,48.47,2024-10-27 21:39:23,True
S004083,Arsenal vs Chelsea,Premier League,Away End,41.69,2024-11-24 09:23:42,True
S001469,Arsenal vs Everton,Premier League,General Admission,59.21,2025-06-01 19:06:27,False
S003817,Arsenal vs Man United,Premier League,Family Enclosure,55.24,2025-08-04 00:32:50,False
S003645,Arsenal vs Brighton,Premier League,Hospitality,430.63,2025-07-27 20:40:17,True
S000298,Arsenal vs Chelsea,Premier League,Club Level,124.15,2025-03-04 19:29:25,True
S001089,Arsenal vs Brighton,Premier League,General Admission,58.17,2025-02-12 14:27:50,False
S003615,Arsenal vs Liverpool,Premier League,Club Level,144.01,2024-10-19 18:15:43,True
S003798,Arsenal vs Man United,Premier League,General Admission,70.16,2025-06-08 10:08:29,True
S002071,Arsenal vs Liverpool,Premier League,Hospitality,437.8,2024-12-13 22:11:37,True
S003865,Arsenal vs Everton,Premier League,General Admission,59.68,2025-06-02 12:44:16,False
S001649,Arsenal vs Liverpool,Premier League,Club Level,151.07,2025-05-04 21:10:28,True
S003519,Arsenal vs Brighton,Premier League,Family Enclosure,43.46,2024-11-01 17:42:58,True
S003408,Arsenal vs Real Madrid,Champions League,Club Level,155.91,2025-05-08 06:10:21,True
S002375,Arsenal vs Man United,Premier League,Club Level,118.3,2025-01-07 03:14:38,True
S001743,Arsenal vs Luton,Premier League,Club Level,119.92,2025-01-07 13:40:31,True
S004596,Arsenal vs Chelsea,Premier League,General Admission,70.39,2025-09-18 07:21:30,True
S004167,Arsenal vs Everton,Premier League,Away End,39.96,2025-01-14 05:47:51,True
S003696,Arsenal vs Chelsea,Premier League,Family Enclosure,52.95,2025-09-14 10:34:50,False
S002330,Arsenal vs Tottenham,Premier League,General Admission,66.47,2024-11-25 14:34:41,True
S002959,Arsenal vs Sheffield Utd,Carabao Cup,General Admission,58.53,2025-01-13 07:09:20,True
S001132,Arsenal vs Real Madrid,Champions League,Away End,39.68,2025-04-09 15:33:16,True
S003460,Arsenal vs Man United,Premier League,General Admission,68.33,2025-03-15 12:52:09,True
S004107,Arsenal vs Brighton,Premier League,General Admission,69.51,2025-09-09 15:00:25,True
S001213,Arsenal vs Bayern Munich,Champions League,Club Level,155.66,2025-06-29 02:28:00,True
S002316,Arsenal vs Brighton,Premier League,Hospitality,370.6,2025-08-23 18:26:43,True
S000516,Arsenal vs Everton,Premier League,Club Level,139.83,2025-06-29 08:36:08,True
S004569,Arsenal vs Liverpool,Premier League,General Admission,64.81,2025-02-18 17:25:44,True
S002830,Arsenal vs Man City,Premier League,Hospitality,374.14,2025-07-11 09:25:49,False
S003242,Arsenal vs Man United,Premier League,Club Level,128.58,2025-05-01 21:58:27,True
S003276,Arsenal vs Fulham,Premier League,Club Level,110.89,2024-10-06 14:15:31,True
S001404,Arsenal vs Fulham,Premier League,Club Level,148.95,2025-07-02 16:41:51,True
S000271,Arsenal vs Man United,Premier League,Hospitality,346.78,2025-04-06 07:59:41,True
S001341,Arsenal vs Man City,Premier League,Club Level,116.1,2024-10-25 20:50:48,True
S003826,Arsenal vs Tottenham,Premier League,Hospitality,332.88,2025-08-27 01:53:24,True
S002680,Arsenal vs Bayern Munich,Champions League,Hospitality,364.17,2025-06-02 05:03:33,True
S004452,Arsenal vs Real Madrid,Champions League,Family Enclosure,41.62,2025-07-20 11:17:02,True
S003687,Arsenal vs Brighton,Premier League,Hospitality,391.72,2025-04-05 20:06:25,True
S004439,Arsenal vs Liverpool,Premier League,General Admission,61.58,2024-12-02 23:30:52,True
S001611,Arsenal vs Man City,Premier League,Club Level,112.68,2025-01-03 12:59:36,False
S003127,Arsenal vs Bayern Munich,Champions League,General Admission,63.09,2024-12-01 11:20:28,True
S003076,Arsenal vs Brighton,Premier League,Hospitality,447.2,2025-01-29 15:32:25,True
S000743,Arsenal vs Chelsea,Premier League,General Admission,50.17,2025-07-31 09:02:42,True
S000267,Arsenal vs Liverpool,Premier League,Club Level,143.57,2025-03-03 19:43:48,True
S002759,Arsenal vs Liverpool,Premier League,General Admission,52.72,2025-04-07 18:17:12,False
S000192,Arsenal vs Liverpool,Premier League,General Admission,53.26,2025-08-16 06:04:50,True
S002216,Arsenal vs Chelsea,Premier League,General Admission,63.55,2025-08-15 22:47:22,True
S000993,Arsenal vs Bayern Munich,Champions League,General Admission,60.75,2024-09-26 07:34:30,True
S000052,Arsenal vs Chelsea,Premier League,General Admission,71.37,2025-01-07 08:52:18,True
S003517,Arsenal vs Luton,Premier League,General Admission,49.59,2025-08-27 02:18:44,True
S003966,Arsenal vs Chelsea,Premier League,Club Level,145.26,2024-10-31 17:15:02,False
S004225,Arsenal vs Liverpool,Premier League,General Admission,52.64,2025-01-27 01:35:52,True
S000052,Arsenal vs Luton,Premier League,Club Level,108.53,2025-04-03 18:18:34,True
S003939,Arsenal vs Brighton,Premier League,Family Enclosure,51.0,2024-10-24 05:46:29,True
S000490,Arsenal vs Man United,Premier League,Hospitality,415.06,2024-09-22 16:13:20,False
S002246,Arsenal vs Tottenham,Premier League,General Admission,50.85,2024-11-25 15:47:38,False
S004633,Arsenal vs Bayern Munich,Champions League,Away End,48.96,2025-02-16 14:10:25,True
S004490,Arsenal vs Luton,Premier League,General Admission,60.72,2024-11-26 00:01:44,True
S004697,Arsenal vs Brighton,Premier League,Club Level,111.43,2025-01-29 23:47:30,True
S001195,Arsenal vs Brighton,Premier League,General Admission,54.8,2024-11-13 23:39:21,True
S004995,Arsenal vs Chelsea,Premier League,General Admission,70.13,2025-03-28 13:23:03,True
S003874,Arsenal vs Liverpool,Premier League,Hospitality,323.11,2025-03-08 10:54:03,True
S002958,Arsenal vs Bayern Munich,Champions League,Away End,40.1,2025-01-18 00:22:16,True
S002344,Arsenal vs Man United,Premier League,General Admission,60.78,2025-09-09 04:17:43,False
S003030,Arsenal vs Sheffield Utd,Carabao Cup,General Admission,57.66,2025-07-11 21:59:18,False
S004083,Arsenal vs Liverpool,Premier League,Family Enclosure,41.3,2025-06-15 08:23:35,True
S004981,Arsenal vs Everton,Premier League,General Admission,53.93,2025-08-28 09:37:27,True
S000138,Arsenal vs Tottenham,Premier League,General Admission,69.9,2025-08-08 03:08:11,False
S003970,Arsenal vs Chelsea,Premier League,Away End,49.42,2025-09-05 17:40:32,True
S003556,Arsenal vs Man City,Premier League,Club Level,148.31,2025-01-24 14:52:23,False
S003061,Arsenal vs Everton,Premier League,General Admission,63.93,2025-04-21 12:38:40,True
S003905,Arsenal vs Bayern Munich,Champions League,General Admission,71.0,2025-05-03 00:08:52,True
S002544,Arsenal vs Tottenham,Premier League,General Admission,58.51,2025-09-16 03:54:46,True
S001126,Arsenal vs Chelsea,Premier League,General Admission,53.04,2024-11-08 20:55:12,False
S002472,Arsenal vs Fulham,Premier League,Club Level,149.1,2024-11-25 19:44:54,True
S001288,Arsenal vs Tottenham,Premier League,Club Level,145.05,2024-12-23 21:02:27,True
S003570,Arsenal vs Chelsea,Premier League,Club Level,145.94,2025-09-12 06:05:36,True
S002382,Arsenal vs Fulham,Premier League,Club Level,144.39,2024-10-07 06:09:51,True
S001625,Arsenal vs Sheffield Utd,Carabao Cup,General Admission,59.05,2024-12-07 05:58:16,True
S004815,Arsenal vs Man United,Premier League,Hospitality,426.35,2025-07-08 02:34:41,True
S002574,Arsenal vs Man City,Premier League,General Admission,51.66,2025-05-05 05:54:22,True
S001841,Arsenal vs Everton,Premier League,General Admission,69.59,2024-11-29 22:38:49,False
S004001,Arsenal vs Luton,Premier League,General Admission,51.92,2025-03-11 16:35:41,False
S003796,Arsenal vs Chelsea,Premier League,Away End,41.98,2025-05-17 08:42:25,False
S004126,Arsenal vs Liverpool,Premier League,Club Level,117.88,2025-02-05 23:47:19,True
S002856,Arsenal vs Real Madrid,Champions League,General Admission,63.78,2024-12-06 23:22:09,False
S001217,Arsenal vs Tottenham,Premier League,Family Enclosure,55.01,2025-01-25 19:17:04,True
S004446,Arsenal vs Luton,Premier League,Family Enclosure,57.42,2024-12-17 20:34:38,True
S004968,Arsenal vs Fulham,Premier League,General Admission,59.83,2025-05-11 00:53:47,False
S000935,Arsenal vs Real Madrid,Champions League,General Admission,51.82,2025-06-14 08:56:07,False
S003545,Arsenal vs Everton,Premier League,Family Enclosure,57.9,2025-04-14 03:45:02,True
S002730,Arsenal vs Fulham,Premier League,General Admission,60.54,2025-05-20 09:59:03,True
S003756,Arsenal vs Liverpool,Premier League,Away End,50.15,2025-08-18 23:45:01,True
S001040,Arsenal vs Chelsea,Premier League,Club Level,118.22,2024-12-17 16:42:43,True
S003169,Arsenal vs Tottenham,Premier League,Family Enclosure,51.42,2024-12-09 17:40:34,True
S002691,Arsenal vs Sheffield Utd,Carabao Cup,Hospitality,396.02,2024-11-20 14:28:09,True
S002342,Arsenal vs Liverpool,Premier League,General Admission,49.92,2024-10-18 11:33:36,True
S004964,Arsenal vs Bayern Munich,Champions League,Club Level,123.96,2024-11-18 09:21:39,True
S001428,Arsenal vs Brighton,Premier League,General Admission,61.3,2025-07-06 00:09:41,True
S000191,Arsenal vs Everton,Premier League,Family Enclosure,57.96,2025-04-21 17:33:56,True
S002174,Arsenal vs Fulham,Premier League,General Admission,64.78,2024-12-26 17:25:55,True
S004258,Arsenal vs Tottenham,Premier League,General Admission,67.22,2024-09-20 18:35:39,True
S002596,Arsenal vs Everton,Premier League,Family Enclosure,41.69,2024-09-24 23:05:27,True
S000784,Arsenal vs Chelsea,Premier League,Family Enclosure,50.61,2025-05-01 18:10:40,True
S004691,Arsenal vs Sheffield Utd,Carabao Cup,Away End,46.97,2024-10-04 00:28:20,True
S004211,Arsenal vs Sheffield Utd,Carabao Cup,General Admission,59.87,2024-10-01 11:52:00,True
S001678,Arsenal vs Everton,Premier League,Family Enclosure,56.85,2025-01-04 15:50:57,True
S003950,Arsenal vs Chelsea,Premier League,Hospitality,346.48,2025-04-17 15:05:53,True
S002428,Arsenal vs Man City,Premier League,General Admission,60.39,2025-04-11 23:00:25,True
S000579,Arsenal vs Real Madrid,Champions League,Hospitality,345.3,2025-04-03 22:56:51,True
S001922,Arsenal vs Liverpool,Premier League,Club Level,147.04,2025-05-03 02:31:22,True
S003316,Arsenal vs Luton,Premier League,Club Level,112.47,2025-02-10 23:15:21,False
S000463,Arsenal vs Sheffield Utd,Carabao Cup,Away End,40.48,2025-08-09 12:20:40,True
S000830,Arsenal vs Sheffield Utd,Carabao Cup,General Admission,50.63,2024-09-22 14:39:19,True
S002570,Arsenal vs Real Madrid,Champions League,Hospitality,368.52,2025-02-08 14:57:15,True
S003248,Arsenal vs Liverpool,Premier League,Hospitality,446.55,2025-02-08 11:34:21,True
S002315,Arsenal vs Man United,Premier League,General Admission,60.46,2024-10-20 21:09:33,True
S002117,Arsenal vs Tottenham,Premier League,General Admission,55.21,2024-10-14 23:11:49,True
S003372,Arsenal vs Tottenham,Premier League,Hospitality,338.87,2025-05-03 06:26:12,True
S002937,Arsenal vs Fulham,Premier League,Family Enclosure,54.95,2024-10-07 20:08:51,True
S004982,Arsenal vs Luton,Premier League,Family Enclosure,54.79,2025-02-10 15:11:21,True
S004412,Arsenal vs Chelsea,Premier League,General Admission,60.23,2025-07-12 10:28:46,False
S002809,Arsenal vs Brighton,Premier League,General Admission,64.98,2024-12-12 06:47:57,False
S001706,Arsenal vs Real Madrid,Champions League,Club Level,148.57,2024-11-07 21:24:40,True
S000336,Arsenal vs Liverpool,Premier League,Club Level,114.11,2025-04-30 04:34:01,True
S000104,Arsenal vs Liverpool,Premier League,General Admission,52.23,2025-08-21 12:21:33,True
S004785,Arsenal vs Tottenham,Premier League,General Admission,50.28,2025-05-22 07:26:16,True
S004522,Arsenal vs Brighton,Premier League,General Admission,69.27,2025-07-23 18:13:21,True
S001760,Arsenal vs Brighton,Premier League,General Admission,53.27,2024-10-14 19:00:31,True
S004014,Arsenal vs Sheffield Utd,Carabao Cup,General Admission,70.99,2025-01-17 15:04:31,True
S000195,Arsenal vs Everton,Premier League,Hospitality,389.01,2025-01-24 04:39:55,False
S001254,Arsenal vs Man United,Premier League,Family Enclosure,48.85,2025-01-05 15:01:27,True
S001048,Arsenal vs Man City,Premier League,General Admission,54.44,2025-03-25 00:13:57,True
S000247,Arsenal vs Brighton,Premier League,Away End,45.58,2024-12-22 10:15:24,True
S004873,Arsenal vs Luton,Premier League,General Admission,64.41,2025-05-05 01:06:25,True
S002076,Arsenal vs Man United,Premier League,Family Enclosure,46.17,2024-12-31 11:07:00,False
S003204,Arsenal vs Man United,Premier League,Away End,49.86,2025-05-30 13:20:01,True
S000889,Arsenal vs Liverpool,Premier League,Hospitality,387.1,2025-09-05 08:08:54,False
S003123,Arsenal vs Real Madrid,Champions League,Family Enclosure,46.34,2025-03-10 14:47:44,True
S000251,Arsenal vs Chelsea,Premier League,General Admission,54.06,2025-01-17 04:54:49,False
S001182,Arsenal vs Bayern Munich,Champions League,General Admission,65.01,2025-02-18 20:33:30,True
S004094,Arsenal vs Liverpool,Premier League,General Admission,67.6,2024-10-23 11:35:24,True
S004757,Arsenal vs Luton,Premier League,General Admission,69.84,2025-03-03 08:56:45,False
S003032,Arsenal vs Tottenham,Premier League,General Admission,67.56,2024-10-05 17:01:48,True
S002407,Arsenal vs Chelsea,Premier League,Away End,36.04,2025-09-18 07:56:31,True
S004805,Arsenal vs Brighton,Premier League,Club Level,126.81,2025-01-19 02:55:46,False
S001104,Arsenal vs Bayern Munich,Champions League,General Admission,60.33,2025-03-27 21:17:31,True
S002178,Arsenal vs Real Madrid,Champions League,Hospitality,322.86,2024-12-23 19:13:43,True
S000361,Arsenal vs Luton,Premier League,Club Level,131.06,2025-08-28 21:54:08,True
S000685,Arsenal vs Real Madrid,Champions League,General Admission,51.44,2025-03-03 10:08:44,False
S004265,Arsenal vs Real Madrid,Champions League,Club Level,139.99,2025-07-16 05:14:00,True
S002619,Arsenal vs Real Madrid,Champions League,Club Level,130.83,2024-09-22 00:39:02,True
S003457,Arsenal vs Everton,Premier League,Hospitality,337.38,2025-01-05 23:25:02,True
S004833,Arsenal vs Man United,Premier League,Hospitality,428.29,2025-06-21 06:53:43,True
S004889,Arsenal vs Chelsea,Premier League,Away End,46.92,2025-04-12 01:24:25,True
S003805,Arsenal vs Brighton,Premier League,General Admission,55.64,2025-09-14 00:53:37,False
S002963,Arsenal vs Tottenham,Premier League,General Admission,60.19,2025-05-31 06:19:41,True
S001215,Arsenal vs Everton,Premier League,Club Level,153.61,2025-08-11 14:30:21,True
S000032,Arsenal vs Man City,Premier League,Club Level,122.19,2025-07-22 18:27:18,False
S002717,Arsenal vs Brighton,Premier League,Away End,51.29,2025-01-01 06:15:00,True
S001581,Arsenal vs Bayern Munich,Champions League,Club Level,116.69,2025-09-01 02:09:53,True
S004364,Arsenal vs Man United,Premier League,Club Level,149.09,2025-05-23 09:30:56,True
S004397,Arsenal vs Man City,Premier League,Club Level,134.65,2025-07-19 21:03:58,True
S002169,Arsenal vs Sheffield Utd,Carabao Cup,Family Enclosure,47.77,2025-03-17 09:18:00,True
S002827,Arsenal vs Luton,Premier League,General Admission,60.72,2025-04-08 17:54:21,True
S001901,Arsenal vs Real Madrid,Champions League,Club Level,148.76,2025-03-10 10:41:30,True
S003670,Arsenal vs Liverpool,Premier League,Family Enclosure,42.75,2025-01-17 18:02:16,True
S000580,Arsenal vs Tottenham,Premier League,Club Level,128.27,2025-02-19 15:44:55,True
S002784,Arsenal vs Man United,Premier League,Away End,49.39,2025-04-25 09:54:55,True
S001564,Arsenal vs Man City,Premier League,General Admission,58.69,2025-02-02 19:03:13,True
S001016,Arsenal vs Bayern Munich,Champions League,Hospitality,319.1,2025-05-28 12:10:15,True
S004741,Arsenal vs Bayern Munich,Champions League,Hospitality,339.23,2024-10-16 09:37:01,True
S002867,Arsenal vs Man United,Premier League,General Admission,63.78,2025-09-12 07:06:19,True
S004110,Arsenal vs Real Madrid,Champions League,Hospitality,438.92,2024-09-21 06:02:42,True
S002597,Arsenal vs Brighton,Premier League,General Admission,70.34,2025-04-24 20:07:04,False
S001801,Arsenal vs Man United,Premier League,Club Level,110.15,2025-02-19 18:19:43,True
S001148,Arsenal vs Chelsea,Premier League,Family Enclosure,42.89,2025-08-12 05:55:55,True
S001023,Arsenal vs Brighton,Premier League,Club Level,129.25,2025-06-11 14:58:51,True
S004369,Arsenal vs Man City,Premier League,Hospitality,325.5,2025-01-07 23:53:47,False
S001124,Arsenal vs Sheffield Utd,Carabao Cup,General Admission,53.73,2025-06-24 16:15:23,True
S000591,Arsenal vs Brighton,Premier League,Club Level,150.65,2025-04-12 10:33:53,True
S002969,Arsenal vs Bayern Munich,Champions League,General Admission,59.83,2025-05-22 14:04:01,False
S000448,Arsenal vs Luton,Premier League,General Admission,64.77,2025-05-31 10:42:38,False
S003190,Arsenal vs Chelsea,Premier League,Hospitality,359.06,2025-05-11 16:22:31,True
S000130,Arsenal vs Liverpool,Premier League,General Admission,60.09,2025-01-11 04:42:01,True
S004072,Arsenal vs Bayern Munich,Champions League,Family Enclosure,40.9,2025-04-11 16:16:22,True
S001900,Arsenal vs Chelsea,Premier League,General Admission,51.12,2024-09-29 21:21:35,True
S002187,Arsenal vs Man United,Premier League,General Admission,55.38,2024-11-19 08:10:25,True
S002073,Arsenal vs Man United,Premier League,Hospitality,383.44,2025-06-07 00:21:29,True
S001424,Arsenal vs Brighton,Premier League,Hospitality,407.05,2025-08-03 19:40:47,True
S001561,Arsenal vs Tottenham,Premier League,Hospitality,447.8,2025-06-19 12:05:55,False
S001353,Arsenal vs Fulham,Premier League,Hospitality,361.59,2025-02-16 07:44:46,True
S002718,Arsenal vs Man United,Premier League,Family Enclosure,56.03,2024-10-03 17:08:01,True
S001359,Arsenal vs Bayern Munich,Champions League,Club Level,119.7,2025-06-07 19:39:19,True
S000880,Arsenal vs Tottenham,Premier League,General Admission,61.3,2025-05-08 16:25:31,True
S004282,Arsenal vs Liverpool,Premier League,General Admission,68.47,2024-09-25 19:49:53,False
S001404,Arsenal vs Chelsea,Premier League,Hospitality,416.0,2025-08-06 00:21:19,True
S000606,Arsenal vs Man United,Premier League,General Admission,71.4,2025-06-16 07:20:27,True
S001648,Arsenal vs Fulham,Premier League,General Admission,70.39,2025-04-19 01:42:17,True
S000582,Arsenal vs Sheffield Utd,Carabao Cup,General Admission,65.63,2025-02-07 05:02:41,False
S000435,Arsenal vs Liverpool,Premier League,General Admission,69.16,2024-10-30 02:35:51,True
S002847,Arsenal vs Fulham,Premier League,Hospitality,400.61,2024-10-22 23:16:11,True
S000511,Arsenal vs Man United,Premier League,Club Level,154.37,2025-01-01 12:56:36,True
S001155,Arsenal vs Everton,Premier League,Hospitality,357.18,2025-09-20 06:39:35,True
S003336,Arsenal vs Everton,Premier League,Club Level,155.44,2025-08-17 22:43:12,True
S001248,Arsenal vs Sheffield Utd,Carabao Cup,General Admission,64.4,2024-11-26 09:54:57,True
S001056,Arsenal vs Man City,Premier League,Away End,38.73,2025-07-11 10:53:23,True
S001166,Arsenal vs Fulham,Premier League,Away End,45.58,2025-07-22 04:18:25,False
S001529,Arsenal vs Bayern Munich,Champions League,General Admission,63.79,2025-05-04 05:58:00,False
S003948,Arsenal vs Man City,Premier League,Hospitality,424.54,2024-10-01 19:15:06,True
S000248,Arsenal vs Chelsea,Premier League,Family Enclosure,45.95,2025-03-01 07:51:31,True
S002855,Arsenal vs Real Madrid,Champions League,General Admission,62.08,2024-10-12 14:19:58,True
S001807,Arsenal vs Man United,Premier League,Family Enclosure,52.79,2025-07-29 01:16:24,False
S002026,Arsenal vs Brighton,Premier League,General Admission,70.34,2025-01-25 14:34:42,False
S002507,Arsenal vs Man United,Premier League,General Admission,55.15,2025-08-18 19:18:29,False
S000667,Arsenal vs Tottenham,Premier League,General Admission,58.75,2025-08-02 09:31:09,True
S000884,Arsenal vs Bayern Munich,Champions League,General Admission,57.49,2025-09-13 02:28:41,True
S002096,Arsenal vs Tottenham,Premier League,Club Level,147.45,2025-06-02 08:30:31,True
S002318,Arsenal vs Sheffield Utd,Carabao Cup,General Admission,67.01,2024-10-02 14:10:46,True
S002776,Arsenal vs Sheffield Utd,Carabao Cup,Club Level,144.31,2024-12-09 09:17:35,True
S001798,Arsenal vs Chelsea,Premier League,Hospitality,356.15,2025-02-24 17:19:20,False
S002578,Arsenal vs Luton,Premier League,General Admission,61.24,2025-08-11 20:08:40,False
S000831,Arsenal vs Everton,Premier League,Hospitality,343.18,2024-10-31 02:38:30,True
S004309,Arsenal vs Man City,Premier League,General Admission,61.66,2024-11-02 13:08:24,False
S004182,Arsenal vs Man City,Premier League,General Admission,66.96,2025-08-03 22:58:28,True
S004283,Arsenal vs Man United,Premier League,Family Enclosure,56.21,2025-08-12 23:30:00,False
S000108,Arsenal vs Man City,Premier League,General Admission,67.52,2025-09-11 08:10:05,True
S004149,Arsenal vs Man United,Premier League,Family Enclosure,45.81,2025-01-31 19:57:44,True
S001626,Arsenal vs Man City,Premier League,Family Enclosure,58.4,2025-02-04 23:19:58,True
S002793,Arsenal vs Luton,Premier League,Family Enclosure,53.61,2025-08-12 22:05:11,True
S003848,Arsenal vs Tottenham,Premier League,Family Enclosure,48.25,2025-04-29 21:36:59,True
S004806,Arsenal vs Brighton,Premier League,General Admission,52.45,2025-02-19 01:23:50,True
S003147,Arsenal vs Tottenham,Premier League,General Admission,70.98,2025-02-06 15:20:10,True
S002729,Arsenal vs Brighton,Premier League,Club Level,149.58,2025-01-03 04:48:39,False
S004261,Arsenal vs Everton,Premier League,General Admission,70.61,2025-04-11 04:43:48,True
S004796,Arsenal vs Liverpool,Premier League,General Admission,70.07,2025-06-19 06:59:04,True
S004582,Arsenal vs Luton,Premier League,General Admission,52.48,2024-11-29 15:06:17,True
S004973,Arsenal vs Bayern Munich,Champions League,General Admission,51.09,2024-12-28 09:13:20,True
S004256,Arsenal vs Tottenham,Premier League,Away End,45.88,2025-03-23 00:25:03,True
S000804,Arsenal vs Sheffield Utd,Carabao Cup,General Admission,66.61,2025-02-12 13:00:59,True
S000616,Arsenal vs Tottenham,Premier League,General Admission,49.83,2025-08-05 16:48:59,True
S001083,Arsenal vs Fulham,Premier League,General Admission,69.52,2025-05-17 08:58:15,False
S002188,Arsenal vs Everton,Premier League,Away End,40.12,2024-09-20 12:16:20,False
S003811,Arsenal vs Man United,Premier League,Away End,47.85,2024-10-15 20:19:51,False
S001456,Arsenal vs Bayern Munich,Champions League,General Admission,51.24,2025-04-23 07:35:37,False
S003277,Arsenal vs Fulham,Premier League,General Admission,65.93,2025-03-02 06:30:35,True
S004587,Arsenal vs Tottenham,Premier League,General Admission,61.61,2024-10-02 08:38:26,True
S002193,Arsenal vs Tottenham,Premier League,Away End,42.13,2024-12-21 01:44:38,True
S000146,Arsenal vs Everton,Premier League,General Admission,67.03,2025-01-12 11:52:51,True
S004384,Arsenal vs Fulham,Premier League,General Admission,53.64,2025-04-05 05:37:26,True
S003336,Arsenal vs Man City,Premier League,General Admission,55.15,2025-03-15 22:47:36,True
S002983,Arsenal vs Everton,Premier League,Hospitality,395.05,2025-06-18 00:02:07,True
S004333,Arsenal vs Luton,Premier League,Club Level,127.85,2024-12-09 22:25:42,True
S000717,Arsenal vs Everton,Premier League,General Admission,52.8,2025-02-10 21:04:06,True
S003514,Arsenal vs Sheffield Utd,Carabao Cup,Club Level,108.21,2025-01-15 09:54:04,True
S000923,Arsenal vs Liverpool,Premier League,Family Enclosure,41.6,2025-05-04 04:29:33,False
S000648,Arsenal vs Sheffield Utd,Carabao Cup,Hospitality,386.44,2025-08-28 08:25:24,True
S003877,Arsenal vs Man City,Premier League,Family Enclosure,56.52,2025-05-31 10:36:42,True
S004512,Arsenal vs Chelsea,Premier League,Hospitality,439.73,2025-05-10 02:13:21,True
S000354,Arsenal vs Man City,Premier League,Club Level,152.7,2025-07-23 01:46:16,True
S003740,Arsenal vs Liverpool,Premier League,Family Enclosure,54.37,2025-04-07 10:44:43,True
S002386,Arsenal vs Real Madrid,Champions League,General Admission,70.51,2024-11-25 04:52:01,True
S000985,Arsenal vs Man City,Premier League,General Admission,50.71,2025-04-29 00:46:10,False
S002241,Arsenal vs Sheffield Utd,Carabao Cup,General Admission,50.95,2024-12-17 14:45:10,True
S004230,Arsenal vs Man City,Premier League,General Admission,53.6,2025-04-09 00:01:11,True
S004590,Arsenal vs Fulham,Premier League,Family Enclosure,41.65,2024-12-08 17:54:05,True
S002196,Arsenal vs Chelsea,Premier League,General Admission,67.91,2025-08-06 14:36:18,True
S004769,Arsenal vs Luton,Premier League,General Admission,54.52,2025-03-01 03:12:17,True
S003195,Arsenal vs Luton,Premier League,Hospitality,393.93,2024-09-27 19:25:51,True
S000643,Arsenal vs Real Madrid,Champions League,Hospitality,392.24,2025-03-06 10:13:16,True
S003616,Arsenal vs Man United,Premier League,Hospitality,432.0,2025-04-02 22:13:43,True
S001254,Arsenal vs Fulham,Premier League,General Admission,67.53,2025-05-17 15:15:40,True
S002212,Arsenal vs Luton,Premier League,Family Enclosure,41.35,2025-06-10 18:23:22,False
S003473,Arsenal vs Sheffield Utd,Carabao Cup,General Admission,56.34,2024-11-27 08:39:02,True
S000445,Arsenal vs Man United,Premier League,Away End,39.73,2024-10-29 03:11:17,False
S002667,Arsenal vs Luton,Premier League,Club Level,128.51,2025-07-07 10:35:28,True
S002412,Arsenal vs Man City,Premier League,General Admission,70.38,2025-09-17 15:43:35,True
S000325,Arsenal vs Everton,Premier League,General Admission,58.46,2024-10-01 21:42:41,True
S000639,Arsenal vs Tottenham,Premier League,General Admission,63.3,2025-02-21 10:39:06,False
S003490,Arsenal vs Bayern Munich,Champions League,General Admission,70.89,2025-06-30 05:14:09,True
S002896,Arsenal vs Sheffield Utd,Carabao Cup,General Admission,58.72,2025-03-21 17:52:15,True
S001346,Arsenal vs Brighton,Premier League,Club Level,115.3,2025-07-08 17:05:20,True
S002657,Arsenal vs Real Madrid,Champions League,General Admission,60.31,2025-05-09 01:35:42,True
S002373,Arsenal vs Luton,Premier League,Away End,45.99,2025-04-19 05:43:31,True
S000852,Arsenal vs Chelsea,Premier League,General Admission,66.98,2025-05-05 18:12:58,True
S002367,Arsenal vs Man City,Premier League,General Admission,49.87,2025-07-19 16:40:21,True
S000441,Arsenal vs Chelsea,Premier League,Family Enclosure,55.11,2025-05-28 04:53:18,False
S003577,Arsenal vs Luton,Premier League,General Admission,61.21,2025-03-31 06:58:29,False
S003459,Arsenal vs Luton,Premier League,General Admission,63.17,2025-08-17 17:52:14,False
S001907,Arsenal vs Luton,Premier League,Hospitality,375.21,2025-03-27 22:49:52,True
S001923,Arsenal vs Man United,Premier League,Hospitality,403.29,2025-07-07 14:44:01,True
S004633,Arsenal vs Tottenham,Premier League,Family Enclosure,46.53,2025-03-28 15:23:06,True
S002639,Arsenal vs Real Madrid,Champions League,Away End,42.19,2024-09-22 02:38:14,False
S002637,Arsenal vs Luton,Premier League,Hospitality,378.88,2025-07-27 05:37:52,True
S003098,Arsenal vs Brighton,Premier League,Family Enclosure,47.72,2025-09-06 13:06:10,True
S004873,Arsenal vs Everton,Premier League,General Admission,57.18,2025-02-26 15:39:04,False
S001521,Arsenal vs Sheffield Utd,Carabao Cup,Club Level,154.85,2025-05-05 00:08:18,True
S004754,Arsenal vs Man United,Premier League,Family Enclosure,42.96,2025-03-23 23:00:48,True
S003294,Arsenal vs Tottenham,Premier League,General Admission,66.87,2025-02-10 06:25:28,True
S003617,Arsenal vs Luton,Premier League,General Admission,55.73,2025-03-28 15:00:30,True
S002175,Arsenal vs Real Madrid,Champions League,General Admission,67.85,2024-11-02 16:43:18,False
S003743,Arsenal vs Brighton,Premier League,Family Enclosure,47.16,2024-11-17 23:10:29,True
S003672,Arsenal vs Sheffield Utd,Carabao Cup,Family Enclosure,46.41,2025-04-08 12:27:45,True
S003339,Arsenal vs Liverpool,Premier League,General Admission,51.67,2025-07-11 09:16:34,True
S002504,Arsenal vs Chelsea,Premier League,General Admission,58.55,2025-07-10 00:17:11,False
S001465,Arsenal vs Bayern Munich,Champions League,Family Enclosure,56.77,2025-02-14 08:41:46,True
S003788,Arsenal vs Brighton,Premier League,General Admission,60.41,2025-08-10 19:07:32,True
S004142,Arsenal vs Bayern Munich,Champions League,General Admission,61.6,2025-02-24 13:58:25,True
S004707,Arsenal vs Liverpool,Premier League,Club Level,142.81,2025-03-18 09:38:33,False
S001160,Arsenal vs Brighton,Premier League,General Admission,68.63,2024-10-17 21:46:45,True
S003269,Arsenal vs Liverpool,Premier League,General Admission,68.58,2024-11-04 11:51:48,True
S004627,Arsenal vs Luton,Premier League,General Admission,62.08,2024-11-23 10:30:17,False
S003197,Arsenal vs Everton,Premier League,Family Enclosure,43.82,2024-11-17 19:20:56,True
S003435,Arsenal vs Liverpool,Premier League,Club Level,139.07,2025-06-24 10:39:42,True
S003358,Arsenal vs Man United,Premier League,Hospitality,388.68,2025-08-22 19:31:14,True
S001937,Arsenal vs Liverpool,Premier League,Family Enclosure,47.39,2025-06-25 16:09:47,True
S000553,Arsenal vs Liverpool,Premier League,Family Enclosure,49.94,2025-06-18 09:49:01,True
S001095,Arsenal vs Fulham,Premier League,Family Enclosure,44.22,2025-04-04 11:33:31,True
S001659,Arsenal vs Real Madrid,Champions League,Hospitality,336.51,2025-04-12 06:53:50,True
S001437,Arsenal vs Real Madrid,Champions League,General Admission,67.51,2025-06-11 20:00:12,True
S003879,Arsenal vs Liverpool,Premier League,General Admission,52.26,2025-02-06 15:36:45,True
S003310,Arsenal vs Brighton,Premier League,Away End,40.38,2024-12-14 14:28:26,True
S001028,Arsenal vs Liverpool,Premier League,General Admission,60.95,2025-07-09 22:23:15,True
S000347,Arsenal vs Luton,Premier League,General Admission,68.33,2024-10-29 06:40:09,True
S000305,Arsenal vs Man City,Premier League,Club Level,151.1,2025-08-03 03:25:58,False
S001086,Arsenal vs Bayern Munich,Champions League,Club Level,127.04,2025-03-14 19:52:20,True
S002834,Arsenal vs Sheffield Utd,Carabao Cup,General Admission,51.8,2024-12-25 02:34:19,False
S001217,Arsenal vs Brighton,Premier League,General Admission,60.97,2025-04-30 03:20:30,True
S000496,Arsenal vs Bayern Munich,Champions League,General Admission,65.5,2025-01-17 08:09:23,True
S004478,Arsenal vs Chelsea,Premier League,Club Level,150.75,2025-03-03 01:52:58,True
S001262,Arsenal vs Brighton,Premier League,Away End,40.57,2025-08-31 22:25:03,True
S003996,Arsenal vs Fulham,Premier League,General Admission,54.98,2025-09-02 06:53:24,True
S001769,Arsenal vs Chelsea,Premier League,General Admission,62.4,2025-02-23 02:27:10,True
S000209,Arsenal vs Everton,Premier League,General Admission,65.29,2025-02-05 23:44:05,True
S003089,Arsenal vs Liverpool,Premier League,General Admission,51.74,2024-12-11 14:45:36,True
S004978,Arsenal vs Brighton,Premier League,Hospitality,441.06,2024-10-20 05:25:24,True
S004907,Arsenal vs Everton,Premier League,General Admission,56.07,2024-10-22 15:07:38,True
S003698,Arsenal vs Tottenham,Premier League,General Admission,55.8,2025-06-19 02:18:01,True
S002778,Arsenal vs Bayern Munich,Champions League,Club Level,130.31,2025-08-02 02:53:35,True
S000227,Arsenal vs Luton,Premier League,General Admission,69.74,2025-01-22 23:28:05,True
S004959,Arsenal vs Tottenham,Premier League,General Admission,62.18,2025-04-13 13:51:48,False
S004112,Arsenal vs Man United,Premier League,General Admission,63.05,2025-07-17 00:54:09,True
S000136,Arsenal vs Luton,Premier League,Hospitality,380.13,2025-05-02 06:05:01,True
S003876,Arsenal vs Brighton,Premier League,Family Enclosure,44.92,2025-06-10 06:53:14,True
S001591,Arsenal vs Luton,Premier League,General Admission,51.26,2025-06-17 00:48:41,True
S003690,Arsenal vs Bayern Munich,Champions League,General Admission,61.09,2025-04-30 13:10:44,True
S001643,Arsenal vs Real Madrid,Champions League,Family Enclosure,50.62,2025-07-04 06:04:01,False
S002960,Arsenal vs Chelsea,Premier League,Family Enclosure,56.45,2025-02-07 08:30:13,True
S004211,Arsenal vs Sheffield Utd,Carabao Cup,General Admission,71.38,2025-02-16 14:44:35,True
S004900,Arsenal vs Sheffield Utd,Carabao Cup,Family Enclosure,42.26,2025-02-02 21:40:00,False
S001979,Arsenal vs Real Madrid,Champions League,General Admission,51.57,2024-10-12 11:15:34,True
S003517,Arsenal vs Liverpool,Premier League,Club Level,117.29,2025-03-11 04:06:31,True
S004647,Arsenal vs Chelsea,Premier League,General Admission,61.11,2024-11-21 19:10:01,True
S004053,Arsenal vs Real Madrid,Champions League,General Admission,69.47,2024-10-18 18:22:35,True
S004142,Arsenal vs Man City,Premier League,Hospitality,436.82,2024-10-27 20:43:40,True
S000547,Arsenal vs Luton,Premier League,Club Level,115.91,2025-06-12 12:02:22,False
S003490,Arsenal vs Bayern Munich,Champions League,General Admission,50.34,2025-04-22 18:38:43,False
S004309,Arsenal vs Bayern Munich,Champions League,Family Enclosure,45.53,2025-07-27 11:52:52,True
S000846,Arsenal vs Liverpool,Premier League,General Admission,59.78,2025-03-03 15:01:26,True
S000637,Arsenal vs Bayern Munich,Champions League,Family Enclosure,42.6,2024-10-31 14:50:03,True
S003085,Arsenal vs Fulham,Premier League,Club Level,129.49,2025-02-20 22:07:25,False
S001984,Arsenal vs Brighton,Premier League,Hospitality,414.5,2025-09-12 02:32:07,True
S004195,Arsenal vs Real Madrid,Champions League,General Admission,52.71,2025-04-14 06:55:12,True
S000535,Arsenal vs Man City,Premier League,Family Enclosure,54.72,2025-04-11 17:44:01,False
S000525,Arsenal vs Chelsea,Premier League,General Admission,56.97,2024-12-12 03:18:10,True
S004609,Arsenal vs Sheffield Utd,Carabao Cup,General Admission,71.45,2024-12-17 17:13:21,True
S000643,Arsenal vs Man United,Premier League,General Admission,65.96,2024-10-16 19:01:55,True
S003816,Arsenal vs Fulham,Premier League,General Admission,59.15,2025-08-18 21:12:04,True
S004480,Arsenal vs Everton,Premier League,Club Level,141.5,2025-05-06 16:38:07,True
S001563,Arsenal vs Chelsea,Premier League,General Admission,51.46,2025-06-30 14:34:29,True
S001871,Arsenal vs Tottenham,Premier League,Hospitality,421.68,2025-04-13 16:23:42,True
S003425,Arsenal vs Chelsea,Premier League,Club Level,145.12,2024-12-22 00:41:30,False
S000996,Arsenal vs Man United,Premier League,Family Enclosure,46.83,2025-08-31 22:05:45,True
S000783,Arsenal vs Tottenham,Premier League,Hospitality,407.91,2025-09-04 17:48:46,True
S002405,Arsenal vs Chelsea,Premier League,Club Level,118.72,2024-10-13 00:19:22,True
S001069,Arsenal vs Tottenham,Premier League,Club Level,111.9,2024-11-21 17:21:01,True
S002237,Arsenal vs Fulham,Premier League,Away End,47.42,2025-02-15 18:53:31,True
S001618,Arsenal vs Luton,Premier League,Family Enclosure,42.32,2025-03-01 20:18:35,True
S000188,Arsenal vs Brighton,Premier League,General Admission,69.17,2025-06-24 08:16:21,True
S003598,Arsenal vs Tottenham,Premier League,General Admission,51.4,2025-04-03 19:06:27,True
S003623,Arsenal vs Sheffield Utd,Carabao Cup,General Admission,70.1,2025-08-04 19:11:52,False
S000662,Arsenal vs Brighton,Premier League,Club Level,110.65,2025-04-13 06:13:48,True
S003829,Arsenal vs Brighton,Premier League,General Admission,71.48,2025-03-27 10:49:10,True
S000430,Arsenal vs Sheffield Utd,Carabao Cup,Away End,49.22,2025-07-21 10:53:53,True
S000548,Arsenal vs Tottenham,Premier League,General Admission,59.0,2025-02-04 20:37:04,True
S001678,Arsenal vs Bayern Munich,Champions League,Away End,45.36,2025-08-01 00:53:17,True
S004453,Arsenal vs Liverpool,Premier League,Hospitality,422.69,2025-07-22 09:57:34,True
S004696,Arsenal vs Brighton,Premier League,Away End,36.28,2025-07-10 19:35:28,True
S001240,Arsenal vs Luton,Premier League,Club Level,134.61,2024-12-19 11:11:40,True
S001763,Arsenal vs Tottenham,Premier League,General Admission,67.91,2024-10-22 11:08:14,False
S002041,Arsenal vs Everton,Premier League,Family Enclosure,47.58,2024-10-27 14:06:57,True
S000207,Arsenal vs Fulham,Premier League,General Admission,59.04,2025-05-05 11:41:38,True
S001282,Arsenal vs Everton,Premier League,General Admission,56.62,2025-01-27 20:21:24,False
S001212,Arsenal vs Bayern Munich,Champions League,General Admission,54.29,2024-11-12 00:57:38,True
S001819,Arsenal vs Real Madrid,Champions League,Hospitality,431.18,2025-01-03 16:19:21,True
S004574,Arsenal vs Bayern Munich,Champions League,Hospitality,354.09,2025-03-11 12:17:37,True
S003044,Arsenal vs Man City,Premier League,Hospitality,415.14,2024-11-07 10:26:50,False
S002791,Arsenal vs Tottenham,Premier League,General Admission,54.13,2025-07-19 08:27:40,False
S003707,Arsenal vs Luton,Premier League,Hospitality,450.76,2024-12-20 20:53:55,False
S003933,Arsenal vs Fulham,Premier League,Club Level,140.14,2024-11-11 05:41:44,True
S003949,Arsenal vs Everton,Premier League,Family Enclosure,41.19,2024-11-11 13:01:04,True
S000744,Arsenal vs Everton,Premier League,Away End,37.0,2025-04-11 04:41:21,True
S003981,Arsenal vs Liverpool,Premier League,Family Enclosure,53.26,2025-03-02 00:20:23,True
S000477,Arsenal vs Liverpool,Premier League,General Admission,57.09,2025-06-10 00:29:50,True
S003261,Arsenal vs Man City,Premier League,Away End,41.29,2025-07-23 02:18:32,True
S001723,Arsenal vs Tottenham,Premier League,Family Enclosure,47.15,2025-08-09 10:29:36,True
S003463,Arsenal vs Real Madrid,Champions League,Family Enclosure,44.47,2025-02-03 06:02:35,False
S004111,Arsenal vs Fulham,Premier League,Family Enclosure,53.7,2025-04-03 04:04:26,True
S000069,Arsenal vs Man City,Premier League,Club Level,113.45,2024-11-23 08:59:31,True
S003564,Arsenal vs Liverpool,Premier League,General Admission,59.18,2025-04-17 03:25:00,True
S000832,Arsenal vs Liverpool,Premier League,General Admission,58.7,2025-05-22 17:55:10,True
S003375,Arsenal vs Brighton,Premier League,General Admission,49.8,2024-10-30 19:38:30,True
S003403,Arsenal vs Brighton,Premier League,General Admission,65.96,2024-11-24 09:51:26,True
S004809,Arsenal vs Chelsea,Premier League,General Admission,58.62,2025-03-17 09:53:08,True
S002360,Arsenal vs Man City,Premier League,General Admission,68.01,2025-05-28 22:18:29,True
S000612,Arsenal vs Liverpool,Premier League,General Admission,54.41,2025-06-16 15:42:32,True
S000949,Arsenal vs Brighton,Premier League,Club Level,118.61,2025-02-03 08:21:48,False
S003544,Arsenal vs Chelsea,Premier League,General Admission,65.83,2025-09-20 11:41:04,True
S003922,Arsenal vs Sheffield Utd,Carabao Cup,Club Level,132.02,2025-08-15 00:03:00,True
S002420,Arsenal vs Sheffield Utd,Carabao Cup,Away End,40.11,2025-06-05 18:47:02,True
S004762,Arsenal vs Sheffield Utd,Carabao Cup,General Admission,70.07,2024-09-30 01:01:02,True
S003898,Arsenal vs Tottenham,Premier League,Family Enclosure,52.0,2024-12-10 23:06:37,True
S004045,Arsenal vs Real Madrid,Champions League,Club Level,137.68,2025-07-31 01:01:14,True
S004628,Arsenal vs Man United,Premier League,General Admission,55.95,2025-01-01 20:44:57,False
S004175,Arsenal vs Liverpool,Premier League,Club Level,126.79,2025-08-15 13:42:25,False
S000223,Arsenal vs Man City,Premier League,Away End,38.78,2024-10-20 11:49:45,True
S003872,Arsenal vs Liverpool,Premier League,General Admission,55.29,2025-08-17 18:00:29,False
S004608,Arsenal vs Real Madrid,Champions League,Club Level,117.93,2025-02-17 03:19:24,True
S004164,Arsenal vs Tottenham,Premier League,General Admission,53.24,2025-04-21 18:30:45,True
S002857,Arsenal vs Man United,Premier League,Family Enclosure,44.2,2025-04-08 00:18:07,False
S004070,Arsenal vs Luton,Premier League,General Admission,50.7,2025-02-01 17:52:33,True
S003992,Arsenal vs Brighton,Premier League,Away End,51.23,2024-12-19 22:56:36,True
S001444,Arsenal vs Luton,Premier League,Hospitality,449.23,2025-07-08 11:17:06,True
S001944,Arsenal vs Tottenham,Premier League,General Admission,53.53,2025-03-29 20:47:04,True
S003070,Arsenal vs Everton,Premier League,Family Enclosure,45.01,2025-01-16 18:44:33,False
S003903,Arsenal vs Man City,Premier League,General Admission,67.09,2025-05-09 20:49:17,False
S001351,Arsenal vs Liverpool,Premier League,General Admission,68.09,2024-10-22 18:36:47,True
S003856,Arsenal vs Man City,Premier League,Away End,37.3,2025-08-06 07:56:32,True
S001921,Arsenal vs Man City,Premier League,General Admission,50.81,2025-05-21 03:43:57,True
S004922,Arsenal vs Fulham,Premier League,General Admission,64.77,2025-03-01 14:21:22,True
S003037,Arsenal vs Chelsea,Premier League,General Admission,69.58,2025-03-24 10:57:32,True
S000808,Arsenal vs Chelsea,Premier League,General Admission,54.14,2024-10-04 15:27:41,True
S003312,Arsenal vs Real Madrid,Champions League,General Admission,61.37,2025-05-25 07:07:04,False
S002286,Arsenal vs Everton,Premier League,Club Level,109.48,2025-01-11 19:38:59,True
S000547,Arsenal vs Bayern Munich,Champions League,Club Level,143.93,2024-12-26 22:29:55,True
S002857,Arsenal vs Everton,Premier League,General Admission,68.81,2024-12-12 00:08:31,True
S000290,Arsenal vs Everton,Premier League,Away End,40.07,2025-09-19 08:21:50,True
S003473,Arsenal vs Bayern Munich,Champions League,General Admission,71.01,2025-09-13 04:24:29,True
S000845,Arsenal vs Liverpool,Premier League,General Admission,59.2,2024-12-07 18:35:27,False
S001870,Arsenal vs Real Madrid,Champions League,Club Level,126.1,2024-12-23 19:26:30,True
S003435,Arsenal vs Fulham,Premier League,General Admission,69.45,2024-11-25 04:35:34,True
S001932,Arsenal vs Everton,Premier League,General Admission,60.39,2025-07-10 08:46:54,True
S001563,Arsenal vs Everton,Premier League,General Admission,67.93,2025-07-08 22:50:50,True
S003517,Arsenal vs Luton,Premier League,Club Level,116.04,2025-01-25 22:46:35,False
S001697,Arsenal vs Man United,Premier League,Club Level,109.68,2025-07-10 22:24:45,False
S004998,Arsenal vs Brighton,Premier League,General Admission,56.31,2025-02-03 02:07:06,True
S003905,Arsenal vs Sheffield Utd,Carabao Cup,Club Level,109.31,2025-08-12 12:35:22,False
S000352,Arsenal vs Liverpool,Premier League,Club Level,122.25,2024-10-05 13:44:08,True
S001122,Arsenal vs Tottenham,Premier League,General Admission,52.06,2025-06-18 10:03:22,True
S000144,Arsenal vs Real Madrid,Champions League,General Admission,56.22,2025-08-23 20:02:02,True
S001791,Arsenal vs Bayern Munich,Champions League,General Admission,55.09,2025-06-17 10:39:20,True
S000671,Arsenal vs Chelsea,Premier League,Family Enclosure,47.4,2025-01-27 14:25:21,True
S001309,Arsenal vs Sheffield Utd,Carabao Cup,General Admission,68.75,2025-01-26 07:12:55,True
S000731,Arsenal vs Brighton,Premier League,Club Level,109.63,2025-01-13 10:04:20,True
S003976,Arsenal vs Everton,Premier League,General Admission,58.91,2024-10-13 10:48:43,True
S004211,Arsenal vs Brighton,Premier League,Hospitality,380.3,2025-01-22 11:36:49,True
S002629,Arsenal vs Fulham,Premier League,General Admission,67.69,2025-05-30 14:37:54,True
S000650,Arsenal vs Liverpool,Premier League,General Admission,57.14,2025-09-15 16:30:56,True
S004649,Arsenal vs Everton,Premier League,Family Enclosure,40.85,2024-12-17 20:19:03,True
S000022,Arsenal vs Fulham,Premier League,General Admission,56.96,2025-02-07 16:20:48,True
S002305,Arsenal vs Chelsea,Premier League,General Admission,61.74,2025-01-13 10:28:19,True
S002157,Arsenal vs Luton,Premier League,Family Enclosure,53.12,2025-06-29 18:10:03,True
S000550,Arsenal vs Luton,Premier League,Club Level,132.26,2025-02-26 22:10:22,True
S004975,Arsenal vs Tottenham,Premier League,Family Enclosure,53.76,2024-12-01 12:37:40,True
S002423,Arsenal vs Man City,Premier League,Club Level,151.5,2025-03-01 21:31:48,False
S002706,Arsenal vs Sheffield Utd,Carabao Cup,General Admission,69.54,2025-01-29 22:47:27,True
S003974,Arsenal vs Tottenham,Premier League,Hospitality,352.96,2025-04-16 12:32:17,False
S003613,Arsenal vs Man United,Premier League,General Admission,55.31,2025-03-25 05:21:45,True
S002144,Arsenal vs Brighton,Premier League,General Admission,55.58,2024-09-24 11:58:20,True
S001969,Arsenal vs Man City,Premier League,General Admission,65.91,2024-10-05 03:31:06,True
S000735,Arsenal vs Brighton,Premier League,Club Level,117.59,2025-03-06 01:32:25,True
S003957,Arsenal vs Liverpool,Premier League,Club Level,146.73,2025-03-29 14:37:31,False
S003220,Arsenal vs Chelsea,Premier League,General Admission,69.09,2025-06-21 13:45:10,True
S000914,Arsenal vs Man United,Premier League,General Admission,52.81,2025-05-17 06:16:50,False
S002317,Arsenal vs Tottenham,Premier League,Away End,43.58,2025-02-04 12:10:06,True
S001084,Arsenal vs Liverpool,Premier League,General Admission,57.76,2025-05-07 00:33:16,False
S000900,Arsenal vs Man City,Premier League,Club Level,151.16,2025-03-02 14:22:55,True
S001384,Arsenal vs Fulham,Premier League,General Admission,58.55,2025-06-20 13:06:35,False
S001478,Arsenal vs Brighton,Premier League,Club Level,112.4,2025-08-18 11:27:58,True
S000952,Arsenal vs Liverpool,Premier League,Hospitality,320.49,2025-09-05 18:55:42,True
S004327,Arsenal vs Man City,Premier League,General Admission,63.23,2025-07-10 04:33:04,True
S000983,Arsenal vs Real Madrid,Champions League,General Admission,52.58,2025-03-13 11:53:55,True
S004533,Arsenal vs Sheffield Utd,Carabao Cup,General Admission,54.86,2025-06-09 16:21:30,False
S001606,Arsenal vs Brighton,Premier League,Hospitality,356.1,2025-06-01 13:00:50,True
S003132,Arsenal vs Bayern Munich,Champions League,Club Level,109.01,2025-06-29 00:31:21,True
S004038,Arsenal vs Fulham,Premier League,Away End,37.29,2025-07-09 01:58:24,True
S000086,Arsenal vs Sheffield Utd,Carabao Cup,General Admission,53.93,2024-12-19 02:10:12,True
S004992,Arsenal vs Real Madrid,Champions League,General Admission,51.0,2024-09-28 09:06:52,False
S004273,Arsenal vs Bayern Munich,Champions League,Club Level,117.48,2025-03-15 13:17:47,True
S000251,Arsenal vs Luton,Premier League,General Admission,69.61,2024-10-22 05:03:18,True
S001999,Arsenal vs Tottenham,Premier League,General Admission,53.61,2025-07-31 09:57:17,False
S004554,Arsenal vs Liverpool,Premier League,General Admission,68.09,2025-05-30 01:13:31,True
S004647,Arsenal vs Brighton,Premier League,General Admission,53.88,2025-02-27 00:49:09,True
S003469,Arsenal vs Brighton,Premier League,General Admission,50.43,2025-01-10 11:58:06,True
S000217,Arsenal vs Chelsea,Premier League,General Admission,59.86,2025-02-08 23:19:42,False
S000222,Arsenal vs Sheffield Utd,Carabao Cup,Family Enclosure,58.37,2025-05-07 03:08:39,True
S002787,Arsenal vs Sheffield Utd,Carabao Cup,Hospitality,451.89,2024-10-29 03:53:38,True
S003944,Arsenal vs Luton,Premier League,Hospitality,355.85,2024-10-09 20:27:08,True
S000163,Arsenal vs Bayern Munich,Champions League,General Admission,53.76,2024-11-29 12:41:19,True
S000752,Arsenal vs Man City,Premier League,General Admission,60.03,2024-10-25 04:41:21,True
S000807,Arsenal vs Brighton,Premier League,General Admission,61.33,2025-02-05 03:04:16,True
S001365,Arsenal vs Sheffield Utd,Carabao Cup,General Admission,52.1,2025-09-08 06:51:38,True
S002445,Arsenal vs Chelsea,Premier League,General Admission,63.26,2025-06-01 11:06:48,True
S000895,Arsenal vs Liverpool,Premier League,Club Level,142.43,2024-12-12 12:57:51,True
S003145,Arsenal vs Sheffield Utd,Carabao Cup,General Admission,60.49,2025-09-07 20:55:35,True
S000551,Arsenal vs Fulham,Premier League,Club Level,113.51,2024-09-30 15:30:31,True
S003065,Arsenal vs Tottenham,Premier League,General Admission,61.94,2025-06-04 17:16:03,True
S002227,Arsenal vs Everton,Premier League,General Admission,58.73,2025-02-12 23:05:53,True
S000196,Arsenal vs Brighton,Premier League,General Admission,60.09,2025-08-10 18:22:08,True
S004607,Arsenal vs Sheffield Utd,Carabao Cup,Club Level,117.72,2025-06-17 20:01:41,True
S003543,Arsenal vs Brighton,Premier League,Family Enclosure,56.71,2025-06-17 23:21:41,False
S001063,Arsenal vs Liverpool,Premier League,Away End,45.0,2025-01-24 00:40:53,True
S002076,Arsenal vs Man United,Premier League,Family Enclosure,58.02,2025-07-31 11:24:05,True
S004602,Arsenal vs Everton,Premier League,Family Enclosure,55.34,2025-03-06 15:46:54,True
S000650,Arsenal vs Tottenham,Premier League,General Admission,63.53,2024-12-17 07:27:21,True
S001750,Arsenal vs Tottenham,Premier League,General Admission,59.14,2025-05-02 02:44:40,True
S001076,Arsenal vs Tottenham,Premier League,Club Level,136.67,2025-06-17 13:18:32,True
S003978,Arsenal vs Tottenham,Premier League,Away End,45.3,2025-06-01 03:11:34,True
S004239,Arsenal vs Man City,Premier League,General Admission,64.68,2024-10-02 16:41:34,True
S003727,Arsenal vs Man United,Premier League,General Admission,66.14,2025-09-03 19:25:32,True
S000384,Arsenal vs Brighton,Premier League,General Admission,55.37,2025-09-13 21:32:32,False
S003925,Arsenal vs Chelsea,Premier League,Family Enclosure,48.28,2024-11-07 13:56:01,True
S002292,Arsenal vs Luton,Premier League,General Admission,52.28,2025-01-27 04:06:46,True
S004567,Arsenal vs Liverpool,Premier League,General Admission,60.95,2024-11-12 19:46:31,True
S001179,Arsenal vs Chelsea,Premier League,Hospitality,446.43,2025-04-09 17:44:49,True
S001937,Arsenal vs Everton,Premier League,General Admission,59.73,2025-09-13 08:56:29,True
S003082,Arsenal vs Brighton,Premier League,General Admission,67.53,2025-09-03 10:50:42,True
S003467,Arsenal vs Real Madrid,Champions League,Club Level,150.82,2025-05-20 18:21:05,True
S004503,Arsenal vs Real Madrid,Champions League,General Admission,50.81,2024-11-26 03:23:51,True
S003435,Arsenal vs Everton,Premier League,General Admission,65.85,2025-04-15 00:03:01,True
S000484,Arsenal vs Man City,Premier League,Club Level,155.07,2024-12-20 07:47:23,True
S000353,Arsenal vs Real Madrid,Champions League,Family Enclosure,49.23,2025-01-07 11:00:35,True
S001816,Arsenal vs Sheffield Utd,Carabao Cup,Club Level,130.01,2024-11-22 22:04:30,False
S003276,Arsenal vs Real Madrid,Champions League,Club Level,142.99,2025-03-30 16:50:06,True
S003420,Arsenal vs Everton,Premier League,Family Enclosure,55.6,2025-08-27 04:12:06,True
S004133,Arsenal vs Man United,Premier League,Club Level,139.06,2025-03-28 19:30:09,True
S002126,Arsenal vs Real Madrid,Champions League,Hospitality,351.98,2024-11-23 22:42:32,False
S000743,Arsenal vs Everton,Premier League,General Admission,65.97,2024-12-21 18:28:48,True
S000872,Arsenal vs Brighton,Premier League,General Admission,52.17,2025-06-12 08:08:35,True
S000282,Arsenal vs Bayern Munich,Champions League,Club Level,116.77,2024-12-21 18:35:54,True
S000917,Arsenal vs Man City,Premier League,Hospitality,441.22,2024-10-17 17:37:44,True
S004461,Arsenal vs Everton,Premier League,General Admission,57.02,2025-07-13 18:07:35,False
S004164,Arsenal vs Bayern Munich,Champions League,General Admission,50.75,2025-08-02 10:49:41,True
S002135,Arsenal vs Brighton,Premier League,Club Level,123.15,2024-12-07 05:25:27,True
S004439,Arsenal vs Luton,Premier League,Family Enclosure,40.52,2025-04-15 06:53:40,False
S002184,Arsenal vs Luton,Premier League,General Admission,65.13,2025-04-08 21:17:49,True
S003995,Arsenal vs Sheffield Utd,Carabao Cup,General Admission,57.54,2025-01-17 21:36:15,True
S003126,Arsenal vs Man United,Premier League,General Admission,58.67,2025-07-18 15:43:32,True
S004393,Arsenal vs Everton,Premier League,Hospitality,324.67,2025-09-19 07:08:33,False
S001784,Arsenal vs Brighton,Premier League,Club Level,122.7,2025-04-01 09:23:53,True
S000081,Arsenal vs Man City,Premier League,Away End,48.1,2025-03-02 21:22:10,True
S003558,Arsenal vs Liverpool,Premier League,General Admission,51.44,2025-03-26 07:27:28,True
S000889,Arsenal vs Everton,Premier League,General Admission,58.85,2025-01-19 12:45:12,False
S000335,Arsenal vs Man United,Premier League,Family Enclosure,57.43,2025-02-28 15:48:21,True
S003805,Arsenal vs Real Madrid,Champions League,General Admission,52.09,2025-08-01 15:34:45,True
S001414,Arsenal vs Bayern Munich,Champions League,General Admission,55.85,2025-03-13 14:06:40,True
S002852,Arsenal vs Man United,Premier League,Club Level,144.32,2025-09-09 17:58:05,False
S000017,Arsenal vs Chelsea,Premier League,Family Enclosure,45.26,2025-07-06 08:49:46,False
S003331,Arsenal vs Brighton,Premier League,General Admission,62.64,2025-04-15 12:19:51,False
S002731,Arsenal vs Man City,Premier League,General Admission,57.32,2025-04-14 06:42:01,False
S000578,Arsenal vs Brighton,Premier League,Club Level,119.45,2024-10-27 17:03:09,True
S003188,Arsenal vs Bayern Munich,Champions League,Club Level,127.07,2025-06-25 04:48:22,True
S001079,Arsenal vs Brighton,Premier League,General Admission,57.42,2024-11-05 08:01:40,True
S001605,Arsenal vs Brighton,Premier League,General Admission,65.08,2025-09-09 23:40:14,True
S000526,Arsenal vs Man United,Premier League,General Admission,51.51,2025-01-31 20:20:39,True
S004851,Arsenal vs Chelsea,Premier League,Hospitality,351.87,2025-03-01 22:09:59,True
S002415,Arsenal vs Brighton,Premier League,General Admission,50.99,2025-02-05 10:05:34,True
S003651,Arsenal vs Brighton,Premier League,Hospitality,351.48,2025-07-17 10:39:43,True
S001612,Arsenal vs Brighton,Premier League,General Admission,71.07,2025-07-29 10:02:23,True
S003842,Arsenal vs Chelsea,Premier League,General Admission,69.68,2025-01-19 00:18:53,True
S004971,Arsenal vs Chelsea,Premier League,Family Enclosure,46.75,2025-09-17 16:07:17,True
S003364,Arsenal vs Man United,Premier League,General Admission,55.52,2025-09-17 15:11:02,True
S000541,Arsenal vs Chelsea,Premier League,Family Enclosure,55.56,2025-08-23 19:13:56,True
S000782,Arsenal vs Everton,Premier League,Family Enclosure,42.03,2025-04-04 07:46:45,False
S001992,Arsenal vs Bayern Munich,Champions League,General Admission,54.63,2025-03-31 21:50:34,True
S002545,Arsenal vs Bayern Munich,Champions League,General Admission,64.28,2025-06-18 18:43:07,True
S002037,Arsenal vs Sheffield Utd,Carabao Cup,General Admission,49.84,2025-05-02 02:35:01,False
S000999,Arsenal vs Brighton,Premier League,Hospitality,436.45,2025-05-10 13:14:11,True
S002243,Arsenal vs Liverpool,Premier League,Hospitality,331.8,2024-10-30 10:22:52,False
S004668,Arsenal vs Real Madrid,Champions League,Club Level,138.28,2025-08-25 06:02:32,True
S003816,Arsenal vs Real Madrid,Champions League,General Admission,52.11,2025-01-04 07:28:00,True
S004985,Arsenal vs Luton,Premier League,General Admission,55.82,2025-01-18 06:07:39,True
S002762,Arsenal vs Sheffield Utd,Carabao Cup,General Admission,52.02,2025-04-24 14:59:17,False
S000107,Arsenal vs Everton,Premier League,Hospitality,343.19,2024-09-27 08:09:16,False
S003524,Arsenal vs Tottenham,Premier League,Club Level,152.72,2024-09-20 14:12:36,False
S004461,Arsenal vs Tottenham,Premier League,Club Level,137.96,2025-05-02 14:30:22,True
S004757,Arsenal vs Real Madrid,Champions League,General Admission,65.34,2024-10-07 19:15:37,True
S000974,Arsenal vs Sheffield Utd,Carabao Cup,Club Level,128.75,2025-03-18 21:12:58,True
S002382,Arsenal vs Chelsea,Premier League,General Admission,50.2,2025-02-26 01:06:41,True
S004785,Arsenal vs Bayern Munich,Champions League,General Admission,69.98,2024-10-08 12:33:33,True
S003928,Arsenal vs Real Madrid,Champions League,Away End,42.18,2024-11-15 09:55:49,True
S003407,Arsenal vs Brighton,Premier League,Hospitality,378.69,2024-10-23 07:45:40,True
S000587,Arsenal vs Bayern Munich,Champions League,General Admission,63.69,2025-06-08 08:52:03,False
S003827,Arsenal vs Man United,Premier League,General Admission,61.13,2024-10-03 20:59:46,True
S001426,Arsenal vs Man City,Premier League,General Admission,64.6,2025-09-19 21:33:55,True
S002435,Arsenal vs Brighton,Premier League,Family Enclosure,44.63,2025-08-18 22:05:43,True
S002340,Arsenal vs Man United,Premier League,General Admission,69.15,2024-10-22 23:46:36,True
S000638,Arsenal vs Brighton,Premier League,Club Level,141.96,2025-04-30 00:49:30,True
S002708,Arsenal vs Bayern Munich,Champions League,Hospitality,340.87,2024-11-29 06:56:02,True
S001493,Arsenal vs Fulham,Premier League,Family Enclosure,48.54,2025-05-20 22:42:37,True
S003431,Arsenal vs Chelsea,Premier League,General Admission,51.53,2025-03-18 21:15:26,True
S003837,Arsenal vs Brighton,Premier League,Club Level,125.78,2025-03-12 07:04:26,False
S003502,Arsenal vs Chelsea,Premier League,Hospitality,452.62,2025-07-10 17:33:55,True
S000326,Arsenal vs Liverpool,Premier League,General Admission,67.06,2024-10-06 20:53:51,True
S000970,Arsenal vs Real Madrid,Champions League,General Admission,60.78,2024-12-08 05:12:42,False
S001963,Arsenal vs Bayern Munich,Champions League,Away End,46.73,2025-02-27 07:32:51,False
S003957,Arsenal vs Everton,Premier League,General Admission,49.91,2025-05-18 21:42:26,False
S000980,Arsenal vs Liverpool,Premier League,Club Level,154.56,2024-12-14 21:20:55,True
S004937,Arsenal vs Chelsea,Premier League,General Admission,60.2,2025-05-08 09:14:51,True
S000928,Arsenal vs Man United,Premier League,General Admission,52.19,2025-01-29 00:51:31,True
S003573,Arsenal vs Luton,Premier League,General Admission,62.61,2025-07-30 09:55:24,True
S004912,Arsenal vs Tottenham,Premier League,General Admission,61.13,2025-05-21 10:08:24,False
S002902,Arsenal vs Real Madrid,Champions League,General Admission,69.1,2024-12-13 20:12:24,False
S003966,Arsenal vs Bayern Munich,Champions League,Family Enclosure,54.05,2025-07-02 13:47:47,True
S003657,Arsenal vs Man United,Premier League,General Admission,51.68,2025-03-20 18:57:12,True
S000987,Arsenal vs Bayern Munich,Champions League,General Admission,70.29,2025-06-30 11:35:43,True
S004606,Arsenal vs Fulham,Premier League,General Admission,68.18,2025-05-18 17:01:26,True
S003490,Arsenal vs Brighton,Premier League,Family Enclosure,51.65,2025-08-10 04:22:20,True
S004163,Arsenal vs Liverpool,Premier League,Club Level,126.41,2025-01-30 03:06:45,True
S003483,Arsenal vs Tottenham,Premier League,Family Enclosure,56.55,2025-08-10 10:18:01,False
S003862,Arsenal vs Bayern Munich,Champions League,General Admission,66.26,2025-03-26 16:32:12,True
S001635,Arsenal vs Luton,Premier League,Hospitality,346.34,2024-11-01 00:53:33,True
S001118,Arsenal vs Man United,Premier League,Away End,37.59,2024-10-09 18:03:35,True
S003442,Arsenal vs Man City,Premier League,General Admission,65.1,2024-12-21 03:02:48,True
S004627,Arsenal vs Tottenham,Premier League,General Admission,59.03,2025-04-26 08:07:00,False
S001900,Arsenal vs Fulham,Premier League,General Admission,65.02,2025-03-11 06:46:18,False
S000193,Arsenal vs Everton,Premier League,General Admission,57.0,2025-04-25 04:37:24,True
S002583,Arsenal vs Brighton,Premier League,Club Level,146.69,2024-10-12 07:47:10,True
S004400,Arsenal vs Real Madrid,Champions League,General Admission,63.53,2024-09-27 03:11:41,True
S000447,Arsenal vs Sheffield Utd,Carabao Cup,General Admission,68.22,2024-12-13 16:48:24,True
S004517,Arsenal vs Luton,Premier League,General Admission,51.64,2025-04-28 13:50:59,False
S004449,Arsenal vs Real Madrid,Champions League,Family Enclosure,58.39,2025-05-30 23:52:51,True
S002356,Arsenal vs Everton,Premier League,General Admission,56.27,2025-07-09 21:47:02,True
S002084,Arsenal vs Everton,Premier League,Club Level,121.94,2024-12-11 05:55:12,True
S004509,Arsenal vs Chelsea,Premier League,General Admission,56.31,2025-04-28 06:25:27,True
S002546,Arsenal vs Chelsea,Premier League,Hospitality,339.19,2025-07-22 00:57:15,True
S000210,Arsenal vs Bayern Munich,Champions League,Hospitality,362.21,2024-10-05 17:03:30,False
S001358,Arsenal vs Everton,Premier League,Club Level,154.94,2025-06-15 15:20:50,True
S000887,Arsenal vs Man City,Premier League,General Admission,55.54,2024-10-17 10:06:32,True
S002028,Arsenal vs Everton,Premier League,Away End,51.5,2025-02-26 23:02:14,True
S003554,Arsenal vs Liverpool,Premier League,General Admission,68.83,2025-07-06 13:02:14,True
S003688,Arsenal vs Man City,Premier League,Club Level,154.05,2025-03-17 03:50:33,False
S000346,Arsenal vs Brighton,Premier League,General Admission,66.15,2025-05-29 02:26:18,True
S002276,Arsenal vs Real Madrid,Champions League,General Admission,61.49,2024-11-15 15:57:32,False
S001639,Arsenal vs Fulham,Premier League,Family Enclosure,48.45,2025-03-19 05:38:22,True
S002003,Arsenal vs Real Madrid,Champions League,Club Level,146.43,2025-03-20 22:31:57,True
S002486,Arsenal vs Man United,Premier League,General Admission,64.53,2025-09-09 12:10:51,True
S004463,Arsenal vs Man United,Premier League,Club Level,109.83,2024-10-05 20:35:06,False
S001738,Arsenal vs Man United,Premier League,Club Level,138.6,2025-01-14 01:20:17,False
S004150,Arsenal vs Fulham,Premier League,General Admission,55.44,2025-01-21 23:24:16,False
S001010,Arsenal vs Luton,Premier League,Hospitality,334.62,2024-10-28 22:08:14,True
S002725,Arsenal vs Real Madrid,Champions League,General Admission,55.8,2025-08-31 14:32:09,False
S003847,Arsenal vs Tottenham,Premier League,Family Enclosure,49.01,2025-09-08 15:12:53,True
S003022,Arsenal vs Everton,Premier League,Hospitality,443.4,2025-01-12 22:46:46,True
S004155,Arsenal vs Tottenham,Premier League,General Admission,59.35,2025-06-27 20:55:58,True
S002045,Arsenal vs Man United,Premier League,General Admission,61.07,2024-10-16 07:16:02,True
S004557,Arsenal vs Fulham,Premier League,General Admission,55.88,2025-02-04 12:10:50,True
S001161,Arsenal vs Bayern Munich,Champions League,Family Enclosure,57.15,2024-10-05 12:53:06,False
S000920,Arsenal vs Sheffield Utd,Carabao Cup,General Admission,55.71,2025-03-21 04:18:20,True
S004231,Arsenal vs Real Madrid,Champions League,General Admission,67.06,2025-02-11 20:45:28,False
S000002,Arsenal vs Bayern Munich,Champions League,Away End,45.87,2025-08-10 15:14:00,True
S001618,Arsenal vs Chelsea,Premier League,General Admission,53.75,2025-03-19 16:01:49,True
S001790,Arsenal vs Liverpool,Premier League,General Admission,53.58,2025-07-13 06:13:05,True
S003577,Arsenal vs Fulham,Premier League,Family Enclosure,52.18,2025-01-18 20:20:51,True
S001939,Arsenal vs Man City,Premier League,General Admission,64.67,2025-01-04 04:29:16,True
S002547,Arsenal vs Luton,Premier League,General Admission,66.79,2024-12-17 04:55:30,True
S004386,Arsenal vs Brighton,Premier League,General Admission,64.09,2025-02-07 07:45:18,True
S004276,Arsenal vs Man United,Premier League,Hospitality,341.22,2024-10-02 18:15:30,True
S000165,Arsenal vs Liverpool,Premier League,General Admission,58.67,2025-04-20 19:43:26,True
S002253,Arsenal vs Liverpool,Premier League,Family Enclosure,45.73,2025-05-12 22:31:33,False
S001226,Arsenal vs Fulham,Premier League,Hospitality,326.76,2025-01-18 22:48:37,True
S002184,Arsenal vs Bayern Munich,Champions League,Family Enclosure,56.83,2025-08-07 04:52:09,True
S002797,Arsenal vs Real Madrid,Champions League,General Admission,50.38,2025-03-09 12:22:07,False
S004599,Arsenal vs Chelsea,Premier League,General Admission,67.82,2025-02-04 16:22:35,True
S003362,Arsenal vs Man City,Premier League,Club Level,152.07,2025-05-11 09:21:03,True
S002725,Arsenal vs Chelsea,Premier League,General Admission,71.46,2025-07-25 20:48:05,True
S002065,Arsenal vs Man United,Premier League,Club Level,126.8,2025-02-23 10:13:10,False
S000412,Arsenal vs Fulham,Premier League,Away End,45.06,2025-01-16 11:11:53,True
S004224,Arsenal vs Everton,Premier League,General Admission,49.86,2025-08-11 20:20:23,True
S004702,Arsenal vs Tottenham,Premier League,General Admission,57.09,2025-06-26 19:38:37,True
S001100,Arsenal vs Real Madrid,Champions League,Away End,49.1,2025-07-16 12:48:48,True
S003132,Arsenal vs Everton,Premier League,General Admission,68.09,2024-10-04 10:34:30,True
S002866,Arsenal vs Man City,Premier League,Club Level,155.96,2025-07-18 09:04:38,False
S001061,Arsenal vs Man United,Premier League,Family Enclosure,43.99,2025-05-10 02:44:47,True
S004402,Arsenal vs Bayern Munich,Champions League,Away End,48.06,2025-02-11 02:58:02,True
S003680,Arsenal vs Real Madrid,Champions League,General Admission,64.94,2025-01-27 13:30:06,True
S003412,Arsenal vs Everton,Premier League,Family Enclosure,56.43,2024-12-04 23:10:19,True
S004174,Arsenal vs Sheffield Utd,Carabao Cup,General Admission,70.06,2025-06-18 19:58:32,True
S002268,Arsenal vs Tottenham,Premier League,General Admission,53.6,2024-12-29 22:35:09,False
S004346,Arsenal vs Chelsea,Premier League,General Admission,67.07,2025-05-17 17:12:40,True
S000186,Arsenal vs Liverpool,Premier League,Club Level,130.43,2025-07-06 20:06:46,True
S004381,Arsenal vs Bayern Munich,Champions League,Club Level,114.02,2025-03-19 08:00:10,False
S003082,Arsenal vs Sheffield Utd,Carabao Cup,Club Level,142.16,2024-12-27 19:38:42,True
S000412,Arsenal vs Liverpool,Premier League,General Admission,57.27,2024-11-24 04:50:31,False
S001455,Arsenal vs Tottenham,Premier League,Family Enclosure,43.57,2025-08-09 03:34:06,True
S001066,Arsenal vs Man United,Premier League,General Admission,50.18,2025-06-29 04:56:35,False
S000857,Arsenal vs Tottenham,Premier League,Family Enclosure,52.96,2025-04-12 04:16:53,True
S002688,Arsenal vs Sheffield Utd,Carabao Cup,General Admission,51.02,2025-02-12 23:19:41,False
S004004,Arsenal vs Luton,Premier League,General Admission,70.8,2025-06-23 13:08:27,False
S003798,Arsenal vs Fulham,Premier League,General Admission,63.22,2025-01-16 06:32:06,True
S000615,Arsenal vs Real Madrid,Champions League,General Admission,67.8,2025-05-12 18:22:49,False
S002489,Arsenal vs Luton,Premier League,Away End,51.79,2025-07-25 15:46:59,True
S000506,Arsenal vs Luton,Premier League,Club Level,153.15,2024-11-17 13:48:49,True
S003597,Arsenal vs Luton,Premier League,General Admission,65.73,2025-07-12 08:51:07,True
S000727,Arsenal vs Liverpool,Premier League,Family Enclosure,48.82,2025-05-13 05:56:13,True
S000856,Arsenal vs Real Madrid,Champions League,Hospitality,374.2,2025-09-19 12:44:38,True
S000004,Arsenal vs Sheffield Utd,Carabao Cup,General Admission,63.0,2025-04-29 10:49:11,False
S003485,Arsenal vs Man City,Premier League,Hospitality,398.26,2024-11-01 09:48:21,True
S004357,Arsenal vs Fulham,Premier League,Hospitality,454.9,2025-08-14 15:47:38,False
S003898,Arsenal vs Real Madrid,Champions League,Family Enclosure,56.8,2025-01-01 23:44:55,False
S000995,Arsenal vs Tottenham,Premier League,General Admission,56.99,2024-10-26 01:31:22,True
S000593,Arsenal vs Liverpool,Premier League,General Admission,53.38,2025-04-05 07:44:22,True
S002864,Arsenal vs Man City,Premier League,Family Enclosure,52.86,2025-08-05 19:07:10,True
S003625,Arsenal vs Man United,Premier League,Hospitality,317.56,2024-09-25 22:24:49,True
S004476,Arsenal vs Chelsea,Premier League,General Admission,54.06,2024-11-03 18:34:47,False
S004940,Arsenal vs Liverpool,Premier League,General Admission,67.32,2025-02-06 16:32:37,True
S000019,Arsenal vs Luton,Premier League,Club Level,108.83,2025-05-22 08:34:45,True
S002335,Arsenal vs Real Madrid,Champions League,Hospitality,415.63,2025-02-26 06:34:05,True
S004669,Arsenal vs Chelsea,Premier League,General Admission,69.79,2024-11-20 21:01:22,True
S000763,Arsenal vs Liverpool,Premier League,Club Level,128.7,2025-09-13 11:30:55,True
S000609,Arsenal vs Luton,Premier League,General Admission,59.56,2025-07-13 04:41:20,True
S003534,Arsenal vs Man City,Premier League,General Admission,60.76,2025-03-12 17:55:57,True
S004278,Arsenal vs Chelsea,Premier League,Family Enclosure,54.77,2025-08-05 16:37:30,True
S003208,Arsenal vs Man United,Premier League,General Admission,65.48,2025-05-03 04:04:00,False
S000890,Arsenal vs Man City,Premier League,Club Level,120.28,2025-06-19 14:07:32,True
S001622,Arsenal vs Man City,Premier League,Hospitality,438.39,2024-12-23 11:09:09,True
S002834,Arsenal vs Man City,Premier League,Hospitality,380.14,2025-01-21 14:38:07,True
S001299,Arsenal vs Bayern Munich,Champions League,General Admission,69.24,2025-04-30 23:17:31,True
S003673,Arsenal vs Luton,Premier League,Hospitality,379.65,2025-02-16 16:47:04,True
S000677,Arsenal vs Real Madrid,Champions League,Away End,38.97,2025-04-22 16:56:13,True
S002088,Arsenal vs Tottenham,Premier League,General Admission,56.84,2024-12-19 08:53:47,True
S000541,Arsenal vs Liverpool,Premier League,Club Level,127.48,2025-04-05 23:13:01,False
S000140,Arsenal vs Man United,Premier League,General Admission,67.63,2025-08-01 08:54:03,True
S003370,Arsenal vs Man United,Premier League,General Admission,63.12,2025-04-22 06:06:04,True
S003769,Arsenal vs Man United,Premier League,Family Enclosure,58.16,2024-11-09 18:40:02,True
S000545,Arsenal vs Real Madrid,Champions League,General Admission,64.22,2024-12-12 05:08:49,False
S004172,Arsenal vs Real Madrid,Champions League,General Admission,69.59,2025-06-04 05:16:49,True
S000683,Arsenal vs Luton,Premier League,General Admission,62.12,2025-08-09 01:59:28,False
S001658,Arsenal vs Chelsea,Premier League,Club Level,139.82,2025-05-17 21:41:35,False
S003372,Arsenal vs Bayern Munich,Champions League,Hospitality,331.06,2024-12-13 18:46:32,True
S000731,Arsenal vs Liverpool,Premier League,Club Level,142.66,2025-04-06 08:55:43,True
S003892,Arsenal vs Man United,Premier League,General Admission,71.39,2025-09-13 10:10:14,True
S000595,Arsenal vs Luton,Premier League,Away End,49.97,2025-07-17 12:42:48,False
S003107,Arsenal vs Brighton,Premier League,Club Level,125.61,2025-08-04 21:45:32,True
S002441,Arsenal vs Everton,Premier League,Hospitality,447.64,2025-09-04 15:25:11,True
S001617,Arsenal vs Sheffield Utd,Carabao Cup,General Admission,70.97,2025-05-27 19:55:25,True
S004111,Arsenal vs Chelsea,Premier League,General Admission,55.39,2025-08-26 00:29:07,True
S001195,Arsenal vs Man City,Premier League,Club Level,135.18,2025-06-06 13:12:01,True
S000103,Arsenal vs Everton,Premier League,General Admission,59.66,2025-01-09 09:18:49,False
S003053,Arsenal vs Brighton,Premier League,Away End,43.17,2024-11-23 09:09:37,True
S001330,Arsenal vs Man City,Premier League,Hospitality,339.69,2024-12-01 18:14:34,True
S000689,Arsenal vs Man City,Premier League,General Admission,71.44,2025-02-13 04:09:55,True
S003635,Arsenal vs Liverpool,Premier League,General Admission,64.56,2025-04-06 16:18:00,False
S002813,Arsenal vs Man United,Premier League,Away End,37.91,2025-09-07 21:04:31,True
S003502,Arsenal vs Man United,Premier League,Away End,42.66,2024-12-29 14:55:05,True
S002461,Arsenal vs Man United,Premier League,General Admission,66.16,2024-12-16 12:11:37,True
S004559,Arsenal vs Real Madrid,Champions League,General Admission,67.78,2025-07-19 06:32:32,True
S004066,Arsenal vs Luton,Premier League,Club Level,143.76,2025-08-20 12:17:21,True
S001319,Arsenal vs Man City,Premier League,General Admission,52.78,2024-10-22 07:21:34,False
S004684,Arsenal vs Man City,Premier League,General Admission,61.36,2025-02-14 01:31:55,True
S003713,Arsenal vs Brighton,Premier League,General Admission,51.71,2025-06-23 13:18:29,False
S001594,Arsenal vs Tottenham,Premier League,Away End,44.21,2024-11-30 21:31:42,False
S004341,Arsenal vs Liverpool,Premier League,General Admission,56.68,2025-02-05 08:24:09,True
S002229,Arsenal vs Liverpool,Premier League,Family Enclosure,49.29,2024-12-18 09:22:03,True
S003339,Arsenal vs Real Madrid,Champions League,Away End,43.35,2025-07-25 10:19:07,True
S004497,Arsenal vs Man United,Premier League,Hospitality,389.55,2024-12-21 20:22:00,True
S003323,Arsenal vs Real Madrid,Champions League,Club Level,137.01,2025-06-08 14:16:06,True
S004881,Arsenal vs Man City,Premier League,Hospitality,322.57,2024-12-16 16:18:08,True
S003076,Arsenal vs Real Madrid,Champions League,General Admission,59.36,2024-10-31 08:40:42,True
S002672,Arsenal vs Tottenham,Premier League,Club Level,109.72,2024-12-23 19:19:19,True
S001992,Arsenal vs Liverpool,Premier League,Club Level,131.95,2024-10-05 22:52:13,True
S004503,Arsenal vs Fulham,Premier League,General Admission,53.44,2025-03-28 12:43:38,True
S001910,Arsenal vs Everton,Premier League,General Admission,68.35,2025-09-11 13:30:40,False
S002112,Arsenal vs Luton,Premier League,General Admission,67.0,2025-06-09 20:24:00,False
S003817,Arsenal vs Fulham,Premier League,General Admission,55.62,2025-01-14 07:29:07,True
S002239,Arsenal vs Liverpool,Premier League,General Admission,64.1,2025-08-26 01:24:25,True
S003889,Arsenal vs Sheffield Utd,Carabao Cup,Family Enclosure,44.84,2024-11-30 23:05:31,True
S000335,Arsenal vs Chelsea,Premier League,General Admission,67.25,2025-08-06 23:02:48,True
S001736,Arsenal vs Real Madrid,Champions League,General Admission,58.66,2025-04-24 03:55:59,True
S003648,Arsenal vs Sheffield Utd,Carabao Cup,General Admission,69.04,2025-03-13 05:48:24,True
S000482,Arsenal vs Bayern Munich,Champions League,Club Level,110.64,2025-02-28 04:52:17,False
S003188,Arsenal vs Liverpool,Premier League,Club Level,114.92,2025-02-26 02:24:35,True
S001457,Arsenal vs Chelsea,Premier League,Club Level,151.36,2025-04-24 11:52:53,True
S001189,Arsenal vs Real Madrid,Champions League,Family Enclosure,46.64,2024-11-11 19:19:19,False
S001412,Arsenal vs Everton,Premier League,Club Level,149.08,2024-11-13 04:54:00,True
S003024,Arsenal vs Fulham,Premier League,General Admission,64.69,2025-09-02 19:17:07,True
S000191,Arsenal vs Luton,Premier League,Hospitality,359.91,2025-05-23 06:22:53,True
S000598,Arsenal vs Man United,Premier League,General Admission,63.24,2025-08-04 19:28:12,True
S002103,Arsenal vs Real Madrid,Champions League,General Admission,53.29,2025-08-03 15:58:57,True
S004329,Arsenal vs Everton,Premier League,General Admission,64.59,2025-03-04 14:27:58,True
S000703,Arsenal vs Fulham,Premier League,Club Level,108.46,2025-01-19 23:55:55,True
S002291,Arsenal vs Luton,Premier League,Family Enclosure,56.51,2025-06-22 22:40:48,True
S002893,Arsenal vs Real Madrid,Champions League,General Admission,59.99,2025-03-23 23:58:58,False
S002062,Arsenal vs Chelsea,Premier League,Family Enclosure,47.22,2025-04-11 20:12:55,False
S000463,Arsenal vs Fulham,Premier League,Hospitality,373.97,2024-12-04 19:14:59,True
S002868,Arsenal vs Chelsea,Premier League,Family Enclosure,53.45,2025-08-03 02:17:44,False
S000757,Arsenal vs Man City,Premier League,Hospitality,328.34,2024-09-26 13:47:35,True
S003995,Arsenal vs Chelsea,Premier League,Family Enclosure,58.05,2025-02-15 02:27:11,True
S002654,Arsenal vs Fulham,Premier League,General Admission,70.2,2025-06-18 01:50:53,True
S003207,Arsenal vs Fulham,Premier League,General Admission,63.74,2025-08-09 03:38:45,True
S003585,Arsenal vs Man United,Premier League,General Admission,63.62,2025-05-18 20:29:10,False
S004760,Arsenal vs Liverpool,Premier League,Hospitality,326.44,2025-07-30 16:46:57,True
S002878,Arsenal vs Brighton,Premier League,Club Level,125.32,2025-07-16 17:01:21,True
S000789,Arsenal vs Chelsea,Premier League,Family Enclosure,41.36,2025-07-17 02:05:26,True
S001578,Arsenal vs Tottenham,Premier League,General Admission,51.56,2025-02-08 05:30:24,True
S002790,Arsenal vs Sheffield Utd,Carabao Cup,General Admission,57.55,2025-01-12 21:03:12,False
S000247,Arsenal vs Chelsea,Premier League,General Admission,56.59,2025-02-17 10:34:34,True
S003246,Arsenal vs Real Madrid,Champions League,Away End,47.09,2025-04-01 21:16:20,False
S001362,Arsenal vs Bayern Munich,Champions League,General Admission,64.33,2024-10-12 09:33:40,False
S000834,Arsenal vs Brighton,Premier League,Hospitality,439.25,2025-08-20 18:53:22,True
S002836,Arsenal vs Chelsea,Premier League,Hospitality,338.42,2025-02-28 17:51:32,True
S003738,Arsenal vs Real Madrid,Champions League,Club Level,122.96,2025-07-09 17:32:05,True
S002502,Arsenal vs Everton,Premier League,General Admission,68.92,2024-11-21 03:28:09,True
S004573,Arsenal vs Man United,Premier League,Family Enclosure,53.34,2024-12-26 14:54:03,False
S001327,Arsenal vs Luton,Premier League,General Admission,60.71,2025-07-19 15:19:27,True
S001138,Arsenal vs Luton,Premier League,General Admission,59.79,2025-04-23 04:45:30,True
S002512,Arsenal vs Chelsea,Premier League,Club Level,111.46,2025-02-15 19:08:26,True
S004346,Arsenal vs Everton,Premier League,Club Level,125.7,2024-12-17 04:33:53,True
S002454,Arsenal vs Man City,Premier League,Club Level,109.32,2025-03-27 15:51:53,True
S003275,Arsenal vs Man City,Premier League,General Admission,55.52,2024-12-27 22:24:20,False
S000964,Arsenal vs Everton,Premier League,Hospitality,387.22,2025-03-30 18:32:45,True
S000578,Arsenal vs Man United,Premier League,Hospitality,352.6,2024-11-03 23:12:01,False
S001152,Arsenal vs Man City,Premier League,Away End,45.85,2025-03-15 14:33:29,True
S002348,Arsenal vs Liverpool,Premier League,General Admission,67.9,2025-09-04 20:33:01,True
S000718,Arsenal vs Liverpool,Premier League,Club Level,139.33,2025-03-16 19:01:40,True
S004082,Arsenal vs Man City,Premier League,Family Enclosure,50.12,2024-10-10 13:25:35,True
S004538,Arsenal vs Everton,Premier League,General Admission,69.82,2024-10-14 06:23:11,True
S000994,Arsenal vs Man United,Premier League,Family Enclosure,54.88,2025-09-06 11:45:58,False
S004700,Arsenal vs Real Madrid,Champions League,Hospitality,411.65,2024-10-06 12:07:02,True
S001894,Arsenal vs Luton,Premier League,General Admission,52.52,2025-09-04 11:12:07,True
S003212,Arsenal vs Bayern Munich,Champions League,General Admission,64.87,2025-07-28 17:44:35,True
S001884,Arsenal vs Brighton,Premier League,General Admission,68.47,2024-11-22 16:49:38,True
S002757,Arsenal vs Fulham,Premier League,General Admission,53.86,2025-09-20 07:50:21,False
S004261,Arsenal vs Chelsea,Premier League,General Admission,62.36,2025-09-14 09:26:26,True
S003621,Arsenal vs Liverpool,Premier League,Away End,51.9,2024-09-27 22:11:28,False
S001537,Arsenal vs Bayern Munich,Champions League,General Admission,58.34,2025-06-08 20:01:25,True
S001716,Arsenal vs Man United,Premier League,General Admission,68.8,2024-11-14 13:24:59,False
S000526,Arsenal vs Luton,Premier League,Hospitality,351.91,2024-11-30 19:52:27,True
S000306,Arsenal vs Man United,Premier League,General Admission,53.05,2024-11-23 03:52:24,True
S002263,Arsenal vs Man United,Premier League,Away End,40.28,2025-04-22 08:42:26,True
S004109,Arsenal vs Chelsea,Premier League,Hospitality,384.5,2025-02-20 09:02:13,True
S004364,Arsenal vs Brighton,Premier League,Away End,36.14,2025-07-27 14:28:21,True
S000406,Arsenal vs Brighton,Premier League,Hospitality,392.33,2025-02-01 23:14:33,True
S004566,Arsenal vs Liverpool,Premier League,Club Level,111.01,2025-06-25 14:45:12,True
S001273,Arsenal vs Tottenham,Premier League,Family Enclosure,50.52,2025-06-19 18:17:11,True
S000530,Arsenal vs Bayern Munich,Champions League,Club Level,110.81,2025-08-04 23:05:04,True
S002701,Arsenal vs Bayern Munich,Champions League,General Admission,59.0,2024-12-12 09:20:29,True
S001593,Arsenal vs Chelsea,Premier League,General Admission,71.38,2025-01-20 14:59:44,True
S002016,Arsenal vs Man City,Premier League,General Admission,69.05,2025-01-31 03:31:11,True
S003918,Arsenal vs Fulham,Premier League,General Admission,54.51,2025-01-07 17:59:33,True
S003754,Arsenal vs Tottenham,Premier League,Away End,44.27,2025-02-18 20:47:45,False
S001153,Arsenal vs Man City,Premier League,Family Enclosure,43.24,2025-07-27 06:52:54,True
S001686,Arsenal vs Chelsea,Premier League,Club Level,113.9,2025-01-10 15:44:59,True
S000669,Arsenal vs Tottenham,Premier League,Club Level,118.29,2025-05-10 10:45:47,True
S003273,Arsenal vs Chelsea,Premier League,General Admission,53.06,2024-10-06 16:35:43,True
S000996,Arsenal vs Liverpool,Premier League,Family Enclosure,46.83,2025-02-11 02:32:03,True
S001163,Arsenal vs Brighton,Premier League,General Admission,58.33,2025-02-13 00:24:21,True
S000586,Arsenal vs Fulham,Premier League,General Admission,55.65,2025-09-10 20:10:16,True
S002358,Arsenal vs Sheffield Utd,Carabao Cup,Hospitality,396.74,2024-11-27 14:55:23,False
S001463,Arsenal vs Man United,Premier League,Family Enclosure,53.99,2024-11-26 04:08:59,True
S004795,Arsenal vs Sheffield Utd,Carabao Cup,General Admission,56.79,2025-03-04 07:01:18,True
S000576,Arsenal vs Man United,Premier League,General Admission,61.51,2024-12-03 05:31:20,True
S003201,Arsenal vs Liverpool,Premier League,Hospitality,406.57,2025-05-22 21:42:10,True
S003154,Arsenal vs Liverpool,Premier League,General Admission,62.55,2025-06-14 20:15:25,False
S003473,Arsenal vs Man City,Premier League,Hospitality,423.64,2025-05-17 23:38:11,False
S001089,Arsenal vs Chelsea,Premier League,General Admission,50.41,2025-03-14 19:56:16,False
S000152,Arsenal vs Everton,Premier League,Club Level,151.2,2025-05-15 18:40:13,True
S001045,Arsenal vs Brighton,Premier League,Club Level,119.56,2025-09-16 20:46:45,False
S004246,Arsenal vs Bayern Munich,Champions League,Hospitality,334.51,2025-04-08 08:20:52,True
S004102,Arsenal vs Man United,Premier League,General Admission,71.18,2024-10-11 17:01:12,True
S001605,Arsenal vs Brighton,Premier League,General Admission,51.9,2025-06-19 10:17:34,True
S001340,Arsenal vs Everton,Premier League,General Admission,58.92,2024-10-08 19:14:27,True
S002196,Arsenal vs Tottenham,Premier League,Away End,50.16,2025-08-09 22:41:18,True
S002677,Arsenal vs Luton,Premier League,General Admission,50.98,2025-09-10 05:24:48,True
S002245,Arsenal vs Bayern Munich,Champions League,General Admission,69.66,2024-10-03 10:20:58,True
S004519,Arsenal vs Fulham,Premier League,Hospitality,347.9,2025-09-19 05:20:35,True
S004808,Arsenal vs Liverpool,Premier League,General Admission,62.96,2025-01-09 00:50:33,True
S002797,Arsenal vs Tottenham,Premier League,General Admission,53.86,2024-10-24 20:33:12,True
S001964,Arsenal vs Brighton,Premier League,General Admission,57.8,2024-09-24 06:57:44,False
S002139,Arsenal vs Brighton,Premier League,Family Enclosure,51.44,2025-03-13 22:11:26,True
S004718,Arsenal vs Fulham,Premier League,General Admission,55.58,2024-11-29 03:38:00,True
S000650,Arsenal vs Real Madrid,Champions League,Club Level,118.85,2025-07-11 17:58:23,False
S001853,Arsenal vs Man United,Premier League,Family Enclosure,45.46,2025-03-24 04:30:27,True
S003573,Arsenal vs Tottenham,Premier League,Family Enclosure,50.35,2025-05-31 18:32:19,True
S002462,Arsenal vs Chelsea,Premier League,Hospitality,452.83,2025-08-01 09:19:10,True
S000380,Arsenal vs Brighton,Premier League,General Admission,51.98,2025-04-03 18:16:48,True
S003743,Arsenal vs Liverpool,Premier League,Club Level,137.12,2025-05-12 06:58:22,True
S002254,Arsenal vs Real Madrid,Champions League,Club Level,144.38,2025-06-04 02:15:02,True
S004488,Arsenal vs Fulham,Premier League,General Admission,54.07,2025-05-30 07:21:28,True
S004571,Arsenal vs Luton,Premier League,Hospitality,327.63,2024-11-23 16:27:08,True
S002085,Arsenal vs Brighton,Premier League,General Admission,67.71,2025-05-14 06:50:13,True
S004869,Arsenal vs Real Madrid,Champions League,Club Level,115.67,2024-11-05 11:49:13,True
S001431,Arsenal vs Fulham,Premier League,General Admission,62.17,2024-11-18 18:45:28,True
S001814,Arsenal vs Tottenham,Premier League,General Admission,70.77,2025-01-04 22:03:49,True
S003895,Arsenal vs Chelsea,Premier League,Club Level,114.97,2025-05-03 19:48:36,True
S000457,Arsenal vs Chelsea,Premier League,Family Enclosure,42.34,2025-06-21 00:42:36,True
S000996,Arsenal vs Everton,Premier League,Club Level,130.96,2024-11-11 21:46:58,False
S004374,Arsenal vs Fulham,Premier League,General Admission,67.24,2025-04-28 21:53:19,False
S000360,Arsenal vs Liverpool,Premier League,Hospitality,330.84,2024-12-19 02:45:38,True
S001622,Arsenal vs Sheffield Utd,Carabao Cup,General Admission,60.19,2025-03-07 13:05:02,True
S004083,Arsenal vs Tottenham,Premier League,Club Level,135.47,2025-06-19 14:26:14,True
S004839,Arsenal vs Tottenham,Premier League,General Admission,67.94,2025-03-07 19:56:19,True
S002570,Arsenal vs Luton,Premier League,General Admission,50.16,2025-06-04 12:51:58,True
S003342,Arsenal vs Everton,Premier League,Away End,44.71,2024-10-24 19:11:56,True
S000385,Arsenal vs Fulham,Premier League,Family Enclosure,44.22,2025-07-06 01:22:24,False
S002677,Arsenal vs Everton,Premier League,Family Enclosure,40.84,2025-06-16 22:09:58,True
S001735,Arsenal vs Brighton,Premier League,General Admission,67.5,2025-04-09 16:00:15,False
S002734,Arsenal vs Man City,Premier League,General Admission,65.45,2024-12-05 03:18:01,True
S002471,Arsenal vs Luton,Premier League,Club Level,138.56,2024-12-03 06:16:47,True
S003928,Arsenal vs Brighton,Premier League,General Admission,54.65,2025-06-09 05:38:38,True
S000719,Arsenal vs Fulham,Premier League,General Admission,58.14,2024-10-14 20:18:32,False
S004177,Arsenal vs Fulham,Premier League,Family Enclosure,58.06,2025-08-06 08:18:29,True
S004809,Arsenal vs Chelsea,Premier League,Family Enclosure,52.06,2025-04-08 23:04:10,True
S004749,Arsenal vs Fulham,Premier League,General Admission,68.9,2024-12-24 04:24:22,True
S000126,Arsenal vs Luton,Premier League,General Admission,60.16,2025-01-27 15:25:20,True
S000226,Arsenal vs Chelsea,Premier League,General Admission,55.06,2024-11-05 22:32:37,True
S003316,Arsenal vs Man United,Premier League,Club Level,115.73,2025-01-09 16:12:27,False
S002877,Arsenal vs Real Madrid,Champions League,Family Enclosure,43.48,2025-07-15 08:37:58,True
S002442,Arsenal vs Chelsea,Premier League,General Admission,58.94,2024-11-30 06:23:46,False
S000317,Arsenal vs Man City,Premier League,Hospitality,359.43,2025-01-26 10:19:23,True
S004305,Arsenal vs Man City,Premier League,Club Level,142.32,2024-10-16 23:17:02,True
S000771,Arsenal vs Man City,Premier League,General Admission,67.62,2024-10-23 02:29:53,False
S001732,Arsenal vs Man United,Premier League,General Admission,68.89,2025-09-18 05:46:14,True
S003242,Arsenal vs Sheffield Utd,Carabao Cup,Family Enclosure,42.8,2025-05-08 10:46:08,True
S004493,Arsenal vs Man City,Premier League,General Admission,54.53,2025-05-05 18:37:00,True
S003519,Arsenal vs Fulham,Premier League,Club Level,125.64,2024-11-12 12:42:49,True
S004820,Arsenal vs Fulham,Premier League,Club Level,117.56,2025-02-19 18:59:48,True
S003805,Arsenal vs Fulham,Premier League,Hospitality,443.03,2025-07-24 20:08:07,True
S001305,Arsenal vs Liverpool,Premier League,General Admission,49.71,2025-03-28 20:06:18,True
S004759,Arsenal vs Everton,Premier League,General Admission,69.31,2025-09-20 07:34:14,True
S003200,Arsenal vs Everton,Premier League,Family Enclosure,53.89,2025-08-02 22:39:56,True
S001579,Arsenal vs Everton,Premier League,Family Enclosure,53.7,2024-11-03 01:13:09,True
S000019,Arsenal vs Brighton,Premier League,Family Enclosure,48.25,2024-09-23 12:22:37,True
S003949,Arsenal vs Everton,Premier League,Club Level,151.05,2024-10-08 15:07:59,True
S004432,Arsenal vs Bayern Munich,Champions League,General Admission,60.4,2025-03-26 16:36:33,True
S001926,Arsenal vs Chelsea,Premier League,Club Level,136.52,2024-10-15 03:06:16,False
S003678,Arsenal vs Luton,Premier League,General Admission,59.05,2025-02-28 20:40:59,True
S003936,Arsenal vs Brighton,Premier League,Hospitality,341.53,2025-01-08 12:00:13,True
S002452,Arsenal vs Everton,Premier League,General Admission,54.94,2024-11-22 17:55:30,True
S001634,Arsenal vs Brighton,Premier League,General Admission,68.1,2024-12-08 19:53:01,True
S001794,Arsenal vs Chelsea,Premier League,General Admission,51.34,2024-09-24 20:44:45,False
S002230,Arsenal vs Liverpool,Premier League,Hospitality,432.7,2024-11-06 05:00:41,True
S002293,Arsenal vs Luton,Premier League,Club Level,143.98,2025-06-25 12:50:08,True
S004451,Arsenal vs Bayern Munich,Champions League,General Admission,59.17,2024-10-31 02:23:41,True
S002626,Arsenal vs Man United,Premier League,General Admission,60.15,2025-09-13 03:28:58,False
S001982,Arsenal vs Chelsea,Premier League,Club Level,132.88,2025-05-23 02:56:25,True
S000399,Arsenal vs Bayern Munich,Champions League,General Admission,66.93,2024-10-19 06:50:50,True
S001189,Arsenal vs Man City,Premier League,Hospitality,379.12,2025-02-03 08:04:00,True
S000284,Arsenal vs Brighton,Premier League,General Admission,57.05,2025-05-31 23:11:03,False
S000406,Arsenal vs Chelsea,Premier League,Away End,42.9,2025-06-26 19:20:22,True
S003729,Arsenal vs Fulham,Premier League,Family Enclosure,50.36,2024-09-20 21:12:14,True
S001901,Arsenal vs Fulham,Premier League,General Admission,58.66,2024-12-11 03:39:22,True
S000717,Arsenal vs Luton,Premier League,Away End,39.1,2025-01-02 10:03:04,True
S000147,Arsenal vs Luton,Premier League,Club Level,117.24,2024-12-28 07:29:28,True
S001289,Arsenal vs Everton,Premier League,General Admission,61.4,2025-04-25 18:49:31,True
S001875,Arsenal vs Brighton,Premier League,Family Enclosure,48.44,2025-04-16 05:33:14,True
S000285,Arsenal vs Man United,Premier League,Family Enclosure,46.28,2024-11-24 23:51:47,False
S000203,Arsenal vs Brighton,Premier League,Hospitality,410.27,2025-03-21 06:52:15,False
S001990,Arsenal vs Everton,Premier League,General Admission,62.88,2025-01-08 01:19:20,True
S002467,Arsenal vs Fulham,Premier League,General Admission,69.35,2025-06-05 23:00:11,True
S000198,Arsenal vs Everton,Premier League,Hospitality,454.26,2025-04-28 04:11:01,True
S002594,Arsenal vs Sheffield Utd,Carabao Cup,Hospitality,400.63,2025-01-30 18:15:18,True
S002702,Arsenal vs Man City,Premier League,General Admission,51.38,2025-09-19 00:32:47,False
S004309,Arsenal vs Man City,Premier League,Away End,45.71,2024-12-22 15:23:08,True
S003289,Arsenal vs Real Madrid,Champions League,General Admission,49.6,2025-06-29 16:40:24,True
S003865,Arsenal vs Bayern Munich,Champions League,Hospitality,445.2,2024-10-26 10:59:44,True
S000041,Arsenal vs Luton,Premier League,General Admission,65.26,2025-07-24 17:05:45,True
S000699,Arsenal vs Luton,Premier League,Family Enclosure,51.06,2024-11-08 14:47:19,True
S001239,Arsenal vs Everton,Premier League,Club Level,108.67,2024-10-31 01:19:06,True
S001752,Arsenal vs Brighton,Premier League,General Admission,70.34,2025-03-23 10:19:23,True
S002080,Arsenal vs Brighton,Premier League,Club Level,122.3,2024-12-20 23:12:54,True
S001527,Arsenal vs Real Madrid,Champions League,Away End,45.64,2024-10-03 04:53:54,True
S004684,Arsenal vs Chelsea,Premier League,General Admission,66.94,2025-06-06 12:44:32,True
S003097,Arsenal vs Brighton,Premier League,Club Level,133.33,2024-10-26 21:07:37,True
S001605,Arsenal vs Man City,Premier League,Hospitality,399.08,2024-11-13 04:16:29,True
S002960,Arsenal vs Tottenham,Premier League,Hospitality,332.91,2025-06-29 15:03:34,True
S002288,Arsenal vs Man City,Premier League,General Admission,56.44,2025-03-25 23:59:50,False
S001750,Arsenal vs Liverpool,Premier League,Family Enclosure,55.26,2024-10-15 11:25:38,True
S002686,Arsenal vs Brighton,Premier League,Hospitality,356.45,2025-04-03 01:56:32,True
S001530,Arsenal vs Chelsea,Premier League,Family Enclosure,43.84,2025-07-10 05:04:20,True
S000037,Arsenal vs Brighton,Premier League,Away End,37.58,2024-11-18 09:10:05,True
S003214,Arsenal vs Brighton,Premier League,Hospitality,425.06,2024-10-19 15:45:12,True
S003228,Arsenal vs Fulham,Premier League,General Admission,71.49,2024-10-28 17:10:08,True
S001017,Arsenal vs Liverpool,Premier League,Club Level,150.63,2025-05-12 23:44:30,True
S003733,Arsenal vs Fulham,Premier League,General Admission,68.02,2025-07-12 07:53:58,False
S001145,Arsenal vs Fulham,Premier League,Club Level,120.22,2025-08-21 12:59:09,True
S001274,Arsenal vs Liverpool,Premier League,Away End,40.74,2025-08-26 10:32:36,True
S001816,Arsenal vs Brighton,Premier League,General Admission,66.16,2025-06-13 11:49:27,True
S000616,Arsenal vs Sheffield Utd,Carabao Cup,Club Level,121.4,2025-08-04 22:43:10,True
S002922,Arsenal vs Man City,Premier League,Hospitality,413.54,2025-07-20 09:14:39,True
S000634,Arsenal vs Sheffield Utd,Carabao Cup,General Admission,61.99,2025-07-31 03:15:21,True
S002164,Arsenal vs Man City,Premier League,Club Level,125.74,2025-08-18 05:50:38,False
S000825,Arsenal vs Chelsea,Premier League,General Admission,61.06,2025-08-25 15:33:42,True
S001467,Arsenal vs Chelsea,Premier League,General Admission,62.51,2025-09-14 22:30:39,True
S001388,Arsenal vs Tottenham,Premier League,General Admission,64.5,2024-10-01 02:50:29,False
S003219,Arsenal vs Luton,Premier League,General Admission,56.77,2024-09-26 01:46:49,True
S003239,Arsenal vs Sheffield Utd,Carabao Cup,General Admission,61.46,2024-10-18 02:36:11,True
S000591,Arsenal vs Chelsea,Premier League,Hospitality,364.76,2024-11-22 10:04:22,True
S000633,Arsenal vs Chelsea,Premier League,General Admission,56.15,2025-05-05 19:15:58,True
S000206,Arsenal vs Tottenham,Premier League,General Admission,67.87,2025-05-30 11:02:30,False
S002265,Arsenal vs Everton,Premier League,Family Enclosure,45.94,2024-10-15 09:39:16,False
S000376,Arsenal vs Luton,Premier League,General Admission,69.19,2025-01-31 00:05:53,True
S001675,Arsenal vs Tottenham,Premier League,Family Enclosure,51.07,2025-07-11 23:44:44,True
S004578,Arsenal vs Tottenham,Premier League,General Admission,61.91,2025-08-25 13:50:17,True
S000687,Arsenal vs Tottenham,Premier League,Away End,40.11,2025-08-24 22:51:27,True
S004462,Arsenal vs Liverpool,Premier League,General Admission,59.79,2025-05-25 03:19:51,False
S003433,Arsenal vs Fulham,Premier League,Away End,51.27,2024-10-08 10:54:52,True
S000165,Arsenal vs Man City,Premier League,Club Level,110.79,2025-07-22 17:38:23,True
S000645,Arsenal vs Man City,Premier League,Family Enclosure,51.02,2025-08-24 05:09:45,True
S004015,Arsenal vs Liverpool,Premier League,General Admission,54.72,2025-06-11 12:56:22,True
S003895,Arsenal vs Sheffield Utd,Carabao Cup,General Admission,60.44,2024-10-02 12:58:20,True
S002895,Arsenal vs Liverpool,Premier League,Club Level,113.86,2024-09-23 23:35:21,True
S002023,Arsenal vs Real Madrid,Champions League,Club Level,108.49,2025-06-29 19:27:57,True
S003570,Arsenal vs Brighton,Premier League,Club Level,130.29,2025-05-02 13:59:32,True
S003958,Arsenal vs Sheffield Utd,Carabao Cup,General Admission,70.08,2025-07-22 16:02:13,True
S001885,Arsenal vs Sheffield Utd,Carabao Cup,General Admission,54.76,2025-03-14 00:21:54,False
S002957,Arsenal vs Fulham,Premier League,General Admission,54.27,2024-11-13 02:49:28,True
S003296,Arsenal vs Man United,Premier League,Away End,38.67,2025-02-19 09:19:33,True
S003172,Arsenal vs Fulham,Premier League,Family Enclosure,49.09,2024-10-27 00:52:51,True
S000733,Arsenal vs Bayern Munich,Champions League,General Admission,59.79,2025-09-09 18:30:52,True
S004414,Arsenal vs Man City,Premier League,General Admission,62.47,2025-08-24 14:59:56,True
S001775,Arsenal vs Fulham,Premier League,General Admission,52.72,2025-08-04 19:26:14,True
S002381,Arsenal vs Liverpool,Premier League,Hospitality,349.98,2025-04-25 02:55:00,True
S001374,Arsenal vs Liverpool,Premier League,General Admission,68.03,2025-07-07 09:35:43,True
S001907,Arsenal vs Man United,Premier League,General Admission,50.45,2025-05-30 06:24:44,True
S001440,Arsenal vs Bayern Munich,Champions League,Club Level,144.44,2025-02-21 01:42:34,True
S004042,Arsenal vs Man City,Premier League,Club Level,115.65,2025-03-06 00:51:59,True
S004188,Arsenal vs Tottenham,Premier League,General Admission,70.25,2025-04-24 12:33:36,True
S001364,Arsenal vs Brighton,Premier League,General Admission,50.56,2024-12-09 09:19:30,True
S001960,Arsenal vs Luton,Premier League,General Admission,58.2,2025-01-11 19:38:50,False
S002815,Arsenal vs Real Madrid,Champions League,Hospitality,412.96,2025-06-26 07:43:26,True
S002700,Arsenal vs Tottenham,Premier League,General Admission,61.8,2025-02-21 12:26:54,False
S000851,Arsenal vs Fulham,Premier League,Club Level,108.06,2024-12-14 07:05:26,True
S001143,Arsenal vs Man United,Premier League,General Admission,58.51,2025-01-25 02:02:47,True
S002665,Arsenal vs Man City,Premier League,General Admission,70.95,2025-08-11 16:23:14,True
S000331,Arsenal vs Brighton,Premier League,General Admission,52.29,2024-09-22 12:23:00,True
S000333,Arsenal vs Chelsea,Premier League,General Admission,61.63,2025-06-11 03:55:09,True
S000587,Arsenal vs Bayern Munich,Champions League,General Admission,57.09,2025-05-04 05:31:58,True
S004793,Arsenal vs Bayern Munich,Champions League,General Admission,59.45,2025-09-12 02:14:41,True
S001576,Arsenal vs Brighton,Premier League,Club Level,112.47,2025-08-15 08:46:45,True
S000535,Arsenal vs Liverpool,Premier League,General Admission,51.17,2025-02-28 09:17:57,True
S000406,Arsenal vs Real Madrid,Champions League,Hospitality,380.0,2025-08-03 20:21:54,True
S004754,Arsenal vs Man United,Premier League,Club Level,109.3,2024-12-28 14:05:09,True
S003993,Arsenal vs Sheffield Utd,Carabao Cup,General Admission,70.19,2024-10-21 22:31:53,True
S001927,Arsenal vs Man United,Premier League,General Admission,50.58,2025-04-07 01:01:40,True
S004289,Arsenal vs Everton,Premier League,Hospitality,335.45,2025-06-29 01:55:46,False
S004412,Arsenal vs Everton,Premier League,General Admission,71.39,2025-03-13 12:04:51,False
S004706,Arsenal vs Tottenham,Premier League,Away End,43.04,2025-06-11 20:01:09,True
S002355,Arsenal vs Fulham,Premier League,Club Level,116.91,2025-07-27 07:32:02,True
S004219,Arsenal vs Man United,Premier League,General Admission,53.85,2025-07-22 05:49:09,False
S003064,Arsenal vs Bayern Munich,Champions League,Club Level,128.0,2025-06-14 10:01:46,True
S003784,Arsenal vs Chelsea,Premier League,Family Enclosure,54.12,2025-09-05 19:04:30,True
S001195,Arsenal vs Man City,Premier League,Club Level,110.46,2025-02-10 03:13:58,True
S003010,Arsenal vs Man United,Premier League,Club Level,124.82,2025-08-12 23:14:52,True
S001781,Arsenal vs Chelsea,Premier League,Family Enclosure,48.36,2025-03-12 16:03:43,True
S004983,Arsenal vs Chelsea,Premier League,Club Level,144.34,2025-02-17 02:27:05,True
S004451,Arsenal vs Liverpool,Premier League,Hospitality,399.66,2025-08-03 04:07:00,True
S000061,Arsenal vs Sheffield Utd,Carabao Cup,General Admission,55.48,2025-07-23 17:54:52,False
S003289,Arsenal vs Man United,Premier League,General Admission,55.67,2025-09-11 02:49:21,True
S000886,Arsenal vs Chelsea,Premier League,General Admission,62.11,2025-06-27 11:32:50,True
S002070,Arsenal vs Luton,Premier League,Hospitality,389.33,2025-07-03 08:33:32,True
S004572,Arsenal vs Brighton,Premier League,Family Enclosure,44.41,2025-07-22 10:22:38,True
S000412,Arsenal vs Everton,Premier League,General Admission,59.31,2025-03-14 23:20:10,True
S004484,Arsenal vs Real Madrid,Champions League,Hospitality,330.73,2025-02-28 03:13:00,False
S002038,Arsenal vs Sheffield Utd,Carabao Cup,Family Enclosure,43.12,2025-05-04 15:22:01,True
S004633,Arsenal vs Tottenham,Premier League,Family Enclosure,43.56,2024-10-31 07:27:02,True
S003961,Arsenal vs Man United,Premier League,Away End,44.28,2024-10-10 03:06:50,True
S004328,Arsenal vs Man United,Premier League,General Admission,60.9,2025-01-15 12:28:05,False
S000142,Arsenal vs Man City,Premier League,Hospitality,352.43,2025-04-29 17:54:36,False
S003971,Arsenal vs Man City,Premier League,Club Level,140.11,2025-07-02 13:23:42,False
S000129,Arsenal vs Chelsea,Premier League,Away End,42.84,2025-08-30 02:05:53,False
S001641,Arsenal vs Tottenham,Premier League,Club Level,136.71,2025-09-16 12:57:57,True
S004608,Arsenal vs Brighton,Premier League,Club Level,123.1,2024-11-11 07:16:35,True
S001748,Arsenal vs Liverpool,Premier League,General Admission,50.24,2024-11-02 08:57:31,True
S002604,Arsenal vs Luton,Premier League,Club Level,135.64,2025-05-30 03:09:54,True
S003079,Arsenal vs Bayern Munich,Champions League,General Admission,50.55,2025-05-24 10:16:59,True
S002907,Arsenal vs Luton,Premier League,Family Enclosure,48.14,2025-02-13 02:50:13,True
S002814,Arsenal vs Bayern Munich,Champions League,Family Enclosure,42.96,2025-04-30 16:42:24,True
S001251,Arsenal vs Liverpool,Premier League,General Admission,70.27,2025-04-07 03:28:54,True
S004949,Arsenal vs Everton,Premier League,Hospitality,394.41,2025-04-12 22:08:00,False
S004131,Arsenal vs Sheffield Utd,Carabao Cup,General Admission,58.53,2025-01-28 03:31:41,False
S001536,Arsenal vs Real Madrid,Champions League,General Admission,66.5,2024-10-18 22:31:18,True
S002954,Arsenal vs Man United,Premier League,General Admission,68.38,2024-10-14 01:14:54,True
S002070,Arsenal vs Fulham,Premier League,General Admission,53.16,2025-08-04 20:54:52,True
S004987,Arsenal vs Liverpool,Premier League,Hospitality,372.72,2025-02-11 00:04:53,False
S004587,Arsenal vs Chelsea,Premier League,Club Level,119.62,2024-10-05 13:24:13,True
S000389,Arsenal vs Real Madrid,Champions League,General Admission,55.06,2024-10-02 19:29:03,False
S003580,Arsenal vs Man United,Premier League,Family Enclosure,48.61,2025-06-22 03:10:34,True
S003372,Arsenal vs Brighton,Premier League,Club Level,110.75,2025-08-12 07:08:25,True
S003467,Arsenal vs Tottenham,Premier League,Hospitality,358.48,2025-01-13 05:18:34,True
S004278,Arsenal vs Sheffield Utd,Carabao Cup,Club Level,126.2,2025-07-14 02:58:43,True
S001705,Arsenal vs Everton,Premier League,Club Level,151.97,2025-06-11 01:54:45,True
S001429,Arsenal vs Liverpool,Premier League,General Admission,67.89,2025-03-15 07:43:04,False
S000007,Arsenal vs Sheffield Utd,Carabao Cup,Away End,50.82,2024-10-30 10:20:00,True
S001623,Arsenal vs Fulham,Premier League,General Admission,69.58,2025-06-12 05:16:24,True
S000447,Arsenal vs Man City,Premier League,General Admission,54.91,2025-03-01 17:25:07,True
S003226,Arsenal vs Everton,Premier League,General Admission,53.19,2025-03-03 21:23:06,True
S004222,Arsenal vs Real Madrid,Champions League,Hospitality,363.25,2025-08-19 22:10:47,True
S000921,Arsenal vs Real Madrid,Champions League,Family Enclosure,53.72,2025-06-04 23:39:26,True
S002111,Arsenal vs Sheffield Utd,Carabao Cup,Family Enclosure,56.7,2025-04-23 13:43:11,False
S001204,Arsenal vs Man City,Premier League,General Admission,60.49,2024-11-13 00:24:06,True
S003243,Arsenal vs Fulham,Premier League,Club Level,127.62,2024-09-25 03:51:23,False
S004827,Arsenal vs Fulham,Premier League,Hospitality,337.56,2025-07-31 14:06:00,True
S003134,Arsenal vs Chelsea,Premier League,General Admission,61.94,2025-08-08 22:36:01,True
S000363,Arsenal vs Man City,Premier League,General Admission,50.76,2025-01-05 03:21:26,True
S000934,Arsenal vs Real Madrid,Champions League,General Admission,50.54,2025-04-28 07:30:48,False
S002508,Arsenal vs Man City,Premier League,General Admission,65.84,2024-10-01 12:49:00,True
S002685,Arsenal vs Fulham,Premier League,General Admission,63.34,2025-07-18 09:13:49,True
S002864,Arsenal vs Everton,Premier League,Family Enclosure,47.75,2025-09-04 11:43:02,True
S000143,Arsenal vs Brighton,Premier League,General Admission,53.58,2024-09-30 21:08:05,True
S002808,Arsenal vs Tottenham,Premier League,Family Enclosure,44.45,2025-04-13 17:35:54,True
S001607,Arsenal vs Man United,Premier League,Family Enclosure,51.93,2025-05-04 14:13:34,True
S001799,Arsenal vs Sheffield Utd,Carabao Cup,Away End,38.84,2025-01-26 06:56:56,True
S000986,Arsenal vs Liverpool,Premier League,General Admission,50.24,2025-09-02 19:30:28,True
S003659,Arsenal vs Chelsea,Premier League,Family Enclosure,42.04,2025-06-02 09:07:46,True
S004109,Arsenal vs Tottenham,Premier League,General Admission,59.86,2025-04-11 06:49:16,True
S004757,Arsenal vs Liverpool,Premier League,General Admission,65.29,2025-08-11 17:01:35,True
S001900,Arsenal vs Real Madrid,Champions League,Family Enclosure,51.14,2025-08-20 22:33:11,True
S001514,Arsenal vs Real Madrid,Champions League,Family Enclosure,52.14,2025-03-03 10:52:07,True
S001749,Arsenal vs Liverpool,Premier League,General Admission,54.78,2025-01-29 23:39:03,True
S002142,Arsenal vs Man United,Premier League,Club Level,141.37,2025-04-22 08:40:56,True
S002829,Arsenal vs Fulham,Premier League,General Admission,52.33,2025-06-23 13:06:08,False
S000717,Arsenal vs Sheffield Utd,Carabao Cup,Away End,36.59,2025-04-20 02:44:26,True
S002912,Arsenal vs Liverpool,Premier League,General Admission,69.57,2025-04-02 20:06:14,False
S000516,Arsenal vs Real Madrid,Champions League,General Admission,59.65,2025-03-06 21:01:56,False
S001927,Arsenal vs Luton,Premier League,Club Level,121.59,2025-04-16 19:13:54,True
S002389,Arsenal vs Real Madrid,Champions League,Family Enclosure,56.52,2025-05-24 21:51:25,False
S000920,Arsenal vs Bayern Munich,Champions League,Away End,47.21,2024-12-20 05:48:50,False
S002184,Arsenal vs Brighton,Premier League,General Admission,52.25,2025-05-30 05:53:24,True
S003856,Arsenal vs Brighton,Premier League,General Admission,69.26,2025-03-30 15:48:06,True
S002351,Arsenal vs Sheffield Utd,Carabao Cup,General Admission,53.51,2025-07-13 04:45:35,True
S001876,Arsenal vs Sheffield Utd,Carabao Cup,Club Level,129.85,2025-08-04 08:39:13,True
S002260,Arsenal vs Man United,Premier League,General Admission,55.94,2025-02-27 10:20:01,True
S000195,Arsenal vs Tottenham,Premier League,Family Enclosure,43.42,2025-05-24 03:52:03,False
S002587,Arsenal vs Sheffield Utd,Carabao Cup,Club Level,115.38,2024-09-23 04:31:04,True
S002269,Arsenal vs Chelsea,Premier League,Club Level,146.81,2025-09-16 08:12:41,True
S004488,Arsenal vs Bayern Munich,Champions League,Hospitality,424.02,2024-11-25 15:28:27,True
S000291,Arsenal vs Tottenham,Premier League,Club Level,114.13,2024-12-22 21:48:58,True
S000219,Arsenal vs Real Madrid,Champions League,Family Enclosure,53.66,2024-10-07 10:18:45,True
S004363,Arsenal vs Everton,Premier League,General Admission,52.76,2025-01-07 13:24:45,True
S003064,Arsenal vs Sheffield Utd,Carabao Cup,General Admission,67.86,2025-03-03 09:04:13,True
S000688,Arsenal vs Tottenham,Premier League,General Admission,55.88,2025-05-15 01:57:09,True
S001819,Arsenal vs Brighton,Premier League,General Admission,52.38,2024-12-16 05:05:48,False
S001441,Arsenal vs Luton,Premier League,General Admission,59.26,2025-05-30 19:02:43,True
S004840,Arsenal vs Man City,Premier League,Hospitality,446.16,2025-01-07 08:27:48,False
S001688,Arsenal vs Luton,Premier League,General Admission,71.23,2025-06-23 13:46:19,True
S003752,Arsenal vs Man United,Premier League,Club Level,133.09,2025-02-16 10:48:07,True
S000365,Arsenal vs Bayern Munich,Champions League,Family Enclosure,48.74,2025-02-05 16:35:46,True
S001417,Arsenal vs Sheffield Utd,Carabao Cup,General Admission,55.93,2025-06-03 08:05:02,True
S000199,Arsenal vs Luton,Premier League,General Admission,57.93,2025-05-19 02:20:43,False
S000932,Arsenal vs Chelsea,Premier League,General Admission,56.12,2024-12-29 10:43:19,False
S004769,Arsenal vs Man City,Premier League,General Admission,62.85,2024-09-22 16:01:48,False
S002026,Arsenal vs Sheffield Utd,Carabao Cup,Hospitality,391.0,2024-12-26 15:08:58,False
S002855,Arsenal vs Sheffield Utd,Carabao Cup,General Admission,66.05,2025-04-09 13:06:35,True
S002460,Arsenal vs Everton,Premier League,Family Enclosure,49.94,2025-07-19 05:30:19,True
S001680,Arsenal vs Fulham,Premier League,General Admission,56.84,2025-03-06 07:54:01,False
S000948,Arsenal vs Tottenham,Premier League,Family Enclosure,47.57,2025-03-09 16:25:21,True
S001924,Arsenal vs Man City,Premier League,General Admission,55.06,2025-01-26 18:42:00,False
S001870,Arsenal vs Brighton,Premier League,General Admission,66.41,2024-10-23 11:30:26,False
S003768,Arsenal vs Brighton,Premier League,General Admission,71.15,2024-10-06 03:40:27,True
S003016,Arsenal vs Sheffield Utd,Carabao Cup,Club Level,137.86,2024-10-19 18:04:48,True
S001251,Arsenal vs Liverpool,Premier League,Club Level,151.88,2024-10-02 15:14:42,True
S001042,Arsenal vs Tottenham,Premier League,General Admission,52.97,2024-11-15 13:41:43,True
S004114,Arsenal vs Real Madrid,Champions League,General Admission,68.42,2024-11-11 09:30:20,True
S004624,Arsenal vs Luton,Premier League,Family Enclosure,41.8,2025-03-24 07:41:49,False
S002556,Arsenal vs Fulham,Premier League,Club Level,125.68,2025-03-19 12:01:20,True
S003452,Arsenal vs Tottenham,Premier League,General Admission,55.31,2025-08-27 16:04:23,True
S004040,Arsenal vs Tottenham,Premier League,Hospitality,414.0,2025-04-21 03:41:40,False
S003442,Arsenal vs Chelsea,Premier League,Family Enclosure,40.97,2024-10-24 11:00:57,False
S000806,Arsenal vs Man United,Premier League,General Admission,62.56,2025-07-05 01:57:06,True
S004410,Arsenal vs Liverpool,Premier League,General Admission,64.77,2025-01-17 20:19:48,False
S003824,Arsenal vs Man City,Premier League,General Admission,61.44,2024-09-23 04:18:27,True
S001327,Arsenal vs Brighton,Premier League,General Admission,69.75,2025-01-28 18:28:24,True
S001359,Arsenal vs Brighton,Premier League,Club Level,128.77,2025-03-16 11:21:13,True
S002415,Arsenal vs Fulham,Premier League,General Admission,62.12,2025-05-07 10:00:08,True
S004907,Arsenal vs Real Madrid,Champions League,Family Enclosure,49.97,2024-10-05 07:24:42,True
S004880,Arsenal vs Real Madrid,Champions League,General Admission,70.27,2025-05-17 18:34:32,True
S003548,Arsenal vs Chelsea,Premier League,Hospitality,324.5,2024-11-22 08:59:59,True
S004096,Arsenal vs Everton,Premier League,Hospitality,450.52,2025-05-29 16:35:03,True
S002986,Arsenal vs Fulham,Premier League,General Admission,68.33,2025-03-30 12:52:50,True
S001199,Arsenal vs Liverpool,Premier League,General Admission,50.11,2025-09-04 20:39:43,True
S000454,Arsenal vs Brighton,Premier League,General Admission,57.92,2025-08-21 15:33:43,False
S002034,Arsenal vs Tottenham,Premier League,Hospitality,451.6,2025-02-09 09:50:40,False
S000659,Arsenal vs Man United,Premier League,Family Enclosure,50.67,2025-02-04 15:39:30,True
S003890,Arsenal vs Tottenham,Premier League,Club Level,112.68,2025-02-18 19:54:29,True
S000265,Arsenal vs Man United,Premier League,Family Enclosure,54.08,2025-09-02 22:16:05,False
S002564,Arsenal vs Tottenham,Premier League,Family Enclosure,43.49,2024-11-18 11:58:52,True
S002888,Arsenal vs Tottenham,Premier League,Away End,47.88,2025-06-23 14:59:09,False
S002493,Arsenal vs Man City,Premier League,General Admission,62.61,2025-04-08 04:05:07,True
S001567,Arsenal vs Chelsea,Premier League,Family Enclosure,48.58,2025-03-26 05:46:10,True
S002013,Arsenal vs Fulham,Premier League,Family Enclosure,44.75,2025-01-23 16:16:23,False
S003944,Arsenal vs Man United,Premier League,Away End,50.21,2025-09-09 21:52:29,True
S003639,Arsenal vs Fulham,Premier League,General Admission,51.14,2025-05-02 06:41:39,True
S003016,Arsenal vs Chelsea,Premier League,General Admission,63.5,2024-12-08 19:20:52,True
S004814,Arsenal vs Chelsea,Premier League,Club Level,132.3,2024-12-22 08:48:39,True
S002098,Arsenal vs Chelsea,Premier League,General Admission,61.05,2024-11-28 11:19:02,False
S001902,Arsenal vs Liverpool,Premier League,Club Level,132.38,2025-08-13 16:39:00,True
S003239,Arsenal vs Real Madrid,Champions League,General Admission,66.02,2025-03-16 05:16:56,True
S002750,Arsenal vs Tottenham,Premier League,General Admission,57.88,2025-06-16 01:27:56,True
S004897,Arsenal vs Man United,Premier League,General Admission,69.37,2025-02-26 15:33:25,True
S003088,Arsenal vs Man United,Premier League,Away End,46.98,2025-03-27 23:50:27,True
S000725,Arsenal vs Tottenham,Premier League,General Admission,60.37,2025-08-06 22:01:16,True
S004752,Arsenal vs Man City,Premier League,Family Enclosure,52.74,2025-02-06 12:04:06,True
S004285,Arsenal vs Sheffield Utd,Carabao Cup,Family Enclosure,56.61,2025-05-07 15:08:21,False
S003018,Arsenal vs Sheffield Utd,Carabao Cup,General Admission,68.75,2025-07-07 07:58:29,True
S003143,Arsenal vs Tottenham,Premier League,General Admission,54.12,2025-06-27 10:25:18,False
S000490,Arsenal vs Tottenham,Premier League,General Admission,67.39,2025-02-12 12:41:21,False
S000477,Arsenal vs Liverpool,Premier League,General Admission,69.88,2024-12-21 18:23:22,True
S001429,Arsenal vs Liverpool,Premier League,General Admission,60.09,2024-12-01 17:44:36,True
S002252,Arsenal vs Tottenham,Premier League,General Admission,57.16,2024-12-24 00:41:43,True
S003507,Arsenal vs Bayern Munich,Champions League,Club Level,144.18,2025-07-18 07:51:54,True
S004800,Arsenal vs Man United,Premier League,Family Enclosure,51.24,2025-09-03 15:38:12,False
S001269,Arsenal vs Everton,Premier League,Hospitality,426.38,2025-07-19 17:09:46,True
S000421,Arsenal vs Man City,Premier League,General Admission,69.21,2025-03-29 22:19:16,True
S004913,Arsenal vs Fulham,Premier League,Club Level,143.57,2025-05-04 05:05:04,True
S003548,Arsenal vs Liverpool,Premier League,General Admission,60.6,2025-06-25 16:36:53,True
S002701,Arsenal vs Everton,Premier League,Club Level,120.42,2025-04-30 05:24:17,True
S000523,Arsenal vs Man City,Premier League,Away End,41.29,2025-05-24 19:57:34,True
S004260,Arsenal vs Tottenham,Premier League,General Admission,54.79,2024-10-19 13:48:40,False
S000593,Arsenal vs Sheffield Utd,Carabao Cup,Away End,50.48,2024-12-16 16:55:22,False
S004400,Arsenal vs Liverpool,Premier League,General Admission,57.02,2025-06-20 21:29:10,False
S001084,Arsenal vs Chelsea,Premier League,General Admission,60.41,2025-09-02 18:21:50,True
S003028,Arsenal vs Fulham,Premier League,General Admission,56.45,2024-11-24 22:47:58,True
S002009,Arsenal vs Man City,Premier League,General Admission,50.66,2025-08-02 09:56:32,True
S004233,Arsenal vs Real Madrid,Champions League,Hospitality,347.81,2025-08-09 05:45:56,True
S000653,Arsenal vs Man City,Premier League,General Admission,61.13,2025-03-18 08:38:06,True
S000461,Arsenal vs Chelsea,Premier League,Family Enclosure,41.76,2025-06-18 17:49:03,True
S002133,Arsenal vs Luton,Premier League,General Admission,68.83,2025-06-22 07:01:41,True
S003800,Arsenal vs Fulham,Premier League,General Admission,59.29,2024-11-12 17:03:17,True
S001288,Arsenal vs Man City,Premier League,Club Level,133.96,2025-09-08 21:55:24,True
S004404,Arsenal vs Fulham,Premier League,Family Enclosure,51.1,2025-05-27 11:12:08,True
S004171,Arsenal vs Sheffield Utd,Carabao Cup,Hospitality,334.77,2024-10-17 21:41:57,False
S002215,Arsenal vs Chelsea,Premier League,Club Level,118.19,2025-09-15 10:27:03,True
S002432,Arsenal vs Tottenham,Premier League,General Admission,53.0,2024-12-17 11:44:10,True
S002064,Arsenal vs Fulham,Premier League,Family Enclosure,47.33,2025-01-12 05:21:27,False
S002297,Arsenal vs Chelsea,Premier League,General Admission,68.32,2024-12-12 07:42:54,True
S003578,Arsenal vs Luton,Premier League,General Admission,61.09,2025-09-14 03:16:43,True
S001793,Arsenal vs Tottenham,Premier League,Hospitality,326.8,2024-09-21 03:37:23,True
S004302,Arsenal vs Chelsea,Premier League,Away End,46.98,2025-08-13 01:48:09,True
S001162,Arsenal vs Chelsea,Premier League,Away End,39.98,2025-05-22 08:39:13,True
S002677,Arsenal vs Bayern Munich,Champions League,General Admission,50.71,2025-04-04 04:26:23,True
S004491,Arsenal vs Brighton,Premier League,General Admission,60.24,2024-10-03 20:51:36,True
S002698,Arsenal vs Tottenham,Premier League,Family Enclosure,57.59,2025-01-25 12:37:46,True
S002336,Arsenal vs Man City,Premier League,General Admission,54.88,2025-05-04 13:26:25,True
S000312,Arsenal vs Brighton,Premier League,Club Level,109.52,2025-04-26 13:03:49,False
S000942,Arsenal vs Chelsea,Premier League,Hospitality,340.64,2025-04-22 16:25:30,False
S002640,Arsenal vs Brighton,Premier League,General Admission,70.91,2024-11-25 19:05:13,True
S004959,Arsenal vs Sheffield Utd,Carabao Cup,Away End,42.69,2024-12-30 19:26:26,True
S004383,Arsenal vs Luton,Premier League,Club Level,135.83,2025-03-13 22:14:58,True
S002100,Arsenal vs Tottenham,Premier League,General Admission,54.66,2025-03-18 10:47:55,True
S001320,Arsenal vs Fulham,Premier League,Away End,43.83,2024-12-02 11:10:28,False
S004077,Arsenal vs Luton,Premier League,General Admission,68.19,2024-11-25 19:53:29,True
S002580,Arsenal vs Man City,Premier League,Away End,37.06,2025-09-07 14:05:40,True
S004446,Arsenal vs Real Madrid,Champions League,Away End,47.05,2025-05-22 09:27:33,True
S003397,Arsenal vs Everton,Premier League,Club Level,126.43,2025-01-31 17:13:17,False
S001198,Arsenal vs Chelsea,Premier League,General Admission,63.07,2024-12-22 05:21:08,True
S002852,Arsenal vs Luton,Premier League,Club Level,109.26,2025-07-01 10:07:04,True
S001186,Arsenal vs Sheffield Utd,Carabao Cup,Club Level,112.83,2024-09-25 23:21:15,False
S001547,Arsenal vs Tottenham,Premier League,General Admission,54.73,2025-01-02 09:21:42,True
S003612,Arsenal vs Everton,Premier League,General Admission,61.28,2025-01-26 21:24:32,True
S001501,Arsenal vs Man United,Premier League,Club Level,129.77,2025-06-14 13:53:09,False
S004961,Arsenal vs Man City,Premier League,Club Level,124.1,2024-11-24 08:30:49,True
S002525,Arsenal vs Sheffield Utd,Carabao Cup,Hospitality,333.17,2025-03-26 06:50:25,True
S002707,Arsenal vs Man City,Premier League,Hospitality,439.36,2024-10-16 18:17:11,True
S001023,Arsenal vs Man United,Premier League,Away End,43.91,2025-06-02 19:46:06,True
S003883,Arsenal vs Brighton,Premier League,Club Level,132.91,2025-04-04 23:20:00,False
S000735,Arsenal vs Tottenham,Premier League,General Admission,62.64,2025-09-02 21:00:01,True
S004479,Arsenal vs Man United,Premier League,Family Enclosure,53.99,2025-08-13 17:44:14,True
S003868,Arsenal vs Liverpool,Premier League,Away End,47.21,2025-09-06 03:04:54,False
S000832,Arsenal vs Chelsea,Premier League,General Admission,56.22,2025-03-17 08:20:29,True
S004834,Arsenal vs Man City,Premier League,General Admission,60.37,2025-08-21 17:44:00,True
S000010,Arsenal vs Chelsea,Premier League,General Admission,56.12,2024-12-08 06:57:34,True
S003483,Arsenal vs Brighton,Premier League,Hospitality,327.5,2025-03-23 08:38:50,True
S003582,Arsenal vs Fulham,Premier League,Away End,36.7,2025-06-15 22:10:31,False
S003442,Arsenal vs Tottenham,Premier League,Family Enclosure,50.7,2025-09-15 03:52:49,True
S003351,Arsenal vs Sheffield Utd,Carabao Cup,General Admission,49.55,2025-08-22 13:54:18,False
S000262,Arsenal vs Bayern Munich,Champions League,Club Level,121.53,2024-11-10 08:50:53,False
S003625,Arsenal vs Sheffield Utd,Carabao Cup,Family Enclosure,45.78,2024-09-24 21:15:09,True
S002487,Arsenal vs Man City,Premier League,Family Enclosure,45.51,2025-06-20 15:12:14,True
S004730,Arsenal vs Bayern Munich,Champions League,General Admission,54.76,2025-01-07 17:16:08,True
S002390,Arsenal vs Tottenham,Premier League,Family Enclosure,46.4,2025-01-04 21:27:38,False
S000101,Arsenal vs Everton,Premier League,General Admission,58.17,2024-11-03 19:44:04,True
S002420,Arsenal vs Fulham,Premier League,Family Enclosure,41.12,2024-12-27 02:01:17,False
S003760,Arsenal vs Liverpool,Premier League,Hospitality,447.35,2025-01-21 08:54:01,True
S001294,Arsenal vs Everton,Premier League,General Admission,53.87,2025-06-30 20:53:23,True
S004526,Arsenal vs Brighton,Premier League,Away End,40.04,2024-11-29 01:47:59,True
S004375,Arsenal vs Real Madrid,Champions League,Club Level,123.74,2025-07-27 04:19:11,True
S000167,Arsenal vs Sheffield Utd,Carabao Cup,Club Level,137.62,2025-01-14 01:55:12,True
S002658,Arsenal vs Brighton,Premier League,General Admission,69.69,2025-05-13 05:36:21,False
S003338,Arsenal vs Chelsea,Premier League,General Admission,63.3,2025-04-05 03:36:40,True
S000279,Arsenal vs Man City,Premier League,Away End,48.01,2025-06-21 11:46:43,True
S003311,Arsenal vs Luton,Premier League,Hospitality,343.55,2025-05-16 15:47:41,True
S002752,Arsenal vs Everton,Premier League,Family Enclosure,58.23,2024-12-09 17:41:22,False
S001823,Arsenal vs Fulham,Premier League,Club Level,114.36,2024-12-28 17:05:05,True
S001829,Arsenal vs Everton,Premier League,General Admission,59.54,2024-11-05 21:25:03,True
S002720,Arsenal vs Brighton,Premier League,General Admission,63.57,2025-07-01 07:02:44,True
S003372,Arsenal vs Man City,Premier League,Hospitality,330.87,2025-03-04 09:57:03,True
S004857,Arsenal vs Everton,Premier League,General Admission,63.51,2025-05-27 12:09:09,True
S003330,Arsenal vs Fulham,Premier League,Club Level,121.62,2024-10-06 05:21:50,False
S002613,Arsenal vs Bayern Munich,Champions League,Family Enclosure,55.36,2025-02-04 20:14:42,True
S001286,Arsenal vs Fulham,Premier League,Hospitality,429.14,2024-11-30 05:23:39,True
S001882,Arsenal vs Sheffield Utd,Carabao Cup,Away End,49.54,2024-09-30 20:48:51,True
S004234,Arsenal vs Man City,Premier League,General Admission,70.04,2025-07-20 03:09:56,True
S000178,Arsenal vs Liverpool,Premier League,Club Level,112.71,2024-11-27 05:40:37,True
S004387,Arsenal vs Brighton,Premier League,General Admission,62.51,2025-01-23 13:39:18,True
S002042,Arsenal vs Bayern Munich,Champions League,Family Enclosure,43.9,2025-01-14 18:48:29,True
S001635,Arsenal vs Everton,Premier League,Club Level,126.44,2025-05-29 18:57:09,False
S000360,Arsenal vs Fulham,Premier League,General Admission,65.5,2025-08-07 16:47:56,True
S004160,Arsenal vs Real Madrid,Champions League,Family Enclosure,45.66,2024-09-26 18:36:54,True
S001515,Arsenal vs Real Madrid,Champions League,General Admission,50.0,2025-06-02 05:08:33,True
S000124,Arsenal vs Chelsea,Premier League,Family Enclosure,47.34,2025-05-08 04:34:08,True
S004496,Arsenal vs Chelsea,Premier League,Club Level,138.64,2025-04-01 13:04:32,True
S000574,Arsenal vs Man City,Premier League,General Admission,57.74,2025-02-23 23:13:53,True
S002328,Arsenal vs Liverpool,Premier League,General Admission,51.96,2024-10-31 01:03:57,True
S000718,Arsenal vs Sheffield Utd,Carabao Cup,General Admission,62.9,2025-06-07 19:57:22,False
S004507,Arsenal vs Luton,Premier League,General Admission,51.12,2025-02-27 19:05:41,False
S000122,Arsenal vs Man City,Premier League,General Admission,64.45,2025-08-12 00:29:05,True
S002786,Arsenal vs Man United,Premier League,Hospitality,343.89,2024-09-30 07:41:56,False
S004356,Arsenal vs Fulham,Premier League,Club Level,148.83,2025-05-09 03:17:38,True
S002880,Arsenal vs Man City,Premier League,Hospitality,400.61,2025-02-13 00:37:10,True
S000482,Arsenal vs Tottenham,Premier League,General Admission,54.95,2025-08-01 06:45:35,False
S000871,Arsenal vs Fulham,Premier League,General Admission,62.73,2024-12-06 08:47:09,False
S003785,Arsenal vs Man United,Premier League,General Admission,63.84,2025-04-03 04:28:08,True
S001590,Arsenal vs Sheffield Utd,Carabao Cup,General Admission,67.25,2025-05-23 18:24:49,True
S004455,Arsenal vs Tottenham,Premier League,Family Enclosure,54.16,2025-09-15 09:08:57,False
S003341,Arsenal vs Everton,Premier League,General Admission,50.64,2025-06-27 16:39:49,True
S003861,Arsenal vs Tottenham,Premier League,Club Level,134.22,2025-04-06 23:38:38,False
S001478,Arsenal vs Real Madrid,Champions League,General Admission,68.01,2024-10-12 09:14:04,True
S000404,Arsenal vs Tottenham,Premier League,General Admission,56.68,2024-10-16 07:17:34,True
S001563,Arsenal vs Sheffield Utd,Carabao Cup,Family Enclosure,50.28,2025-05-21 02:49:43,False
S004453,Arsenal vs Liverpool,Premier League,Club Level,130.99,2025-02-23 10:45:01,False
S000918,Arsenal vs Real Madrid,Champions League,Away End,37.9,2025-09-03 03:09:03,True
S003135,Arsenal vs Man City,Premier League,Away End,38.81,2024-12-31 13:09:24,True
S004960,Arsenal vs Fulham,Premier League,General Admission,66.9,2025-03-31 04:52:41,True
S004025,Arsenal vs Sheffield Utd,Carabao Cup,Club Level,137.54,2024-10-06 04:54:36,False
S003269,Arsenal vs Tottenham,Premier League,Hospitality,334.84,2024-12-21 20:26:43,True
S002698,Arsenal vs Everton,Premier League,Family Enclosure,43.35,2024-10-26 06:28:55,True
S000539,Arsenal vs Liverpool,Premier League,General Admission,71.45,2025-07-08 22:22:30,False
S003772,Arsenal vs Bayern Munich,Champions League,General Admission,66.05,2025-08-01 01:29:43,True
S000513,Arsenal vs Luton,Premier League,General Admission,50.62,2025-05-25 22:36:10,True
S004377,Arsenal vs Luton,Premier League,Club Level,114.1,2024-10-01 10:02:30,False
S000192,Arsenal vs Everton,Premier League,Hospitality,338.69,2025-05-22 20:37:06,True
S004246,Arsenal vs Man United,Premier League,Club Level,116.14,2025-05-31 23:38:29,True
S000361,Arsenal vs Chelsea,Premier League,Family Enclosure,49.97,2025-04-14 04:07:27,False
S000368,Arsenal vs Bayern Munich,Champions League,Club Level,129.99,2025-08-24 04:40:03,True
S000810,Arsenal vs Man City,Premier League,General Admission,63.01,2024-10-08 15:19:34,True
S000481,Arsenal vs Chelsea,Premier League,General Admission,53.66,2024-11-05 01:23:44,True
S002764,Arsenal vs Everton,Premier League,General Admission,53.94,2025-03-14 09:30:55,True
S000904,Arsenal vs Sheffield Utd,Carabao Cup,Family Enclosure,57.71,2024-10-01 05:41:35,True
S004670,Arsenal vs Bayern Munich,Champions League,Club Level,127.58,2025-02-12 13:23:02,True
S003582,Arsenal vs Sheffield Utd,Carabao Cup,Away End,45.32,2024-12-04 20:28:19,True
S003374,Arsenal vs Everton,Premier League,General Admission,57.63,2025-05-17 03:47:53,True
S004660,Arsenal vs Sheffield Utd,Carabao Cup,Family Enclosure,58.18,2025-08-26 08:49:25,True
S001169,Arsenal vs Sheffield Utd,Carabao Cup,General Admission,59.92,2025-05-06 09:57:24,True
S001282,Arsenal vs Man City,Premier League,Club Level,124.69,2025-07-23 21:28:36,True
S004983,Arsenal vs Everton,Premier League,General Admission,70.2,2025-02-08 08:56:36,True
S003437,Arsenal vs Real Madrid,Champions League,General Admission,52.71,2025-09-01 23:47:54,False
S000985,Arsenal vs Luton,Premier League,Family Enclosure,54.96,2025-08-08 02:08:46,True
S000002,Arsenal vs Man City,Premier League,General Admission,65.27,2025-01-03 17:30:52,True
S004810,Arsenal vs Man United,Premier League,General Admission,58.6,2025-06-21 01:27:03,True
S002705,Arsenal vs Luton,Premier League,Family Enclosure,46.57,2025-01-25 00:49:30,False
S003756,Arsenal vs Tottenham,Premier League,Away End,39.61,2025-04-07 08:04:23,True
S002211,Arsenal vs Real Madrid,Champions League,Away End,36.98,2024-11-09 17:27:43,True
S001652,Arsenal vs Fulham,Premier League,Club Level,120.27,2025-03-29 20:04:58,True
S003971,Arsenal vs Tottenham,Premier League,Away End,51.1,2024-12-10 19:33:44,True
S000574,Arsenal vs Sheffield Utd,Carabao Cup,General Admission,67.55,2024-12-12 22:36:03,True
S003042,Arsenal vs Everton,Premier League,General Admission,55.36,2024-11-11 11:37:39,True
S003820,Arsenal vs Everton,Premier League,Club Level,122.39,2025-06-14 18:08:44,False
S000015,Arsenal vs Brighton,Premier League,Club Level,111.73,2024-09-29 12:32:25,True
S001693,Arsenal vs Bayern Munich,Champions League,General Admission,59.47,2024-12-06 06:52:39,True
S001606,Arsenal vs Bayern Munich,Champions League,General Admission,57.79,2025-06-10 15:46:16,False
S001978,Arsenal vs Sheffield Utd,Carabao Cup,Away End,43.89,2024-10-22 18:58:46,True
S003538,Arsenal vs Man United,Premier League,General Admission,56.94,2024-10-10 22:53:00,True
S001693,Arsenal vs Sheffield Utd,Carabao Cup,Club Level,120.62,2025-01-03 01:26:11,False
S003990,Arsenal vs Man City,Premier League,Family Enclosure,57.74,2025-05-11 15:34:41,True
S000432,Arsenal vs Everton,Premier League,Club Level,146.41,2024-11-08 14:11:47,False
S003768,Arsenal vs Liverpool,Premier League,Club Level,147.37,2025-03-27 21:21:46,True
S000289,Arsenal vs Bayern Munich,Champions League,Club Level,140.09,2025-09-09 07:51:21,False
S004222,Arsenal vs Liverpool,Premier League,General Admission,54.55,2025-07-31 09:27:21,True
S004986,Arsenal vs Luton,Premier League,Club Level,131.02,2025-06-12 13:48:28,False
S004910,Arsenal vs Everton,Premier League,General Admission,59.97,2025-09-07 16:05:43,False
S000239,Arsenal vs Everton,Premier League,General Admission,70.23,2025-07-30 14:00:14,True
S000301,Arsenal vs Bayern Munich,Champions League,General Admission,52.04,2024-09-24 18:09:36,True
S001550,Arsenal vs Chelsea,Premier League,Hospitality,339.73,2025-07-26 02:31:47,True
S003109,Arsenal vs Man City,Premier League,Club Level,139.5,2025-01-08 17:41:37,True
S002962,Arsenal vs Brighton,Premier League,Club Level,110.99,2025-05-03 04:00:27,False
S000986,Arsenal vs Tottenham,Premier League,General Admission,51.2,2025-01-08 04:30:22,True
S000664,Arsenal vs Man City,Premier League,Family Enclosure,42.78,2024-12-04 12:27:13,True
S002491,Arsenal vs Real Madrid,Champions League,General Admission,64.3,2025-07-31 11:34:02,True
S000728,Arsenal vs Sheffield Utd,Carabao Cup,General Admission,51.0,2024-09-20 12:16:47,True
S002183,Arsenal vs Everton,Premier League,General Admission,56.3,2025-05-27 04:28:33,True
S000467,Arsenal vs Bayern Munich,Champions League,Club Level,126.65,2024-11-10 16:38:22,True
S004423,Arsenal vs Everton,Premier League,General Admission,49.77,2024-12-01 01:46:07,True
S002837,Arsenal vs Liverpool,Premier League,General Admission,56.65,2024-09-29 10:19:51,True
S002603,Arsenal vs Fulham,Premier League,Family Enclosure,56.38,2024-11-16 08:53:16,True
S002802,Arsenal vs Everton,Premier League,Away End,41.81,2025-03-31 15:16:16,True
S000776,Arsenal vs Liverpool,Premier League,General Admission,69.02,2025-03-03 18:51:48,True
S002730,Arsenal vs Real Madrid,Champions League,Family Enclosure,57.2,2025-09-08 11:44:22,True
S000558,Arsenal vs Luton,Premier League,Club Level,135.23,2024-12-23 22:22:27,True
S000237,Arsenal vs Tottenham,Premier League,Hospitality,449.68,2025-06-21 20:51:14,False
S002011,Arsenal vs Everton,Premier League,Club Level,135.26,2025-04-06 19:35:39,True
S000940,Arsenal vs Liverpool,Premier League,General Admission,58.91,2024-12-30 03:12:36,True
S004417,Arsenal vs Sheffield Utd,Carabao Cup,Family Enclosure,57.13,2025-03-15 10:45:31,True
S000011,Arsenal vs Liverpool,Premier League,Family Enclosure,57.06,2024-11-11 07:03:24,True
S002591,Arsenal vs Everton,Premier League,Club Level,138.48,2025-06-08 07:53:28,False
S001041,Arsenal vs Liverpool,Premier League,Club Level,120.12,2025-04-19 09:32:17,True
S002093,Arsenal vs Everton,Premier League,General Admission,57.06,2025-03-15 04:45:00,False
S002455,Arsenal vs Everton,Premier League,Hospitality,446.05,2024-10-21 23:33:10,True
S004456,Arsenal vs Brighton,Premier League,General Admission,64.52,2024-11-24 21:46:11,True
S001663,Arsenal vs Luton,Premier League,General Admission,62.23,2025-06-15 14:44:40,True
S003442,Arsenal vs Everton,Premier League,Club Level,120.25,2024-10-12 00:21:37,True
S004834,Arsenal vs Liverpool,Premier League,General Admission,51.86,2025-09-10 08:11:01,True
S003431,Arsenal vs Man City,Premier League,Away End,40.94,2025-09-14 21:53:49,True
S000312,Arsenal vs Bayern Munich,Champions League,General Admission,51.65,2025-06-01 06:23:05,True
S003008,Arsenal vs Real Madrid,Champions League,General Admission,62.52,2025-07-08 15:43:07,True
S001163,Arsenal vs Real Madrid,Champions League,Away End,43.16,2025-02-25 15:24:06,True
S000455,Arsenal vs Fulham,Premier League,General Admission,63.54,2024-09-26 19:47:37,True
S000199,Arsenal vs Liverpool,Premier League,General Admission,50.69,2025-06-02 19:56:22,True
S002248,Arsenal vs Fulham,Premier League,General Admission,62.39,2025-07-22 00:46:13,True
S001306,Arsenal vs Luton,Premier League,Club Level,144.47,2025-07-24 00:14:44,True
S001922,Arsenal vs Sheffield Utd,Carabao Cup,General Admission,52.37,2025-03-11 11:41:53,True
S000057,Arsenal vs Brighton,Premier League,General Admission,51.81,2024-12-06 02:08:32,True
S004102,Arsenal vs Man United,Premier League,Club Level,128.08,2025-07-18 20:12:57,False
S004505,Arsenal vs Liverpool,Premier League,Family Enclosure,53.58,2025-03-20 20:23:56,True
S002540,Arsenal vs Real Madrid,Champions League,General Admission,69.27,2025-04-26 16:10:21,True
S002350,Arsenal vs Bayern Munich,Champions League,Club Level,148.8,2025-02-16 13:56:06,False
S000166,Arsenal vs Liverpool,Premier League,Club Level,138.78,2025-08-25 22:51:50,True
S004471,Arsenal vs Bayern Munich,Champions League,General Admission,60.23,2025-03-11 16:56:11,False
S001593,Arsenal vs Real Madrid,Champions League,General Admission,59.86,2024-09-30 19:01:33,True
S004166,Arsenal vs Real Madrid,Champions League,Away End,41.11,2024-10-01 05:58:11,True
S002303,Arsenal vs Liverpool,Premier League,Club Level,146.76,2025-01-10 05:32:43,True
S001152,Arsenal vs Fulham,Premier League,Family Enclosure,57.87,2024-11-28 20:38:15,True
S002213,Arsenal vs Tottenham,Premier League,General Admission,55.0,2025-04-23 05:18:24,True
S002687,Arsenal vs Everton,Premier League,General Admission,56.88,2025-02-13 14:28:43,True
S004372,Arsenal vs Man City,Premier League,Club Level,151.72,2025-03-15 18:44:06,True
S000203,Arsenal vs Bayern Munich,Champions League,Family Enclosure,46.27,2025-02-13 17:33:53,True
S000009,Arsenal vs Tottenham,Premier League,General Admission,68.51,2025-01-21 10:32:33,True
S001439,Arsenal vs Brighton,Premier League,General Admission,58.34,2025-05-09 14:49:52,False
S003613,Arsenal vs Everton,Premier League,General Admission,67.56,2025-04-20 05:33:59,True
S004562,Arsenal vs Sheffield Utd,Carabao Cup,Family Enclosure,54.93,2024-12-02 22:38:12,True
S001947,Arsenal vs Luton,Premier League,General Admission,67.57,2025-09-08 01:18:39,True
S000877,Arsenal vs Luton,Premier League,General Admission,54.31,2025-05-05 03:18:46,True
S000453,Arsenal vs Man United,Premier League,Club Level,109.06,2025-03-13 09:48:11,True
S001555,Arsenal vs Man United,Premier League,Family Enclosure,48.96,2024-09-28 03:18:12,True
S001664,Arsenal vs Brighton,Premier League,Away End,43.86,2025-09-08 13:48:59,True
S003145,Arsenal vs Tottenham,Premier League,General Admission,62.61,2025-07-10 23:33:42,True
S003920,Arsenal vs Liverpool,Premier League,General Admission,56.18,2025-01-05 01:10:54,True
S000207,Arsenal vs Bayern Munich,Champions League,General Admission,62.1,2025-03-20 06:46:10,True
S001184,Arsenal vs Tottenham,Premier League,Family Enclosure,45.48,2025-09-06 11:19:17,True
S003880,Arsenal vs Man United,Premier League,General Admission,54.12,2025-04-12 16:30:00,True
S001620,Arsenal vs Everton,Premier League,Hospitality,411.13,2025-07-21 14:19:37,True
S002963,Arsenal vs Liverpool,Premier League,Hospitality,362.7,2024-09-21 01:35:26,True
S001566,Arsenal vs Liverpool,Premier League,Family Enclosure,57.57,2024-10-15 18:30:52,True
S002972,Arsenal vs Real Madrid,Champions League,Club Level,115.32,2024-11-19 13:48:57,True
S002052,Arsenal vs Everton,Premier League,General Admission,49.9,2025-05-10 09:47:42,True
S003274,Arsenal vs Luton,Premier League,General Admission,59.0,2024-10-18 23:17:32,True
S001870,Arsenal vs Man United,Premier League,Hospitality,387.07,2025-03-20 12:10:27,True
S004764,Arsenal vs Sheffield Utd,Carabao Cup,Away End,48.71,2025-08-11 05:18:49,True
S003423,Arsenal vs Man United,Premier League,General Admission,50.41,2025-09-13 12:29:04,True
S004354,Arsenal vs Everton,Premier League,Away End,38.22,2025-02-02 09:00:30,True
S000078,Arsenal vs Luton,Premier League,Club Level,143.25,2025-07-30 16:19:32,True
S001791,Arsenal vs Luton,Premier League,Hospitality,404.83,2025-06-21 18:47:05,True
S000938,Arsenal vs Man City,Premier League,General Admission,62.31,2025-08-05 19:55:12,True
S000701,Arsenal vs Tottenham,Premier League,Club Level,128.24,2025-08-13 17:37:19,True
S000170,Arsenal vs Tottenham,Premier League,General Admission,60.52,2025-03-04 19:51:10,False
S000360,Arsenal vs Man City,Premier League,Hospitality,344.87,2025-03-06 18:10:58,True
S003688,Arsenal vs Man City,Premier League,General Admission,69.75,2024-11-04 08:39:54,True
S001811,Arsenal vs Chelsea,Premier League,General Admission,64.82,2025-03-23 15:11:46,True
S000582,Arsenal vs Real Madrid,Champions League,Away End,51.88,2025-05-31 14:58:43,False
S001341,Arsenal vs Chelsea,Premier League,General Admission,55.71,2025-03-18 10:41:07,False
S004565,Arsenal vs Fulham,Premier League,General Admission,60.8,2025-08-23 11:55:54,True
S001711,Arsenal vs Tottenham,Premier League,General Admission,53.52,2025-09-12 18:33:48,False
S004588,Arsenal vs Brighton,Premier League,Club Level,126.44,2024-11-10 08:33:07,True
S003950,Arsenal vs Man United,Premier League,Hospitality,368.52,2025-03-01 13:03:03,True
S000526,Arsenal vs Everton,Premier League,General Admission,59.02,2025-09-16 03:32:22,True
S000150,Arsenal vs Brighton,Premier League,General Admission,66.63,2025-03-16 12:57:14,False
S002178,Arsenal vs Man City,Premier League,General Admission,59.23,2025-01-18 08:36:09,True
S002313,Arsenal vs Liverpool,Premier League,General Admission,70.56,2025-06-11 21:27:14,True
S002024,Arsenal vs Bayern Munich,Champions League,Hospitality,416.51,2025-03-18 06:27:42,True
S002707,Arsenal vs Sheffield Utd,Carabao Cup,Family Enclosure,56.76,2025-01-26 23:16:58,False
S004106,Arsenal vs Sheffield Utd,Carabao Cup,General Admission,52.6,2025-08-10 18:31:03,True
S002547,Arsenal vs Sheffield Utd,Carabao Cup,General Admission,67.38,2025-01-27 00:46:51,False
S000070,Arsenal vs Fulham,Premier League,Away End,39.96,2025-03-15 09:28:28,False
S003792,Arsenal vs Luton,Premier League,General Admission,54.81,2025-02-25 08:42:20,True
S000816,Arsenal vs Liverpool,Premier League,Family Enclosure,51.55,2024-12-15 17:11:40,True
S003683,Arsenal vs Luton,Premier League,Family Enclosure,52.25,2025-03-30 08:18:55,True
S002889,Arsenal vs Man United,Premier League,General Admission,57.99,2025-02-16 02:59:33,True
S004673,Arsenal vs Bayern Munich,Champions League,Family Enclosure,42.42,2025-01-12 09:32:21,True
S002590,Arsenal vs Everton,Premier League,General Admission,57.93,2024-10-30 17:55:51,False
S000387,Arsenal vs Man City,Premier League,General Admission,67.96,2024-11-16 01:35:29,False
S000731,Arsenal vs Bayern Munich,Champions League,General Admission,57.04,2024-10-23 10:14:06,False
S002358,Arsenal vs Everton,Premier League,Club Level,127.83,2024-12-20 14:17:27,True
S003855,Arsenal vs Man City,Premier League,Club Level,108.35,2024-12-31 21:52:49,True
S002451,Arsenal vs Sheffield Utd,Carabao Cup,Family Enclosure,41.16,2025-01-11 17:20:13,False
S000438,Arsenal vs Tottenham,Premier League,General Admission,53.48,2025-06-05 03:39:18,True
S000788,Arsenal vs Sheffield Utd,Carabao Cup,Club Level,111.76,2025-09-16 22:18:27,True
S000458,Arsenal vs Chelsea,Premier League,Family Enclosure,50.44,2024-12-21 14:40:04,True
S000931,Arsenal vs Luton,Premier League,General Admission,57.44,2025-01-17 04:18:49,True
S002431,Arsenal vs Man United,Premier League,Family Enclosure,53.52,2025-09-01 07:46:37,True
S004029,Arsenal vs Sheffield Utd,Carabao Cup,Family Enclosure,41.42,2025-03-09 06:21:55,True
S004618,Arsenal vs Man City,Premier League,General Admission,69.06,2025-06-09 04:58:14,True
S000892,Arsenal vs Brighton,Premier League,Family Enclosure,53.46,2025-06-19 11:17:56,True
S003487,Arsenal vs Real Madrid,Champions League,Hospitality,339.45,2025-04-17 02:29:06,True
S001317,Arsenal vs Liverpool,Premier League,Club Level,108.22,2025-06-19 06:15:59,True
S001663,Arsenal vs Man City,Premier League,General Admission,66.82,2025-01-09 09:57:00,True
S003627,Arsenal vs Sheffield Utd,Carabao Cup,Hospitality,439.47,2024-12-18 04:52:11,True
S000195,Arsenal vs Real Madrid,Champions League,Hospitality,411.2,2025-08-25 08:34:51,True
S000384,Arsenal vs Man City,Premier League,Family Enclosure,58.17,2025-09-09 04:36:07,True
S001875,Arsenal vs Fulham,Premier League,Club Level,116.5,2025-03-07 16:38:53,True
S000492,Arsenal vs Chelsea,Premier League,Club Level,154.57,2024-12-07 00:13:23,True
S004102,Arsenal vs Brighton,Premier League,Club Level,119.81,2024-09-30 07:34:30,False
S000853,Arsenal vs Everton,Premier League,Hospitality,435.11,2025-05-14 22:39:48,True
S004496,Arsenal vs Chelsea,Premier League,Away End,42.3,2024-10-21 21:59:09,True
S004275,Arsenal vs Sheffield Utd,Carabao Cup,General Admission,56.13,2025-05-20 10:00:31,True
S001388,Arsenal vs Fulham,Premier League,Club Level,112.93,2025-01-30 16:26:36,True
S003985,Arsenal vs Liverpool,Premier League,Hospitality,430.94,2025-05-10 09:24:55,True
S003111,Arsenal vs Chelsea,Premier League,Club Level,126.89,2025-06-30 06:54:38,True
S002747,Arsenal vs Sheffield Utd,Carabao Cup,General Admission,66.65,2025-08-05 17:00:37,False
S004336,Arsenal vs Sheffield Utd,Carabao Cup,Club Level,116.76,2025-03-22 00:55:24,False
S004166,Arsenal vs Fulham,Premier League,Hospitality,442.81,2025-01-15 10:24:25,False
S004219,Arsenal vs Bayern Munich,Champions League,Family Enclosure,58.11,2024-11-27 00:05:24,True
S002888,Arsenal vs Real Madrid,Champions League,Club Level,155.95,2024-11-29 06:45:55,False
S004144,Arsenal vs Sheffield Utd,Carabao Cup,General Admission,67.27,2025-04-17 01:01:23,True
S000235,Arsenal vs Tottenham,Premier League,Family Enclosure,53.42,2025-04-12 09:10:23,True
S002392,Arsenal vs Man United,Premier League,General Admission,57.0,2025-08-23 21:15:37,True
S003278,Arsenal vs Man City,Premier League,Hospitality,329.32,2024-12-28 00:31:06,True
S001463,Arsenal vs Fulham,Premier League,Hospitality,372.87,2024-12-07 22:29:41,True
S002160,Arsenal vs Sheffield Utd,Carabao Cup,General Admission,63.45,2025-02-13 03:23:40,True
S000733,Arsenal vs Bayern Munich,Champions League,Family Enclosure,50.75,2024-12-31 10:31:23,True
S004505,Arsenal vs Man City,Premier League,General Admission,68.86,2024-10-10 19:45:17,True
S004358,Arsenal vs Tottenham,Premier League,General Admission,66.05,2025-01-20 21:16:03,False
S001447,Arsenal vs Real Madrid,Champions League,Family Enclosure,48.88,2024-12-20 12:20:21,False
S004094,Arsenal vs Everton,Premier League,General Admission,60.19,2025-01-20 18:24:29,False
S000388,Arsenal vs Tottenham,Premier League,Club Level,147.44,2025-02-06 03:16:53,True
S003046,Arsenal vs Luton,Premier League,Hospitality,350.54,2025-06-19 12:21:40,True
S003731,Arsenal vs Brighton,Premier League,General Admission,66.9,2025-04-20 13:49:46,True
S000090,Arsenal vs Man United,Premier League,Club Level,150.0,2024-12-14 21:33:37,True
S002044,Arsenal vs Man United,Premier League,General Admission,67.16,2025-09-01 15:58:42,True
S001984,Arsenal vs Man United,Premier League,Family Enclosure,45.12,2024-10-31 00:19:13,True
S001767,Arsenal vs Man City,Premier League,General Admission,65.69,2025-08-18 14:25:21,True
S002213,Arsenal vs Chelsea,Premier League,General Admission,59.13,2025-08-16 00:06:12,False
S002553,Arsenal vs Sheffield Utd,Carabao Cup,Club Level,154.37,2025-04-13 05:02:36,True
S002801,Arsenal vs Sheffield Utd,Carabao Cup,General Admission,59.31,2025-01-06 23:17:50,True
S002286,Arsenal vs Liverpool,Premier League,Family Enclosure,45.62,2025-08-02 19:00:33,True
S000084,Arsenal vs Brighton,Premier League,General Admission,55.06,2025-03-01 20:29:30,True
S002368,Arsenal vs Bayern Munich,Champions League,Club Level,143.0,2025-02-27 15:35:02,False
S001227,Arsenal vs Everton,Premier League,General Admission,71.08,2024-12-05 19:29:17,False
S000193,Arsenal vs Sheffield Utd,Carabao Cup,Family Enclosure,53.62,2025-09-04 20:52:10,True
S002477,Arsenal vs Liverpool,Premier League,Family Enclosure,45.16,2025-04-21 21:22:57,True
S004123,Arsenal vs Tottenham,Premier League,Club Level,147.72,2025-03-15 00:43:34,True
S001124,Arsenal vs Man City,Premier League,Family Enclosure,42.29,2024-12-29 18:01:15,True
S003272,Arsenal vs Brighton,Premier League,General Admission,62.87,2024-10-20 23:06:32,False
S001813,Arsenal vs Fulham,Premier League,General Admission,68.99,2025-03-31 10:03:46,False
S003741,Arsenal vs Liverpool,Premier League,Club Level,139.75,2025-03-20 23:54:16,True
S001159,Arsenal vs Brighton,Premier League,General Admission,67.19,2025-06-28 20:38:10,False
S004409,Arsenal vs Everton,Premier League,General Admission,66.37,2025-03-19 17:03:49,True
S000313,Arsenal vs Man City,Premier League,General Admission,50.25,2025-06-16 07:20:10,True
S004781,Arsenal vs Real Madrid,Champions League,Club Level,143.03,2025-05-30 20:22:32,True
S000265,Arsenal vs Sheffield Utd,Carabao Cup,Away End,50.61,2025-07-13 07:43:18,False
S002924,Arsenal vs Tottenham,Premier League,General Admission,56.74,2024-10-10 23:32:53,True
S003511,Arsenal vs Fulham,Premier League,Club Level,121.31,2024-10-16 11:03:56,False
S004581,Arsenal vs Sheffield Utd,Carabao Cup,General Admission,53.81,2025-07-07 20:53:43,True
S001092,Arsenal vs Luton,Premier League,Club Level,110.94,2025-07-07 20:43:58,True
S000092,Arsenal vs Luton,Premier League,General Admission,55.34,2025-03-31 03:12:24,True
S003184,Arsenal vs Chelsea,Premier League,General Admission,60.74,2025-05-02 20:52:31,True
S003584,Arsenal vs Tottenham,Premier League,Club Level,136.21,2025-02-16 08:15:15,False
S000252,Arsenal vs Liverpool,Premier League,General Admission,69.62,2025-07-09 15:34:38,False
S001837,Arsenal vs Bayern Munich,Champions League,Club Level,117.0,2025-02-04 16:01:35,True
S001750,Arsenal vs Man City,Premier League,General Admission,60.35,2025-05-31 12:44:55,True
S003904,Arsenal vs Liverpool,Premier League,Family Enclosure,46.09,2025-07-09 09:59:27,True
S004083,Arsenal vs Fulham,Premier League,Family Enclosure,48.97,2025-07-21 13:46:32,True
S003187,Arsenal vs Bayern Munich,Champions League,Hospitality,439.87,2025-04-12 21:19:08,False
S002257,Arsenal vs Sheffield Utd,Carabao Cup,Family Enclosure,54.45,2025-09-10 18:56:37,True
S000285,Arsenal vs Luton,Premier League,Family Enclosure,41.43,2025-08-03 22:57:48,False
S004436,Arsenal vs Tottenham,Premier League,Away End,49.82,2025-09-01 17:20:13,True
S000074,Arsenal vs Brighton,Premier League,General Admission,71.34,2025-02-21 20:58:16,True
S003960,Arsenal vs Real Madrid,Champions League,Club Level,141.54,2024-12-02 09:45:11,True
S002340,Arsenal vs Brighton,Premier League,General Admission,63.29,2024-09-25 02:40:35,True
S003949,Arsenal vs Brighton,Premier League,Hospitality,382.39,2025-03-23 16:36:36,True
S002415,Arsenal vs Tottenham,Premier League,General Admission,66.78,2025-04-03 16:12:23,True
S003234,Arsenal vs Tottenham,Premier League,Away End,42.46,2025-03-11 09:36:02,True
S003138,Arsenal vs Luton,Premier League,Family Enclosure,46.77,2025-01-25 22:55:31,True
S002747,Arsenal vs Liverpool,Premier League,General Admission,55.77,2024-11-24 08:18:58,True
S003852,Arsenal vs Everton,Premier League,General Admission,60.8,2024-09-21 05:42:41,True
S002685,Arsenal vs Everton,Premier League,General Admission,66.3,2025-07-08 23:57:51,True
S001999,Arsenal vs Liverpool,Premier League,General Admission,66.23,2024-11-22 18:35:47,True
S004078,Arsenal vs Everton,Premier League,General Admission,54.65,2025-05-21 07:02:36,True
S000895,Arsenal vs Sheffield Utd,Carabao Cup,General Admission,63.93,2025-06-08 06:22:23,True
S001173,Arsenal vs Man City,Premier League,Hospitality,426.67,2024-10-10 15:32:31,True
S003461,Arsenal vs Man United,Premier League,General Admission,63.47,2025-06-29 22:04:20,True
S001851,Arsenal vs Everton,Premier League,Family Enclosure,42.11,2025-07-19 21:14:40,True
S003563,Arsenal vs Fulham,Premier League,General Admission,68.06,2025-04-16 03:31:07,False
S003585,Arsenal vs Bayern Munich,Champions League,General Admission,65.0,2025-05-02 19:11:16,True
S002155,Arsenal vs Man City,Premier League,General Admission,60.44,2024-11-12 21:48:54,True
S000116,Arsenal vs Bayern Munich,Champions League,General Admission,66.44,2025-03-12 19:45:05,True
S001129,Arsenal vs Luton,Premier League,General Admission,52.34,2025-06-24 04:30:51,True
S000236,Arsenal vs Luton,Premier League,Family Enclosure,43.59,2024-11-06 19:16:52,True
S004598,Arsenal vs Liverpool,Premier League,General Admission,51.08,2025-08-23 03:20:08,True
S000357,Arsenal vs Man United,Premier League,General Admission,68.87,2025-08-09 01:32:45,True
S004408,Arsenal vs Everton,Premier League,Hospitality,377.61,2025-03-31 06:53:22,True
S001535,Arsenal vs Chelsea,Premier League,Family Enclosure,54.0,2025-06-18 10:27:20,False
S000359,Arsenal vs Brighton,Premier League,Club Level,129.82,2024-11-04 18:15:58,False
S004826,Arsenal vs Sheffield Utd,Carabao Cup,Club Level,144.52,2025-05-17 19:07:53,True
S004392,Arsenal vs Luton,Premier League,Club Level,122.97,2025-02-14 21:37:04,False
S004379,Arsenal vs Man City,Premier League,Hospitality,315.96,2024-12-23 00:03:40,True
S000277,Arsenal vs Real Madrid,Champions League,Hospitality,318.43,2024-09-23 22:27:48,True
S002165,Arsenal vs Liverpool,Premier League,Club Level,143.61,2024-10-17 03:14:20,False
S001632,Arsenal vs Tottenham,Premier League,General Admission,64.96,2025-05-21 09:42:36,False
S003365,Arsenal vs Chelsea,Premier League,Away End,41.28,2024-10-14 17:35:14,True
S002341,Arsenal vs Luton,Premier League,Club Level,109.92,2025-02-12 07:27:10,True
S001822,Arsenal vs Brighton,Premier League,General Admission,65.4,2025-07-22 21:38:58,True
S002637,Arsenal vs Chelsea,Premier League,Away End,47.27,2025-01-10 22:34:45,True
S003791,Arsenal vs Liverpool,Premier League,Club Level,132.76,2025-09-08 07:58:01,True
S001879,Arsenal vs Man United,Premier League,General Admission,58.85,2025-08-10 03:03:36,True
S004098,Arsenal vs Liverpool,Premier League,Away End,37.61,2025-07-11 16:12:18,True
S003870,Arsenal vs Everton,Premier League,Club Level,117.58,2024-12-06 08:35:20,True
S003579,Arsenal vs Everton,Premier League,Family Enclosure,40.65,2025-03-04 20:18:50,True
S001344,Arsenal vs Luton,Premier League,Club Level,140.11,2025-05-28 17:55:30,True
S001201,Arsenal vs Man City,Premier League,Club Level,140.65,2025-09-19 13:13:02,True
S004747,Arsenal vs Chelsea,Premier League,General Admission,69.52,2025-01-21 12:22:35,True
S003010,Arsenal vs Man United,Premier League,General Admission,60.05,2025-07-03 21:38:36,True
S004615,Arsenal vs Man United,Premier League,Family Enclosure,42.8,2025-07-01 06:17:37,False
S004857,Arsenal vs Sheffield Utd,Carabao Cup,General Admission,61.41,2024-11-20 15:51:49,True
S000884,Arsenal vs Real Madrid,Champions League,General Admission,52.53,2024-09-24 14:22:54,True
S002826,Arsenal vs Chelsea,Premier League,General Admission,67.79,2024-11-22 20:26:34,False
S004625,Arsenal vs Fulham,Premier League,General Admission,54.36,2024-12-19 09:42:51,False
S000437,Arsenal vs Chelsea,Premier League,General Admission,56.62,2024-10-12 18:05:32,True
S004180,Arsenal vs Brighton,Premier League,Family Enclosure,47.38,2025-08-12 16:01:50,True
S000020,Arsenal vs Brighton,Premier League,General Admission,57.66,2025-05-27 01:35:56,True
S003217,Arsenal vs Luton,Premier League,General Admission,58.96,2025-07-23 13:53:52,True
S002466,Arsenal vs Brighton,Premier League,Club Level,110.7,2025-01-07 02:57:21,True
S002026,Arsenal vs Brighton,Premier League,General Admission,67.33,2024-11-15 05:59:40,True
S004413,Arsenal vs Luton,Premier League,General Admission,61.97,2025-07-17 09:10:41,False
S003377,Arsenal vs Brighton,Premier League,Club Level,138.9,2025-03-04 10:40:47,True
S003439,Arsenal vs Everton,Premier League,Club Level,132.01,2025-06-28 09:49:12,True
S003440,Arsenal vs Tottenham,Premier League,General Admission,66.52,2024-12-10 15:48:14,True
S000707,Arsenal vs Sheffield Utd,Carabao Cup,Hospitality,444.5,2025-06-13 19:08:42,True
S002811,Arsenal vs Fulham,Premier League,General Admission,59.55,2025-07-15 23:06:54,True
S003945,Arsenal vs Bayern Munich,Champions League,General Admission,58.65,2025-06-22 11:19:44,True
S004670,Arsenal vs Chelsea,Premier League,Club Level,132.55,2025-07-31 05:02:05,False
S003575,Arsenal vs Luton,Premier League,Club Level,115.17,2025-08-23 10:43:32,False
S004304,Arsenal vs Liverpool,Premier League,General Admission,65.45,2025-09-02 23:02:15,True
S001076,Arsenal vs Sheffield Utd,Carabao Cup,General Admission,65.44,2025-03-29 03:39:50,True
S004114,Arsenal vs Sheffield Utd,Carabao Cup,Away End,49.23,2025-04-04 19:02:56,False
S002370,Arsenal vs Man United,Premier League,General Admission,55.49,2024-10-25 05:23:25,True
S001977,Arsenal vs Liverpool,Premier League,Club Level,151.34,2024-11-08 19:33:13,True
S002235,Arsenal vs Everton,Premier League,Away End,42.0,2025-01-05 18:59:57,True
S002792,Arsenal vs Bayern Munich,Champions League,General Admission,64.26,2025-05-07 04:25:31,True
S004556,Arsenal vs Sheffield Utd,Carabao Cup,General Admission,52.63,2024-10-13 20:23:11,False
S004116,Arsenal vs Man City,Premier League,Family Enclosure,43.64,2025-08-29 10:02:16,True
S003312,Arsenal vs Man City,Premier League,General Admission,57.84,2025-02-14 03:55:28,True
S003733,Arsenal vs Luton,Premier League,Club Level,113.3,2025-04-21 15:47:57,True
S002281,Arsenal vs Chelsea,Premier League,Family Enclosure,50.44,2024-12-16 13:51:41,True
S002533,Arsenal vs Man City,Premier League,Family Enclosure,44.83,2025-04-13 16:25:59,False
S004376,Arsenal vs Real Madrid,Champions League,Family Enclosure,46.75,2025-04-16 06:30:57,True
S002855,Arsenal vs Brighton,Premier League,General Admission,68.75,2024-11-30 14:04:48,True
S004425,Arsenal vs Man United,Premier League,Club Level,139.13,2024-11-19 05:51:23,True
S000646,Arsenal vs Luton,Premier League,General Admission,67.86,2025-07-20 18:35:35,True
S004583,Arsenal vs Bayern Munich,Champions League,General Admission,65.02,2024-10-24 21:53:39,True
S003278,Arsenal vs Real Madrid,Champions League,Club Level,113.4,2025-08-21 23:47:00,True
S000434,Arsenal vs Brighton,Premier League,Club Level,136.8,2025-09-12 02:26:51,True
S003845,Arsenal vs Man United,Premier League,General Admission,66.87,2024-12-16 04:30:47,True
S003790,Arsenal vs Sheffield Utd,Carabao Cup,Club Level,114.64,2024-11-19 04:13:51,True
S003050,Arsenal vs Man City,Premier League,Family Enclosure,57.72,2025-05-11 10:40:31,True
S000876,Arsenal vs Brighton,Premier League,General Admission,50.63,2025-07-17 05:39:48,True
S003551,Arsenal vs Tottenham,Premier League,General Admission,61.73,2024-12-07 04:09:42,True
S001868,Arsenal vs Everton,Premier League,General Admission,66.58,2025-08-11 04:34:54,True
S004546,Arsenal vs Liverpool,Premier League,General Admission,65.17,2025-04-23 10:00:44,True
S004304,Arsenal vs Man City,Premier League,Hospitality,374.77,2024-10-04 10:55:19,False
S001469,Arsenal vs Luton,Premier League,General Admission,63.37,2025-01-09 15:09:34,True
S003210,Arsenal vs Everton,Premier League,Club Level,128.67,2024-12-14 06:12:53,True
S004928,Arsenal vs Bayern Munich,Champions League,Family Enclosure,51.08,2025-07-09 16:09:48,False
S001096,Arsenal vs Man City,Premier League,General Admission,55.07,2024-11-13 06:58:41,True
S003075,Arsenal vs Luton,Premier League,General Admission,60.59,2025-06-28 05:18:30,True
S004428,Arsenal vs Real Madrid,Champions League,General Admission,69.22,2024-09-26 10:14:56,True
S003714,Arsenal vs Tottenham,Premier League,Family Enclosure,40.97,2025-07-26 09:34:08,True
S002646,Arsenal vs Bayern Munich,Champions League,Club Level,118.2,2025-02-09 20:58:15,True
S000504,Arsenal vs Fulham,Premier League,General Admission,70.28,2025-06-02 06:35:28,True
S001314,Arsenal vs Everton,Premier League,Hospitality,407.11,2024-12-21 04:47:35,True
S000535,Arsenal vs Man City,Premier League,General Admission,64.17,2025-04-02 09:16:21,True
S000795,Arsenal vs Chelsea,Premier League,Family Enclosure,49.65,2024-10-27 20:06:00,False
S003411,Arsenal vs Man United,Premier League,Away End,41.34,2025-09-02 22:27:00,True
S000941,Arsenal vs Chelsea,Premier League,Family Enclosure,57.22,2024-10-07 00:34:26,False
S002813,Arsenal vs Liverpool,Premier League,General Admission,68.61,2024-09-26 22:03:11,True
S004249,Arsenal vs Man City,Premier League,General Admission,65.06,2025-02-02 19:17:59,True
S002132,Arsenal vs Everton,Premier League,General Admission,53.4,2025-03-05 22:34:38,False
S003987,Arsenal vs Man City,Premier League,General Admission,69.74,2024-10-13 08:17:52,True
S002004,Arsenal vs Everton,Premier League,Hospitality,349.1,2025-06-06 03:34:50,True
S003976,Arsenal vs Everton,Premier League,Away End,50.53,2025-05-04 06:00:57,False
S004273,Arsenal vs Bayern Munich,Champions League,General Admission,55.07,2025-04-26 09:26:25,False
S003079,Arsenal vs Bayern Munich,Champions League,Hospitality,374.33,2025-01-10 21:21:13,True
S003824,Arsenal vs Brighton,Premier League,Hospitality,399.53,2024-10-08 03:32:19,True
S001650,Arsenal vs Fulham,Premier League,General Admission,58.23,2025-08-11 08:57:38,True
S004541,Arsenal vs Chelsea,Premier League,Club Level,115.75,2024-09-29 07:08:02,True
S003384,Arsenal vs Brighton,Premier League,Hospitality,378.54,2025-04-19 01:58:19,False
S000685,Arsenal vs Liverpool,Premier League,Away End,43.84,2025-01-12 05:27:02,False
S001564,Arsenal vs Luton,Premier League,General Admission,50.21,2024-11-08 16:20:09,True
S003357,Arsenal vs Chelsea,Premier League,General Admission,59.28,2025-08-12 18:47:50,False
S001832,Arsenal vs Everton,Premier League,Club Level,127.79,2024-11-04 03:41:42,True
S000266,Arsenal vs Real Madrid,Champions League,Club Level,146.69,2024-12-20 05:51:20,True
S001462,Arsenal vs Tottenham,Premier League,Club Level,146.23,2024-12-13 08:23:16,True
S001792,Arsenal vs Fulham,Premier League,General Admission,61.22,2025-08-23 07:48:47,False
S003520,Arsenal vs Chelsea,Premier League,General Admission,51.23,2025-02-23 00:35:19,True
S000840,Arsenal vs Chelsea,Premier League,General Admission,62.5,2025-03-22 06:48:25,True
S000771,Arsenal vs Real Madrid,Champions League,Club Level,119.95,2025-02-27 04:18:39,True
S001775,Arsenal vs Liverpool,Premier League,Club Level,136.64,2025-01-30 06:00:51,False
S003806,Arsenal vs Liverpool,Premier League,Hospitality,351.95,2025-09-03 02:28:02,True
S003328,Arsenal vs Real Madrid,Champions League,Hospitality,421.77,2025-03-15 06:48:36,True
S004124,Arsenal vs Luton,Premier League,Club Level,155.87,2025-04-23 19:38:58,True
S001560,Arsenal vs Fulham,Premier League,Hospitality,351.06,2025-01-12 20:25:01,False
S004089,Arsenal vs Real Madrid,Champions League,General Admission,71.29,2025-01-01 08:56:31,True
S001955,Arsenal vs Real Madrid,Champions League,Hospitality,397.03,2024-12-28 08:28:03,True
S001800,Arsenal vs Real Madrid,Champions League,Hospitality,343.36,2024-11-13 08:34:28,False
S004974,Arsenal vs Sheffield Utd,Carabao Cup,General Admission,63.46,2024-11-15 21:38:24,True
S002187,Arsenal vs Brighton,Premier League,Club Level,121.48,2024-10-16 04:53:41,True
S001024,Arsenal vs Man City,Premier League,General Admission,64.69,2025-08-09 17:49:11,True
S002229,Arsenal vs Brighton,Premier League,General Admission,61.84,2025-03-19 10:15:23,True
S000158,Arsenal vs Man City,Premier League,Hospitality,431.7,2025-07-14 08:05:22,True
S001493,Arsenal vs Man United,Premier League,General Admission,69.24,2025-07-14 19:41:32,True
S004585,Arsenal vs Luton,Premier League,Family Enclosure,53.98,2025-09-15 15:20:01,True
S002533,Arsenal vs Liverpool,Premier League,Hospitality,453.65,2025-05-17 21:27:02,True
S001599,Arsenal vs Brighton,Premier League,Club Level,110.48,2025-05-01 19:25:18,True
S002908,Arsenal vs Sheffield Utd,Carabao Cup,Hospitality,438.76,2024-11-29 11:01:54,True
S003361,Arsenal vs Sheffield Utd,Carabao Cup,General Admission,70.52,2025-08-01 07:10:24,True
S002417,Arsenal vs Liverpool,Premier League,General Admission,53.23,2025-07-10 19:41:23,True
S000910,Arsenal vs Chelsea,Premier League,General Admission,67.42,2025-08-03 23:54:00,True
S003637,Arsenal vs Sheffield Utd,Carabao Cup,Family Enclosure,42.68,2025-09-17 04:11:37,True
S000784,Arsenal vs Man United,Premier League,General Admission,68.94,2025-08-13 06:10:39,True
S002237,Arsenal vs Liverpool,Premier League,Away End,36.0,2025-09-12 02:22:10,True
S004182,Arsenal vs Man City,Premier League,General Admission,70.28,2025-03-14 18:37:23,False
S002977,Arsenal vs Man City,Premier League,General Admission,65.25,2025-02-06 23:05:36,True
S001583,Arsenal vs Real Madrid,Champions League,Club Level,133.03,2024-09-21 06:55:54,True
S003448,Arsenal vs Sheffield Utd,Carabao Cup,Family Enclosure,41.86,2025-05-22 06:47:14,True
S000904,Arsenal vs Man United,Premier League,General Admission,57.03,2024-10-23 13:02:52,False
S004655,Arsenal vs Chelsea,Premier League,General Admission,66.96,2025-03-20 01:51:41,True
S003389,Arsenal vs Everton,Premier League,Club Level,110.69,2025-02-12 19:18:07,True
S001737,Arsenal vs Liverpool,Premier League,Family Enclosure,52.22,2025-09-08 02:02:56,True
S000431,Arsenal vs Everton,Premier League,General Admission,55.56,2025-04-10 06:32:14,True
S003708,Arsenal vs Real Madrid,Champions League,Hospitality,319.93,2025-06-09 03:41:27,True
S001665,Arsenal vs Tottenham,Premier League,Family Enclosure,48.05,2025-07-19 13:12:31,True
S003285,Arsenal vs Man City,Premier League,General Admission,70.5,2025-03-26 20:08:19,True
S003963,Arsenal vs Man City,Premier League,General Admission,67.56,2025-02-01 22:48:19,True
S001141,Arsenal vs Chelsea,Premier League,Club Level,140.33,2025-04-05 20:57:49,True
S003197,Arsenal vs Tottenham,Premier League,Away End,42.87,2025-02-23 03:10:02,False
S002446,Arsenal vs Fulham,Premier League,General Admission,61.71,2025-02-28 11:24:29,False
S001339,Arsenal vs Man City,Premier League,Club Level,137.22,2025-05-27 20:13:26,True
S002052,Arsenal vs Man City,Premier League,General Admission,49.86,2024-12-11 10:40:11,True
S003402,Arsenal vs Fulham,Premier League,Club Level,136.88,2025-09-04 13:25:25,True
S002745,Arsenal vs Real Madrid,Champions League,General Admission,54.29,2025-07-26 23:39:18,False
S000091,Arsenal vs Bayern Munich,Champions League,General Admission,50.74,2025-06-02 01:20:31,True
S003577,Arsenal vs Brighton,Premier League,General Admission,49.8,2025-04-29 23:32:27,True
S003132,Arsenal vs Everton,Premier League,Hospitality,397.07,2025-05-15 03:21:38,False
S003111,Arsenal vs Tottenham,Premier League,Hospitality,335.46,2025-02-05 07:51:35,True
S003123,Arsenal vs Brighton,Premier League,Club Level,129.68,2025-08-23 22:38:17,True
S001495,Arsenal vs Luton,Premier League,Hospitality,347.48,2025-08-10 23:16:47,True
S001369,Arsenal vs Bayern Munich,Champions League,General Admission,64.16,2025-04-24 23:33:33,False
S003805,Arsenal vs Sheffield Utd,Carabao Cup,Family Enclosure,56.48,2025-08-27 21:53:12,True
S001208,Arsenal vs Liverpool,Premier League,Club Level,116.0,2025-07-01 20:30:13,True
S004344,Arsenal vs Liverpool,Premier League,General Admission,57.25,2025-08-06 10:36:03,False
S001172,Arsenal vs Everton,Premier League,Family Enclosure,50.05,2024-12-31 00:35:21,True
S004661,Arsenal vs Man United,Premier League,Away End,46.09,2024-10-31 17:21:58,False
S003628,Arsenal vs Bayern Munich,Champions League,General Admission,55.64,2025-08-01 00:05:40,True
S004415,Arsenal vs Chelsea,Premier League,General Admission,71.23,2024-12-02 15:16:22,True
S002058,Arsenal vs Sheffield Utd,Carabao Cup,Club Level,149.11,2025-08-17 02:16:33,True
S003494,Arsenal vs Everton,Premier League,General Admission,61.95,2024-10-13 18:06:14,True
S004264,Arsenal vs Bayern Munich,Champions League,Club Level,119.85,2024-12-31 09:29:28,True
S003634,Arsenal vs Man United,Premier League,Hospitality,398.62,2025-05-06 18:53:04,True
S002949,Arsenal vs Brighton,Premier League,General Admission,65.1,2025-05-14 13:41:18,True
S003484,Arsenal vs Sheffield Utd,Carabao Cup,Club Level,149.91,2024-12-06 05:05:14,True
S004888,Arsenal vs Fulham,Premier League,Away End,37.58,2024-11-15 18:49:05,False
S001379,Arsenal vs Liverpool,Premier League,Family Enclosure,42.91,2025-02-24 06:25:01,True
S003919,Arsenal vs Fulham,Premier League,General Admission,60.77,2025-06-12 03:17:43,True
S002574,Arsenal vs Man City,Premier League,General Admission,63.81,2025-09-09 01:12:52,False
S002921,Arsenal vs Liverpool,Premier League,General Admission,60.95,2025-08-11 04:53:57,False
S002246,Arsenal vs Everton,Premier League,Hospitality,415.02,2025-06-10 17:48:36,False
S004421,Arsenal vs Luton,Premier League,General Admission,65.12,2024-09-24 08:50:15,False
S003723,Arsenal vs Man City,Premier League,General Admission,58.42,2025-01-26 16:54:26,True
S004346,Arsenal vs Chelsea,Premier League,Family Enclosure,41.01,2024-11-26 13:56:33,False
S002864,Arsenal vs Everton,Premier League,Club Level,136.97,2025-09-17 22:49:06,True
S001312,Arsenal vs Bayern Munich,Champions League,Family Enclosure,57.73,2025-07-21 23:50:07,True
S000539,Arsenal vs Everton,Premier League,General Admission,65.09,2025-02-20 11:15:18,True
S002849,Arsenal vs Brighton,Premier League,General Admission,50.62,2025-01-21 02:43:32,True
S003618,Arsenal vs Luton,Premier League,Club Level,116.31,2025-01-12 12:34:45,False
S002399,Arsenal vs Liverpool,Premier League,Hospitality,372.57,2025-04-04 07:37:21,True
S004712,Arsenal vs Everton,Premier League,General Admission,60.6,2025-01-30 03:55:27,True
S002613,Arsenal vs Liverpool,Premier League,General Admission,49.76,2024-10-26 11:13:10,True
S001071,Arsenal vs Sheffield Utd,Carabao Cup,General Admission,60.44,2025-08-21 22:40:20,False
S001792,Arsenal vs Sheffield Utd,Carabao Cup,General Admission,52.79,2025-06-19 23:39:27,True
S004190,Arsenal vs Real Madrid,Champions League,Hospitality,352.14,2025-06-04 13:39:44,True
S000534,Arsenal vs Liverpool,Premier League,Club Level,137.51,2024-10-03 01:49:15,True
S004508,Arsenal vs Man United,Premier League,Club Level,145.22,2024-10-17 05:45:20,True
S001495,Arsenal vs Tottenham,Premier League,Hospitality,357.2,2025-03-20 22:27:03,True
S001870,Arsenal vs Everton,Premier League,General Admission,68.31,2025-05-11 14:25:37,True
S002381,Arsenal vs Man United,Premier League,General Admission,66.97,2025-01-13 21:05:29,True
S002690,Arsenal vs Bayern Munich,Champions League,Family Enclosure,43.06,2024-10-31 17:21:28,True
S003992,Arsenal vs Chelsea,Premier League,General Admission,64.8,2024-11-21 15:15:39,True
S000827,Arsenal vs Everton,Premier League,Family Enclosure,54.37,2025-07-23 11:35:52,True
S002718,Arsenal vs Man City,Premier League,Away End,42.79,2025-03-07 08:45:58,True
S003557,Arsenal vs Bayern Munich,Champions League,Family Enclosure,58.14,2025-03-10 14:30:21,False
S001054,Arsenal vs Bayern Munich,Champions League,Hospitality,349.35,2024-11-02 23:15:52,True
S000248,Arsenal vs Fulham,Premier League,Hospitality,446.34,2024-11-21 23:40:21,False
S002346,Arsenal vs Man City,Premier League,Family Enclosure,47.32,2025-08-16 12:26:53,False
S001298,Arsenal vs Chelsea,Premier League,Away End,39.27,2025-02-25 19:44:18,True
S002772,Arsenal vs Chelsea,Premier League,General Admission,52.19,2025-04-12 10:47:18,True
S002118,Arsenal vs Man United,Premier League,General Admission,59.9,2025-04-24 21:01:01,False
S000781,Arsenal vs Everton,Premier League,General Admission,55.52,2025-06-04 14:06:29,False
S000002,Arsenal vs Luton,Premier League,Family Enclosure,56.89,2025-03-22 11:18:20,False
S004944,Arsenal vs Sheffield Utd,Carabao Cup,Club Level,129.41,2025-06-12 13:44:56,False
S004002,Arsenal vs Brighton,Premier League,Club Level,128.12,2024-09-22 11:11:00,True
S001380,Arsenal vs Brighton,Premier League,Hospitality,340.25,2025-05-21 23:43:03,True
S001254,Arsenal vs Bayern Munich,Champions League,General Admission,59.08,2025-03-05 05:13:44,True
S002152,Arsenal vs Real Madrid,Champions League,General Admission,64.61,2025-04-07 06:44:48,True
S004315,Arsenal vs Luton,Premier League,General Admission,54.39,2024-10-28 08:36:05,False
S002856,Arsenal vs Sheffield Utd,Carabao Cup,Club Level,120.08,2025-08-26 06:00:10,True
S002000,Arsenal vs Luton,Premier League,General Admission,67.49,2025-05-15 23:50:42,True
S003301,Arsenal vs Liverpool,Premier League,General Admission,68.2,2024-12-08 13:28:26,False
S003257,Arsenal vs Brighton,Premier League,General Admission,64.15,2025-06-04 14:03:17,True
S003623,Arsenal vs Man United,Premier League,General Admission,60.54,2025-01-16 20:47:00,False
S004669,Arsenal vs Man City,Premier League,Hospitality,420.64,2025-01-08 11:56:19,True
S002114,Arsenal vs Man United,Premier League,General Admission,64.39,2025-02-03 16:36:47,True
S001623,Arsenal vs Man City,Premier League,General Admission,53.42,2024-12-07 10:13:38,True
S000457,Arsenal vs Sheffield Utd,Carabao Cup,General Admission,62.27,2024-11-05 00:01:30,True
S002899,Arsenal vs Sheffield Utd,Carabao Cup,Family Enclosure,55.75,2025-05-29 02:01:24,True
S004561,Arsenal vs Brighton,Premier League,General Admission,55.56,2025-05-16 15:22:00,False
S002834,Arsenal vs Brighton,Premier League,Family Enclosure,58.09,2025-02-18 15:34:44,True
S001837,Arsenal vs Sheffield Utd,Carabao Cup,Club Level,151.01,2024-12-01 23:07:50,True
S004229,Arsenal vs Sheffield Utd,Carabao Cup,Hospitality,418.93,2024-10-30 17:37:55,True
S000396,Arsenal vs Chelsea,Premier League,Family Enclosure,50.5,2025-03-02 22:40:18,False
S004452,Arsenal vs Luton,Premier League,Away End,45.89,2024-12-02 19:42:34,False
S000376,Arsenal vs Brighton,Premier League,Club Level,148.92,2025-08-15 16:00:27,True
S004111,Arsenal vs Liverpool,Premier League,General Admission,56.32,2025-02-18 03:10:17,True
S002418,Arsenal vs Luton,Premier League,General Admission,67.34,2025-01-27 23:32:08,True
S002374,Arsenal vs Sheffield Utd,Carabao Cup,Hospitality,333.27,2024-12-03 14:48:29,False
S004209,Arsenal vs Brighton,Premier League,Club Level,155.28,2025-01-06 14:09:09,True
S004349,Arsenal vs Sheffield Utd,Carabao Cup,Away End,43.2,2025-04-15 03:55:16,True
S000076,Arsenal vs Man City,Premier League,General Admission,70.1,2025-09-09 08:42:05,True
S003791,Arsenal vs Real Madrid,Champions League,Family Enclosure,40.82,2025-08-06 03:00:39,True
S004596,Arsenal vs Sheffield Utd,Carabao Cup,General Admission,52.79,2024-10-14 04:20:00,False
S000109,Arsenal vs Luton,Premier League,General Admission,70.0,2024-10-12 19:19:23,True
S001694,Arsenal vs Liverpool,Premier League,Away End,49.52,2025-08-15 07:54:27,True
S000455,Arsenal vs Tottenham,Premier League,General Admission,64.84,2025-08-18 05:29:59,True
S002772,Arsenal vs Sheffield Utd,Carabao Cup,Away End,46.56,2024-11-05 16:44:39,False
S004853,Arsenal vs Luton,Premier League,General Admission,56.57,2025-05-23 02:58:00,False
S002063,Arsenal vs Chelsea,Premier League,General Admission,65.32,2025-01-19 17:19:43,False
S003341,Arsenal vs Real Madrid,Champions League,Family Enclosure,40.71,2025-06-04 13:11:50,True
S004855,Arsenal vs Man United,Premier League,General Admission,65.09,2025-07-04 05:41:10,False
S001427,Arsenal vs Bayern Munich,Champions League,Family Enclosure,43.55,2024-12-15 08:53:47,True
S001057,Arsenal vs Everton,Premier League,General Admission,67.5,2025-09-05 06:21:22,True
S002775,Arsenal vs Man City,Premier League,Family Enclosure,56.63,2025-08-29 00:18:47,True
S001455,Arsenal vs Tottenham,Premier League,Hospitality,420.18,2025-06-26 16:38:19,True
S004981,Arsenal vs Luton,Premier League,Family Enclosure,46.89,2025-06-16 18:48:35,True
S003164,Arsenal vs Everton,Premier League,Away End,44.03,2025-01-07 07:59:09,True
S000959,Arsenal vs Everton,Premier League,General Admission,56.41,2024-11-14 20:07:49,True
S004432,Arsenal vs Man United,Premier League,General Admission,64.34,2025-03-23 16:01:05,True
S001542,Arsenal vs Real Madrid,Champions League,Family Enclosure,54.25,2024-12-09 00:55:35,True
S004679,Arsenal vs Luton,Premier League,Club Level,149.52,2024-12-23 01:52:35,True
S002227,Arsenal vs Liverpool,Premier League,Hospitality,442.25,2025-02-23 14:33:53,True
S002890,Arsenal vs Sheffield Utd,Carabao Cup,Family Enclosure,56.83,2025-02-13 15:43:59,True
S003506,Arsenal vs Tottenham,Premier League,Club Level,121.69,2025-05-06 23:25:19,False
S002188,Arsenal vs Real Madrid,Champions League,General Admission,59.17,2025-05-21 13:39:12,True
S002303,Arsenal vs Sheffield Utd,Carabao Cup,Family Enclosure,41.01,2025-08-19 21:22:25,True
S001026,Arsenal vs Chelsea,Premier League,General Admission,56.75,2025-06-13 15:45:32,True
S004284,Arsenal vs Real Madrid,Champions League,Club Level,129.96,2025-02-22 03:21:27,True
S000867,Arsenal vs Sheffield Utd,Carabao Cup,General Admission,62.46,2025-05-26 04:40:53,True
S004284,Arsenal vs Brighton,Premier League,Family Enclosure,53.17,2025-06-30 11:56:38,True
S000881,Arsenal vs Sheffield Utd,Carabao Cup,Club Level,133.81,2025-06-05 08:02:55,False
S002625,Arsenal vs Luton,Premier League,Away End,48.2,2025-08-12 08:57:20,True
S003416,Arsenal vs Real Madrid,Champions League,Club Level,108.65,2025-08-11 11:25:30,True
S001774,Arsenal vs Sheffield Utd,Carabao Cup,General Admission,60.24,2025-04-25 02:36:27,False
S004346,Arsenal vs Man City,Premier League,General Admission,63.29,2024-10-27 20:56:59,True
S000868,Arsenal vs Everton,Premier League,General Admission,64.13,2025-07-04 07:19:37,True
S003048,Arsenal vs Real Madrid,Champions League,Hospitality,449.06,2024-11-02 21:25:46,True
S001035,Arsenal vs Liverpool,Premier League,General Admission,64.44,2025-03-09 15:31:44,True
S003471,Arsenal vs Brighton,Premier League,General Admission,69.7,2025-04-15 22:26:36,True
S002388,Arsenal vs Man United,Premier League,General Admission,51.49,2025-05-03 02:00:26,True
S004014,Arsenal vs Man City,Premier League,General Admission,66.24,2025-05-22 18:23:32,False
S000964,Arsenal vs Man City,Premier League,General Admission,67.75,2025-01-31 04:07:02,True
S001848,Arsenal vs Everton,Premier League,Family Enclosure,53.0,2025-03-23 09:22:20,True
S003451,Arsenal vs Bayern Munich,Champions League,General Admission,60.07,2025-04-05 08:16:10,False
S004048,Arsenal vs Chelsea,Premier League,General Admission,55.54,2025-08-18 15:43:12,True
S004218,Arsenal vs Liverpool,Premier League,General Admission,69.33,2024-09-24 23:54:39,True
S000612,Arsenal vs Tottenham,Premier League,Club Level,135.75,2025-07-28 02:54:28,True
S002163,Arsenal vs Chelsea,Premier League,Away End,39.14,2025-07-08 06:15:02,False
S001096,Arsenal vs Real Madrid,Champions League,General Admission,64.65,2025-01-08 01:23:51,True
S000003,Arsenal vs Everton,Premier League,General Admission,58.56,2025-06-01 06:22:02,True
S001956,Arsenal vs Everton,Premier League,Family Enclosure,45.63,2025-09-03 04:51:54,True
S000891,Arsenal vs Bayern Munich,Champions League,General Admission,60.49,2024-11-11 10:35:25,True
S003527,Arsenal vs Brighton,Premier League,Away End,48.36,2025-08-18 00:05:06,False
S000303,Arsenal vs Man United,Premier League,Away End,50.19,2025-05-05 16:04:41,True
S003457,Arsenal vs Man United,Premier League,Hospitality,338.48,2025-05-11 17:03:17,True
S000381,Arsenal vs Everton,Premier League,Club Level,149.02,2025-04-23 11:34:19,False
S002626,Arsenal vs Brighton,Premier League,General Admission,65.91,2024-10-02 06:55:33,False
S003467,Arsenal vs Real Madrid,Champions League,General Admission,66.62,2025-05-12 19:52:31,True
S001001,Arsenal vs Luton,Premier League,Away End,44.87,2025-01-22 17:05:34,True
S004084,Arsenal vs Luton,Premier League,General Admission,57.24,2025-01-09 20:34:22,True
S001120,Arsenal vs Tottenham,Premier League,Hospitality,428.18,2025-03-16 09:47:04,True
S000568,Arsenal vs Liverpool,Premier League,General Admission,55.07,2025-03-09 09:16:58,False
S004554,Arsenal vs Fulham,Premier League,Club Level,111.61,2025-02-15 17:23:05,True
S001139,Arsenal vs Real Madrid,Champions League,Hospitality,404.31,2024-09-30 03:46:02,True
S002719,Arsenal vs Real Madrid,Champions League,General Admission,50.07,2024-12-20 05:40:54,True
S001889,Arsenal vs Brighton,Premier League,General Admission,58.12,2024-12-28 17:11:10,True
S000501,Arsenal vs Tottenham,Premier League,Hospitality,362.72,2025-01-20 02:46:26,True
S003930,Arsenal vs Man City,Premier League,Club Level,140.29,2025-07-11 05:42:15,True
S002587,Arsenal vs Liverpool,Premier League,General Admission,52.94,2025-04-07 20:45:38,False
S001721,Arsenal vs Luton,Premier League,General Admission,63.6,2025-07-18 03:31:41,True
S000807,Arsenal vs Fulham,Premier League,Family Enclosure,53.71,2024-11-12 03:38:20,False
S002424,Arsenal vs Brighton,Premier League,Family Enclosure,43.52,2025-09-03 09:05:57,False
S004534,Arsenal vs Tottenham,Premier League,General Admission,56.42,2025-01-15 06:51:57,True
S000472,Arsenal vs Fulham,Premier League,General Admission,52.32,2025-01-30 16:46:11,True
S000435,Arsenal vs Brighton,Premier League,Club Level,108.1,2025-03-15 21:32:33,True
S003811,Arsenal vs Chelsea,Premier League,General Admission,66.22,2025-07-31 09:15:57,True
S003791,Arsenal vs Luton,Premier League,Family Enclosure,51.51,2025-06-26 16:37:09,True
S002513,Arsenal vs Everton,Premier League,General Admission,70.73,2024-11-24 22:59:02,True
S001909,Arsenal vs Man City,Premier League,Family Enclosure,55.97,2024-10-31 11:28:09,True
S000209,Arsenal vs Real Madrid,Champions League,General Admission,51.22,2025-04-06 13:28:20,True
S003125,Arsenal vs Liverpool,Premier League,General Admission,56.8,2024-10-07 07:15:47,True
S000436,Arsenal vs Everton,Premier League,General Admission,49.98,2025-05-31 18:25:29,True
S003691,Arsenal vs Man United,Premier League,Family Enclosure,49.51,2025-01-25 15:09:10,True
S001257,Arsenal vs Luton,Premier League,Family Enclosure,55.79,2025-01-23 12:47:40,True
S004552,Arsenal vs Bayern Munich,Champions League,Hospitality,395.11,2025-07-14 17:55:29,False
S003688,Arsenal vs Everton,Premier League,Hospitality,393.07,2025-01-23 15:46:07,False
S002247,Arsenal vs Fulham,Premier League,Club Level,109.1,2024-09-30 14:33:51,True
S000402,Arsenal vs Liverpool,Premier League,Club Level,142.85,2025-03-31 23:45:51,False
S003062,Arsenal vs Everton,Premier League,Club Level,110.56,2025-04-16 12:48:54,False
S001553,Arsenal vs Tottenham,Premier League,Away End,48.0,2025-07-26 08:31:00,False
S001997,Arsenal vs Real Madrid,Champions League,General Admission,54.02,2025-03-12 21:50:44,True
S002510,Arsenal vs Man City,Premier League,Hospitality,370.72,2025-05-11 12:25:04,True
S004977,Arsenal vs Fulham,Premier League,Hospitality,329.9,2025-02-16 14:23:43,True
S002913,Arsenal vs Man City,Premier League,Family Enclosure,40.95,2025-02-10 13:26:40,True
S004881,Arsenal vs Bayern Munich,Champions League,Club Level,116.02,2024-10-30 01:34:28,False
S004157,Arsenal vs Man City,Premier League,Club Level,138.94,2025-02-05 02:35:29,True
S000088,Arsenal vs Brighton,Premier League,Club Level,148.47,2025-09-18 22:25:07,True
S004873,Arsenal vs Sheffield Utd,Carabao Cup,General Admission,51.73,2025-08-26 01:47:00,True
S003529,Arsenal vs Luton,Premier League,Family Enclosure,50.73,2025-04-22 02:10:54,False
S002529,Arsenal vs Everton,Premier League,Family Enclosure,58.19,2024-10-25 01:15:03,True
S002578,Arsenal vs Real Madrid,Champions League,Club Level,126.11,2024-12-12 02:23:03,True
S002654,Arsenal vs Fulham,Premier League,Family Enclosure,47.52,2025-06-30 21:59:08,False
S001141,Arsenal vs Man City,Premier League,Family Enclosure,54.59,2025-05-23 04:44:44,True
S002378,Arsenal vs Fulham,Premier League,Away End,46.31,2024-10-12 09:42:13,False
S004158,Arsenal vs Brighton,Premier League,General Admission,67.43,2024-12-16 04:24:43,True
S003510,Arsenal vs Tottenham,Premier League,Club Level,126.36,2025-08-07 15:14:21,True
S003088,Arsenal vs Liverpool,Premier League,Club Level,119.38,2025-06-04 00:27:11,False
S002453,Arsenal vs Real Madrid,Champions League,Family Enclosure,48.95,2025-03-10 07:14:38,True
S003653,Arsenal vs Liverpool,Premier League,Away End,51.53,2024-10-14 06:07:22,True
S003304,Arsenal vs Sheffield Utd,Carabao Cup,General Admission,50.83,2025-09-08 09:58:15,True
S002867,Arsenal vs Fulham,Premier League,General Admission,60.6,2025-01-19 15:13:03,True
S003456,Arsenal vs Man City,Premier League,General Admission,54.42,2025-01-24 01:02:47,False
S001801,Arsenal vs Tottenham,Premier League,Away End,38.87,2024-10-15 08:41:30,True
S003730,Arsenal vs Man City,Premier League,Family Enclosure,45.41,2024-11-24 20:10:14,True
S000680,Arsenal vs Brighton,Premier League,General Admission,53.25,2025-02-19 06:41:02,True
S002199,Arsenal vs Everton,Premier League,Family Enclosure,51.54,2024-11-24 23:24:17,False
S001654,Arsenal vs Liverpool,Premier League,Family Enclosure,48.82,2024-11-30 15:44:31,True
S001901,Arsenal vs Tottenham,Premier League,Club Level,147.76,2025-08-12 23:56:04,True
S002261,Arsenal vs Sheffield Utd,Carabao Cup,General Admission,67.67,2025-05-31 05:32:10,False
S001258,Arsenal vs Tottenham,Premier League,General Admission,64.77,2025-06-08 19:41:26,False
S003160,Arsenal vs Fulham,Premier League,General Admission,64.76,2024-11-22 07:26:33,False
S001486,Arsenal vs Bayern Munich,Champions League,General Admission,61.21,2025-09-16 13:27:48,True
S003384,Arsenal vs Bayern Munich,Champions League,General Admission,67.02,2025-08-05 17:44:39,True
S003205,Arsenal vs Sheffield Utd,Carabao Cup,General Admission,64.22,2025-03-14 20:29:34,True
S003691,Arsenal vs Bayern Munich,Champions League,Family Enclosure,49.86,2025-07-10 19:01:38,True
S001793,Arsenal vs Chelsea,Premier League,Club Level,109.38,2024-10-07 11:22:49,True
S002315,Arsenal vs Tottenham,Premier League,General Admission,61.14,2025-09-19 20:55:11,True
S000512,Arsenal vs Bayern Munich,Champions League,Club Level,139.4,2025-02-22 06:51:45,True
S000209,Arsenal vs Man United,Premier League,General Admission,58.9,2024-10-05 16:15:25,True
S000893,Arsenal vs Sheffield Utd,Carabao Cup,General Admission,50.82,2025-02-19 07:52:16,False
S001725,Arsenal vs Liverpool,Premier League,General Admission,68.31,2025-06-12 09:48:41,True
S001705,Arsenal vs Sheffield Utd,Carabao Cup,Club Level,121.71,2024-12-29 13:45:45,True
S004475,Arsenal vs Bayern Munich,Champions League,General Admission,50.5,2025-03-19 17:09:36,True
S003599,Arsenal vs Real Madrid,Champions League,General Admission,62.21,2024-12-18 09:16:45,True
S002434,Arsenal vs Chelsea,Premier League,General Admission,56.95,2025-05-16 00:15:27,True
S003329,Arsenal vs Fulham,Premier League,Hospitality,452.29,2025-08-27 15:29:24,True
S000143,Arsenal vs Sheffield Utd,Carabao Cup,General Admission,60.97,2025-05-12 14:32:24,False
S002762,Arsenal vs Real Madrid,Champions League,General Admission,50.36,2025-03-31 11:29:15,False
S000391,Arsenal vs Fulham,Premier League,Family Enclosure,40.6,2025-01-17 06:28:05,False
S002968,Arsenal vs Liverpool,Premier League,Family Enclosure,52.87,2025-07-26 03:34:52,True
S000809,Arsenal vs Fulham,Premier League,Hospitality,391.09,2024-11-27 09:08:52,False
S003528,Arsenal vs Sheffield Utd,Carabao Cup,Family Enclosure,58.31,2025-07-19 16:49:40,False
S002888,Arsenal vs Chelsea,Premier League,General Admission,61.02,2025-05-19 07:34:50,True
S003532,Arsenal vs Fulham,Premier League,Club Level,147.68,2025-05-12 06:57:05,True
S001159,Arsenal vs Luton,Premier League,General Admission,57.68,2025-04-17 15:45:14,False
S003537,Arsenal vs Sheffield Utd,Carabao Cup,Club Level,132.82,2025-04-27 07:41:50,True
S002544,Arsenal vs Brighton,Premier League,Family Enclosure,52.28,2025-04-06 22:54:38,True
S001092,Arsenal vs Man City,Premier League,Club Level,123.57,2025-07-06 09:41:12,True
S002368,Arsenal vs Man United,Premier League,Hospitality,454.56,2025-06-08 09:57:37,False
S004812,Arsenal vs Sheffield Utd,Carabao Cup,Hospitality,438.74,2024-11-15 09:00:22,True
S004202,Arsenal vs Sheffield Utd,Carabao Cup,General Admission,51.33,2025-06-21 19:26:40,True
S001574,Arsenal vs Chelsea,Premier League,Away End,50.16,2025-03-16 03:24:22,False
S001752,Arsenal vs Luton,Premier League,Club Level,126.61,2025-07-17 17:56:15,True
S003368,Arsenal vs Everton,Premier League,Family Enclosure,55.98,2025-07-31 16:47:23,True
S002196,Arsenal vs Everton,Premier League,General Admission,69.11,2025-08-21 10:25:51,True
S000489,Arsenal vs Brighton,Premier League,Family Enclosure,45.05,2025-04-28 22:05:24,True
S003763,Arsenal vs Sheffield Utd,Carabao Cup,Hospitality,325.23,2025-04-17 02:11:52,True
S003010,Arsenal vs Liverpool,Premier League,General Admission,56.9,2024-12-31 23:35:28,True
S002662,Arsenal vs Real Madrid,Champions League,Club Level,131.47,2025-02-13 21:52:46,True
S001629,Arsenal vs Real Madrid,Champions League,General Admission,61.0,2024-10-12 12:35:14,True
S000425,Arsenal vs Brighton,Premier League,Family Enclosure,48.67,2024-10-21 23:58:54,True
S003110,Arsenal vs Fulham,Premier League,General Admission,61.27,2025-04-22 08:42:01,True
S002299,Arsenal vs Chelsea,Premier League,Hospitality,351.53,2025-03-07 09:03:16,False
S002934,Arsenal vs Brighton,Premier League,General Admission,53.09,2024-10-04 07:12:22,True
S003650,Arsenal vs Man United,Premier League,General Admission,52.12,2025-08-24 14:15:04,False
S003544,Arsenal vs Man United,Premier League,General Admission,70.92,2024-11-15 20:25:33,True
S004375,Arsenal vs Fulham,Premier League,Club Level,112.17,2025-05-25 06:52:02,True
S003044,Arsenal vs Man City,Premier League,Club Level,140.39,2025-09-18 00:43:13,True
S001033,Arsenal vs Real Madrid,Champions League,Club Level,139.08,2024-11-10 21:47:27,True
S000791,Arsenal vs Real Madrid,Champions League,Hospitality,323.36,2024-10-18 16:26:01,True
S003537,Arsenal vs Tottenham,Premier League,Family Enclosure,48.66,2025-08-28 07:25:28,True
S000150,Arsenal vs Man City,Premier League,Club Level,143.77,2025-03-06 02:44:00,True
S004975,Arsenal vs Luton,Premier League,General Admission,58.86,2024-12-15 09:13:37,True
S000577,Arsenal vs Sheffield Utd,Carabao Cup,Hospitality,414.28,2025-05-04 11:36:47,True
S004393,Arsenal vs Fulham,Premier League,Away End,38.16,2025-03-13 16:19:30,True
S003692,Arsenal vs Tottenham,Premier League,Hospitality,342.24,2024-09-26 18:51:53,True
S003993,Arsenal vs Tottenham,Premier League,Club Level,126.86,2024-10-29 05:40:06,True
S002093,Arsenal vs Tottenham,Premier League,General Admission,65.05,2025-04-11 16:45:13,False
S003460,Arsenal vs Man City,Premier League,Away End,38.62,2024-12-11 19:24:02,False
S003585,Arsenal vs Everton,Premier League,Club Level,149.12,2025-03-18 19:12:59,True
S000150,Arsenal vs Man City,Premier League,General Admission,62.24,2025-02-02 10:23:35,True
S004639,Arsenal vs Man United,Premier League,General Admission,64.95,2025-01-29 18:41:28,True
S001821,Arsenal vs Luton,Premier League,Club Level,139.0,2025-06-06 04:48:02,False
S004076,Arsenal vs Man City,Premier League,Club Level,135.35,2025-02-23 16:46:02,True
S003801,Arsenal vs Liverpool,Premier League,Family Enclosure,42.43,2024-11-27 18:16:30,True
S001071,Arsenal vs Real Madrid,Champions League,General Admission,70.85,2024-12-27 23:13:26,True
S004837,Arsenal vs Brighton,Premier League,General Admission,66.04,2025-03-12 14:42:56,False
S000429,Arsenal vs Chelsea,Premier League,General Admission,68.34,2025-04-27 19:26:51,True
S003266,Arsenal vs Man City,Premier League,General Admission,63.71,2024-10-17 14:28:53,True
S002167,Arsenal vs Brighton,Premier League,Hospitality,410.31,2025-07-30 06:33:22,True
S000670,Arsenal vs Brighton,Premier League,Away End,38.53,2024-09-29 07:58:22,True
S002446,Arsenal vs Man City,Premier League,Club Level,131.22,2025-04-10 06:35:44,True
S003153,Arsenal vs Man City,Premier League,Family Enclosure,52.9,2025-07-30 18:23:57,True
S004881,Arsenal vs Real Madrid,Champions League,Club Level,153.91,2025-02-11 22:04:26,True
S003026,Arsenal vs Tottenham,Premier League,General Admission,66.19,2025-01-27 09:36:13,False
S001396,Arsenal vs Liverpool,Premier League,Hospitality,443.06,2025-08-07 23:54:05,True
S001828,Arsenal vs Liverpool,Premier League,General Admission,50.37,2025-07-20 08:47:57,True
S002649,Arsenal vs Fulham,Premier League,Hospitality,335.8,2024-11-09 17:54:28,False
S003466,Arsenal vs Liverpool,Premier League,Family Enclosure,44.94,2024-12-30 20:57:04,False
S004002,Arsenal vs Sheffield Utd,Carabao Cup,General Admission,67.69,2024-12-09 12:33:43,True
S001482,Arsenal vs Bayern Munich,Champions League,Away End,42.8,2025-01-03 03:06:04,False
S003499,Arsenal vs Sheffield Utd,Carabao Cup,Hospitality,429.02,2025-05-04 12:17:39,False
S003124,Arsenal vs Bayern Munich,Champions League,Club Level,119.6,2024-11-15 23:26:03,True
S002130,Arsenal vs Fulham,Premier League,Club Level,127.19,2025-03-15 15:40:03,True
S001789,Arsenal vs Brighton,Premier League,General Admission,58.78,2025-06-25 04:48:31,True
S000056,Arsenal vs Tottenham,Premier League,Family Enclosure,47.5,2025-03-09 23:46:30,True
S004412,Arsenal vs Real Madrid,Champions League,General Admission,62.55,2025-07-07 03:37:50,True
S001673,Arsenal vs Liverpool,Premier League,General Admission,49.98,2025-01-27 23:53:31,True
S001204,Arsenal vs Brighton,Premier League,Club Level,111.57,2024-12-21 07:35:51,True
S001501,Arsenal vs Man United,Premier League,General Admission,57.15,2024-12-28 20:50:57,True
S001871,Arsenal vs Real Madrid,Champions League,Hospitality,331.57,2025-04-06 09:21:08,True
S003963,Arsenal vs Man City,Premier League,Family Enclosure,42.54,2024-10-13 23:17:08,False
S001216,Arsenal vs Man City,Premier League,Hospitality,339.59,2025-04-10 23:37:02,True
S001046,Arsenal vs Sheffield Utd,Carabao Cup,General Admission,69.97,2024-11-09 13:21:10,True
S000827,Arsenal vs Brighton,Premier League,Away End,43.42,2024-10-22 13:04:17,True
S002007,Arsenal vs Man United,Premier League,Club Level,143.68,2024-10-05 21:01:51,True
S000943,Arsenal vs Everton,Premier League,Club Level,148.05,2025-08-31 17:15:56,True
S002071,Arsenal vs Man United,Premier League,General Admission,60.12,2025-03-03 11:22:38,True
S000241,Arsenal vs Liverpool,Premier League,Club Level,148.9,2025-09-01 23:10:47,True
S000798,Arsenal vs Liverpool,Premier League,Club Level,133.32,2024-11-25 03:24:11,False
S004701,Arsenal vs Chelsea,Premier League,General Admission,69.15,2025-03-10 04:11:09,True
S003447,Arsenal vs Man City,Premier League,Club Level,144.43,2025-07-30 18:51:58,False
S004312,Arsenal vs Real Madrid,Champions League,General Admission,58.16,2025-01-27 03:53:31,True
S001579,Arsenal vs Real Madrid,Champions League,Away End,37.44,2025-07-19 02:28:12,True
S004601,Arsenal vs Sheffield Utd,Carabao Cup,Family Enclosure,50.84,2025-08-19 00:06:46,True
S002533,Arsenal vs Man City,Premier League,General Admission,51.9,2025-02-11 07:21:18,True
S000262,Arsenal vs Real Madrid,Champions League,General Admission,64.85,2025-08-15 11:21:49,True
S004963,Arsenal vs Sheffield Utd,Carabao Cup,General Admission,68.95,2025-01-14 21:54:09,False
S002617,Arsenal vs Fulham,Premier League,General Admission,58.08,2025-08-31 06:04:29,True
S004400,Arsenal vs Sheffield Utd,Carabao Cup,General Admission,66.72,2025-03-31 23:31:37,True
S004288,Arsenal vs Brighton,Premier League,Club Level,151.71,2025-09-15 15:09:10,True
S003465,Arsenal vs Real Madrid,Champions League,Club Level,113.51,2025-03-15 03:58:19,True
S001996,Arsenal vs Brighton,Premier League,General Admission,61.16,2025-09-18 19:25:14,True
S000285,Arsenal vs Man City,Premier League,Hospitality,428.96,2025-06-11 21:44:12,True
S002768,Arsenal vs Luton,Premier League,General Admission,61.02,2025-07-17 07:39:41,False
S004505,Arsenal vs Bayern Munich,Champions League,General Admission,60.16,2024-12-12 08:29:18,True
S003913,Arsenal vs Real Madrid,Champions League,Hospitality,338.69,2025-01-14 06:07:26,True
S004083,Arsenal vs Man United,Premier League,Club Level,113.36,2024-12-26 14:53:10,True
S001365,Arsenal vs Sheffield Utd,Carabao Cup,Hospitality,370.64,2025-05-04 05:42:55,False
S004171,Arsenal vs Everton,Premier League,Club Level,133.89,2025-02-03 08:59:17,True
S003637,Arsenal vs Man United,Premier League,Away End,45.91,2025-08-03 03:49:44,True
S002109,Arsenal vs Luton,Premier League,General Admission,56.09,2025-03-18 02:49:34,False
S000586,Arsenal vs Everton,Premier League,Club Level,142.55,2024-11-27 19:16:42,True
S001855,Arsenal vs Bayern Munich,Champions League,Hospitality,388.44,2025-08-19 03:02:17,True
S000615,Arsenal vs Luton,Premier League,Club Level,155.61,2025-01-03 03:19:29,True
S002640,Arsenal vs Fulham,Premier League,Hospitality,406.88,2025-03-19 23:48:45,True
S001788,Arsenal vs Fulham,Premier League,Club Level,120.58,2025-06-22 09:27:14,True
S004725,Arsenal vs Sheffield Utd,Carabao Cup,General Admission,52.23,2025-07-14 04:08:00,True
S002746,Arsenal vs Fulham,Premier League,Family Enclosure,43.84,2025-05-20 15:51:08,True
S000026,Arsenal vs Real Madrid,Champions League,General Admission,60.89,2024-12-27 18:17:01,False
S003438,Arsenal vs Man City,Premier League,General Admission,67.06,2025-05-17 19:10:17,True
S000898,Arsenal vs Brighton,Premier League,Hospitality,372.29,2025-03-08 17:45:45,False
S003098,Arsenal vs Real Madrid,Champions League,General Admission,54.6,2025-09-10 10:16:43,True
S000162,Arsenal vs Real Madrid,Champions League,Club Level,120.25,2025-09-15 01:38:11,True
S000505,Arsenal vs Brighton,Premier League,General Admission,63.83,2025-09-17 04:08:47,True
S003208,Arsenal vs Man City,Premier League,General Admission,66.46,2025-09-11 21:00:00,False
S002934,Arsenal vs Fulham,Premier League,Club Level,108.95,2024-10-21 03:26:48,True
S001920,Arsenal vs Real Madrid,Champions League,Family Enclosure,43.19,2025-06-24 12:24:33,True
S001992,Arsenal vs Liverpool,Premier League,General Admission,53.54,2024-10-16 10:00:19,True
S002476,Arsenal vs Everton,Premier League,General Admission,62.13,2024-09-25 03:21:20,True
S002942,Arsenal vs Everton,Premier League,General Admission,62.29,2025-06-02 09:39:27,True
S000872,Arsenal vs Sheffield Utd,Carabao Cup,Hospitality,430.67,2025-06-16 21:44:21,True
S001330,Arsenal vs Chelsea,Premier League,Hospitality,371.5,2025-03-19 04:09:54,True
S004216,Arsenal vs Tottenham,Premier League,General Admission,71.33,2025-09-05 09:30:43,True
S004129,Arsenal vs Everton,Premier League,General Admission,57.1,2024-11-18 11:24:55,False
S000129,Arsenal vs Tottenham,Premier League,Away End,49.59,2024-12-18 03:32:30,True
S003643,Arsenal vs Luton,Premier League,Club Level,152.01,2025-06-27 21:26:55,True
S000068,Arsenal vs Everton,Premier League,Hospitality,420.47,2025-08-23 05:15:44,True
S002469,Arsenal vs Man City,Premier League,Hospitality,440.73,2025-09-15 07:20:20,True
S002243,Arsenal vs Man United,Premier League,General Admission,51.0,2024-11-20 07:57:51,True
S001369,Arsenal vs Luton,Premier League,General Admission,69.98,2025-06-19 00:17:15,True
S003563,Arsenal vs Bayern Munich,Champions League,General Admission,56.69,2024-11-01 10:05:40,True
S003843,Arsenal vs Tottenham,Premier League,Away End,43.82,2025-06-18 08:43:14,True
S002378,Arsenal vs Real Madrid,Champions League,Club Level,124.2,2025-01-09 13:32:26,True
S003008,Arsenal vs Tottenham,Premier League,General Admission,68.89,2024-11-01 00:39:54,False
S001426,Arsenal vs Fulham,Premier League,Club Level,136.53,2025-07-22 02:12:04,True
S004268,Arsenal vs Fulham,Premier League,Club Level,122.68,2025-08-04 01:24:30,True
S000892,Arsenal vs Liverpool,Premier League,Family Enclosure,51.28,2025-01-16 00:06:52,True
S001638,Arsenal vs Man United,Premier League,General Admission,68.85,2024-11-09 01:30:42,True
S001100,Arsenal vs Luton,Premier League,General Admission,57.42,2025-09-12 05:51:04,True
S001543,Arsenal vs Luton,Premier League,Club Level,131.05,2024-11-01 03:06:55,True
S002193,Arsenal vs Fulham,Premier League,General Admission,57.21,2024-10-07 05:39:13,False
S002006,Arsenal vs Fulham,Premier League,General Admission,62.09,2025-08-02 14:04:14,True
S000436,Arsenal vs Fulham,Premier League,General Admission,61.44,2025-06-10 05:11:55,True
S004168,Arsenal vs Luton,Premier League,Club Level,143.62,2025-05-13 15:11:28,True
S004393,Arsenal vs Bayern Munich,Champions League,General Admission,61.25,2024-10-27 23:51:53,True
S001735,Arsenal vs Bayern Munich,Champions League,General Admission,70.97,2025-07-03 12:45:50,True
S003336,Arsenal vs Everton,Premier League,Club Level,136.39,2025-03-23 19:44:46,True
S004699,Arsenal vs Liverpool,Premier League,Hospitality,354.89,2025-01-28 13:51:28,True
S001416,Arsenal vs Chelsea,Premier League,Hospitality,364.98,2025-05-11 10:11:56,True
S002848,Arsenal vs Man City,Premier League,General Admission,70.28,2025-07-29 05:19:58,True
S003934,Arsenal vs Fulham,Premier League,Family Enclosure,41.35,2025-06-08 23:50:45,False
S000864,Arsenal vs Sheffield Utd,Carabao Cup,General Admission,59.2,2025-01-16 03:55:40,True
S001039,Arsenal vs Everton,Premier League,Club Level,148.21,2025-03-12 06:21:37,True
S004694,Arsenal vs Luton,Premier League,Hospitality,420.91,2025-08-03 11:45:56,True
S002200,Arsenal vs Everton,Premier League,General Admission,64.86,2025-03-02 08:26:01,True
S002316,Arsenal vs Sheffield Utd,Carabao Cup,Family Enclosure,44.19,2025-02-17 07:25:45,True
S003049,Arsenal vs Everton,Premier League,Club Level,152.27,2025-09-19 22:04:04,True
S004233,Arsenal vs Brighton,Premier League,Family Enclosure,45.18,2024-11-24 12:17:37,True
S004724,Arsenal vs Everton,Premier League,General Admission,55.17,2025-05-19 11:47:31,True
S003970,Arsenal vs Sheffield Utd,Carabao Cup,Away End,45.89,2025-09-18 06:22:49,True
S004325,Arsenal vs Chelsea,Premier League,Club Level,138.62,2025-06-09 02:39:53,False
S001216,Arsenal vs Liverpool,Premier League,General Admission,55.52,2025-08-18 10:45:19,True
S001784,Arsenal vs Man United,Premier League,General Admission,70.13,2025-02-22 02:06:18,True
S003572,Arsenal vs Man City,Premier League,General Admission,53.33,2024-10-03 01:53:34,True
S004478,Arsenal vs Bayern Munich,Champions League,Away End,49.4,2024-12-13 15:53:43,False
S003479,Arsenal vs Man City,Premier League,General Admission,57.6,2025-08-12 23:40:35,False
S001967,Arsenal vs Sheffield Utd,Carabao Cup,Family Enclosure,42.84,2025-04-14 16:01:29,True
S000465,Arsenal vs Man City,Premier League,Away End,40.24,2025-06-20 06:54:52,True
S003050,Arsenal vs Chelsea,Premier League,Hospitality,381.34,2025-01-25 10:28:17,True
S000361,Arsenal vs Real Madrid,Champions League,General Admission,54.53,2025-02-24 18:49:18,True
S000126,Arsenal vs Liverpool,Premier League,Club Level,128.71,2025-05-18 03:12:17,True
S003418,Arsenal vs Man City,Premier League,General Admission,60.2,2025-05-09 23:32:10,True
S000237,Arsenal vs Real Madrid,Champions League,Club Level,113.11,2025-05-14 07:44:48,True
S003479,Arsenal vs Tottenham,Premier League,Hospitality,339.18,2025-05-09 11:55:39,False
S000283,Arsenal vs Man City,Premier League,Family Enclosure,44.5,2025-08-26 15:02:09,True
S001616,Arsenal vs Sheffield Utd,Carabao Cup,Club Level,148.54,2024-12-11 10:53:37,True
S002073,Arsenal vs Sheffield Utd,Carabao Cup,General Admission,51.57,2024-10-09 12:44:14,True
S000685,Arsenal vs Everton,Premier League,Club Level,110.59,2024-09-30 08:00:35,True
S000565,Arsenal vs Chelsea,Premier League,General Admission,68.99,2025-02-10 04:55:36,True
S004106,Arsenal vs Fulham,Premier League,Club Level,134.07,2025-04-17 23:34:17,True
S004471,Arsenal vs Everton,Premier League,General Admission,69.99,2025-05-05 20:43:06,True
S000884,Arsenal vs Bayern Munich,Champions League,Away End,51.73,2025-07-03 14:16:49,False
S002360,Arsenal vs Everton,Premier League,General Admission,55.14,2025-01-29 00:53:40,True
S003560,Arsenal vs Man City,Premier League,General Admission,65.04,2024-12-28 19:49:41,True
S002167,Arsenal vs Real Madrid,Champions League,General Admission,57.6,2024-11-03 00:50:11,True
S000955,Arsenal vs Sheffield Utd,Carabao Cup,General Admission,61.36,2025-05-11 14:11:29,False
S002891,Arsenal vs Real Madrid,Champions League,Family Enclosure,45.15,2024-12-21 00:57:33,True
S004191,Arsenal vs Man City,Premier League,General Admission,61.46,2025-05-03 14:44:53,True
S001647,Arsenal vs Real Madrid,Champions League,General Admission,65.5,2025-06-24 04:22:52,True
S002927,Arsenal vs Real Madrid,Champions League,Club Level,125.66,2024-12-23 16:23:32,True
S000711,Arsenal vs Bayern Munich,Champions League,Hospitality,440.09,2025-07-29 00:11:05,True
S002527,Arsenal vs Bayern Munich,Champions League,Club Level,136.54,2025-04-11 09:38:28,True
S001401,Arsenal vs Fulham,Premier League,General Admission,62.85,2024-10-19 03:32:05,False
S003256,Arsenal vs Fulham,Premier League,Family Enclosure,52.33,2025-08-12 22:46:18,True
S004001,Arsenal vs Everton,Premier League,General Admission,52.63,2025-06-16 02:39:56,True
S003680,Arsenal vs Brighton,Premier League,Family Enclosure,56.76,2025-08-04 13:08:07,False
S000548,Arsenal vs Man United,Premier League,Away End,45.69,2025-06-27 18:38:13,True
S001919,Arsenal vs Tottenham,Premier League,Family Enclosure,45.47,2025-02-18 14:45:36,True
S000778,Arsenal vs Man City,Premier League,Hospitality,351.06,2025-06-15 04:00:07,True
S002513,Arsenal vs Man United,Premier League,Family Enclosure,56.11,2025-02-12 17:06:41,True
S002812,Arsenal vs Liverpool,Premier League,General Admission,58.11,2025-05-08 04:16:20,True
S000675,Arsenal vs Man United,Premier League,General Admission,52.08,2024-10-23 08:02:58,True
S004596,Arsenal vs Tottenham,Premier League,Club Level,122.28,2025-05-31 18:24:34,True
S003378,Arsenal vs Bayern Munich,Champions League,General Admission,56.19,2024-11-26 11:03:05,False
S004186,Arsenal vs Man United,Premier League,Hospitality,350.66,2024-10-21 08:50:41,True
S002684,Arsenal vs Sheffield Utd,Carabao Cup,General Admission,51.99,2025-09-01 03:18:02,True
S000349,Arsenal vs Man United,Premier League,General Admission,70.18,2024-11-11 19:05:27,True
S000329,Arsenal vs Liverpool,Premier League,General Admission,66.64,2025-03-20 15:34:43,True
S000179,Arsenal vs Man City,Premier League,Hospitality,405.28,2025-03-28 18:37:23,True
S000483,Arsenal vs Sheffield Utd,Carabao Cup,Away End,41.97,2025-01-31 19:50:12,True
S000545,Arsenal vs Fulham,Premier League,General Admission,68.82,2025-05-12 04:22:26,True
S000921,Arsenal vs Sheffield Utd,Carabao Cup,General Admission,66.19,2025-01-27 09:03:07,True
S003915,Arsenal vs Tottenham,Premier League,General Admission,70.46,2025-04-11 07:38:11,True
S000290,Arsenal vs Brighton,Premier League,Family Enclosure,45.9,2025-08-09 06:20:43,True
S004104,Arsenal vs Chelsea,Premier League,General Admission,68.95,2025-07-20 09:50:43,True
S001939,Arsenal vs Brighton,Premier League,Club Level,128.84,2024-11-19 19:13:03,True
S001849,Arsenal vs Real Madrid,Champions League,General Admission,66.59,2025-08-24 14:48:29,True
S002692,Arsenal vs Sheffield Utd,Carabao Cup,General Admission,70.75,2025-08-09 09:09:23,True
S000406,Arsenal vs Tottenham,Premier League,Club Level,151.04,2024-11-09 23:57:35,True
S004032,Arsenal vs Bayern Munich,Champions League,General Admission,50.37,2025-06-10 06:09:30,False
S001661,Arsenal vs Real Madrid,Champions League,General Admission,69.52,2024-12-08 15:24:41,True
S004789,Arsenal vs Man United,Premier League,Family Enclosure,55.32,2024-11-24 15:05:23,True
S001689,Arsenal vs Luton,Premier League,Club Level,151.32,2024-12-21 05:54:40,True
S002752,Arsenal vs Chelsea,Premier League,Club Level,153.59,2025-03-20 05:41:05,False
S001104,Arsenal vs Bayern Munich,Champions League,Family Enclosure,48.71,2025-08-19 14:24:57,True
S004666,Arsenal vs Man United,Premier League,Away End,44.31,2025-08-04 02:32:05,True
S002541,Arsenal vs Man City,Premier League,Family Enclosure,54.35,2025-02-16 19:36:43,True
S000041,Arsenal vs Fulham,Premier League,General Admission,68.62,2025-06-20 10:50:03,True
S003089,Arsenal vs Fulham,Premier League,Family Enclosure,44.83,2024-11-25 05:44:37,True
S004548,Arsenal vs Tottenham,Premier League,Hospitality,420.29,2024-10-15 01:45:07,False
S000687,Arsenal vs Everton,Premier League,General Admission,59.53,2025-07-31 03:59:03,False
S001639,Arsenal vs Real Madrid,Champions League,Club Level,121.76,2025-06-09 18:43:18,True
S002212,Arsenal vs Man United,Premier League,Hospitality,350.31,2025-07-24 12:34:07,True
S004170,Arsenal vs Sheffield Utd,Carabao Cup,Away End,47.58,2025-08-05 11:08:32,True
S003115,Arsenal vs Man United,Premier League,Family Enclosure,53.87,2025-02-06 18:00:39,True
S004407,Arsenal vs Fulham,Premier League,Away End,38.21,2024-11-04 13:44:09,True
S004641,Arsenal vs Bayern Munich,Champions League,General Admission,68.45,2025-09-19 16:08:46,True
S003983,Arsenal vs Everton,Premier League,Family Enclosure,53.62,2025-09-04 16:25:43,False
S001288,Arsenal vs Fulham,Premier League,General Admission,64.92,2025-05-18 00:47:08,True
S003525,Arsenal vs Fulham,Premier League,General Admission,49.84,2024-12-04 22:47:47,True
S000776,Arsenal vs Everton,Premier League,General Admission,50.52,2024-12-10 10:28:32,True
S002564,Arsenal vs Real Madrid,Champions League,Family Enclosure,56.43,2025-01-13 04:17:04,True
S001431,Arsenal vs Luton,Premier League,Club Level,136.25,2024-10-21 03:26:22,True
S000056,Arsenal vs Man United,Premier League,Family Enclosure,55.91,2025-03-31 20:50:15,True
S002811,Arsenal vs Chelsea,Premier League,Away End,37.88,2025-05-22 11:46:03,True
S003042,Arsenal vs Sheffield Utd,Carabao Cup,General Admission,50.1,2024-10-21 12:26:40,True
S000284,Arsenal vs Liverpool,Premier League,Family Enclosure,50.2,2024-10-10 06:12:36,True
S000313,Arsenal vs Fulham,Premier League,Hospitality,423.62,2025-01-09 04:27:59,True
S002052,Arsenal vs Luton,Premier League,General Admission,56.27,2025-06-16 03:21:38,True
S000036,Arsenal vs Tottenham,Premier League,Club Level,128.33,2025-06-14 08:45:27,False
S001584,Arsenal vs Brighton,Premier League,General Admission,54.21,2025-02-03 04:50:33,True
S000504,Arsenal vs Fulham,Premier League,Family Enclosure,47.78,2024-12-07 07:33:36,True
S004216,Arsenal vs Real Madrid,Champions League,General Admission,61.9,2025-01-27 00:14:54,False
S000560,Arsenal vs Fulham,Premier League,General Admission,57.14,2025-02-27 05:43:55,False
S004875,Arsenal vs Fulham,Premier League,Hospitality,452.98,2024-12-13 11:35:15,True
S004991,Arsenal vs Tottenham,Premier League,Away End,50.68,2025-09-16 06:26:41,True
S002752,Arsenal vs Man City,Premier League,Family Enclosure,55.51,2025-08-27 20:09:41,True
S004877,Arsenal vs Brighton,Premier League,General Admission,70.72,2024-11-18 11:24:50,True
S003713,Arsenal vs Brighton,Premier League,General Admission,50.94,2025-05-03 13:54:03,True
S001155,Arsenal vs Everton,Premier League,Away End,49.71,2025-07-26 05:41:26,True
S003298,Arsenal vs Tottenham,Premier League,Away End,48.89,2025-03-22 00:17:54,True
S003382,Arsenal vs Liverpool,Premier League,General Admission,70.48,2025-08-20 17:40:12,True
S001878,Arsenal vs Brighton,Premier League,General Admission,58.95,2025-02-20 04:44:30,False
S000479,Arsenal vs Sheffield Utd,Carabao Cup,General Admission,51.1,2025-09-04 04:59:07,True
S002114,Arsenal vs Man United,Premier League,General Admission,63.38,2024-12-18 21:17:53,True
S000065,Arsenal vs Sheffield Utd,Carabao Cup,Family Enclosure,42.23,2025-01-23 04:55:45,True
S001890,Arsenal vs Everton,Premier League,Club Level,143.35,2025-06-09 02:55:25,True
S002003,Arsenal vs Everton,Premier League,Hospitality,441.93,2024-10-12 03:34:48,True
S002195,Arsenal vs Man United,Premier League,General Admission,53.03,2024-11-06 10:15:34,True
S001715,Arsenal vs Real Madrid,Champions League,Hospitality,380.41,2025-01-15 00:08:16,True
S002021,Arsenal vs Brighton,Premier League,General Admission,49.96,2024-12-22 03:51:17,False
S004494,Arsenal vs Luton,Premier League,Hospitality,359.33,2025-02-10 21:34:42,True
S000821,Arsenal vs Liverpool,Premier League,General Admission,49.92,2025-05-19 06:52:41,False
S002026,Arsenal vs Sheffield Utd,Carabao Cup,Away End,39.28,2024-11-16 19:58:36,True
S003310,Arsenal vs Fulham,Premier League,General Admission,53.49,2025-02-13 11:41:43,True
S002329,Arsenal vs Sheffield Utd,Carabao Cup,Family Enclosure,42.29,2024-11-03 16:19:12,True
S000219,Arsenal vs Chelsea,Premier League,Away End,45.83,2025-02-03 12:32:04,True
S001032,Arsenal vs Brighton,Premier League,General Admission,63.36,2024-11-12 22:00:23,True
S000516,Arsenal vs Luton,Premier League,General Admission,57.22,2024-11-11 05:07:10,True
S004674,Arsenal vs Brighton,Premier League,General Admission,64.77,2024-09-23 12:21:45,True
S002394,Arsenal vs Man City,Premier League,Away End,46.59,2025-01-21 07:15:22,False
S003148,Arsenal vs Man City,Premier League,Family Enclosure,47.87,2025-02-15 03:32:40,True
S002830,Arsenal vs Sheffield Utd,Carabao Cup,General Admission,53.34,2025-06-06 23:46:53,True
S002610,Arsenal vs Everton,Premier League,General Admission,53.32,2025-05-23 11:39:20,True
S003680,Arsenal vs Sheffield Utd,Carabao Cup,Family Enclosure,49.26,2025-01-29 07:27:58,False
S000345,Arsenal vs Man City,Premier League,Club Level,122.44,2025-05-29 08:58:05,True
S001403,Arsenal vs Man City,Premier League,General Admission,63.03,2025-03-24 07:16:26,True
S000605,Arsenal vs Real Madrid,Champions League,Hospitality,453.86,2024-11-13 04:26:42,True
S001787,Arsenal vs Man United,Premier League,General Admission,51.95,2024-10-01 16:48:21,False
S004130,Arsenal vs Sheffield Utd,Carabao Cup,General Admission,64.47,2024-10-11 21:37:49,True
S003459,Arsenal vs Chelsea,Premier League,General Admission,58.19,2025-05-19 14:21:23,True
S001726,Arsenal vs Luton,Premier League,Family Enclosure,57.42,2025-07-06 16:59:59,True
S004998,Arsenal vs Everton,Premier League,Family Enclosure,55.65,2025-01-15 13:00:54,True
S004981,Arsenal vs Man United,Premier League,Club Level,118.92,2025-06-10 11:54:54,True
S002579,Arsenal vs Man City,Premier League,General Admission,64.25,2025-03-07 09:12:23,True
S002209,Arsenal vs Chelsea,Premier League,Family Enclosure,58.23,2025-03-23 13:42:49,True
S002217,Arsenal vs Fulham,Premier League,General Admission,63.21,2025-07-19 04:30:04,True
S003837,Arsenal vs Man United,Premier League,General Admission,61.31,2025-04-14 02:00:36,True
S004396,Arsenal vs Man United,Premier League,Away End,39.11,2024-12-25 08:34:44,True
S000726,Arsenal vs Tottenham,Premier League,General Admission,64.92,2024-12-30 20:59:53,True
S002622,Arsenal vs Tottenham,Premier League,Club Level,144.55,2025-02-06 12:10:40,True
S000259,Arsenal vs Brighton,Premier League,Club Level,139.5,2025-04-15 14:29:18,True
S004047,Arsenal vs Man United,Premier League,Away End,37.21,2025-09-19 08:14:03,True
S003962,Arsenal vs Man City,Premier League,Family Enclosure,51.35,2025-02-06 21:40:27,False
S002181,Arsenal vs Fulham,Premier League,Club Level,151.73,2025-04-08 12:49:14,True
S004378,Arsenal vs Fulham,Premier League,Hospitality,416.9,2024-10-30 04:37:10,False
S002122,Arsenal vs Bayern Munich,Champions League,General Admission,63.72,2024-12-19 08:38:20,True
S002793,Arsenal vs Chelsea,Premier League,Hospitality,447.13,2025-05-30 02:42:48,True
S003768,Arsenal vs Bayern Munich,Champions League,General Admission,63.78,2025-03-31 13:30:05,False
S000792,Arsenal vs Fulham,Premier League,Family Enclosure,51.56,2025-01-15 00:55:36,True
S004527,Arsenal vs Brighton,Premier League,General Admission,59.98,2024-12-13 12:56:05,True
S000613,Arsenal vs Fulham,Premier League,General Admission,64.28,2025-06-21 03:27:08,True
S003188,Arsenal vs Tottenham,Premier League,General Admission,59.96,2025-05-16 05:57:16,True
S001752,Arsenal vs Sheffield Utd,Carabao Cup,General Admission,59.99,2025-08-29 10:09:37,False
S001548,Arsenal vs Luton,Premier League,General Admission,71.18,2024-12-12 00:05:05,True
S001903,Arsenal vs Everton,Premier League,General Admission,52.07,2024-09-28 09:48:32,True
S002283,Arsenal vs Fulham,Premier League,General Admission,51.62,2024-12-31 14:34:15,True
S000425,Arsenal vs Luton,Premier League,Family Enclosure,53.86,2024-11-03 23:40:37,True
S000402,Arsenal vs Man City,Premier League,General Admission,58.24,2025-05-12 16:00:08,True
S004940,Arsenal vs Tottenham,Premier League,General Admission,53.03,2024-11-25 17:31:12,True
S000359,Arsenal vs Man United,Premier League,General Admission,54.65,2025-05-27 11:00:43,True
S001812,Arsenal vs Luton,Premier League,General Admission,60.07,2025-05-23 05:26:41,False
S002940,Arsenal vs Real Madrid,Champions League,General Admission,59.52,2025-03-27 15:40:10,True
S002224,Arsenal vs Tottenham,Premier League,General Admission,66.38,2025-03-02 01:19:37,True
S001401,Arsenal vs Tottenham,Premier League,Hospitality,329.17,2025-02-03 17:57:38,True
S002764,Arsenal vs Real Madrid,Champions League,General Admission,67.77,2025-01-07 17:14:36,True
S004753,Arsenal vs Fulham,Premier League,Family Enclosure,56.6,2024-12-29 16:08:41,True
S000231,Arsenal vs Fulham,Premier League,Hospitality,374.72,2024-12-27 20:22:40,True
S004788,Arsenal vs Everton,Premier League,General Admission,60.46,2025-04-17 01:34:37,False
S003691,Arsenal vs Bayern Munich,Champions League,Away End,45.93,2024-10-07 02:24:01,True
S000597,Arsenal vs Man City,Premier League,Club Level,117.49,2024-10-08 07:28:07,True
S000605,Arsenal vs Man City,Premier League,Family Enclosure,54.86,2025-07-18 04:11:12,True
S004631,Arsenal vs Fulham,Premier League,Hospitality,446.99,2024-10-20 04:21:44,True
S001125,Arsenal vs Luton,Premier League,Family Enclosure,53.14,2025-03-26 15:00:23,False
S001113,Arsenal vs Brighton,Premier League,Club Level,127.75,2024-10-25 00:25:54,True
S004497,Arsenal vs Real Madrid,Champions League,General Admission,62.49,2024-12-09 13:01:53,False
S000223,Arsenal vs Bayern Munich,Champions League,Club Level,142.38,2025-03-28 08:26:38,False
S001525,Arsenal vs Bayern Munich,Champions League,General Admission,68.78,2025-05-19 09:20:38,True
S002556,Arsenal vs Tottenham,Premier League,Club Level,145.54,2025-07-12 15:56:25,True
S003242,Arsenal vs Chelsea,Premier League,General Admission,58.17,2025-04-19 02:55:07,True
S003599,Arsenal vs Luton,Premier League,Family Enclosure,48.13,2025-08-29 23:46:59,False
S001554,Arsenal vs Man United,Premier League,Away End,36.42,2025-09-11 15:51:07,False
S003344,Arsenal vs Fulham,Premier League,General Admission,61.13,2025-06-29 10:05:47,True
S003525,Arsenal vs Man United,Premier League,General Admission,61.54,2025-04-30 15:05:39,True
S002221,Arsenal vs Man City,Premier League,Family Enclosure,43.42,2024-10-29 05:40:09,True
S002225,Arsenal vs Luton,Premier League,General Admission,62.77,2024-12-29 20:30:12,True
S001251,Arsenal vs Everton,Premier League,General Admission,54.28,2025-07-11 04:47:13,True
S003899,Arsenal vs Chelsea,Premier League,General Admission,64.46,2025-06-16 17:10:44,True
S001971,Arsenal vs Bayern Munich,Champions League,General Admission,62.77,2024-10-20 08:42:05,True
S002621,Arsenal vs Brighton,Premier League,Club Level,148.34,2024-12-19 04:11:06,True
S003977,Arsenal vs Man City,Premier League,Club Level,133.25,2025-04-23 18:26:33,False
S002810,Arsenal vs Bayern Munich,Champions League,Family Enclosure,56.43,2025-08-20 09:41:14,True
S004333,Arsenal vs Chelsea,Premier League,Club Level,123.33,2024-09-30 12:09:35,True
S001306,Arsenal vs Bayern Munich,Champions League,Club Level,120.75,2024-10-11 06:20:03,False
S000147,Arsenal vs Liverpool,Premier League,General Admission,65.73,2025-04-29 04:53:22,True
S000785,Arsenal vs Chelsea,Premier League,General Admission,51.6,2024-12-31 20:51:02,True
S004976,Arsenal vs Brighton,Premier League,General Admission,61.16,2025-04-14 19:20:04,True
S002949,Arsenal vs Bayern Munich,Champions League,Hospitality,337.16,2025-04-29 03:40:59,False
S004476,Arsenal vs Real Madrid,Champions League,General Admission,62.98,2025-05-24 22:45:17,True
S003606,Arsenal vs Sheffield Utd,Carabao Cup,General Admission,69.3,2025-07-23 21:43:17,False
S004885,Arsenal vs Man United,Premier League,Club Level,124.42,2025-06-17 16:27:21,True
S003401,Arsenal vs Real Madrid,Champions League,General Admission,51.59,2024-12-07 00:05:35,False
S002433,Arsenal vs Bayern Munich,Champions League,Club Level,126.73,2024-11-02 23:00:14,True
S000458,Arsenal vs Chelsea,Premier League,General Admission,53.86,2025-06-14 11:02:28,True
S001704,Arsenal vs Man City,Premier League,General Admission,66.4,2024-10-26 19:52:17,True
S004389,Arsenal vs Tottenham,Premier League,General Admission,70.72,2025-09-19 02:55:10,True
S000940,Arsenal vs Tottenham,Premier League,General Admission,64.17,2025-06-12 23:46:16,False
S000877,Arsenal vs Bayern Munich,Champions League,General Admission,50.44,2025-07-28 21:27:28,True
S001330,Arsenal vs Everton,Premier League,Away End,45.78,2025-01-19 08:22:32,True
S002849,Arsenal vs Real Madrid,Champions League,General Admission,58.71,2024-12-16 05:00:21,False
S004198,Arsenal vs Man City,Premier League,General Admission,63.14,2025-03-21 21:00:23,True
S004879,Arsenal vs Tottenham,Premier League,Family Enclosure,56.11,2025-01-16 00:19:23,True
S001714,Arsenal vs Fulham,Premier League,General Admission,54.84,2025-07-23 02:45:58,True
S000711,Arsenal vs Brighton,Premier League,General Admission,64.84,2025-01-17 07:50:15,False
S001005,Arsenal vs Everton,Premier League,General Admission,57.28,2025-04-05 05:38:47,True
S002361,Arsenal vs Tottenham,Premier League,Away End,44.07,2025-08-15 10:01:29,True
S003653,Arsenal vs Sheffield Utd,Carabao Cup,Away End,42.35,2025-03-27 16:11:51,False
S004806,Arsenal vs Bayern Munich,Champions League,Away End,49.47,2025-06-21 16:52:07,True
S001681,Arsenal vs Luton,Premier League,Hospitality,335.68,2025-07-23 20:03:28,True
S000959,Arsenal vs Fulham,Premier League,Club Level,144.86,2025-07-01 04:27:45,False
S001119,Arsenal vs Real Madrid,Champions League,Club Level,146.02,2024-09-21 02:58:11,True
S002767,Arsenal vs Tottenham,Premier League,General Admission,70.52,2024-11-21 06:54:58,True
S002739,Arsenal vs Chelsea,Premier League,General Admission,66.52,2025-06-16 17:48:35,True
S002516,Arsenal vs Tottenham,Premier League,Club Level,150.62,2025-05-02 23:43:01,True
S004465,Arsenal vs Bayern Munich,Champions League,General Admission,65.98,2025-04-03 23:32:59,False
S003555,Arsenal vs Man United,Premier League,Hospitality,383.53,2024-10-22 18:10:20,True
S002834,Arsenal vs Fulham,Premier League,General Admission,56.22,2025-02-18 23:08:57,True
S003568,Arsenal vs Sheffield Utd,Carabao Cup,General Admission,53.9,2025-08-26 08:17:43,False
S003122,Arsenal vs Chelsea,Premier League,Hospitality,401.09,2025-04-26 15:07:05,False
S000984,Arsenal vs Brighton,Premier League,General Admission,54.18,2025-05-24 09:29:08,True
S003456,Arsenal vs Everton,Premier League,Hospitality,352.5,2025-03-10 20:15:20,True
S001710,Arsenal vs Chelsea,Premier League,General Admission,70.75,2025-05-04 22:48:56,True
S004211,Arsenal vs Man City,Premier League,Club Level,129.6,2025-07-01 01:20:16,True
S002439,Arsenal vs Liverpool,Premier League,General Admission,51.6,2025-02-26 04:01:23,True
S001191,Arsenal vs Luton,Premier League,Hospitality,399.77,2025-06-04 08:07:49,True
S003519,Arsenal vs Real Madrid,Champions League,Club Level,142.48,2024-12-31 17:10:17,False
S001377,Arsenal vs Sheffield Utd,Carabao Cup,Hospitality,394.07,2025-09-19 05:02:16,False
S004457,Arsenal vs Real Madrid,Champions League,Family Enclosure,49.28,2025-08-01 07:04:07,True
S000816,Arsenal vs Real Madrid,Champions League,General Admission,70.88,2024-11-16 10:52:25,True
S000150,Arsenal vs Luton,Premier League,Hospitality,372.86,2025-06-13 20:14:58,False
S001448,Arsenal vs Luton,Premier League,Family Enclosure,50.41,2025-03-05 07:54:24,True
S001978,Arsenal vs Liverpool,Premier League,Family Enclosure,46.29,2025-01-09 06:16:42,True
S002887,Arsenal vs Man City,Premier League,Club Level,152.29,2024-11-19 18:49:23,True
S004791,Arsenal vs Chelsea,Premier League,General Admission,52.32,2024-11-29 23:59:17,True
S000765,Arsenal vs Sheffield Utd,Carabao Cup,General Admission,54.16,2024-10-18 01:56:40,True
S004929,Arsenal vs Fulham,Premier League,Club Level,134.41,2024-12-11 06:29:39,True
S000971,Arsenal vs Brighton,Premier League,Family Enclosure,47.79,2025-06-15 13:01:35,True
S003140,Arsenal vs Luton,Premier League,Club Level,120.51,2025-02-03 17:17:14,True
S003691,Arsenal vs Man United,Premier League,General Admission,67.73,2025-05-12 11:27:17,True
S004535,Arsenal vs Chelsea,Premier League,General Admission,61.85,2025-08-04 02:10:23,False
S001988,Arsenal vs Real Madrid,Champions League,General Admission,64.9,2025-06-28 00:29:51,False
S003988,Arsenal vs Chelsea,Premier League,Away End,49.89,2025-05-31 19:01:24,True
S003732,Arsenal vs Liverpool,Premier League,Family Enclosure,46.53,2025-06-17 12:29:56,True
S004093,Arsenal vs Man United,Premier League,General Admission,61.46,2024-10-04 03:00:09,True
S002636,Arsenal vs Everton,Premier League,General Admission,50.29,2024-10-18 03:52:02,False
S002218,Arsenal vs Luton,Premier League,Club Level,109.96,2025-01-27 10:47:42,True
S004413,Arsenal vs Everton,Premier League,General Admission,68.74,2024-12-01 07:50:58,True
S001997,Arsenal vs Tottenham,Premier League,Away End,51.38,2025-07-30 21:44:30,True
S004755,Arsenal vs Brighton,Premier League,Away End,47.43,2025-03-30 04:17:14,True
S001899,Arsenal vs Sheffield Utd,Carabao Cup,Family Enclosure,52.1,2025-06-04 12:51:01,True
S004426,Arsenal vs Everton,Premier League,Hospitality,341.85,2025-09-19 01:38:36,True
S000215,Arsenal vs Brighton,Premier League,General Admission,55.33,2024-11-30 18:16:28,True
S001341,Arsenal vs Bayern Munich,Champions League,General Admission,59.75,2024-10-13 10:05:50,True
S003039,Arsenal vs Luton,Premier League,General Admission,70.13,2025-04-25 12:12:57,False
S001435,Arsenal vs Everton,Premier League,Club Level,151.85,2025-07-05 13:56:43,True
S003192,Arsenal vs Real Madrid,Champions League,General Admission,57.56,2025-04-16 11:55:39,True
S001038,Arsenal vs Real Madrid,Champions League,Away End,48.81,2025-09-03 07:35:34,True
S004424,Arsenal vs Tottenham,Premier League,General Admission,67.2,2025-06-18 17:57:37,True
S004838,Arsenal vs Liverpool,Premier League,Family Enclosure,52.98,2025-07-05 20:30:04,True
S003465,Arsenal vs Bayern Munich,Champions League,Family Enclosure,57.26,2025-02-03 00:22:30,True
S001061,Arsenal vs Fulham,Premier League,General Admission,62.61,2024-12-20 21:23:42,True
S004434,Arsenal vs Man City,Premier League,Club Level,131.65,2025-01-04 11:03:23,False
S003124,Arsenal vs Chelsea,Premier League,General Admission,69.3,2025-08-01 10:06:50,False
S003827,Arsenal vs Luton,Premier League,General Admission,58.99,2025-03-26 12:37:24,True
S002916,Arsenal vs Liverpool,Premier League,General Admission,68.72,2025-06-26 05:41:46,True
S004665,Arsenal vs Chelsea,Premier League,Family Enclosure,42.98,2025-07-12 15:45:14,True
S004220,Arsenal vs Man United,Premier League,General Admission,49.98,2025-05-16 09:15:02,True
S004586,Arsenal vs Brighton,Premier League,General Admission,59.09,2024-11-26 22:20:22,True
S003204,Arsenal vs Man City,Premier League,General Admission,60.73,2025-02-05 07:34:58,True
S001481,Arsenal vs Chelsea,Premier League,Family Enclosure,49.95,2024-11-21 13:27:28,True
S004915,Arsenal vs Chelsea,Premier League,General Admission,60.6,2024-11-10 00:44:13,True
S004655,Arsenal vs Fulham,Premier League,Club Level,126.8,2025-04-20 09:40:00,True
S002672,Arsenal vs Luton,Premier League,General Admission,61.68,2025-01-21 01:21:29,True
S001534,Arsenal vs Fulham,Premier League,General Admission,59.35,2025-01-22 22:35:45,False
S003434,Arsenal vs Chelsea,Premier League,Club Level,124.0,2024-10-25 18:48:41,True
S000001,Arsenal vs Real Madrid,Champions League,Away End,51.95,2025-01-18 17:15:37,True
S003738,Arsenal vs Man City,Premier League,Family Enclosure,58.08,2025-03-06 19:04:13,True
S004843,Arsenal vs Luton,Premier League,Club Level,124.92,2025-05-31 21:43:22,False
S000321,Arsenal vs Everton,Premier League,General Admission,68.45,2025-06-28 13:20:39,True
S003557,Arsenal vs Real Madrid,Champions League,Family Enclosure,44.76,2025-07-23 09:15:09,True
S001156,Arsenal vs Bayern Munich,Champions League,General Admission,69.5,2025-03-07 21:51:07,True
S002193,Arsenal vs Luton,Premier League,Away End,38.69,2024-10-17 22:29:35,True
S002013,Arsenal vs Everton,Premier League,Club Level,155.45,2025-08-17 08:00:30,True
S001762,Arsenal vs Man United,Premier League,General Admission,56.58,2025-08-03 19:37:47,True
S001370,Arsenal vs Luton,Premier League,Club Level,123.99,2025-05-11 13:52:36,True
S000844,Arsenal vs Tottenham,Premier League,Club Level,133.52,2025-05-30 09:26:37,False
S003071,Arsenal vs Tottenham,Premier League,General Admission,53.36,2025-08-05 11:43:38,True
S004854,Arsenal vs Brighton,Premier League,General Admission,66.44,2024-10-01 07:25:08,True
S001944,Arsenal vs Chelsea,Premier League,General Admission,71.37,2025-01-16 15:23:56,True
S004070,Arsenal vs Brighton,Premier League,Hospitality,388.91,2025-04-30 04:17:20,False
S003819,Arsenal vs Everton,Premier League,Hospitality,444.65,2024-10-18 21:55:07,True
S004630,Arsenal vs Man City,Premier League,Hospitality,348.66,2025-07-09 07:04:42,True
S000740,Arsenal vs Man United,Premier League,General Admission,67.73,2025-06-13 17:17:11,False
S004046,Arsenal vs Luton,Premier League,Away End,37.83,2025-09-02 11:35:12,False
S001026,Arsenal vs Man United,Premier League,General Admission,66.4,2024-09-30 18:18:37,True
S001583,Arsenal vs Bayern Munich,Champions League,Away End,41.37,2024-10-15 22:40:06,True
S000310,Arsenal vs Chelsea,Premier League,Hospitality,377.21,2024-10-03 18:41:08,True
S004228,Arsenal vs Fulham,Premier League,Family Enclosure,41.7,2025-05-10 16:41:54,True
S001367,Arsenal vs Everton,Premier League,General Admission,58.91,2025-03-22 13:27:17,True
S000032,Arsenal vs Man City,Premier League,Away End,50.95,2024-10-11 12:56:18,True
S004466,Arsenal vs Sheffield Utd,Carabao Cup,General Admission,51.66,2024-09-24 12:44:36,True
S002633,Arsenal vs Man City,Premier League,Club Level,123.53,2024-10-03 12:58:29,True
S000887,Arsenal vs Man United,Premier League,Club Level,114.83,2025-01-20 05:06:54,True
S003326,Arsenal vs Luton,Premier League,Club Level,114.71,2025-01-26 09:54:50,True
S002757,Arsenal vs Sheffield Utd,Carabao Cup,General Admission,64.2,2025-02-05 07:14:52,True
S001445,Arsenal vs Bayern Munich,Champions League,Away End,36.35,2025-07-23 10:45:30,True
S003087,Arsenal vs Luton,Premier League,General Admission,60.47,2025-02-21 19:21:10,False
S001161,Arsenal vs Tottenham,Premier League,General Admission,58.34,2025-07-17 22:00:01,True
S001983,Arsenal vs Sheffield Utd,Carabao Cup,Club Level,109.46,2024-12-15 23:06:04,True
S000666,Arsenal vs Sheffield Utd,Carabao Cup,General Admission,61.82,2025-08-02 15:40:10,True
S004347,Arsenal vs Man United,Premier League,General Admission,65.76,2025-02-02 06:33:42,True
S002816,Arsenal vs Chelsea,Premier League,Away End,42.67,2024-11-25 12:33:58,True
S002300,Arsenal vs Bayern Munich,Champions League,Family Enclosure,49.22,2025-07-30 11:48:21,True
S004928,Arsenal vs Man United,Premier League,General Admission,52.59,2025-03-10 11:39:34,True
S002723,Arsenal vs Chelsea,Premier League,Away End,50.32,2024-09-28 20:14:13,True
S002953,Arsenal vs Everton,Premier League,Family Enclosure,53.23,2025-02-27 11:50:16,False
S003257,Arsenal vs Fulham,Premier League,Away End,41.23,2025-08-18 13:52:42,True
S004156,Arsenal vs Tottenham,Premier League,Club Level,110.28,2024-09-29 13:46:55,False
S004766,Arsenal vs Real Madrid,Champions League,General Admission,67.99,2025-09-05 14:12:52,True
S001748,Arsenal vs Everton,Premier League,Club Level,127.15,2025-04-13 20:59:42,True
S002984,Arsenal vs Sheffield Utd,Carabao Cup,Hospitality,412.6,2024-11-11 20:30:31,True
S000198,Arsenal vs Tottenham,Premier League,Hospitality,449.63,2025-09-17 23:40:53,True
S001573,Arsenal vs Man City,Premier League,General Admission,64.83,2025-08-21 19:15:59,True
S004896,Arsenal vs Everton,Premier League,General Admission,67.38,2025-04-11 21:44:30,True
S001198,Arsenal vs Tottenham,Premier League,Hospitality,330.65,2025-08-15 19:33:54,True
S002163,Arsenal vs Sheffield Utd,Carabao Cup,General Admission,68.24,2025-04-23 19:45:32,False
S003066,Arsenal vs Bayern Munich,Champions League,Club Level,148.81,2025-02-10 20:21:15,True
S003010,Arsenal vs Everton,Premier League,General Admission,69.99,2025-02-11 11:55:53,True
S001186,Arsenal vs Man United,Premier League,General Admission,54.75,2025-08-18 19:01:43,True
S003436,Arsenal vs Brighton,Premier League,Away End,36.76,2025-04-04 08:55:20,True
S001693,Arsenal vs Man City,Premier League,General Admission,70.27,2024-11-07 18:47:32,False
S003117,Arsenal vs Real Madrid,Champions League,General Admission,62.49,2025-03-14 22:17:00,True
S002864,Arsenal vs Brighton,Premier League,Away End,47.19,2025-05-18 07:50:36,True
S000410,Arsenal vs Tottenham,Premier League,General Admission,62.54,2025-07-08 16:07:56,True
S002769,Arsenal vs Everton,Premier League,Family Enclosure,58.41,2025-07-02 18:33:47,True
S002761,Arsenal vs Luton,Premier League,Family Enclosure,58.44,2025-03-09 22:42:51,True
S000785,Arsenal vs Bayern Munich,Champions League,Hospitality,430.31,2024-11-25 19:39:11,True
S003451,Arsenal vs Liverpool,Premier League,General Admission,58.37,2024-12-27 19:43:39,True
S000312,Arsenal vs Man City,Premier League,Club Level,122.11,2024-10-01 17:43:07,True
S001141,Arsenal vs Everton,Premier League,Family Enclosure,54.95,2024-11-09 21:27:17,True
S001719,Arsenal vs Bayern Munich,Champions League,Hospitality,408.48,2025-04-27 20:18:18,False
S003735,Arsenal vs Chelsea,Premier League,Club Level,120.48,2025-02-05 04:27:39,False
S002338,Arsenal vs Brighton,Premier League,General Admission,60.28,2025-08-31 04:49:35,False
S001914,Arsenal vs Everton,Premier League,Family Enclosure,45.28,2025-06-21 23:22:13,True
S000411,Arsenal vs Real Madrid,Champions League,Hospitality,449.44,2025-05-19 16:01:52,True
S004975,Arsenal vs Liverpool,Premier League,Club Level,145.07,2024-11-28 07:06:06,False
S000525,Arsenal vs Brighton,Premier League,Hospitality,429.63,2025-03-08 13:52:24,False
S002213,Arsenal vs Brighton,Premier League,General Admission,69.11,2025-06-09 11:56:24,True
S004606,Arsenal vs Chelsea,Premier League,Hospitality,345.86,2025-08-15 02:14:22,True
S001766,Arsenal vs Man City,Premier League,General Admission,49.79,2024-12-27 08:09:43,True
S001375,Arsenal vs Everton,Premier League,Away End,47.91,2025-02-25 08:05:59,True
S004054,Arsenal vs Luton,Premier League,Away End,36.84,2024-12-11 06:40:59,True
S003126,Arsenal vs Everton,Premier League,Club Level,110.43,2025-01-10 13:30:47,True
S002167,Arsenal vs Fulham,Premier League,Club Level,143.06,2024-11-19 06:37:35,True
S000264,Arsenal vs Fulham,Premier League,General Admission,56.12,2025-09-18 14:32:50,True
S002941,Arsenal vs Man City,Premier League,Away End,51.35,2024-11-13 04:18:45,True
S001997,Arsenal vs Real Madrid,Champions League,General Admission,56.15,2025-06-17 21:05:25,True
S004255,Arsenal vs Bayern Munich,Champions League,General Admission,57.43,2025-06-16 13:16:44,True
S003898,Arsenal vs Luton,Premier League,Family Enclosure,46.92,2025-07-03 23:32:10,True
S004477,Arsenal vs Everton,Premier League,Family Enclosure,46.28,2024-11-01 22:30:56,True
S002585,Arsenal vs Chelsea,Premier League,Family Enclosure,44.19,2025-01-09 03:34:54,False
S001249,Arsenal vs Bayern Munich,Champions League,Family Enclosure,42.11,2024-09-29 02:54:15,True
S004491,Arsenal vs Liverpool,Premier League,Away End,44.58,2025-07-05 16:52:54,True
S001135,Arsenal vs Real Madrid,Champions League,Club Level,118.78,2024-12-31 08:17:43,True
S004562,Arsenal vs Tottenham,Premier League,Family Enclosure,44.88,2025-07-08 01:14:24,True
S004615,Arsenal vs Luton,Premier League,General Admission,62.48,2024-10-11 00:32:57,True
S002133,Arsenal vs Man United,Premier League,General Admission,50.74,2025-06-19 06:58:45,False
S004431,Arsenal vs Real Madrid,Champions League,General Admission,61.22,2025-07-08 03:08:20,True
S000406,Arsenal vs Tottenham,Premier League,Family Enclosure,49.45,2025-08-11 20:41:02,False
S003607,Arsenal vs Real Madrid,Champions League,General Admission,50.3,2024-11-16 09:50:56,True
S002726,Arsenal vs Fulham,Premier League,General Admission,71.05,2025-09-16 15:53:31,True
S000014,Arsenal vs Everton,Premier League,Club Level,149.18,2025-08-05 21:24:35,True
S001326,Arsenal vs Luton,Premier League,General Admission,50.52,2024-12-12 01:43:01,True
S003621,Arsenal vs Sheffield Utd,Carabao Cup,Club Level,120.0,2025-06-22 21:03:31,True
S000965,Arsenal vs Everton,Premier League,Club Level,122.38,2025-08-19 10:06:07,True
S002431,Arsenal vs Luton,Premier League,Hospitality,363.19,2025-06-26 03:03:16,False
S003549,Arsenal vs Man United,Premier League,General Admission,66.59,2025-01-29 01:31:10,True
S004511,Arsenal vs Real Madrid,Champions League,General Admission,57.37,2025-03-30 09:57:46,False
S004405,Arsenal vs Sheffield Utd,Carabao Cup,General Admission,53.53,2025-09-01 18:46:58,True
S004294,Arsenal vs Man United,Premier League,Club Level,139.12,2024-12-11 02:35:58,False
S000196,Arsenal vs Luton,Premier League,Club Level,123.14,2025-02-26 05:01:14,True
S000291,Arsenal vs Luton,Premier League,Hospitality,428.41,2025-06-13 15:33:37,True
S001417,Arsenal vs Fulham,Premier League,Club Level,117.05,2024-11-10 02:58:41,True
S002165,Arsenal vs Sheffield Utd,Carabao Cup,General Admission,69.73,2025-08-17 11:44:01,True
S003248,Arsenal vs Chelsea,Premier League,General Admission,53.65,2024-10-23 14:15:26,True
S002867,Arsenal vs Luton,Premier League,General Admission,57.42,2025-02-28 05:10:34,True
S002259,Arsenal vs Luton,Premier League,Club Level,150.62,2025-05-04 13:54:58,True
S002980,Arsenal vs Liverpool,Premier League,General Admission,57.34,2024-10-03 10:38:37,True
S003204,Arsenal vs Man United,Premier League,Family Enclosure,48.27,2025-08-04 11:38:31,True
S000915,Arsenal vs Chelsea,Premier League,Club Level,126.73,2025-02-12 11:36:33,True
S001074,Arsenal vs Bayern Munich,Champions League,General Admission,69.95,2024-11-04 22:28:09,True
S002503,Arsenal vs Man City,Premier League,Club Level,148.7,2025-04-20 07:02:48,True
S001593,Arsenal vs Luton,Premier League,General Admission,56.45,2024-10-15 13:57:52,True
S002731,Arsenal vs Sheffield Utd,Carabao Cup,General Admission,60.65,2024-10-24 11:48:26,True
S003634,Arsenal vs Sheffield Utd,Carabao Cup,General Admission,58.23,2024-09-24 18:32:27,False
S002916,Arsenal vs Man United,Premier League,General Admission,60.06,2025-08-08 23:31:37,True
S002681,Arsenal vs Sheffield Utd,Carabao Cup,Away End,37.71,2025-06-29 04:22:59,False
S000839,Arsenal vs Brighton,Premier League,General Admission,50.13,2025-05-02 02:59:24,True
S002723,Arsenal vs Bayern Munich,Champions League,General Admission,58.17,2025-04-03 08:19:17,True
S000319,Arsenal vs Man United,Premier League,General Admission,56.83,2025-05-19 02:23:10,True
S001480,Arsenal vs Luton,Premier League,Club Level,125.49,2025-07-26 16:04:00,True
S004490,Arsenal vs Fulham,Premier League,Club Level,122.77,2024-12-05 06:43:16,True
S000010,Arsenal vs Chelsea,Premier League,Club Level,143.44,2025-02-17 06:01:17,True
S003341,Arsenal vs Man United,Premier League,Hospitality,428.87,2025-04-05 04:57:57,True
S002563,Arsenal vs Man United,Premier League,General Admission,55.43,2025-07-10 20:00:07,True
S001516,Arsenal vs Fulham,Premier League,Family Enclosure,48.34,2025-08-16 23:54:39,True
S001195,Arsenal vs Luton,Premier League,Club Level,149.78,2025-01-13 11:29:17,False
S001741,Arsenal vs Real Madrid,Champions League,Club Level,151.02,2025-04-08 18:07:58,True
S003191,Arsenal vs Fulham,Premier League,Club Level,155.49,2025-09-09 18:34:58,False
S003804,Arsenal vs Man United,Premier League,General Admission,53.37,2024-11-18 07:56:37,True
S002978,Arsenal vs Brighton,Premier League,Club Level,116.55,2025-02-24 05:33:48,True
S003292,Arsenal vs Luton,Premier League,General Admission,62.39,2025-07-30 21:13:27,True
S001080,Arsenal vs Tottenham,Premier League,General Admission,65.39,2025-01-12 12:07:13,False
S000089,Arsenal vs Brighton,Premier League,Club Level,127.05,2025-04-12 06:42:00,False
S000697,Arsenal vs Man United,Premier League,General Admission,66.24,2025-02-08 08:04:09,False
S003200,Arsenal vs Man City,Premier League,General Admission,56.45,2025-02-22 05:56:53,False
S001788,Arsenal vs Brighton,Premier League,General Admission,56.3,2024-11-12 12:50:31,True
S003721,Arsenal vs Fulham,Premier League,General Admission,56.43,2025-02-22 16:19:08,True
S002781,Arsenal vs Luton,Premier League,Club Level,110.3,2025-02-16 06:57:40,True
S004033,Arsenal vs Bayern Munich,Champions League,Family Enclosure,49.33,2025-04-16 10:05:01,True
S000639,Arsenal vs Real Madrid,Champions League,General Admission,63.6,2024-09-28 15:56:37,False
S002534,Arsenal vs Liverpool,Premier League,General Admission,62.25,2025-03-29 03:00:23,True
S003553,Arsenal vs Man City,Premier League,Hospitality,359.95,2024-12-27 10:21:14,True
S001731,Arsenal vs Liverpool,Premier League,General Admission,58.75,2024-11-20 10:47:34,True
S003540,Arsenal vs Everton,Premier League,Family Enclosure,47.92,2025-07-07 12:21:25,False
S004387,Arsenal vs Luton,Premier League,Club Level,109.76,2024-11-14 19:27:13,True
S000066,Arsenal vs Man City,Premier League,General Admission,60.1,2025-07-18 05:07:08,True
S004999,Arsenal vs Real Madrid,Champions League,Club Level,117.66,2024-09-26 17:13:32,False
S002764,Arsenal vs Luton,Premier League,Club Level,131.05,2025-08-15 18:27:53,True
S004934,Arsenal vs Real Madrid,Champions League,Club Level,137.32,2025-01-26 02:54:50,True
S002100,Arsenal vs Man United,Premier League,General Admission,53.35,2024-10-12 13:36:56,False
S001261,Arsenal vs Man City,Premier League,Hospitality,325.26,2025-03-07 09:46:21,True
S000061,Arsenal vs Fulham,Premier League,General Admission,56.24,2025-08-16 20:30:17,True
S001814,Arsenal vs Liverpool,Premier League,Club Level,122.14,2025-06-25 08:04:31,True
S000862,Arsenal vs Man City,Premier League,Club Level,129.85,2025-02-03 16:07:29,True
S002487,Arsenal vs Man United,Premier League,General Admission,63.59,2024-11-21 09:48:00,False
S001414,Arsenal vs Real Madrid,Champions League,Away End,42.81,2025-03-10 14:57:20,True
S002903,Arsenal vs Man City,Premier League,General Admission,53.79,2024-12-05 17:02:09,True
S000100,Arsenal vs Luton,Premier League,Family Enclosure,43.37,2025-04-29 00:18:09,True
S002548,Arsenal vs Brighton,Premier League,Away End,36.8,2025-04-02 22:15:16,True
S004512,Arsenal vs Bayern Munich,Champions League,General Admission,67.97,2025-01-17 21:14:58,True
S003364,Arsenal vs Brighton,Premier League,General Admission,51.8,2024-11-13 13:37:35,True
S004714,Arsenal vs Real Madrid,Champions League,General Admission,58.77,2024-12-21 00:40:11,True
S002503,Arsenal vs Liverpool,Premier League,Away End,45.11,2025-01-22 18:45:17,True
S003885,Arsenal vs Tottenham,Premier League,General Admission,63.78,2025-08-06 15:38:27,False
S003363,Arsenal vs Brighton,Premier League,General Admission,69.56,2025-06-30 00:04:01,False
S000304,Arsenal vs Chelsea,Premier League,General Admission,67.27,2025-09-14 02:00:04,True
S001996,Arsenal vs Luton,Premier League,General Admission,56.22,2025-05-16 20:10:31,False
S004067,Arsenal vs Man City,Premier League,General Admission,51.84,2025-06-30 08:18:21,False
S003534,Arsenal vs Tottenham,Premier League,General Admission,66.85,2025-03-12 15:55:16,True
S002848,Arsenal vs Liverpool,Premier League,General Admission,63.94,2025-08-19 03:56:07,False
S003194,Arsenal vs Everton,Premier League,General Admission,58.56,2025-05-03 08:21:59,True
S002236,Arsenal vs Bayern Munich,Champions League,General Admission,50.08,2024-12-29 02:25:09,True
S003393,Arsenal vs Real Madrid,Champions League,Hospitality,342.79,2025-02-13 01:11:24,False
S004178,Arsenal vs Chelsea,Premier League,General Admission,71.45,2025-05-10 00:10:49,True
S003746,Arsenal vs Fulham,Premier League,Club Level,122.41,2025-03-20 16:45:17,True
S003166,Arsenal vs Chelsea,Premier League,Family Enclosure,52.96,2025-09-01 23:03:32,True
S002410,Arsenal vs Man City,Premier League,Club Level,146.58,2025-06-25 11:06:21,True
S003129,Arsenal vs Chelsea,Premier League,General Admission,54.32,2025-09-16 16:47:47,True
S001898,Arsenal vs Tottenham,Premier League,General Admission,66.27,2025-04-19 04:11:35,False
S003808,Arsenal vs Fulham,Premier League,Family Enclosure,50.82,2025-03-04 02:52:20,True
S004055,Arsenal vs Fulham,Premier League,Club Level,114.82,2024-11-03 14:54:20,True
S004865,Arsenal vs Fulham,Premier League,Family Enclosure,49.83,2025-05-27 23:06:43,True
S002810,Arsenal vs Brighton,Premier League,General Admission,65.21,2024-11-01 03:09:33,False
S001054,Arsenal vs Liverpool,Premier League,General Admission,69.45,2024-12-30 16:58:55,True
S003055,Arsenal vs Man United,Premier League,General Admission,53.3,2025-04-20 15:29:34,False
S002356,Arsenal vs Man City,Premier League,Club Level,138.59,2025-06-14 03:58:16,False
S002218,Arsenal vs Liverpool,Premier League,General Admission,67.99,2024-10-12 18:11:25,True
S002623,Arsenal vs Brighton,Premier League,General Admission,49.55,2025-02-24 04:48:47,False
S004309,Arsenal vs Luton,Premier League,General Admission,53.56,2025-02-22 09:14:06,True
S000080,Arsenal vs Fulham,Premier League,General Admission,64.65,2025-03-29 22:48:43,True
S000586,Arsenal vs Luton,Premier League,General Admission,68.65,2025-01-02 01:55:05,True
S000578,Arsenal vs Man City,Premier League,General Admission,59.26,2025-02-13 17:38:07,True
S002718,Arsenal vs Brighton,Premier League,General Admission,50.87,2025-09-09 18:53:35,True
S002641,Arsenal vs Man United,Premier League,Club Level,118.17,2025-02-20 00:41:05,True
S003106,Arsenal vs Liverpool,Premier League,Hospitality,321.06,2024-12-07 04:24:51,False
S001091,Arsenal vs Everton,Premier League,Club Level,141.52,2025-02-09 11:41:55,True
S004465,Arsenal vs Liverpool,Premier League,Club Level,113.34,2024-10-24 07:27:03,True
S003266,Arsenal vs Man City,Premier League,Away End,48.1,2025-08-14 08:26:17,True
S003554,Arsenal vs Brighton,Premier League,Club Level,155.49,2024-12-17 18:25:42,True
S003736,Arsenal vs Chelsea,Premier League,General Admission,49.68,2024-12-09 22:03:19,False
S004066,Arsenal vs Man United,Premier League,Club Level,128.6,2025-07-23 21:32:05,True
S003964,Arsenal vs Fulham,Premier League,Hospitality,433.0,2024-12-27 21:10:36,True
S000953,Arsenal vs Sheffield Utd,Carabao Cup,General Admission,57.77,2025-03-10 11:36:15,True
S002152,Arsenal vs Real Madrid,Champions League,General Admission,62.15,2025-08-12 13:59:10,True
S000869,Arsenal vs Everton,Premier League,Hospitality,325.33,2025-02-07 17:29:35,True
S002108,Arsenal vs Everton,Premier League,General Admission,58.51,2024-11-08 07:47:00,True
S000685,Arsenal vs Bayern Munich,Champions League,Club Level,113.63,2024-10-12 20:07:51,True
S004179,Arsenal vs Fulham,Premier League,General Admission,50.92,2024-11-04 21:14:15,True
S001806,Arsenal vs Man City,Premier League,Hospitality,383.48,2024-10-01 09:37:40,False
S004131,Arsenal vs Fulham,Premier League,General Admission,51.38,2025-05-16 17:10:31,True
S001571,Arsenal vs Tottenham,Premier League,General Admission,53.86,2024-11-30 00:23:58,True
S002343,Arsenal vs Fulham,Premier League,General Admission,51.64,2024-12-11 01:33:28,True
S000606,Arsenal vs Sheffield Utd,Carabao Cup,Club Level,151.72,2025-04-27 19:58:26,False
S003571,Arsenal vs Tottenham,Premier League,Hospitality,406.42,2025-09-10 10:25:43,False
S002608,Arsenal vs Chelsea,Premier League,General Admission,61.91,2025-05-17 02:01:13,True
S003344,Arsenal vs Bayern Munich,Champions League,Hospitality,351.45,2024-11-01 05:00:59,True
S003812,Arsenal vs Tottenham,Premier League,Family Enclosure,43.77,2024-11-25 18:28:47,True
S004058,Arsenal vs Liverpool,Premier League,General Admission,49.87,2025-05-26 18:53:15,True
S004512,Arsenal vs Chelsea,Premier League,General Admission,51.72,2025-09-08 14:35:40,True
S001232,Arsenal vs Luton,Premier League,Club Level,148.31,2025-03-28 10:53:29,True
S004888,Arsenal vs Real Madrid,Champions League,Club Level,143.66,2025-03-09 03:08:03,True
S004556,Arsenal vs Liverpool,Premier League,General Admission,51.76,2025-01-31 11:23:52,True
S002922,Arsenal vs Sheffield Utd,Carabao Cup,General Admission,64.74,2024-12-16 12:33:41,True
S004347,Arsenal vs Luton,Premier League,General Admission,53.82,2024-10-25 11:58:19,True
S000862,Arsenal vs Luton,Premier League,Club Level,154.57,2025-04-23 02:38:02,True
S004502,Arsenal vs Man City,Premier League,General Admission,52.21,2024-09-24 18:13:33,True
S000021,Arsenal vs Man United,Premier League,Club Level,109.23,2025-04-06 14:26:57,True
S002498,Arsenal vs Chelsea,Premier League,Family Enclosure,53.32,2025-05-26 02:57:14,False
S000977,Arsenal vs Man United,Premier League,General Admission,53.45,2025-01-06 15:50:37,True
S002429,Arsenal vs Chelsea,Premier League,Family Enclosure,40.5,2024-11-12 03:14:27,True
S004624,Arsenal vs Man United,Premier League,Club Level,127.1,2025-02-02 11:00:32,True
S002310,Arsenal vs Liverpool,Premier League,Club Level,138.63,2025-02-19 15:56:22,True
S004416,Arsenal vs Man United,Premier League,Club Level,112.3,2025-08-25 19:28:11,True
S000586,Arsenal vs Sheffield Utd,Carabao Cup,Club Level,136.42,2024-12-15 21:25:08,True
S001227,Arsenal vs Liverpool,Premier League,General Admission,65.13,2025-09-03 19:22:05,True
S002879,Arsenal vs Man City,Premier League,Family Enclosure,55.23,2025-02-13 05:39:47,True
S003526,Arsenal vs Luton,Premier League,Club Level,153.39,2025-03-07 12:17:23,True
S004178,Arsenal vs Tottenham,Premier League,Family Enclosure,44.09,2025-02-22 23:08:51,True
S004891,Arsenal vs Chelsea,Premier League,Club Level,155.26,2025-06-20 16:25:01,True
S003246,Arsenal vs Bayern Munich,Champions League,General Admission,70.29,2024-10-26 10:29:31,True
S003684,Arsenal vs Fulham,Premier League,Hospitality,316.22,2024-12-31 02:40:49,True
S003972,Arsenal vs Chelsea,Premier League,General Admission,71.04,2024-10-31 05:53:13,True
S004545,Arsenal vs Liverpool,Premier League,Family Enclosure,49.3,2025-07-30 10:59:55,True
S001637,Arsenal vs Sheffield Utd,Carabao Cup,Club Level,132.39,2024-11-28 02:46:42,True
S003414,Arsenal vs Man United,Premier League,General Admission,63.06,2024-12-14 20:07:58,False
S004386,Arsenal vs Sheffield Utd,Carabao Cup,Hospitality,376.01,2025-07-22 07:02:52,False
S003683,Arsenal vs Luton,Premier League,Hospitality,360.75,2025-08-07 23:09:28,True
S000555,Arsenal vs Bayern Munich,Champions League,Club Level,114.34,2025-02-28 21:57:14,True
S000358,Arsenal vs Man City,Premier League,Hospitality,355.41,2025-08-10 23:15:14,False
S002708,Arsenal vs Sheffield Utd,Carabao Cup,General Admission,58.61,2025-05-24 06:11:18,True
S001262,Arsenal vs Fulham,Premier League,Family Enclosure,43.87,2024-12-10 00:05:21,True
S000631,Arsenal vs Sheffield Utd,Carabao Cup,Club Level,114.45,2024-11-02 01:56:11,True
S002644,Arsenal vs Everton,Premier League,Club Level,122.9,2025-08-08 02:52:57,True
S001330,Arsenal vs Luton,Premier League,General Admission,63.2,2025-08-27 01:55:49,True
S000481,Arsenal vs Everton,Premier League,Away End,36.79,2025-02-16 21:45:38,True
S003707,Arsenal vs Man United,Premier League,General Admission,49.56,2025-09-12 12:48:26,True
S002601,Arsenal vs Real Madrid,Champions League,General Admission,69.17,2025-07-30 17:20:55,False
S003156,Arsenal vs Luton,Premier League,Club Level,117.25,2025-04-27 07:19:59,True
S002207,Arsenal vs Real Madrid,Champions League,Away End,39.68,2025-02-06 15:40:17,True
S003726,Arsenal vs Man United,Premier League,Hospitality,332.61,2025-04-24 06:07:34,False
S000717,Arsenal vs Man United,Premier League,General Admission,67.42,2024-11-16 19:57:26,True
S001175,Arsenal vs Brighton,Premier League,Club Level,127.8,2024-12-16 01:42:42,False
S003388,Arsenal vs Fulham,Premier League,Club Level,113.69,2025-08-25 02:16:42,True
S000434,Arsenal vs Chelsea,Premier League,General Admission,62.49,2025-04-11 03:49:11,True
S003538,Arsenal vs Man City,Premier League,Club Level,112.96,2025-02-19 04:38:02,True
S002314,Arsenal vs Luton,Premier League,Family Enclosure,50.11,2025-02-10 18:32:48,True
S001706,Arsenal vs Real Madrid,Champions League,General Admission,62.43,2025-01-05 19:00:24,True
S002704,Arsenal vs Man City,Premier League,Club Level,115.64,2025-08-05 04:13:41,False
S003406,Arsenal vs Tottenham,Premier League,Family Enclosure,51.4,2025-02-05 21:21:12,False
S004670,Arsenal vs Man United,Premier League,Family Enclosure,49.3,2025-07-19 02:40:30,False
S000215,Arsenal vs Liverpool,Premier League,General Admission,66.44,2025-07-29 11:11:53,False
S004797,Arsenal vs Everton,Premier League,General Admission,52.35,2025-06-11 23:01:52,True
S001461,Arsenal vs Luton,Premier League,General Admission,52.8,2024-10-27 17:34:29,True
S003656,Arsenal vs Everton,Premier League,General Admission,52.23,2025-04-09 04:21:40,True
S002959,Arsenal vs Chelsea,Premier League,Club Level,153.49,2024-12-21 22:54:11,True
S002964,Arsenal vs Brighton,Premier League,Club Level,155.35,2025-05-01 08:11:23,True
S003977,Arsenal vs Chelsea,Premier League,General Admission,71.27,2024-11-13 08:13:23,True
S002421,Arsenal vs Man City,Premier League,General Admission,58.56,2025-07-11 17:02:20,True
S001629,Arsenal vs Liverpool,Premier League,General Admission,63.05,2024-09-27 03:29:28,True
S000489,Arsenal vs Everton,Premier League,Club Level,123.85,2024-12-30 18:34:49,False
S003820,Arsenal vs Luton,Premier League,Family Enclosure,48.14,2024-09-24 15:06:49,True
S001086,Arsenal vs Man City,Premier League,Family Enclosure,47.57,2024-11-14 02:39:32,True
S001169,Arsenal vs Man United,Premier League,Club Level,150.46,2025-09-05 09:17:31,True
S003503,Arsenal vs Liverpool,Premier League,Club Level,108.13,2025-01-01 06:53:34,True
S000013,Arsenal vs Luton,Premier League,Club Level,139.58,2025-08-19 07:10:33,True
S003399,Arsenal vs Tottenham,Premier League,Family Enclosure,43.05,2024-12-25 22:09:49,True
S004973,Arsenal vs Sheffield Utd,Carabao Cup,Family Enclosure,54.66,2025-03-08 16:13:13,True
S000680,Arsenal vs Brighton,Premier League,General Admission,63.27,2024-10-19 06:34:07,True
S001700,Arsenal vs Man City,Premier League,Club Level,137.52,2024-11-01 07:16:22,True
S004802,Arsenal vs Sheffield Utd,Carabao Cup,Away End,51.01,2025-05-26 03:04:37,True
S000174,Arsenal vs Everton,Premier League,Away End,51.82,2025-01-17 12:21:01,True
S002962,Arsenal vs Everton,Premier League,Hospitality,449.31,2025-07-23 09:38:17,True
S002271,Arsenal vs Liverpool,Premier League,General Admission,53.9,2025-07-01 01:29:22,True
S003041,Arsenal vs Everton,Premier League,Away End,39.71,2025-03-04 23:37:29,True
S000165,Arsenal vs Sheffield Utd,Carabao Cup,Club Level,118.05,2025-09-11 19:33:18,True
S001616,Arsenal vs Sheffield Utd,Carabao Cup,General Admission,53.25,2025-02-19 02:03:02,True
S000524,Arsenal vs Fulham,Premier League,Family Enclosure,52.58,2025-08-21 23:26:35,True
S002506,Arsenal vs Bayern Munich,Champions League,Club Level,135.36,2025-02-04 10:04:41,True
S004778,Arsenal vs Chelsea,Premier League,Hospitality,381.98,2025-05-23 08:09:02,True
S000857,Arsenal vs Bayern Munich,Champions League,General Admission,53.37,2025-07-31 10:05:40,False
S004897,Arsenal vs Man City,Premier League,General Admission,69.21,2024-11-29 04:26:59,True
S000881,Arsenal vs Luton,Premier League,General Admission,56.18,2024-10-03 10:01:09,True
S000117,Arsenal vs Luton,Premier League,General Admission,69.58,2024-12-01 15:23:02,True
S000660,Arsenal vs Luton,Premier League,Away End,43.94,2024-09-29 23:44:01,False
S004433,Arsenal vs Bayern Munich,Champions League,General Admission,55.75,2025-09-20 04:53:50,True
S003985,Arsenal vs Sheffield Utd,Carabao Cup,General Admission,66.58,2024-12-28 16:50:18,True
S001638,Arsenal vs Chelsea,Premier League,General Admission,53.05,2025-03-01 12:42:47,True
S003077,Arsenal vs Bayern Munich,Champions League,Club Level,141.62,2024-10-18 17:32:58,True
S002547,Arsenal vs Sheffield Utd,Carabao Cup,Hospitality,368.02,2024-12-29 19:06:12,False
S002486,Arsenal vs Sheffield Utd,Carabao Cup,Club Level,140.77,2025-04-22 19:56:14,True
S004797,Arsenal vs Real Madrid,Champions League,General Admission,56.49,2025-04-11 08:49:30,False
S004977,Arsenal vs Bayern Munich,Champions League,Family Enclosure,57.62,2025-06-12 22:37:07,True
S004858,Arsenal vs Fulham,Premier League,Family Enclosure,57.85,2025-04-23 08:33:24,True
S000025,Arsenal vs Chelsea,Premier League,Hospitality,358.52,2025-01-15 22:28:43,True
S001961,Arsenal vs Sheffield Utd,Carabao Cup,Club Level,141.76,2025-08-17 02:02:19,False
S003471,Arsenal vs Everton,Premier League,General Admission,58.52,2025-05-02 08:26:14,True
S003006,Arsenal vs Real Madrid,Champions League,General Admission,66.53,2025-03-10 03:41:13,False
S000867,Arsenal vs Real Madrid,Champions League,Hospitality,359.07,2025-06-09 07:12:19,False
S002806,Arsenal vs Real Madrid,Champions League,Hospitality,320.34,2025-04-19 05:50:40,True
S002393,Arsenal vs Fulham,Premier League,Hospitality,382.5,2025-06-24 04:48:33,True
S000658,Arsenal vs Everton,Premier League,Hospitality,414.34,2025-03-20 19:36:32,True
S001978,Arsenal vs Bayern Munich,Champions League,General Admission,70.4,2025-02-26 03:53:25,True
S004384,Arsenal vs Liverpool,Premier League,Hospitality,413.9,2025-08-27 16:13:45,False
S001896,Arsenal vs Bayern Munich,Champions League,Club Level,110.58,2024-12-07 22:13:29,True
S002691,Arsenal vs Man City,Premier League,General Admission,67.54,2025-08-16 20:41:23,False
S001225,Arsenal vs Man United,Premier League,Club Level,128.47,2025-07-11 16:54:21,True
S001549,Arsenal vs Tottenham,Premier League,General Admission,57.18,2024-10-05 19:47:53,True
S000583,Arsenal vs Luton,Premier League,Club Level,115.13,2025-06-14 12:04:57,True
S002705,Arsenal vs Liverpool,Premier League,Hospitality,322.55,2025-05-20 22:03:46,True
S000856,Arsenal vs Man United,Premier League,Family Enclosure,55.53,2025-04-15 05:10:42,True
S000629,Arsenal vs Bayern Munich,Champions League,General Admission,61.68,2025-06-17 03:47:25,True
S002288,Arsenal vs Real Madrid,Champions League,Hospitality,428.08,2025-03-01 11:28:18,True
S004785,Arsenal vs Bayern Munich,Champions League,Club Level,132.35,2024-11-30 22:20:24,True
S004067,Arsenal vs Everton,Premier League,Hospitality,391.2,2025-06-07 02:31:18,True
S001418,Arsenal vs Luton,Premier League,General Admission,63.84,2025-06-03 05:50:38,True
S003959,Arsenal vs Tottenham,Premier League,General Admission,57.12,2025-05-31 16:52:04,True
S004652,Arsenal vs Fulham,Premier League,Club Level,126.29,2025-06-29 14:57:23,True
S003922,Arsenal vs Man United,Premier League,General Admission,54.96,2025-05-04 09:22:46,True
S003323,Arsenal vs Liverpool,Premier League,Club Level,137.61,2025-03-06 21:22:24,False
S004586,Arsenal vs Tottenham,Premier League,General Admission,58.58,2025-08-12 20:57:48,True
S004964,Arsenal vs Man City,Premier League,Hospitality,431.68,2024-11-25 15:32:04,True
S003727,Arsenal vs Brighton,Premier League,Club Level,155.47,2025-07-01 20:57:28,False
S001237,Arsenal vs Bayern Munich,Champions League,Family Enclosure,57.72,2025-04-03 09:04:35,True
S003877,Arsenal vs Bayern Munich,Champions League,General Admission,70.32,2025-04-26 20:30:00,True
S004046,Arsenal vs Bayern Munich,Champions League,Family Enclosure,42.18,2025-09-14 09:10:02,True
S000869,Arsenal vs Liverpool,Premier League,General Admission,52.64,2024-10-25 13:13:37,True
S001477,Arsenal vs Sheffield Utd,Carabao Cup,Away End,49.4,2025-03-25 01:58:44,True
S000845,Arsenal vs Man City,Premier League,Club Level,144.47,2024-12-21 08:36:32,False
S004516,Arsenal vs Luton,Premier League,Club Level,135.43,2025-07-06 18:57:19,False
S004258,Arsenal vs Sheffield Utd,Carabao Cup,Club Level,146.03,2025-03-14 13:27:15,False
S000765,Arsenal vs Man City,Premier League,General Admission,58.81,2024-11-25 20:33:13,True
S002786,Arsenal vs Bayern Munich,Champions League,Club Level,109.79,2025-05-16 20:54:11,True
S000053,Arsenal vs Sheffield Utd,Carabao Cup,General Admission,62.47,2025-04-04 18:39:57,True
S001818,Arsenal vs Luton,Premier League,General Admission,53.51,2025-05-01 19:35:44,True
S003052,Arsenal vs Sheffield Utd,Carabao Cup,Club Level,125.35,2025-04-07 02:35:53,True
S004664,Arsenal vs Luton,Premier League,Family Enclosure,48.31,2024-10-14 05:10:25,True
S004930,Arsenal vs Liverpool,Premier League,Club Level,135.91,2024-10-09 01:18:20,True
S003051,Arsenal vs Everton,Premier League,Hospitality,424.02,2025-09-17 05:58:50,False
S003732,Arsenal vs Man City,Premier League,Hospitality,433.5,2024-09-24 21:08:33,True
S003574,Arsenal vs Fulham,Premier League,General Admission,50.3,2024-11-11 15:35:29,False
S000802,Arsenal vs Tottenham,Premier League,Club Level,127.76,2025-07-04 18:06:47,True
S001400,Arsenal vs Sheffield Utd,Carabao Cup,Family Enclosure,55.83,2024-10-05 15:51:57,True
S002665,Arsenal vs Bayern Munich,Champions League,Club Level,137.22,2025-06-13 01:17:43,True
S003523,Arsenal vs Tottenham,Premier League,Club Level,132.23,2024-10-26 19:51:26,False
S003889,Arsenal vs Brighton,Premier League,Family Enclosure,40.62,2025-04-02 00:11:24,True
S004740,Arsenal vs Luton,Premier League,Club Level,110.29,2025-07-27 10:18:19,True
S001747,Arsenal vs Bayern Munich,Champions League,General Admission,53.49,2025-03-31 23:17:52,True
S001463,Arsenal vs Luton,Premier League,Club Level,109.08,2024-10-01 20:23:45,True
S000847,Arsenal vs Man United,Premier League,Family Enclosure,51.85,2024-10-15 17:29:42,True
S002834,Arsenal vs Real Madrid,Champions League,General Admission,55.49,2025-08-08 16:06:41,True
S001652,Arsenal vs Sheffield Utd,Carabao Cup,General Admission,66.76,2025-06-06 15:02:23,True
S000167,Arsenal vs Man City,Premier League,Hospitality,435.72,2025-01-17 16:30:58,True
S003157,Arsenal vs Man United,Premier League,General Admission,67.08,2024-11-01 20:45:15,True
S002600,Arsenal vs Sheffield Utd,Carabao Cup,General Admission,63.0,2025-06-27 17:29:01,True
S001706,Arsenal vs Sheffield Utd,Carabao Cup,General Admission,54.95,2025-07-28 20:24:36,True
S001561,Arsenal vs Brighton,Premier League,General Admission,63.67,2024-11-27 07:39:21,True
S004778,Arsenal vs Chelsea,Premier League,General Admission,55.45,2025-09-04 10:30:59,True
S000357,Arsenal vs Everton,Premier League,Club Level,117.25,2024-11-24 07:56:23,True
S000057,Arsenal vs Man United,Premier League,Hospitality,329.99,2024-11-27 23:50:41,True
S003537,Arsenal vs Liverpool,Premier League,Family Enclosure,43.87,2025-07-09 08:41:24,True
S000981,Arsenal vs Bayern Munich,Champions League,Family Enclosure,51.73,2025-04-10 01:14:09,False
S004471,Arsenal vs Bayern Munich,Champions League,General Admission,61.49,2024-12-31 04:30:30,True
S000796,Arsenal vs Liverpool,Premier League,Club Level,108.85,2025-01-30 16:22:54,True
S003402,Arsenal vs Everton,Premier League,Club Level,126.68,2025-02-21 18:16:42,True
S001462,Arsenal vs Chelsea,Premier League,Hospitality,449.68,2025-04-26 02:39:44,True
S001030,Arsenal vs Luton,Premier League,General Admission,62.87,2024-10-19 11:42:25,True
S001838,Arsenal vs Chelsea,Premier League,Family Enclosure,54.53,2025-07-10 11:26:33,True
S003523,Arsenal vs Luton,Premier League,General Admission,71.22,2024-11-27 22:29:58,True
S003584,Arsenal vs Luton,Premier League,General Admission,71.23,2024-10-25 01:04:17,False
S000287,Arsenal vs Luton,Premier League,Family Enclosure,48.95,2025-06-19 07:51:22,False
S002915,Arsenal vs Brighton,Premier League,Club Level,127.96,2025-08-07 15:06:03,False
S000766,Arsenal vs Everton,Premier League,Family Enclosure,51.34,2024-12-13 01:15:57,True
S003181,Arsenal vs Bayern Munich,Champions League,Hospitality,413.67,2025-04-04 20:24:52,True
S004717,Arsenal vs Man United,Premier League,Club Level,108.29,2024-10-11 13:35:09,True
S002823,Arsenal vs Chelsea,Premier League,Club Level,123.67,2024-11-19 19:50:16,False
S001263,Arsenal vs Man City,Premier League,General Admission,65.85,2025-04-12 01:03:38,True
S000066,Arsenal vs Luton,Premier League,General Admission,59.08,2024-10-15 05:26:40,True
S000426,Arsenal vs Bayern Munich,Champions League,General Admission,68.88,2025-08-09 10:02:55,True
S001281,Arsenal vs Chelsea,Premier League,General Admission,69.5,2025-02-17 11:20:00,True
S002051,Arsenal vs Man City,Premier League,General Admission,50.51,2024-11-25 13:21:29,False
S004774,Arsenal vs Real Madrid,Champions League,General Admission,68.78,2025-04-02 17:51:42,True
S001108,Arsenal vs Liverpool,Premier League,Club Level,116.78,2025-02-14 02:00:23,True
S004246,Arsenal vs Man City,Premier League,Club Level,124.31,2024-12-09 11:38:11,True
S002122,Arsenal vs Bayern Munich,Champions League,Hospitality,436.86,2025-05-05 18:16:09,True
S000340,Arsenal vs Brighton,Premier League,Away End,51.62,2025-01-12 22:28:52,True
S002873,Arsenal vs Real Madrid,Champions League,Away End,49.38,2025-05-22 00:46:15,True
S003738,Arsenal vs Brighton,Premier League,General Admission,67.81,2024-11-10 05:39:49,False
S000425,Arsenal vs Brighton,Premier League,General Admission,55.19,2024-11-12 07:55:27,False
S001997,Arsenal vs Chelsea,Premier League,Hospitality,339.32,2024-09-26 16:31:13,True
S003123,Arsenal vs Everton,Premier League,Hospitality,441.41,2025-04-18 12:58:11,True
S002071,Arsenal vs Chelsea,Premier League,Hospitality,400.08,2024-10-25 10:01:45,True
S001694,Arsenal vs Sheffield Utd,Carabao Cup,General Admission,50.82,2025-02-18 12:36:51,True
S001876,Arsenal vs Luton,Premier League,Hospitality,441.26,2025-03-11 05:59:04,True
S003949,Arsenal vs Real Madrid,Champions League,General Admission,53.87,2024-12-19 13:21:56,True
S004458,Arsenal vs Sheffield Utd,Carabao Cup,General Admission,64.16,2025-08-29 18:32:39,False
S004926,Arsenal vs Man United,Premier League,General Admission,61.89,2025-06-28 06:00:33,True
S000787,Arsenal vs Real Madrid,Champions League,Club Level,145.66,2025-09-13 03:28:07,True
S004721,Arsenal vs Everton,Premier League,Away End,46.75,2024-10-24 21:30:03,True
S003052,Arsenal vs Man City,Premier League,Family Enclosure,56.41,2024-10-06 08:04:36,True
S001617,Arsenal vs Chelsea,Premier League,General Admission,54.22,2024-12-09 14:35:22,True
S002433,Arsenal vs Man City,Premier League,General Admission,65.69,2025-03-19 16:24:31,True
S004633,Arsenal vs Everton,Premier League,Hospitality,321.83,2025-08-01 12:01:22,False
S001527,Arsenal vs Real Madrid,Champions League,General Admission,51.45,2024-12-24 14:58:09,True
S000219,Arsenal vs Bayern Munich,Champions League,General Admission,62.59,2025-04-23 10:24:52,True
S004588,Arsenal vs Man City,Premier League,Family Enclosure,45.66,2025-05-02 10:46:17,True
S004502,Arsenal vs Everton,Premier League,Hospitality,390.66,2025-02-15 07:07:14,False
S003750,Arsenal vs Bayern Munich,Champions League,Club Level,135.87,2025-05-30 19:26:18,True
S000186,Arsenal vs Man City,Premier League,General Admission,65.43,2025-05-22 04:30:50,True
S001359,Arsenal vs Everton,Premier League,General Admission,56.07,2024-12-01 21:36:16,True
S001726,Arsenal vs Tottenham,Premier League,General Admission,64.97,2025-09-07 12:43:39,True
S002788,Arsenal vs Bayern Munich,Champions League,Club Level,138.39,2025-08-17 14:14:57,True
S004257,Arsenal vs Fulham,Premier League,General Admission,65.12,2024-10-26 01:55:41,True
S003707,Arsenal vs Tottenham,Premier League,General Admission,52.14,2024-12-09 19:30:22,True
S002806,Arsenal vs Brighton,Premier League,General Admission,67.16,2025-01-26 13:11:26,True
S004381,Arsenal vs Liverpool,Premier League,General Admission,49.68,2024-11-23 10:39:48,True
S004394,Arsenal vs Sheffield Utd,Carabao Cup,Club Level,127.82,2025-07-17 02:31:47,True
S003901,Arsenal vs Fulham,Premier League,General Admission,60.08,2025-02-21 06:42:26,True
S002320,Arsenal vs Fulham,Premier League,Hospitality,412.33,2025-02-18 23:06:45,False
S003731,Arsenal vs Tottenham,Premier League,Club Level,129.13,2024-12-20 08:48:48,False
S002369,Arsenal vs Everton,Premier League,General Admission,52.49,2025-06-28 13:54:56,True
S000822,Arsenal vs Luton,Premier League,General Admission,55.45,2025-06-28 03:46:10,True
S004556,Arsenal vs Brighton,Premier League,Club Level,117.72,2025-09-20 05:31:28,True
S003104,Arsenal vs Man United,Premier League,Family Enclosure,49.33,2025-09-15 11:22:33,True
S002017,Arsenal vs Real Madrid,Champions League,Hospitality,392.43,2024-11-04 03:34:11,True
S000333,Arsenal vs Sheffield Utd,Carabao Cup,General Admission,58.09,2024-12-18 11:15:34,True
S003297,Arsenal vs Liverpool,Premier League,General Admission,50.91,2024-10-17 12:41:41,False
S001777,Arsenal vs Everton,Premier League,General Admission,67.44,2025-02-11 23:08:40,False
S004790,Arsenal vs Bayern Munich,Champions League,Family Enclosure,46.31,2024-10-05 15:25:07,True
S004311,Arsenal vs Real Madrid,Champions League,General Admission,59.55,2025-08-04 16:49:01,True
S002967,Arsenal vs Brighton,Premier League,Club Level,121.84,2025-02-26 16:18:44,True
S004022,Arsenal vs Tottenham,Premier League,General Admission,55.03,2024-10-10 13:48:26,True
S003283,Arsenal vs Liverpool,Premier League,General Admission,55.09,2025-06-07 16:23:33,False
S003023,Arsenal vs Man City,Premier League,General Admission,71.19,2024-10-28 00:50:30,True
S004374,Arsenal vs Tottenham,Premier League,Family Enclosure,41.17,2024-10-17 02:31:45,True
S002281,Arsenal vs Brighton,Premier League,General Admission,61.37,2025-03-12 17:56:27,True
S003501,Arsenal vs Sheffield Utd,Carabao Cup,General Admission,57.81,2025-05-13 00:09:28,True
S003567,Arsenal vs Man United,Premier League,Family Enclosure,53.66,2025-03-31 02:23:17,True
S004476,Arsenal vs Man United,Premier League,General Admission,60.34,2024-10-29 05:30:03,False
S000357,Arsenal vs Luton,Premier League,Hospitality,394.72,2025-01-16 02:43:52,True
S003717,Arsenal vs Tottenham,Premier League,General Admission,64.46,2024-12-06 16:39:41,True
S001231,Arsenal vs Luton,Premier League,General Admission,70.46,2025-07-08 06:02:05,True
S000543,Arsenal vs Man United,Premier League,General Admission,51.68,2024-12-27 20:23:31,True
S001457,Arsenal vs Chelsea,Premier League,Away End,50.41,2025-05-22 13:37:42,True
S004515,Arsenal vs Bayern Munich,Champions League,General Admission,53.29,2025-04-14 05:10:18,True
S004279,Arsenal vs Brighton,Premier League,General Admission,64.43,2025-09-01 15:04:09,True
S003052,Arsenal vs Sheffield Utd,Carabao Cup,General Admission,68.23,2025-06-07 02:30:48,True
S002666,Arsenal vs Tottenham,Premier League,Family Enclosure,51.98,2025-08-19 15:54:07,True
S001923,Arsenal vs Sheffield Utd,Carabao Cup,Family Enclosure,53.37,2025-06-18 15:52:43,True
S003649,Arsenal vs Man City,Premier League,General Admission,53.25,2025-05-11 04:15:30,True
S004742,Arsenal vs Real Madrid,Champions League,General Admission,70.98,2025-05-28 02:12:26,True
S004697,Arsenal vs Man City,Premier League,Hospitality,319.38,2025-06-15 05:17:14,True
S000310,Arsenal vs Fulham,Premier League,Club Level,149.21,2024-11-17 12:32:20,True
S001217,Arsenal vs Fulham,Premier League,Club Level,143.19,2025-07-18 05:45:39,False
S001985,Arsenal vs Man United,Premier League,General Admission,61.1,2024-12-27 20:28:44,False
S003908,Arsenal vs Man City,Premier League,Club Level,147.16,2024-10-13 11:03:39,True
S003594,Arsenal vs Everton,Premier League,Club Level,140.64,2024-10-29 09:50:50,True
S000125,Arsenal vs Man City,Premier League,Club Level,144.96,2025-06-07 14:19:05,False
S003576,Arsenal vs Man United,Premier League,Family Enclosure,58.0,2025-01-13 11:10:01,True
S002047,Arsenal vs Man United,Premier League,Hospitality,378.34,2025-08-06 06:29:35,True
S001364,Arsenal vs Fulham,Premier League,Club Level,119.01,2024-10-11 20:05:27,False
S000086,Arsenal vs Man City,Premier League,Club Level,127.22,2025-04-02 01:48:02,True
S001020,Arsenal vs Brighton,Premier League,Away End,36.24,2025-07-19 09:43:34,True
S001712,Arsenal vs Luton,Premier League,General Admission,68.36,2025-06-04 06:32:23,True
S004758,Arsenal vs Sheffield Utd,Carabao Cup,Away End,51.71,2025-01-26 03:49:40,True
S000429,Arsenal vs Man City,Premier League,Family Enclosure,46.05,2025-08-21 08:27:46,True
S002337,Arsenal vs Fulham,Premier League,Family Enclosure,46.26,2025-05-21 01:13:37,True
S004090,Arsenal vs Luton,Premier League,Club Level,129.28,2025-01-04 13:28:01,True
S002358,Arsenal vs Brighton,Premier League,Club Level,117.25,2025-05-04 09:31:11,True
S002260,Arsenal vs Sheffield Utd,Carabao Cup,General Admission,61.08,2025-09-15 02:58:32,True
S000454,Arsenal vs Fulham,Premier League,Away End,42.81,2024-12-08 15:57:31,False
S003656,Arsenal vs Man City,Premier League,Family Enclosure,50.42,2025-01-12 14:31:41,False
S000844,Arsenal vs Man City,Premier League,Away End,44.98,2024-12-25 23:29:44,False
S003111,Arsenal vs Tottenham,Premier League,General Admission,57.97,2024-11-01 18:39:12,True
S004426,Arsenal vs Liverpool,Premier League,Club Level,153.83,2025-07-02 08:24:15,True
S002686,Arsenal vs Brighton,Premier League,Club Level,135.12,2025-02-10 13:57:22,True
S002663,Arsenal vs Sheffield Utd,Carabao Cup,General Admission,51.87,2025-06-30 14:09:09,True
S002924,Arsenal vs Bayern Munich,Champions League,Away End,44.07,2025-04-29 09:26:40,False
S004693,Arsenal vs Real Madrid,Champions League,General Admission,71.36,2025-01-19 12:49:30,True
S002527,Arsenal vs Bayern Munich,Champions League,Family Enclosure,53.26,2025-09-09 08:01:14,True
S001582,Arsenal vs Bayern Munich,Champions League,Family Enclosure,44.91,2025-01-20 09:15:51,True
S004485,Arsenal vs Brighton,Premier League,General Admission,61.86,2025-06-15 02:04:28,True
S002587,Arsenal vs Chelsea,Premier League,General Admission,61.75,2025-08-28 00:32:37,True
S002279,Arsenal vs Man United,Premier League,Club Level,146.19,2025-07-29 23:54:09,True
S000663,Arsenal vs Real Madrid,Champions League,General Admission,63.02,2024-11-12 09:11:51,True
S000926,Arsenal vs Tottenham,Premier League,General Admission,51.38,2025-02-02 15:21:11,True
S004613,Arsenal vs Luton,Premier League,Club Level,130.28,2025-01-05 18:40:26,True
S000733,Arsenal vs Bayern Munich,Champions League,Hospitality,393.18,2025-08-11 15:02:42,True
S000395,Arsenal vs Bayern Munich,Champions League,Club Level,114.77,2025-04-30 02:25:38,True
S003884,Arsenal vs Fulham,Premier League,General Admission,70.36,2024-11-29 03:55:06,True
S001393,Arsenal vs Everton,Premier League,General Admission,51.15,2024-12-13 07:36:22,True
S004613,Arsenal vs Real Madrid,Champions League,General Admission,64.24,2024-11-10 13:24:26,False
S001113,Arsenal vs Chelsea,Premier League,General Admission,61.12,2025-06-07 00:19:59,True
S000522,Arsenal vs Sheffield Utd,Carabao Cup,General Admission,68.88,2025-02-02 15:44:26,True
S001315,Arsenal vs Sheffield Utd,Carabao Cup,General Admission,63.27,2025-08-18 05:32:56,True
S001084,Arsenal vs Brighton,Premier League,General Admission,63.89,2025-07-24 07:26:35,False
S003529,Arsenal vs Fulham,Premier League,Away End,45.61,2025-07-14 14:49:01,False
S004918,Arsenal vs Sheffield Utd,Carabao Cup,General Admission,52.45,2024-12-30 21:22:39,True
S004449,Arsenal vs Bayern Munich,Champions League,Family Enclosure,43.6,2025-01-27 09:37:01,True
S001036,Arsenal vs Fulham,Premier League,Family Enclosure,57.06,2025-07-17 21:58:32,False
S002852,Arsenal vs Brighton,Premier League,Club Level,137.15,2025-02-09 17:31:03,True
S004959,Arsenal vs Man City,Premier League,Family Enclosure,48.35,2025-04-13 08:45:26,False
S002767,Arsenal vs Real Madrid,Champions League,General Admission,54.22,2025-02-23 10:05:58,True
S000694,Arsenal vs Tottenham,Premier League,Club Level,150.11,2025-07-30 12:36:28,True
S001987,Arsenal vs Tottenham,Premier League,General Admission,63.16,2024-12-02 21:43:59,True
S004175,Arsenal vs Fulham,Premier League,General Admission,61.25,2025-04-30 07:46:30,True
S003502,Arsenal vs Everton,Premier League,Hospitality,392.22,2025-07-24 12:50:10,False
S000456,Arsenal vs Sheffield Utd,Carabao Cup,General Admission,61.17,2025-03-08 19:20:01,True
S000944,Arsenal vs Everton,Premier League,Hospitality,341.4,2025-05-17 22:41:42,False
S001723,Arsenal vs Tottenham,Premier League,Family Enclosure,42.63,2025-04-01 07:31:45,True
S002386,Arsenal vs Chelsea,Premier League,Club Level,152.38,2025-02-21 16:12:30,False
S000789,Arsenal vs Fulham,Premier League,Club Level,108.36,2024-11-23 23:35:22,True
S004907,Arsenal vs Bayern Munich,Champions League,Club Level,108.75,2025-03-05 02:41:20,True
S001857,Arsenal vs Real Madrid,Champions League,Club Level,132.32,2024-11-28 10:43:19,True
S001349,Arsenal vs Luton,Premier League,General Admission,60.02,2025-02-24 08:05:04,True
S002974,Arsenal vs Man City,Premier League,Family Enclosure,44.64,2024-10-02 23:52:50,False
S000849,Arsenal vs Bayern Munich,Champions League,Club Level,118.29,2025-09-10 13:15:55,True
S000491,Arsenal vs Man United,Premier League,Away End,42.73,2025-01-15 04:50:39,True
S004728,Arsenal vs Man United,Premier League,Family Enclosure,54.1,2025-09-02 15:53:44,False
S003649,Arsenal vs Real Madrid,Champions League,Club Level,150.26,2025-06-28 02:39:02,True
S000156,Arsenal vs Man City,Premier League,General Admission,70.59,2024-10-26 17:50:39,True
S001313,Arsenal vs Chelsea,Premier League,Family Enclosure,54.84,2025-04-01 13:56:49,True
S003250,Arsenal vs Liverpool,Premier League,Away End,49.11,2024-09-29 02:31:09,False
S003758,Arsenal vs Sheffield Utd,Carabao Cup,General Admission,62.31,2025-07-11 23:21:35,True
S003354,Arsenal vs Chelsea,Premier League,Club Level,132.6,2024-12-21 20:08:50,False
S004794,Arsenal vs Tottenham,Premier League,Club Level,128.39,2025-09-20 01:33:48,True
S001106,Arsenal vs Luton,Premier League,General Admission,61.33,2025-07-24 18:44:13,False
S001978,Arsenal vs Luton,Premier League,General Admission,57.05,2024-12-11 23:38:02,True
S003140,Arsenal vs Real Madrid,Champions League,General Admission,56.1,2024-12-06 07:53:53,True
S003151,Arsenal vs Luton,Premier League,Family Enclosure,49.41,2024-11-17 07:21:05,True
S001989,Arsenal vs Tottenham,Premier League,Family Enclosure,58.16,2025-01-10 19:03:01,True
S002983,Arsenal vs Sheffield Utd,Carabao Cup,Club Level,146.43,2025-06-08 04:26:07,False
S001478,Arsenal vs Brighton,Premier League,Club Level,127.91,2025-01-17 18:18:01,True
S004419,Arsenal vs Tottenham,Premier League,General Admission,65.85,2025-05-12 00:40:39,True
S001412,Arsenal vs Man United,Premier League,Club Level,139.14,2025-04-28 06:12:06,True
S003150,Arsenal vs Man City,Premier League,General Admission,52.18,2025-05-05 20:37:18,True
S000885,Arsenal vs Real Madrid,Champions League,Family Enclosure,41.43,2025-03-15 03:59:56,True
S001281,Arsenal vs Luton,Premier League,General Admission,71.22,2025-08-07 13:43:08,True
S000939,Arsenal vs Chelsea,Premier League,General Admission,58.04,2025-04-01 02:26:22,False
S000478,Arsenal vs Luton,Premier League,Club Level,123.35,2025-04-18 10:24:15,True
S002056,Arsenal vs Chelsea,Premier League,General Admission,49.81,2025-05-22 14:18:42,True
S000543,Arsenal vs Tottenham,Premier League,Away End,46.29,2025-02-20 10:06:25,True
S003604,Arsenal vs Bayern Munich,Champions League,Hospitality,379.76,2025-07-08 23:43:41,True
S001421,Arsenal vs Chelsea,Premier League,General Admission,66.77,2024-11-29 14:48:04,True
S000713,Arsenal vs Tottenham,Premier League,General Admission,49.95,2024-12-02 09:37:43,True
S002604,Arsenal vs Liverpool,Premier League,General Admission,66.53,2024-09-22 04:56:24,True
S002422,Arsenal vs Everton,Premier League,General Admission,68.37,2025-02-04 05:12:46,True
S002227,Arsenal vs Sheffield Utd,Carabao Cup,Club Level,127.79,2024-12-06 01:46:07,True
S001901,Arsenal vs Everton,Premier League,Club Level,109.87,2024-11-21 14:43:14,True
S001875,Arsenal vs Man United,Premier League,Club Level,112.83,2025-02-06 23:53:27,False
S002955,Arsenal vs Sheffield Utd,Carabao Cup,Away End,39.26,2024-10-13 13:36:19,True
S004080,Arsenal vs Tottenham,Premier League,Club Level,150.13,2025-08-30 20:10:36,False
S002859,Arsenal vs Real Madrid,Champions League,General Admission,49.73,2025-07-07 15:42:04,True
S004306,Arsenal vs Fulham,Premier League,General Admission,63.81,2025-04-28 06:12:17,False
S000251,Arsenal vs Sheffield Utd,Carabao Cup,Hospitality,332.9,2024-09-30 02:57:08,True
S000903,Arsenal vs Tottenham,Premier League,General Admission,61.66,2024-10-14 05:57:53,True
S000083,Arsenal vs Fulham,Premier League,General Admission,49.71,2025-06-09 16:25:17,True
S001545,Arsenal vs Tottenham,Premier League,Away End,44.01,2024-10-12 19:10:08,True
S001871,Arsenal vs Chelsea,Premier League,Hospitality,344.53,2024-12-14 12:21:05,True
S001203,Arsenal vs Man City,Premier League,General Admission,53.75,2025-04-28 17:09:43,True
S004337,Arsenal vs Sheffield Utd,Carabao Cup,General Admission,67.05,2024-10-19 10:16:10,True
S004513,Arsenal vs Man United,Premier League,Family Enclosure,47.89,2024-10-13 02:59:17,True
S000593,Arsenal vs Brighton,Premier League,General Admission,68.27,2025-07-29 16:28:56,True
S002725,Arsenal vs Luton,Premier League,Family Enclosure,51.4,2025-03-29 03:31:12,True
S001064,Arsenal vs Sheffield Utd,Carabao Cup,General Admission,64.89,2025-06-28 16:35:37,True
S004295,Arsenal vs Sheffield Utd,Carabao Cup,Family Enclosure,58.1,2025-03-24 10:38:30,True
S001846,Arsenal vs Man City,Premier League,Club Level,147.68,2025-02-14 14:51:44,True
S004398,Arsenal vs Sheffield Utd,Carabao Cup,Family Enclosure,42.51,2024-11-29 17:25:12,True
S001962,Arsenal vs Luton,Premier League,Club Level,131.68,2025-06-08 14:47:12,True
S003925,Arsenal vs Man United,Premier League,Club Level,111.03,2025-03-22 08:33:51,False
S004016,Arsenal vs Everton,Premier League,General Admission,69.79,2025-04-21 12:33:19,True
S001737,Arsenal vs Chelsea,Premier League,Away End,36.49,2025-05-15 15:51:42,True
S004680,Arsenal vs Bayern Munich,Champions League,Hospitality,386.43,2024-10-30 09:41:53,True
S001907,Arsenal vs Bayern Munich,Champions League,General Admission,61.49,2025-06-08 00:17:02,False
S004189,Arsenal vs Fulham,Premier League,General Admission,52.03,2024-11-23 14:52:30,False
S003927,Arsenal vs Bayern Munich,Champions League,Family Enclosure,46.87,2025-03-24 21:37:24,True
S000819,Arsenal vs Chelsea,Premier League,General Admission,57.89,2025-05-08 09:52:48,True
S001731,Arsenal vs Everton,Premier League,Club Level,115.91,2025-08-08 06:36:44,True
S000451,Arsenal vs Fulham,Premier League,Club Level,123.29,2025-02-14 18:41:40,True
S002524,Arsenal vs Liverpool,Premier League,General Admission,51.29,2025-06-09 10:48:48,False
S001877,Arsenal vs Fulham,Premier League,Family Enclosure,44.84,2025-05-17 20:08:26,True
S001992,Arsenal vs Everton,Premier League,Away End,46.06,2025-08-15 09:18:45,True
S002511,Arsenal vs Sheffield Utd,Carabao Cup,Family Enclosure,55.21,2024-11-02 17:56:08,True
S001143,Arsenal vs Man United,Premier League,Club Level,123.94,2025-06-23 17:10:01,True
S002539,Arsenal vs Liverpool,Premier League,Club Level,132.41,2024-10-12 02:46:55,False
S000081,Arsenal vs Sheffield Utd,Carabao Cup,Family Enclosure,53.37,2025-07-15 18:24:34,True
S001384,Arsenal vs Brighton,Premier League,Club Level,147.6,2025-09-08 20:25:37,True
S004981,Arsenal vs Sheffield Utd,Carabao Cup,Family Enclosure,56.4,2024-11-27 02:25:05,True
S001849,Arsenal vs Tottenham,Premier League,General Admission,66.59,2024-11-28 00:04:22,False
S003912,Arsenal vs Tottenham,Premier League,Club Level,141.02,2025-05-30 06:34:18,False
S003086,Arsenal vs Real Madrid,Champions League,General Admission,66.78,2025-04-03 13:42:30,True
S003263,Arsenal vs Chelsea,Premier League,General Admission,60.33,2025-07-12 21:15:57,True
S000229,Arsenal vs Tottenham,Premier League,General Admission,63.88,2024-12-13 23:50:18,False
S002884,Arsenal vs Sheffield Utd,Carabao Cup,General Admission,56.76,2024-11-26 10:23:33,True
S002529,Arsenal vs Fulham,Premier League,Family Enclosure,47.79,2025-07-07 04:55:22,True
S001872,Arsenal vs Fulham,Premier League,Hospitality,415.35,2024-12-06 21:13:07,True
S004305,Arsenal vs Brighton,Premier League,Club Level,152.88,2025-06-04 13:01:16,True
S001269,Arsenal vs Bayern Munich,Champions League,General Admission,57.07,2024-10-29 14:41:15,True
S001674,Arsenal vs Tottenham,Premier League,General Admission,59.76,2024-10-17 23:12:27,True
S001590,Arsenal vs Bayern Munich,Champions League,General Admission,63.91,2025-08-02 04:34:12,False
S003788,Arsenal vs Real Madrid,Champions League,General Admission,50.93,2024-11-17 06:11:00,True
S004026,Arsenal vs Tottenham,Premier League,Club Level,114.92,2025-03-04 08:14:04,False
S000452,Arsenal vs Man City,Premier League,General Admission,63.46,2024-11-22 09:54:00,True
S003120,Arsenal vs Real Madrid,Champions League,Family Enclosure,51.73,2024-10-11 10:16:37,True
S003243,Arsenal vs Bayern Munich,Champions League,General Admission,71.06,2025-04-12 23:47:51,True
S000136,Arsenal vs Man City,Premier League,General Admission,62.09,2025-01-12 09:56:47,True
S000217,Arsenal vs Bayern Munich,Champions League,Hospitality,360.77,2025-01-26 15:00:49,True
S003292,Arsenal vs Liverpool,Premier League,Club Level,117.26,2025-07-22 09:15:24,False
S002099,Arsenal vs Everton,Premier League,Away End,37.95,2025-02-16 13:53:16,True
S003765,Arsenal vs Man United,Premier League,General Admission,63.05,2025-04-03 20:10:06,True
S004378,Arsenal vs Tottenham,Premier League,General Admission,55.16,2025-04-30 08:31:33,True
S001832,Arsenal vs Fulham,Premier League,General Admission,67.65,2024-10-23 19:21:10,False
S002954,Arsenal vs Man City,Premier League,Family Enclosure,45.37,2024-12-08 11:51:15,True
S004479,Arsenal vs Brighton,Premier League,Family Enclosure,48.12,2024-11-20 17:27:25,True
S001513,Arsenal vs Real Madrid,Champions League,Hospitality,445.82,2024-12-29 10:58:22,True
S002486,Arsenal vs Chelsea,Premier League,Hospitality,387.77,2025-01-28 09:23:06,True
S002002,Arsenal vs Man City,Premier League,General Admission,68.96,2025-01-18 05:16:27,True
S000076,Arsenal vs Man City,Premier League,Club Level,140.5,2024-12-19 22:04:22,True
S003603,Arsenal vs Liverpool,Premier League,General Admission,49.54,2025-09-14 10:38:15,True
S003661,Arsenal vs Everton,Premier League,Family Enclosure,57.81,2025-07-31 16:34:32,True
S003068,Arsenal vs Chelsea,Premier League,General Admission,59.39,2024-11-20 16:01:13,True
S003372,Arsenal vs Fulham,Premier League,Club Level,144.23,2024-10-10 17:27:36,True
S004317,Arsenal vs Fulham,Premier League,General Admission,57.99,2025-02-28 03:19:15,True
S004151,Arsenal vs Man United,Premier League,Hospitality,333.19,2025-03-26 14:35:20,True
S003743,Arsenal vs Bayern Munich,Champions League,Club Level,127.31,2025-04-06 18:17:29,True
S001048,Arsenal vs Sheffield Utd,Carabao Cup,Family Enclosure,42.4,2025-06-12 10:53:12,True
S001750,Arsenal vs Luton,Premier League,General Admission,55.52,2025-04-28 21:04:09,True
S000597,Arsenal vs Liverpool,Premier League,Family Enclosure,40.88,2025-09-15 08:00:57,True
S002257,Arsenal vs Sheffield Utd,Carabao Cup,General Admission,53.5,2024-11-01 21:40:06,True
S003435,Arsenal vs Brighton,Premier League,Club Level,134.59,2025-04-25 02:45:45,False
S003189,Arsenal vs Luton,Premier League,Hospitality,440.15,2024-12-30 03:07:28,True
S001715,Arsenal vs Liverpool,Premier League,General Admission,57.56,2025-07-21 03:02:59,False
S000382,Arsenal vs Man United,Premier League,Away End,41.12,2025-08-14 05:50:12,False
S002455,Arsenal vs Everton,Premier League,Away End,51.74,2024-10-13 01:49:03,True
S004116,Arsenal vs Brighton,Premier League,Family Enclosure,54.37,2025-08-22 10:36:55,True
S003513,Arsenal vs Chelsea,Premier League,Family Enclosure,50.22,2025-06-04 17:54:06,False
S003418,Arsenal vs Brighton,Premier League,Family Enclosure,43.77,2024-12-29 12:18:09,True
S004951,Arsenal vs Luton,Premier League,General Admission,62.66,2024-09-26 05:09:54,True
S002904,Arsenal vs Fulham,Premier League,Away End,42.5,2025-04-18 22:19:23,True
S000742,Arsenal vs Everton,Premier League,Club Level,147.87,2025-01-06 03:28:21,True
S003598,Arsenal vs Sheffield Utd,Carabao Cup,Club Level,146.68,2025-05-23 13:54:21,False
S003262,Arsenal vs Fulham,Premier League,Family Enclosure,47.49,2025-04-17 05:07:49,True
S002461,Arsenal vs Everton,Premier League,Family Enclosure,43.71,2025-05-23 23:17:32,True
S001066,Arsenal vs Fulham,Premier League,Away End,50.16,2025-07-26 18:26:36,False
S003042,Arsenal vs Tottenham,Premier League,General Admission,53.83,2025-08-06 19:20:48,False
S002903,Arsenal vs Man City,Premier League,General Admission,68.1,2024-12-09 06:27:56,True
S003899,Arsenal vs Man United,Premier League,Family Enclosure,41.54,2025-06-03 02:59:56,False
S003250,Arsenal vs Liverpool,Premier League,General Admission,50.12,2025-05-08 20:00:14,False
S001793,Arsenal vs Sheffield Utd,Carabao Cup,Club Level,134.78,2024-10-20 23:37:24,True
S001695,Arsenal vs Brighton,Premier League,General Admission,55.7,2025-09-06 05:44:04,True
S004759,Arsenal vs Real Madrid,Champions League,Away End,39.03,2024-09-29 03:55:11,True
S000983,Arsenal vs Sheffield Utd,Carabao Cup,General Admission,65.43,2025-07-29 20:17:26,True
S001633,Arsenal vs Liverpool,Premier League,Hospitality,417.39,2025-05-23 08:57:06,False
S001529,Arsenal vs Fulham,Premier League,General Admission,60.81,2025-04-30 17:16:01,False
S002585,Arsenal vs Brighton,Premier League,Club Level,146.58,2024-12-02 03:28:24,True
S003119,Arsenal vs Fulham,Premier League,General Admission,55.79,2025-03-21 06:38:22,True
S003172,Arsenal vs Man City,Premier League,General Admission,60.15,2025-05-07 21:55:19,False
S000468,Arsenal vs Man City,Premier League,General Admission,59.48,2025-08-23 20:17:38,True
S003524,Arsenal vs Man United,Premier League,Hospitality,324.77,2025-01-07 03:51:32,True
S004029,Arsenal vs Bayern Munich,Champions League,Away End,45.72,2025-08-18 02:32:43,False
S002968,Arsenal vs Real Madrid,Champions League,General Admission,49.82,2024-11-01 15:04:10,False
S001368,Arsenal vs Fulham,Premier League,General Admission,54.7,2025-08-16 16:06:58,True
S002912,Arsenal vs Chelsea,Premier League,General Admission,62.35,2024-12-30 04:36:22,True
S001460,Arsenal vs Brighton,Premier League,General Admission,58.36,2025-05-06 19:10:27,True
S003422,Arsenal vs Tottenham,Premier League,Hospitality,397.08,2024-11-21 00:53:09,False
S001310,Arsenal vs Tottenham,Premier League,Hospitality,331.98,2025-01-01 11:07:33,False
S004433,Arsenal vs Everton,Premier League,General Admission,69.7,2025-05-01 14:53:36,False
S003140,Arsenal vs Man United,Premier League,General Admission,50.02,2024-12-22 02:38:34,True
S001326,Arsenal vs Chelsea,Premier League,Hospitality,331.72,2025-02-26 20:17:28,True
S002957,Arsenal vs Chelsea,Premier League,Hospitality,449.99,2025-06-24 00:15:48,True
S003202,Arsenal vs Everton,Premier League,General Admission,70.27,2024-12-19 03:09:00,True
S003077,Arsenal vs Everton,Premier League,Away End,44.79,2025-05-08 17:20:12,False
S000450,Arsenal vs Bayern Munich,Champions League,Hospitality,322.79,2025-07-25 14:45:51,True
S000973,Arsenal vs Everton,Premier League,Family Enclosure,47.22,2025-09-17 12:07:48,True
S001946,Arsenal vs Everton,Premier League,General Admission,57.15,2024-12-20 01:28:53,False
S004346,Arsenal vs Tottenham,Premier League,General Admission,54.86,2024-12-07 08:55:13,True
S003251,Arsenal vs Everton,Premier League,Away End,36.18,2025-03-20 20:35:38,True
S003414,Arsenal vs Brighton,Premier League,Family Enclosure,43.54,2025-01-29 14:26:33,False
S000044,Arsenal vs Man City,Premier League,Club Level,119.68,2024-11-20 17:29:53,True
S000026,Arsenal vs Everton,Premier League,General Admission,55.16,2025-01-25 21:24:45,False
S001261,Arsenal vs Tottenham,Premier League,General Admission,68.87,2025-03-21 00:14:34,True
S001797,Arsenal vs Man United,Premier League,General Admission,64.79,2025-01-06 13:23:39,True
S000444,Arsenal vs Sheffield Utd,Carabao Cup,Hospitality,403.03,2025-06-29 07:47:11,True
S002630,Arsenal vs Liverpool,Premier League,Family Enclosure,49.77,2025-09-14 01:20:29,True
S002084,Arsenal vs Sheffield Utd,Carabao Cup,Club Level,143.66,2024-11-30 15:54:47,False
S003450,Arsenal vs Bayern Munich,Champions League,Family Enclosure,56.48,2025-06-17 10:01:11,True
S004439,Arsenal vs Sheffield Utd,Carabao Cup,General Admission,64.65,2025-07-28 00:45:00,True
S000745,Arsenal vs Everton,Premier League,Family Enclosure,55.76,2024-10-23 17:04:42,True
S003276,Arsenal vs Man City,Premier League,Club Level,128.37,2024-09-24 07:24:15,True
S002936,Arsenal vs Bayern Munich,Champions League,Family Enclosure,55.92,2025-09-20 03:49:17,True
S003199,Arsenal vs Luton,Premier League,Hospitality,357.28,2025-04-09 08:50:10,True
S002817,Arsenal vs Tottenham,Premier League,Hospitality,381.34,2025-02-03 00:12:43,False
S003980,Arsenal vs Tottenham,Premier League,General Admission,51.83,2025-04-05 05:38:20,True
S003851,Arsenal vs Man City,Premier League,Away End,49.0,2025-06-23 05:23:18,True
S001237,Arsenal vs Brighton,Premier League,Family Enclosure,42.06,2025-07-25 03:29:47,True
S004559,Arsenal vs Fulham,Premier League,Club Level,153.29,2024-10-04 12:48:36,True
S000623,Arsenal vs Luton,Premier League,General Admission,69.92,2024-12-24 17:29:59,True
S001305,Arsenal vs Luton,Premier League,Family Enclosure,43.44,2025-07-12 04:46:15,True
S002440,Arsenal vs Liverpool,Premier League,Club Level,124.16,2024-11-04 14:12:23,True
S001194,Arsenal vs Fulham,Premier League,Club Level,148.65,2025-05-03 09:54:13,False
S003637,Arsenal vs Chelsea,Premier League,General Admission,57.79,2025-06-18 00:35:28,True
S002644,Arsenal vs Real Madrid,Champions League,General Admission,65.39,2025-04-30 15:09:29,False
S001025,Arsenal vs Liverpool,Premier League,Club Level,131.66,2025-05-29 00:40:42,True
S001511,Arsenal vs Everton,Premier League,Family Enclosure,42.24,2025-06-21 04:06:55,True
S000189,Arsenal vs Real Madrid,Champions League,Family Enclosure,43.53,2025-07-16 01:12:30,True
S004948,Arsenal vs Tottenham,Premier League,General Admission,56.85,2025-04-01 18:18:13,True
S002597,Arsenal vs Man City,Premier League,General Admission,69.2,2025-04-03 08:41:38,False
S003739,Arsenal vs Chelsea,Premier League,General Admission,52.21,2025-09-20 06:08:44,False
S004215,Arsenal vs Real Madrid,Champions League,Club Level,136.13,2025-01-05 05:37:07,True
S000081,Arsenal vs Chelsea,Premier League,Family Enclosure,47.14,2025-03-12 20:33:11,True
S002338,Arsenal vs Brighton,Premier League,Hospitality,422.39,2025-02-22 03:57:33,True
S002808,Arsenal vs Brighton,Premier League,General Admission,67.62,2025-09-16 23:54:30,False
S004700,Arsenal vs Fulham,Premier League,Family Enclosure,44.19,2025-06-18 20:56:48,True
S003643,Arsenal vs Chelsea,Premier League,General Admission,59.3,2024-10-19 12:58:07,True
S002233,Arsenal vs Luton,Premier League,General Admission,67.43,2025-01-20 12:37:59,True
S001695,Arsenal vs Real Madrid,Champions League,Hospitality,402.04,2024-12-10 06:05:27,True
S001707,Arsenal vs Everton,Premier League,Club Level,140.9,2025-07-05 18:57:54,True
S004797,Arsenal vs Real Madrid,Champions League,Family Enclosure,42.43,2025-03-22 05:00:28,False
S001401,Arsenal vs Brighton,Premier League,General Admission,56.08,2025-01-25 00:46:59,True
S001259,Arsenal vs Sheffield Utd,Carabao Cup,General Admission,63.46,2024-10-14 20:51:28,True
S001636,Arsenal vs Bayern Munich,Champions League,Hospitality,450.13,2025-02-01 06:29:51,True
S003980,Arsenal vs Sheffield Utd,Carabao Cup,General Admission,64.71,2025-04-13 15:09:45,True
S002492,Arsenal vs Brighton,Premier League,Club Level,128.23,2025-04-17 01:23:06,True
S001467,Arsenal vs Man City,Premier League,Club Level,130.7,2024-11-28 23:43:06,True
S001418,Arsenal vs Liverpool,Premier League,General Admission,67.16,2025-04-21 16:17:22,True
S004230,Arsenal vs Chelsea,Premier League,Family Enclosure,49.89,2025-06-22 21:21:10,True
S001658,Arsenal vs Man United,Premier League,Family Enclosure,49.2,2024-12-17 04:20:40,True
S003003,Arsenal vs Liverpool,Premier League,Club Level,127.47,2025-09-04 19:30:17,True
S000721,Arsenal vs Brighton,Premier League,Club Level,154.58,2025-03-04 06:13:09,True
S003551,Arsenal vs Sheffield Utd,Carabao Cup,General Admission,54.54,2025-09-19 15:27:51,True
S004982,Arsenal vs Chelsea,Premier League,General Admission,59.16,2025-08-24 11:22:19,True
S000509,Arsenal vs Luton,Premier League,General Admission,56.88,2024-12-01 06:31:52,True
S001534,Arsenal vs Brighton,Premier League,Family Enclosure,54.47,2025-08-21 16:48:05,True
S002862,Arsenal vs Everton,Premier League,General Admission,54.37,2025-02-24 13:49:55,True
S001396,Arsenal vs Brighton,Premier League,Family Enclosure,51.56,2024-12-06 02:51:58,True
S003952,Arsenal vs Man United,Premier League,Club Level,149.17,2025-02-09 22:17:01,True
S001575,Arsenal vs Real Madrid,Champions League,Away End,45.27,2024-10-03 20:36:46,True
S002070,Arsenal vs Luton,Premier League,Family Enclosure,53.88,2025-07-19 23:15:41,False
S002065,Arsenal vs Luton,Premier League,General Admission,50.94,2024-10-22 14:21:29,True
S000746,Arsenal vs Tottenham,Premier League,Family Enclosure,56.15,2025-03-17 06:51:47,True
S002871,Arsenal vs Luton,Premier League,General Admission,55.77,2025-02-26 19:17:53,True
S000978,Arsenal vs Real Madrid,Champions League,General Admission,69.83,2025-03-26 14:11:10,True
S001562,Arsenal vs Man United,Premier League,Club Level,115.54,2024-10-11 00:36:00,True
S004402,Arsenal vs Bayern Munich,Champions League,General Admission,66.13,2025-05-24 06:47:50,True
S002873,Arsenal vs Tottenham,Premier League,Club Level,133.34,2025-07-23 00:03:14,True
S001998,Arsenal vs Liverpool,Premier League,Family Enclosure,52.77,2024-10-10 15:42:03,True
S002915,Arsenal vs Liverpool,Premier League,General Admission,70.88,2025-06-01 23:52:06,True
S002393,Arsenal vs Everton,Premier League,General Admission,69.25,2025-07-25 06:06:11,True
S000123,Arsenal vs Liverpool,Premier League,General Admission,65.95,2024-11-03 22:56:24,True
S001662,Arsenal vs Man City,Premier League,General Admission,66.62,2025-03-14 00:39:19,True
S001292,Arsenal vs Chelsea,Premier League,Club Level,112.66,2024-12-09 13:46:59,True
S000583,Arsenal vs Man City,Premier League,Hospitality,374.45,2024-11-04 23:16:05,True
S001300,Arsenal vs Tottenham,Premier League,Hospitality,381.51,2025-09-05 19:32:37,True
S002209,Arsenal vs Liverpool,Premier League,General Admission,55.33,2025-01-02 14:16:16,True
S004902,Arsenal vs Real Madrid,Champions League,General Admission,71.05,2025-08-15 01:36:57,True
S000116,Arsenal vs Sheffield Utd,Carabao Cup,Family Enclosure,54.37,2025-06-01 07:42:14,True
S001797,Arsenal vs Man City,Premier League,Away End,36.86,2025-02-14 01:23:20,True
S004824,Arsenal vs Tottenham,Premier League,General Admission,59.93,2024-11-26 04:20:12,False
S003894,Arsenal vs Luton,Premier League,General Admission,64.12,2025-01-16 01:19:32,True
S003409,Arsenal vs Man United,Premier League,General Admission,55.68,2025-06-06 01:45:07,True
S003561,Arsenal vs Brighton,Premier League,Away End,37.81,2025-07-01 20:18:54,True
S001918,Arsenal vs Chelsea,Premier League,Club Level,154.74,2025-06-27 19:23:42,False
S001563,Arsenal vs Chelsea,Premier League,Hospitality,370.13,2025-08-20 22:08:34,True
S002487,Arsenal vs Luton,Premier League,Club Level,125.09,2025-05-19 21:08:02,True
S004566,Arsenal vs Real Madrid,Champions League,General Admission,66.8,2025-06-16 05:45:39,True
S001696,Arsenal vs Bayern Munich,Champions League,Club Level,145.71,2025-08-06 09:06:27,True
S000376,Arsenal vs Chelsea,Premier League,General Admission,51.99,2025-08-07 02:44:40,False
S004250,Arsenal vs Tottenham,Premier League,Club Level,121.36,2024-11-21 01:22:43,True
S004375,Arsenal vs Bayern Munich,Champions League,General Admission,53.59,2025-01-04 16:10:55,False
S003421,Arsenal vs Brighton,Premier League,General Admission,69.95,2024-10-24 17:49:30,True
S002906,Arsenal vs Liverpool,Premier League,General Admission,67.91,2025-04-01 20:53:17,False
S002395,Arsenal vs Man United,Premier League,General Admission,51.79,2025-07-27 08:52:37,True
S004528,Arsenal vs Sheffield Utd,Carabao Cup,Club Level,128.67,2025-09-04 21:36:00,False
S001505,Arsenal vs Man United,Premier League,General Admission,69.79,2024-12-28 01:52:40,True
S000633,Arsenal vs Sheffield Utd,Carabao Cup,General Admission,56.47,2025-04-16 00:29:16,True
S003850,Arsenal vs Real Madrid,Champions League,Club Level,132.82,2024-11-08 07:20:50,True
S000773,Arsenal vs Tottenham,Premier League,Hospitality,323.22,2024-11-25 18:45:31,True
S001646,Arsenal vs Bayern Munich,Champions League,Family Enclosure,51.75,2025-02-01 02:06:20,False
S004457,Arsenal vs Bayern Munich,Champions League,General Admission,68.11,2025-05-25 21:46:45,True
S000640,Arsenal vs Chelsea,Premier League,General Admission,67.59,2025-09-12 00:11:44,True
S004785,Arsenal vs Brighton,Premier League,Hospitality,446.26,2025-07-17 13:51:07,True
S004272,Arsenal vs Everton,Premier League,General Admission,56.64,2025-06-12 12:02:58,False
S002622,Arsenal vs Real Madrid,Champions League,Hospitality,348.64,2024-11-05 07:55:59,True
S002996,Arsenal vs Real Madrid,Champions League,Hospitality,355.37,2025-03-14 18:26:38,True
S002893,Arsenal vs Real Madrid,Champions League,Hospitality,337.01,2025-09-07 03:13:27,True
S003509,Arsenal vs Man United,Premier League,Family Enclosure,53.15,2024-10-10 01:13:54,False
S003399,Arsenal vs Luton,Premier League,Hospitality,354.52,2025-02-17 21:44:22,True
S002533,Arsenal vs Real Madrid,Champions League,General Admission,69.69,2024-10-19 04:16:44,False
S001200,Arsenal vs Sheffield Utd,Carabao Cup,Family Enclosure,41.62,2024-11-24 19:05:56,True
S001859,Arsenal vs Liverpool,Premier League,General Admission,63.48,2025-07-06 22:25:27,True
S002736,Arsenal vs Everton,Premier League,Club Level,134.93,2025-04-21 08:57:38,True
S003182,Arsenal vs Brighton,Premier League,General Admission,64.94,2025-04-17 03:04:15,True
S000141,Arsenal vs Fulham,Premier League,Family Enclosure,53.06,2024-12-27 01:38:20,True
S000404,Arsenal vs Liverpool,Premier League,Away End,40.11,2025-05-24 16:08:12,False
S004309,Arsenal vs Everton,Premier League,Club Level,155.68,2025-04-21 08:37:47,True
S000375,Arsenal vs Tottenham,Premier League,General Admission,53.46,2025-05-07 13:40:59,True
S004785,Arsenal vs Bayern Munich,Champions League,General Admission,53.52,2025-06-20 09:27:44,True
S003483,Arsenal vs Liverpool,Premier League,Away End,36.97,2025-01-25 02:39:39,False
S004118,Arsenal vs Luton,Premier League,General Admission,58.31,2025-01-21 15:49:10,True
S000005,Arsenal vs Liverpool,Premier League,General Admission,50.61,2024-11-16 14:07:16,True
S002416,Arsenal vs Man City,Premier League,Family Enclosure,58.22,2025-06-18 15:36:56,True
S004851,Arsenal vs Tottenham,Premier League,General Admission,65.38,2025-05-28 07:35:14,True
S002451,Arsenal vs Chelsea,Premier League,General Admission,61.23,2025-04-21 01:40:19,True
S000539,Arsenal vs Sheffield Utd,Carabao Cup,Club Level,145.7,2025-07-15 09:43:42,True
S004645,Arsenal vs Luton,Premier League,Hospitality,426.73,2025-08-15 22:38:18,True
S004730,Arsenal vs Luton,Premier League,Family Enclosure,48.21,2025-02-14 02:07:27,False
S003368,Arsenal vs Man United,Premier League,General Admission,50.05,2025-04-09 01:57:34,True
S003849,Arsenal vs Real Madrid,Champions League,Away End,42.98,2024-11-03 02:42:13,True
S002768,Arsenal vs Man United,Premier League,General Admission,57.5,2025-03-23 02:49:37,True
S004319,Arsenal vs Luton,Premier League,Family Enclosure,43.96,2025-02-18 18:37:46,False
S004855,Arsenal vs Man City,Premier League,General Admission,71.29,2025-07-08 02:17:22,True
S003295,Arsenal vs Bayern Munich,Champions League,Family Enclosure,52.35,2025-07-05 13:37:05,True
S002958,Arsenal vs Real Madrid,Champions League,General Admission,53.2,2025-01-30 10:03:46,True
S001891,Arsenal vs Luton,Premier League,General Admission,55.11,2025-01-07 17:43:30,True
S002409,Arsenal vs Man United,Premier League,General Admission,51.77,2025-01-11 01:31:15,False
S003959,Arsenal vs Fulham,Premier League,Family Enclosure,47.92,2025-09-15 04:35:37,True
S004711,Arsenal vs Chelsea,Premier League,Family Enclosure,52.76,2025-08-01 22:48:23,False
S003490,Arsenal vs Man United,Premier League,Family Enclosure,44.79,2024-10-31 16:55:24,True
S001283,Arsenal vs Chelsea,Premier League,General Admission,50.85,2025-08-17 12:39:19,True
S001644,Arsenal vs Luton,Premier League,General Admission,61.97,2025-09-03 22:28:16,True
S000435,Arsenal vs Man City,Premier League,Away End,48.0,2025-08-16 13:44:49,True
S000299,Arsenal vs Everton,Premier League,Hospitality,417.76,2024-10-30 00:28:16,True
S000483,Arsenal vs Man City,Premier League,General Admission,69.75,2025-01-18 06:35:33,True
S003465,Arsenal vs Tottenham,Premier League,Away End,42.69,2025-09-01 03:51:58,True
S004582,Arsenal vs Bayern Munich,Champions League,General Admission,56.3,2025-06-27 08:37:57,True
S000839,Arsenal vs Sheffield Utd,Carabao Cup,Away End,42.48,2024-10-16 06:07:28,True
S003819,Arsenal vs Man United,Premier League,Family Enclosure,53.78,2025-04-19 02:13:12,True
S002109,Arsenal vs Man United,Premier League,Hospitality,414.84,2025-02-14 04:52:24,False
S004781,Arsenal vs Real Madrid,Champions League,General Admission,58.45,2025-01-02 16:53:51,True
S002807,Arsenal vs Man United,Premier League,General Admission,58.12,2025-08-18 11:07:03,True
S003274,Arsenal vs Real Madrid,Champions League,General Admission,55.35,2025-03-05 20:13:04,False
S000139,Arsenal vs Chelsea,Premier League,General Admission,68.0,2025-06-16 06:47:47,True
S001879,Arsenal vs Bayern Munich,Champions League,General Admission,54.61,2025-08-06 05:31:54,False
S002445,Arsenal vs Fulham,Premier League,Family Enclosure,46.12,2025-08-20 02:33:28,True
S000347,Arsenal vs Brighton,Premier League,Family Enclosure,44.21,2024-10-08 17:43:48,True
S002755,Arsenal vs Liverpool,Premier League,General Admission,69.82,2024-09-27 17:43:04,True
S002841,Arsenal vs Luton,Premier League,General Admission,50.94,2025-03-10 03:29:33,True
S004662,Arsenal vs Everton,Premier League,General Admission,66.06,2025-04-10 08:50:31,True
S003345,Arsenal vs Sheffield Utd,Carabao Cup,Family Enclosure,48.29,2025-03-22 05:54:33,True
S000246,Arsenal vs Real Madrid,Champions League,Family Enclosure,41.19,2025-07-14 20:23:12,True
S004581,Arsenal vs Fulham,Premier League,General Admission,49.78,2025-01-19 08:00:46,True
S003779,Arsenal vs Chelsea,Premier League,Hospitality,317.88,2024-09-24 11:41:25,True
S003462,Arsenal vs Real Madrid,Champions League,Hospitality,358.86,2024-11-12 13:02:39,True
S002074,Arsenal vs Man City,Premier League,Family Enclosure,43.82,2024-10-09 10:28:03,True
S003728,Arsenal vs Man City,Premier League,Hospitality,383.53,2024-10-05 12:58:17,True
S000966,Arsenal vs Man United,Premier League,General Admission,53.71,2025-08-22 20:19:29,True
S004704,Arsenal vs Man City,Premier League,Family Enclosure,51.79,2024-10-13 16:10:41,True
S000778,Arsenal vs Chelsea,Premier League,Hospitality,389.61,2025-01-14 21:56:20,True
S001857,Arsenal vs Everton,Premier League,Family Enclosure,46.01,2025-09-10 23:36:33,True
S000637,Arsenal vs Everton,Premier League,General Admission,67.05,2025-05-05 04:13:45,True
S002121,Arsenal vs Everton,Premier League,General Admission,66.76,2025-09-14 07:00:17,True
S003757,Arsenal vs Luton,Premier League,General Admission,62.07,2025-07-03 00:15:18,False
S004715,Arsenal vs Tottenham,Premier League,General Admission,58.84,2025-04-14 04:45:28,False
S000481,Arsenal vs Luton,Premier League,General Admission,51.32,2025-05-03 14:13:28,True
S002482,Arsenal vs Man City,Premier League,Family Enclosure,43.38,2024-12-27 15:11:24,True
S004828,Arsenal vs Chelsea,Premier League,General Admission,65.46,2025-03-15 00:58:10,True
S001374,Arsenal vs Brighton,Premier League,Hospitality,348.96,2024-11-14 13:43:24,True
S002053,Arsenal vs Man United,Premier League,Hospitality,330.82,2025-02-12 22:05:09,False
S004201,Arsenal vs Chelsea,Premier League,General Admission,66.84,2024-12-11 23:24:48,True
S001121,Arsenal vs Bayern Munich,Champions League,Club Level,132.9,2025-07-21 21:26:22,True
S003027,Arsenal vs Fulham,Premier League,Away End,49.34,2025-08-13 11:08:40,True
S003225,Arsenal vs Luton,Premier League,Away End,38.01,2025-08-18 21:06:46,True
S003323,Arsenal vs Tottenham,Premier League,General Admission,49.74,2024-11-22 10:21:55,False
S003232,Arsenal vs Tottenham,Premier League,General Admission,69.25,2024-11-12 01:19:18,True
S002949,Arsenal vs Man City,Premier League,General Admission,61.91,2025-07-04 02:54:31,True
S001716,Arsenal vs Everton,Premier League,General Admission,59.61,2025-09-03 16:35:01,True
S001851,Arsenal vs Man United,Premier League,Hospitality,411.12,2025-02-08 00:44:17,True
S002741,Arsenal vs Man United,Premier League,Family Enclosure,42.9,2025-01-11 16:03:25,True
S000584,Arsenal vs Bayern Munich,Champions League,Club Level,138.09,2025-02-05 04:30:48,True
S004614,Arsenal vs Sheffield Utd,Carabao Cup,Club Level,139.27,2025-07-11 12:29:05,True
S000995,Arsenal vs Sheffield Utd,Carabao Cup,Club Level,129.44,2025-05-23 04:55:44,True
S002519,Arsenal vs Sheffield Utd,Carabao Cup,General Admission,55.5,2025-08-31 08:33:07,True
S003435,Arsenal vs Brighton,Premier League,General Admission,69.74,2025-08-14 17:44:19,True
S004046,Arsenal vs Luton,Premier League,Family Enclosure,48.28,2025-06-06 18:25:50,False
S003205,Arsenal vs Tottenham,Premier League,General Admission,59.38,2025-01-10 13:02:12,True
S000426,Arsenal vs Fulham,Premier League,Family Enclosure,42.28,2025-07-15 12:52:44,True
S004752,Arsenal vs Bayern Munich,Champions League,General Admission,69.87,2025-05-26 23:08:42,True
S002727,Arsenal vs Man City,Premier League,Hospitality,371.75,2025-05-31 15:28:15,True
S000213,Arsenal vs Real Madrid,Champions League,General Admission,68.62,2024-12-08 18:44:32,True
S004218,Arsenal vs Bayern Munich,Champions League,Family Enclosure,56.06,2025-09-10 04:29:47,True
S003370,Arsenal vs Fulham,Premier League,General Admission,58.11,2025-04-22 22:03:09,True
S000505,Arsenal vs Tottenham,Premier League,Club Level,119.28,2025-01-14 14:52:24,False
S000921,Arsenal vs Man United,Premier League,Family Enclosure,52.23,2025-07-13 20:24:46,False
S000297,Arsenal vs Everton,Premier League,General Admission,55.18,2025-03-04 10:17:32,True
S000887,Arsenal vs Liverpool,Premier League,Family Enclosure,52.64,2025-01-06 19:51:57,True
S003855,Arsenal vs Chelsea,Premier League,General Admission,51.51,2025-02-25 22:06:56,True
S002224,Arsenal vs Brighton,Premier League,Club Level,114.01,2024-09-25 07:07:28,True
S002973,Arsenal vs Fulham,Premier League,General Admission,55.77,2024-11-12 18:02:26,True
S000937,Arsenal vs Liverpool,Premier League,General Admission,49.61,2025-04-22 07:12:36,True
S000469,Arsenal vs Man City,Premier League,General Admission,65.64,2024-10-13 18:05:06,False
S004863,Arsenal vs Luton,Premier League,Family Enclosure,49.51,2025-08-18 03:10:49,False
S000765,Arsenal vs Liverpool,Premier League,Family Enclosure,47.33,2025-06-11 22:00:07,True
S000336,Arsenal vs Everton,Premier League,General Admission,54.16,2024-11-15 08:29:34,True
S004416,Arsenal vs Everton,Premier League,General Admission,67.46,2025-08-11 08:28:30,True
S002872,Arsenal vs Man United,Premier League,Club Level,140.29,2025-02-21 12:25:52,False
S003806,Arsenal vs Chelsea,Premier League,Family Enclosure,48.42,2025-03-25 08:25:10,True
S000873,Arsenal vs Brighton,Premier League,General Admission,53.47,2025-04-18 07:41:34,True
S001448,Arsenal vs Luton,Premier League,General Admission,68.76,2025-01-09 21:28:02,True
S002927,Arsenal vs Everton,Premier League,Family Enclosure,50.2,2025-05-21 06:48:20,True
S002283,Arsenal vs Tottenham,Premier League,General Admission,60.99,2025-03-07 10:19:59,True
S002880,Arsenal vs Tottenham,Premier League,Family Enclosure,47.07,2024-12-27 23:05:52,True
S001717,Arsenal vs Real Madrid,Champions League,General Admission,63.2,2025-01-08 14:51:24,True
S004987,Arsenal vs Everton,Premier League,Family Enclosure,49.8,2025-06-03 11:21:01,True
S001704,Arsenal vs Everton,Premier League,Club Level,120.42,2025-05-18 15:59:52,False
S000091,Arsenal vs Man City,Premier League,General Admission,64.67,2025-04-12 10:46:27,False
S002944,Arsenal vs Luton,Premier League,Away End,49.12,2025-08-12 10:43:34,True
S004251,Arsenal vs Chelsea,Premier League,General Admission,53.77,2024-11-24 13:38:11,True
S001965,Arsenal vs Bayern Munich,Champions League,Club Level,136.91,2025-04-29 04:09:18,False
S001053,Arsenal vs Luton,Premier League,Away End,48.59,2024-10-31 14:11:33,True
S002824,Arsenal vs Liverpool,Premier League,General Admission,54.26,2025-04-05 14:37:18,True
S002223,Arsenal vs Sheffield Utd,Carabao Cup,General Admission,64.13,2025-04-26 06:27:10,True
S000349,Arsenal vs Real Madrid,Champions League,Club Level,127.81,2025-08-10 10:54:44,True
S001198,Arsenal vs Brighton,Premier League,Club Level,131.73,2025-03-06 12:24:25,True
S003900,Arsenal vs Fulham,Premier League,Away End,43.19,2025-05-05 15:00:19,True
S000265,Arsenal vs Real Madrid,Champions League,General Admission,53.74,2025-02-09 10:20:01,True
S004532,Arsenal vs Sheffield Utd,Carabao Cup,General Admission,62.17,2024-12-18 09:13:57,True
S003077,Arsenal vs Man City,Premier League,General Admission,57.51,2025-08-19 09:23:03,True
S000376,Arsenal vs Tottenham,Premier League,Hospitality,418.32,2025-08-15 03:00:16,True
S003579,Arsenal vs Fulham,Premier League,Hospitality,400.93,2025-06-04 15:09:56,True
S004008,Arsenal vs Brighton,Premier League,General Admission,52.76,2025-06-26 09:30:05,True
S000041,Arsenal vs Brighton,Premier League,General Admission,53.97,2025-07-31 00:27:12,True
S000614,Arsenal vs Fulham,Premier League,Family Enclosure,51.3,2025-03-04 07:33:18,True
S001257,Arsenal vs Everton,Premier League,Away End,43.15,2025-04-03 22:07:29,True
S001509,Arsenal vs Sheffield Utd,Carabao Cup,Hospitality,386.95,2025-05-12 19:21:10,True
S002212,Arsenal vs Brighton,Premier League,Hospitality,339.31,2025-03-26 17:43:38,True
S004490,Arsenal vs Everton,Premier League,Family Enclosure,45.65,2025-04-24 03:16:16,True
S003153,Arsenal vs Liverpool,Premier League,Away End,37.5,2024-10-15 13:29:12,True
S001350,Arsenal vs Man United,Premier League,General Admission,60.14,2025-03-25 20:06:52,True
S000889,Arsenal vs Tottenham,Premier League,General Admission,57.86,2024-11-03 09:27:44,True
S000890,Arsenal vs Man City,Premier League,Away End,44.69,2025-08-08 06:37:19,True
S004214,Arsenal vs Bayern Munich,Champions League,Hospitality,415.49,2025-01-26 05:56:34,True
S001192,Arsenal vs Brighton,Premier League,General Admission,65.76,2024-12-31 01:37:27,True
S004764,Arsenal vs Liverpool,Premier League,Club Level,130.59,2025-07-07 07:19:02,True
S003926,Arsenal vs Tottenham,Premier League,Away End,36.21,2025-09-15 01:29:11,False
S004819,Arsenal vs Liverpool,Premier League,Club Level,153.52,2025-06-23 09:23:20,True
S000357,Arsenal vs Man City,Premier League,General Admission,67.34,2025-05-06 22:05:59,True
S003403,Arsenal vs Bayern Munich,Champions League,Hospitality,363.96,2025-05-21 02:23:18,True
S001761,Arsenal vs Luton,Premier League,General Admission,64.38,2025-06-28 23:48:11,True
S002443,Arsenal vs Luton,Premier League,Hospitality,349.09,2025-01-22 20:56:01,True
S001320,Arsenal vs Fulham,Premier League,General Admission,55.27,2024-12-03 16:12:33,True
S003807,Arsenal vs Sheffield Utd,Carabao Cup,General Admission,54.41,2025-09-14 01:02:36,True
S000925,Arsenal vs Sheffield Utd,Carabao Cup,General Admission,68.6,2025-02-02 15:57:55,True
S002416,Arsenal vs Fulham,Premier League,General Admission,69.03,2025-05-04 20:42:02,False
S000346,Arsenal vs Real Madrid,Champions League,Club Level,143.43,2024-11-23 19:10:38,True
S004640,Arsenal vs Real Madrid,Champions League,General Admission,71.02,2024-12-03 13:48:12,True
S000625,Arsenal vs Luton,Premier League,General Admission,65.54,2025-05-31 22:22:22,True
S002848,Arsenal vs Sheffield Utd,Carabao Cup,Family Enclosure,55.11,2025-08-16 19:01:26,True
S004679,Arsenal vs Luton,Premier League,General Admission,50.46,2025-08-10 02:26:36,True
S003098,Arsenal vs Tottenham,Premier League,Family Enclosure,52.48,2024-12-11 08:16:29,False
S001135,Arsenal vs Bayern Munich,Champions League,General Admission,50.17,2025-02-17 10:45:16,True
S001106,Arsenal vs Brighton,Premier League,General Admission,71.4,2025-08-07 09:53:30,True
S000114,Arsenal vs Luton,Premier League,General Admission,57.84,2025-02-15 11:04:21,False
S002421,Arsenal vs Liverpool,Premier League,General Admission,62.65,2024-12-02 08:21:09,False
S003958,Arsenal vs Brighton,Premier League,General Admission,50.68,2025-04-18 00:04:31,True
S001497,Arsenal vs Bayern Munich,Champions League,General Admission,64.79,2025-01-21 05:56:11,True
S001543,Arsenal vs Man United,Premier League,Family Enclosure,42.87,2024-12-04 08:06:04,True
S004644,Arsenal vs Chelsea,Premier League,General Admission,59.47,2024-11-26 16:56:41,False
S004439,Arsenal vs Everton,Premier League,General Admission,65.7,2025-01-02 03:59:26,True
S003490,Arsenal vs Luton,Premier League,Away End,47.06,2025-08-21 14:59:14,False
S004831,Arsenal vs Man United,Premier League,Family Enclosure,53.75,2025-08-26 17:43:38,True
S001842,Arsenal vs Sheffield Utd,Carabao Cup,Family Enclosure,43.64,2024-12-26 18:33:24,True
S002844,Arsenal vs Sheffield Utd,Carabao Cup,Hospitality,343.99,2024-10-02 19:25:55,False
S001766,Arsenal vs Man United,Premier League,General Admission,66.46,2025-08-15 08:19:07,True
S000083,Arsenal vs Man City,Premier League,Family Enclosure,52.36,2024-10-31 09:07:59,True
S004641,Arsenal vs Liverpool,Premier League,General Admission,61.43,2025-04-19 09:25:09,True
S003271,Arsenal vs Tottenham,Premier League,Hospitality,372.17,2025-02-01 01:15:20,True
S001952,Arsenal vs Everton,Premier League,General Admission,56.01,2025-05-25 20:21:50,True
S003285,Arsenal vs Everton,Premier League,General Admission,69.13,2025-01-03 07:25:35,False
S004764,Arsenal vs Everton,Premier League,Club Level,142.04,2024-10-14 03:07:49,True
S004650,Arsenal vs Man United,Premier League,Club Level,143.69,2025-04-20 21:30:42,True
S004248,Arsenal vs Liverpool,Premier League,Family Enclosure,44.13,2025-06-21 16:56:28,True
S001225,Arsenal vs Chelsea,Premier League,General Admission,60.83,2024-12-26 07:43:16,True
S002873,Arsenal vs Everton,Premier League,General Admission,64.22,2024-10-12 23:29:30,False
S000260,Arsenal vs Man United,Premier League,Family Enclosure,42.1,2024-11-25 13:44:12,True
S004309,Arsenal vs Man City,Premier League,General Admission,66.29,2025-04-14 23:23:50,True
S000634,Arsenal vs Man United,Premier League,Club Level,108.77,2025-06-25 15:59:34,True
S000611,Arsenal vs Chelsea,Premier League,General Admission,52.29,2025-05-06 14:27:41,False
S001860,Arsenal vs Man City,Premier League,Family Enclosure,50.18,2025-09-01 03:07:52,True
S002059,Arsenal vs Liverpool,Premier League,General Admission,57.07,2025-09-12 07:38:01,True
S004157,Arsenal vs Sheffield Utd,Carabao Cup,Hospitality,424.17,2025-06-25 13:42:52,True
S002291,Arsenal vs Man United,Premier League,General Admission,58.08,2025-04-18 15:44:08,True
S002296,Arsenal vs Sheffield Utd,Carabao Cup,Away End,48.9,2025-06-18 23:06:08,True
S000406,Arsenal vs Man United,Premier League,General Admission,58.66,2025-03-29 14:50:47,False
S003384,Arsenal vs Bayern Munich,Champions League,Club Level,154.23,2024-10-14 02:28:29,False
S002336,Arsenal vs Fulham,Premier League,General Admission,52.98,2025-03-23 06:30:55,True
S002462,Arsenal vs Tottenham,Premier League,Club Level,125.14,2025-09-03 22:20:24,True
S002267,Arsenal vs Chelsea,Premier League,General Admission,64.91,2025-08-20 18:58:54,True
S002081,Arsenal vs Everton,Premier League,General Admission,69.79,2025-01-31 00:15:36,True
S003203,Arsenal vs Luton,Premier League,General Admission,69.31,2025-07-30 07:33:49,True
S000197,Arsenal vs Brighton,Premier League,General Admission,65.76,2025-05-23 06:55:34,False
S002560,Arsenal vs Liverpool,Premier League,Family Enclosure,44.83,2024-10-23 06:26:13,True
S001077,Arsenal vs Sheffield Utd,Carabao Cup,Club Level,133.84,2025-09-04 05:07:14,False
S003235,Arsenal vs Bayern Munich,Champions League,General Admission,62.52,2025-01-01 10:23:57,True
S003391,Arsenal vs Man City,Premier League,Hospitality,453.75,2025-09-14 07:02:14,False
S004124,Arsenal vs Man United,Premier League,General Admission,69.76,2025-07-26 16:26:40,True
S001864,Arsenal vs Everton,Premier League,Club Level,134.85,2025-09-04 22:41:05,True
S004361,Arsenal vs Liverpool,Premier League,Away End,39.5,2025-06-14 06:11:16,True
S002028,Arsenal vs Luton,Premier League,General Admission,53.32,2025-03-16 10:12:58,True
S003992,Arsenal vs Everton,Premier League,General Admission,68.0,2024-12-31 17:39:01,True
S001606,Arsenal vs Sheffield Utd,Carabao Cup,Club Level,121.42,2024-10-13 05:04:49,True
S001152,Arsenal vs Everton,Premier League,Family Enclosure,53.11,2025-01-04 03:21:49,False
S001523,Arsenal vs Sheffield Utd,Carabao Cup,General Admission,71.13,2025-03-28 21:06:58,True
S004535,Arsenal vs Real Madrid,Champions League,Hospitality,374.76,2025-01-30 13:29:07,False
S003027,Arsenal vs Brighton,Premier League,Hospitality,331.78,2025-01-18 09:18:06,True
S002797,Arsenal vs Chelsea,Premier League,General Admission,62.67,2025-01-22 03:50:15,True
S004523,Arsenal vs Sheffield Utd,Carabao Cup,General Admission,68.75,2024-10-04 19:17:57,True
S004628,Arsenal vs Luton,Premier League,Hospitality,345.64,2025-07-31 12:19:28,True
S003008,Arsenal vs Man United,Premier League,General Admission,64.82,2025-05-14 18:06:19,False
S004289,Arsenal vs Man United,Premier League,Hospitality,337.65,2024-10-17 01:05:46,True
S003099,Arsenal vs Brighton,Premier League,General Admission,50.49,2024-11-05 18:07:03,True
S002218,Arsenal vs Sheffield Utd,Carabao Cup,General Admission,54.19,2025-01-31 23:19:34,True
S003966,Arsenal vs Fulham,Premier League,General Admission,50.24,2025-01-25 03:41:13,True
S001169,Arsenal vs Liverpool,Premier League,Away End,51.55,2025-02-21 13:44:58,True
S003285,Arsenal vs Real Madrid,Champions League,General Admission,52.94,2024-10-17 09:20:58,False
S002171,Arsenal vs Everton,Premier League,Club Level,131.36,2024-10-04 10:27:40,False
S003084,Arsenal vs Sheffield Utd,Carabao Cup,General Admission,65.61,2025-06-10 15:12:53,True
S004404,Arsenal vs Man United,Premier League,General Admission,54.87,2025-07-03 04:17:44,True
S002043,Arsenal vs Real Madrid,Champions League,Club Level,149.65,2025-04-03 06:44:13,True
S000773,Arsenal vs Liverpool,Premier League,General Admission,51.02,2024-11-12 13:09:59,True
S003181,Arsenal vs Real Madrid,Champions League,Club Level,133.15,2024-11-07 05:20:55,True
S003667,Arsenal vs Real Madrid,Champions League,Club Level,133.98,2025-06-04 12:27:09,True
S003544,Arsenal vs Liverpool,Premier League,General Admission,52.57,2025-02-24 20:34:02,True
S003680,Arsenal vs Everton,Premier League,General Admission,65.05,2024-11-10 20:10:38,True
S000941,Arsenal vs Man United,Premier League,Family Enclosure,42.82,2024-12-25 01:47:27,False
S000313,Arsenal vs Sheffield Utd,Carabao Cup,General Admission,64.68,2024-12-02 07:48:08,False
S001271,Arsenal vs Man City,Premier League,Hospitality,327.07,2024-12-03 08:56:40,True
S004749,Arsenal vs Brighton,Premier League,Hospitality,404.6,2025-01-04 22:34:23,True
S001326,Arsenal vs Brighton,Premier League,Club Level,120.26,2024-11-20 23:42:03,True
S003014,Arsenal vs Everton,Premier League,General Admission,60.42,2024-10-07 04:49:44,True
S004944,Arsenal vs Tottenham,Premier League,Family Enclosure,47.16,2025-07-20 12:57:56,True
S002298,Arsenal vs Sheffield Utd,Carabao Cup,Away End,36.71,2025-07-04 10:28:44,True
S004550,Arsenal vs Luton,Premier League,Hospitality,326.67,2025-01-13 05:31:11,True
S002404,Arsenal vs Tottenham,Premier League,Family Enclosure,48.51,2025-06-24 06:54:14,False
S002005,Arsenal vs Brighton,Premier League,General Admission,66.35,2024-10-14 11:02:32,True
S003696,Arsenal vs Bayern Munich,Champions League,Club Level,133.28,2025-01-09 01:05:21,True
S003069,Arsenal vs Liverpool,Premier League,Club Level,117.47,2024-10-10 16:20:37,True
S001090,Arsenal vs Fulham,Premier League,General Admission,57.32,2025-01-10 05:04:12,True
S003781,Arsenal vs Chelsea,Premier League,Away End,46.77,2025-08-02 04:50:45,True
S002127,Arsenal vs Chelsea,Premier League,General Admission,51.06,2025-02-19 12:17:19,True
S004250,Arsenal vs Bayern Munich,Champions League,General Admission,67.26,2025-08-25 21:51:46,True
S004758,Arsenal vs Fulham,Premier League,General Admission,61.52,2025-06-13 07:39:23,True
S000369,Arsenal vs Everton,Premier League,Family Enclosure,49.62,2025-02-24 18:22:01,True
S003105,Arsenal vs Brighton,Premier League,Hospitality,333.49,2025-09-16 00:10:10,False
S003669,Arsenal vs Man City,Premier League,General Admission,50.06,2025-05-30 03:10:51,True
S001498,Arsenal vs Chelsea,Premier League,General Admission,53.57,2025-05-24 10:40:21,True
S003898,Arsenal vs Tottenham,Premier League,General Admission,68.44,2025-07-24 21:27:28,True
S004201,Arsenal vs Real Madrid,Champions League,General Admission,52.83,2025-01-24 01:15:36,True
S001262,Arsenal vs Bayern Munich,Champions League,Family Enclosure,53.87,2024-09-25 19:30:46,True
S000942,Arsenal vs Sheffield Utd,Carabao Cup,General Admission,68.45,2025-09-10 00:41:57,True
S004283,Arsenal vs Man City,Premier League,Family Enclosure,41.95,2024-10-30 22:47:33,True
S000176,Arsenal vs Sheffield Utd,Carabao Cup,General Admission,51.33,2024-10-22 10:19:50,True
S003485,Arsenal vs Chelsea,Premier League,Club Level,111.96,2025-03-04 02:46:45,True
S003471,Arsenal vs Bayern Munich,Champions League,General Admission,63.97,2025-04-30 08:48:11,True
S000481,Arsenal vs Brighton,Premier League,General Admission,71.31,2024-11-13 05:17:37,True
S003111,Arsenal vs Man City,Premier League,Family Enclosure,53.85,2025-08-30 03:00:57,True
S000857,Arsenal vs Fulham,Premier League,General Admission,62.18,2025-02-11 20:25:48,True
S001483,Arsenal vs Luton,Premier League,General Admission,54.11,2025-06-18 20:13:36,True
S001731,Arsenal vs Real Madrid,Champions League,Club Level,135.15,2024-10-08 11:19:16,True
S000701,Arsenal vs Fulham,Premier League,General Admission,54.62,2024-11-08 10:41:55,True
S002334,Arsenal vs Real Madrid,Champions League,General Admission,60.31,2025-09-18 09:58:04,False
S004682,Arsenal vs Luton,Premier League,Family Enclosure,41.75,2025-08-23 01:28:02,True
S004324,Arsenal vs Chelsea,Premier League,General Admission,67.18,2025-07-03 04:26:15,True
S001283,Arsenal vs Sheffield Utd,Carabao Cup,General Admission,52.04,2025-01-22 16:07:16,False
S001105,Arsenal vs Man City,Premier League,General Admission,49.8,2025-04-20 13:03:01,True
S002428,Arsenal vs Brighton,Premier League,Club Level,133.65,2024-12-08 05:52:20,True
S003972,Arsenal vs Chelsea,Premier League,General Admission,59.16,2025-09-19 12:02:49,False
S000360,Arsenal vs Liverpool,Premier League,General Admission,66.94,2025-09-02 04:12:13,True
S002931,Arsenal vs Sheffield Utd,Carabao Cup,Hospitality,359.49,2024-10-07 21:48:39,True
S004401,Arsenal vs Luton,Premier League,General Admission,69.98,2025-01-12 20:20:31,True
S003369,Arsenal vs Luton,Premier League,General Admission,66.35,2024-10-23 07:48:49,False
S003720,Arsenal vs Everton,Premier League,Hospitality,378.11,2025-06-02 12:39:11,False
S003077,Arsenal vs Brighton,Premier League,Away End,43.14,2025-04-19 21:24:33,True
S002184,Arsenal vs Fulham,Premier League,General Admission,62.08,2025-04-02 14:03:05,False
S000585,Arsenal vs Sheffield Utd,Carabao Cup,Hospitality,343.25,2024-09-27 20:52:54,True
S004118,Arsenal vs Bayern Munich,Champions League,Away End,43.74,2025-06-27 07:32:53,True
S000217,Arsenal vs Chelsea,Premier League,Hospitality,362.1,2025-09-07 11:17:40,False
S000674,Arsenal vs Tottenham,Premier League,General Admission,57.25,2024-09-23 01:25:12,False
S000857,Arsenal vs Everton,Premier League,Away End,45.59,2025-01-25 13:21:16,False
S002288,Arsenal vs Sheffield Utd,Carabao Cup,Away End,45.56,2025-06-06 04:54:12,False
S000232,Arsenal vs Tottenham,Premier League,General Admission,57.96,2025-06-14 00:53:02,False
S002783,Arsenal vs Man City,Premier League,Family Enclosure,56.2,2024-10-11 15:14:45,True
S002237,Arsenal vs Everton,Premier League,General Admission,61.58,2025-09-17 19:18:24,True
S002489,Arsenal vs Tottenham,Premier League,General Admission,68.79,2025-07-29 03:48:37,True
S001116,Arsenal vs Man City,Premier League,General Admission,57.0,2024-12-14 07:41:05,True
S000048,Arsenal vs Luton,Premier League,General Admission,56.25,2025-04-12 00:45:44,True
S000356,Arsenal vs Man City,Premier League,Club Level,132.91,2025-07-25 10:04:15,True
S003604,Arsenal vs Luton,Premier League,Club Level,119.11,2025-04-28 02:01:32,True
S004512,Arsenal vs Everton,Premier League,Club Level,144.7,2025-03-22 13:09:00,True
S002279,Arsenal vs Liverpool,Premier League,General Admission,69.45,2025-02-12 00:41:55,True
S004548,Arsenal vs Brighton,Premier League,General Admission,70.86,2024-11-23 19:30:19,False
S003829,Arsenal vs Brighton,Premier League,General Admission,62.21,2025-04-05 11:01:43,True
S000823,Arsenal vs Sheffield Utd,Carabao Cup,General Admission,65.38,2025-03-17 00:05:09,True
S002564,Arsenal vs Man United,Premier League,Away End,43.51,2025-01-18 10:39:13,True
S002753,Arsenal vs Man City,Premier League,Away End,39.02,2025-06-22 05:59:33,True
S004058,Arsenal vs Everton,Premier League,Away End,43.18,2025-02-24 11:10:46,True
S001181,Arsenal vs Man United,Premier League,General Admission,55.11,2025-02-17 11:59:00,True
S003974,Arsenal vs Luton,Premier League,General Admission,62.42,2024-11-05 10:43:22,True
S000542,Arsenal vs Luton,Premier League,Hospitality,409.18,2025-08-14 01:17:57,False
S004494,Arsenal vs Real Madrid,Champions League,Family Enclosure,49.26,2025-08-14 15:09:23,False
S002390,Arsenal vs Brighton,Premier League,General Admission,50.78,2025-06-26 20:41:25,True
S004933,Arsenal vs Brighton,Premier League,Away End,39.07,2024-12-31 09:37:10,True
S003404,Arsenal vs Man City,Premier League,Club Level,144.63,2025-01-21 07:23:59,True
S002890,Arsenal vs Liverpool,Premier League,General Admission,66.79,2025-01-09 22:24:19,True
S004186,Arsenal vs Bayern Munich,Champions League,Club Level,137.14,2025-03-07 03:02:21,True
S002502,Arsenal vs Liverpool,Premier League,Club Level,110.63,2025-08-10 18:08:24,True
S004670,Arsenal vs Real Madrid,Champions League,Club Level,137.65,2025-03-31 23:58:43,True
S001955,Arsenal vs Real Madrid,Champions League,General Admission,69.82,2025-07-14 21:34:00,True
S002384,Arsenal vs Man City,Premier League,General Admission,68.0,2025-01-21 00:16:26,True
S000451,Arsenal vs Bayern Munich,Champions League,General Admission,65.77,2025-03-22 03:45:35,True
S001614,Arsenal vs Man United,Premier League,General Admission,52.92,2025-09-03 14:27:41,True
S002290,Arsenal vs Bayern Munich,Champions League,Away End,39.09,2025-02-13 07:02:28,True
S001890,Arsenal vs Man United,Premier League,General Admission,51.23,2025-07-25 19:27:06,True
S003489,Arsenal vs Fulham,Premier League,Away End,36.08,2025-02-12 23:02:33,True
S002548,Arsenal vs Man United,Premier League,Hospitality,388.2,2025-04-23 12:16:54,True
S003771,Arsenal vs Luton,Premier League,Family Enclosure,47.71,2025-08-06 00:54:00,False
S003454,Arsenal vs Fulham,Premier League,Family Enclosure,49.94,2025-05-25 06:05:10,False
S004158,Arsenal vs Real Madrid,Champions League,General Admission,69.66,2025-07-16 00:34:26,True
S003977,Arsenal vs Chelsea,Premier League,Club Level,109.08,2024-10-30 01:38:40,True
S000332,Arsenal vs Bayern Munich,Champions League,Hospitality,392.55,2024-10-26 07:48:15,True
S001415,Arsenal vs Man City,Premier League,Club Level,149.17,2025-05-03 14:49:21,True
S000056,Arsenal vs Liverpool,Premier League,General Admission,55.0,2025-07-26 15:05:37,False
S004527,Arsenal vs Sheffield Utd,Carabao Cup,General Admission,55.07,2025-07-05 09:40:21,False
S004677,Arsenal vs Liverpool,Premier League,General Admission,64.43,2025-07-29 09:56:36,True
S004565,Arsenal vs Chelsea,Premier League,Club Level,147.99,2024-12-19 20:30:10,True
S001472,Arsenal vs Bayern Munich,Champions League,Away End,42.72,2025-02-07 07:39:59,True
S003023,Arsenal vs Man City,Premier League,Club Level,109.88,2025-01-17 08:31:46,False
S004337,Arsenal vs Man United,Premier League,General Admission,68.75,2025-05-27 03:57:55,False
S002760,Arsenal vs Man United,Premier League,Hospitality,433.0,2025-05-30 01:18:03,False
S000988,Arsenal vs Tottenham,Premier League,Club Level,112.23,2025-07-30 10:32:46,True
S001551,Arsenal vs Fulham,Premier League,General Admission,58.75,2025-01-05 21:04:25,True
S003295,Arsenal vs Tottenham,Premier League,General Admission,54.4,2025-09-19 19:28:27,True
S004839,Arsenal vs Liverpool,Premier League,Family Enclosure,51.18,2025-04-15 02:06:50,True
S002521,Arsenal vs Sheffield Utd,Carabao Cup,General Admission,59.98,2025-07-23 02:45:23,True
S000097,Arsenal vs Chelsea,Premier League,Family Enclosure,47.11,2024-12-06 02:16:47,True
S000610,Arsenal vs Brighton,Premier League,Family Enclosure,57.35,2025-02-21 09:01:01,True
S003700,Arsenal vs Man United,Premier League,Family Enclosure,50.32,2025-02-04 01:43:00,True
S004577,Arsenal vs Man City,Premier League,Club Level,131.34,2025-02-21 18:47:22,False
S002475,Arsenal vs Man United,Premier League,Hospitality,422.62,2025-07-26 22:01:27,True
S003071,Arsenal vs Man United,Premier League,Club Level,150.25,2025-03-02 20:00:20,True
S004152,Arsenal vs Chelsea,Premier League,Club Level,144.19,2024-11-08 04:43:08,True
S001830,Arsenal vs Man United,Premier League,Hospitality,371.34,2025-07-02 20:05:57,False
S003386,Arsenal vs Real Madrid,Champions League,Away End,38.95,2025-02-11 13:55:34,True
S001359,Arsenal vs Bayern Munich,Champions League,Hospitality,393.09,2025-03-23 17:41:33,False
S002889,Arsenal vs Tottenham,Premier League,General Admission,58.57,2024-12-09 17:46:35,False
S003573,Arsenal vs Brighton,Premier League,General Admission,60.9,2025-07-09 22:37:55,False
S004406,Arsenal vs Real Madrid,Champions League,General Admission,53.4,2025-04-13 21:03:53,True
S000923,Arsenal vs Chelsea,Premier League,General Admission,65.13,2025-07-03 06:05:20,True
S001652,Arsenal vs Real Madrid,Champions League,Club Level,154.61,2025-06-16 10:48:12,True
S000359,Arsenal vs Man City,Premier League,Hospitality,433.35,2025-05-30 06:51:42,True
S004763,Arsenal vs Liverpool,Premier League,General Admission,49.59,2025-08-27 04:14:41,True
S004668,Arsenal vs Bayern Munich,Champions League,Hospitality,316.88,2025-01-27 20:58:52,True
S002969,Arsenal vs Everton,Premier League,General Admission,63.18,2024-09-29 06:26:14,True
S001492,Arsenal vs Brighton,Premier League,General Admission,55.25,2025-04-08 12:24:04,True
S001138,Arsenal vs Chelsea,Premier League,General Admission,68.2,2024-12-06 17:27:57,True
S004489,Arsenal vs Fulham,Premier League,Away End,40.78,2025-02-26 09:30:48,True
S003066,Arsenal vs Liverpool,Premier League,General Admission,56.6,2024-11-25 08:54:44,True
S002331,Arsenal vs Man United,Premier League,General Admission,52.14,2025-04-09 13:07:35,True
S000059,Arsenal vs Sheffield Utd,Carabao Cup,Club Level,129.22,2025-08-21 04:46:01,True
S003129,Arsenal vs Real Madrid,Champions League,Club Level,141.43,2025-07-13 07:35:02,False
S001951,Arsenal vs Brighton,Premier League,General Admission,58.33,2024-10-26 11:27:10,True
S002436,Arsenal vs Man United,Premier League,Hospitality,417.08,2024-11-15 12:01:58,False
S002587,Arsenal vs Chelsea,Premier League,Club Level,111.61,2024-10-18 07:45:14,True
S001394,Arsenal vs Everton,Premier League,General Admission,58.25,2024-11-20 06:57:03,True
S003492,Arsenal vs Luton,Premier League,Club Level,130.4,2025-01-20 19:30:46,True
S004059,Arsenal vs Brighton,Premier League,General Admission,69.52,2025-02-04 04:13:52,True
S000986,Arsenal vs Man City,Premier League,Club Level,147.72,2025-01-20 03:42:39,True
S000277,Arsenal vs Real Madrid,Champions League,Family Enclosure,49.3,2024-11-05 22:16:08,False
S000130,Arsenal vs Tottenham,Premier League,Hospitality,426.27,2024-09-23 08:30:29,True
S003436,Arsenal vs Everton,Premier League,General Admission,50.92,2025-01-08 00:10:10,True
S002265,Arsenal vs Real Madrid,Champions League,Away End,46.02,2024-11-15 06:50:09,True
S001869,Arsenal vs Man United,Premier League,General Admission,50.64,2025-07-31 21:04:12,False
S000804,Arsenal vs Man City,Premier League,General Admission,68.65,2025-07-20 19:05:11,True
S003759,Arsenal vs Tottenham,Premier League,Club Level,149.87,2025-07-07 21:58:19,True
S000563,Arsenal vs Sheffield Utd,Carabao Cup,Club Level,155.2,2025-09-17 11:18:36,True
S003849,Arsenal vs Luton,Premier League,Hospitality,325.71,2025-04-16 04:53:29,True
S000007,Arsenal vs Fulham,Premier League,Family Enclosure,52.74,2024-10-27 06:25:52,True
S000771,Arsenal vs Tottenham,Premier League,Away End,47.36,2025-07-12 23:36:00,True
S003975,Arsenal vs Man City,Premier League,Away End,51.5,2025-08-17 00:31:34,True
S003073,Arsenal vs Brighton,Premier League,Hospitality,321.42,2024-09-30 03:44:47,True
S001960,Arsenal vs Real Madrid,Champions League,Club Level,138.59,2025-01-09 14:41:02,True
S001406,Arsenal vs Everton,Premier League,General Admission,50.1,2025-04-01 00:06:46,True
S001403,Arsenal vs Brighton,Premier League,General Admission,52.43,2024-10-13 20:51:21,True
S003661,Arsenal vs Everton,Premier League,Club Level,155.18,2025-07-05 17:40:22,True
S002921,Arsenal vs Fulham,Premier League,Away End,49.33,2025-08-17 07:58:13,True
S001961,Arsenal vs Tottenham,Premier League,Hospitality,424.84,2024-12-21 08:59:27,True
S000481,Arsenal vs Fulham,Premier League,General Admission,63.12,2024-11-28 15:28:45,True
S000436,Arsenal vs Man United,Premier League,General Admission,50.08,2024-10-23 00:00:08,True
S001037,Arsenal vs Bayern Munich,Champions League,Club Level,115.1,2024-10-13 20:09:10,True
S003820,Arsenal vs Brighton,Premier League,Hospitality,454.69,2025-09-14 14:53:41,True
S001442,Arsenal vs Bayern Munich,Champions League,Away End,44.34,2024-12-13 07:04:03,True
S003783,Arsenal vs Tottenham,Premier League,Family Enclosure,50.36,2024-10-18 14:23:18,False
S002278,Arsenal vs Chelsea,Premier League,General Admission,61.1,2025-08-03 04:36:19,True
S001698,Arsenal vs Man United,Premier League,Hospitality,317.85,2025-03-29 17:21:28,False
S003888,Arsenal vs Tottenham,Premier League,General Admission,53.92,2024-11-24 14:07:04,False
S004855,Arsenal vs Brighton,Premier League,Away End,36.12,2025-04-13 11:12:36,False
S002448,Arsenal vs Bayern Munich,Champions League,Family Enclosure,53.19,2025-06-29 03:34:51,True
S002177,Arsenal vs Fulham,Premier League,Club Level,131.83,2025-08-13 07:19:59,True
S000967,Arsenal vs Bayern Munich,Champions League,General Admission,66.92,2025-07-31 03:44:42,True
S004733,Arsenal vs Everton,Premier League,General Admission,66.92,2025-07-24 10:35:55,True
S001889,Arsenal vs Brighton,Premier League,General Admission,51.97,2025-09-20 00:42:28,True
S004235,Arsenal vs Luton,Premier League,General Admission,62.47,2024-10-27 19:42:01,True
S003974,Arsenal vs Man United,Premier League,Family Enclosure,47.71,2025-09-16 18:08:02,True
S003841,Arsenal vs Fulham,Premier League,Club Level,137.75,2024-10-11 17:44:00,True
S001478,Arsenal vs Chelsea,Premier League,Club Level,119.88,2025-08-11 11:22:17,True
S003361,Arsenal vs Man City,Premier League,Hospitality,362.54,2024-10-02 06:17:31,True
S002305,Arsenal vs Fulham,Premier League,Family Enclosure,45.41,2024-10-27 08:50:13,True
S001343,Arsenal vs Brighton,Premier League,General Admission,64.88,2025-05-29 15:58:35,True
S002618,Arsenal vs Sheffield Utd,Carabao Cup,General Admission,50.01,2024-12-27 16:52:31,True
S000970,Arsenal vs Tottenham,Premier League,Family Enclosure,41.8,2024-12-30 21:50:34,True
S003289,Arsenal vs Man City,Premier League,General Admission,62.78,2025-06-21 05:02:26,True
S003490,Arsenal vs Real Madrid,Champions League,General Admission,54.43,2025-07-28 06:50:02,True
S003955,Arsenal vs Bayern Munich,Champions League,General Admission,63.07,2025-01-28 15:04:13,False
S002222,Arsenal vs Chelsea,Premier League,Club Level,142.58,2025-07-12 14:53:43,True
S001945,Arsenal vs Tottenham,Premier League,Club Level,112.9,2025-09-04 06:22:17,True
S004907,Arsenal vs Man United,Premier League,General Admission,64.42,2024-12-28 08:22:05,True
S004511,Arsenal vs Man United,Premier League,Club Level,119.52,2025-05-09 23:07:06,True
S001791,Arsenal vs Sheffield Utd,Carabao Cup,Family Enclosure,42.7,2024-12-01 23:18:17,True
S002092,Arsenal vs Tottenham,Premier League,General Admission,60.13,2024-10-19 16:27:22,True
S003713,Arsenal vs Tottenham,Premier League,General Admission,64.67,2025-06-12 05:50:57,False
S000098,Arsenal vs Fulham,Premier League,Hospitality,347.86,2025-04-28 07:48:41,True
S000310,Arsenal vs Fulham,Premier League,General Admission,62.19,2025-03-26 19:58:53,True
S001364,Arsenal vs Man United,Premier League,General Admission,65.87,2025-08-14 14:18:12,False
S004325,Arsenal vs Chelsea,Premier League,General Admission,58.62,2025-01-27 15:09:57,False
S004961,Arsenal vs Everton,Premier League,General Admission,50.64,2025-07-18 17:38:38,True
S003633,Arsenal vs Brighton,Premier League,Club Level,133.14,2024-11-06 13:41:08,True
S004146,Arsenal vs Sheffield Utd,Carabao Cup,General Admission,49.55,2024-12-07 18:00:11,True
S001051,Arsenal vs Fulham,Premier League,Family Enclosure,44.85,2025-02-13 08:49:04,True
S002469,Arsenal vs Chelsea,Premier League,Club Level,143.66,2024-11-22 23:23:50,True
S001090,Arsenal vs Bayern Munich,Champions League,Away End,36.89,2025-07-05 15:37:42,True
S000569,Arsenal vs Luton,Premier League,General Admission,69.7,2025-06-01 04:18:50,True
S004467,Arsenal vs Man United,Premier League,Club Level,119.05,2025-04-20 09:17:47,True
S001419,Arsenal vs Real Madrid,Champions League,General Admission,68.02,2025-04-21 22:09:13,False
S000447,Arsenal vs Sheffield Utd,Carabao Cup,Family Enclosure,48.23,2024-11-13 19:31:02,False
S004040,Arsenal vs Tottenham,Premier League,General Admission,66.58,2024-10-01 08:48:12,True
S003644,Arsenal vs Luton,Premier League,Family Enclosure,56.65,2024-12-01 04:29:46,True
S003952,Arsenal vs Chelsea,Premier League,Club Level,111.86,2025-05-26 19:18:41,True
S000911,Arsenal vs Liverpool,Premier League,General Admission,58.22,2025-03-11 02:03:19,True
S002447,Arsenal vs Man United,Premier League,Club Level,120.09,2025-04-09 22:30:46,True
S004612,Arsenal vs Brighton,Premier League,Family Enclosure,46.08,2024-10-29 14:24:56,True
S003707,Arsenal vs Bayern Munich,Champions League,Club Level,109.5,2024-11-21 13:45:32,True
S000127,Arsenal vs Everton,Premier League,Hospitality,449.33,2025-08-08 09:47:53,True
S002708,Arsenal vs Bayern Munich,Champions League,Family Enclosure,45.07,2025-05-23 05:29:19,False
S002806,Arsenal vs Real Madrid,Champions League,General Admission,58.94,2025-07-10 03:55:25,True
S001941,Arsenal vs Bayern Munich,Champions League,Family Enclosure,41.95,2025-02-23 11:50:17,True
S001928,Arsenal vs Bayern Munich,Champions League,General Admission,63.77,2025-09-04 10:57:31,True
S001495,Arsenal vs Sheffield Utd,Carabao Cup,General Admission,58.12,2025-01-27 05:13:51,False
S002353,Arsenal vs Chelsea,Premier League,General Admission,65.34,2025-03-01 02:29:50,False
S000879,Arsenal vs Bayern Munich,Champions League,General Admission,62.91,2025-03-12 11:12:46,False
S004131,Arsenal vs Liverpool,Premier League,General Admission,54.77,2025-01-26 15:28:10,True
S001762,Arsenal vs Luton,Premier League,Away End,51.6,2025-05-23 13:20:18,True
S003021,Arsenal vs Real Madrid,Champions League,Hospitality,318.55,2025-09-02 12:33:07,True
S004253,Arsenal vs Bayern Munich,Champions League,General Admission,52.81,2024-10-14 04:42:43,True
S004023,Arsenal vs Sheffield Utd,Carabao Cup,Hospitality,319.58,2025-04-28 20:34:33,True
S004686,Arsenal vs Man City,Premier League,General Admission,71.19,2025-01-05 05:12:52,True
S002275,Arsenal vs Tottenham,Premier League,General Admission,65.24,2025-08-01 12:12:53,True
S002543,Arsenal vs Luton,Premier League,General Admission,58.46,2025-01-16 09:24:52,False
S001930,Arsenal vs Man United,Premier League,General Admission,68.36,2024-12-10 07:09:17,True
S004843,Arsenal vs Chelsea,Premier League,General Admission,58.92,2025-05-01 01:56:09,True
S001574,Arsenal vs Brighton,Premier League,General Admission,52.44,2025-02-16 04:26:22,True
S002137,Arsenal vs Sheffield Utd,Carabao Cup,Club Level,137.4,2025-01-02 20:20:15,True
S003040,Arsenal vs Man City,Premier League,Away End,39.8,2025-03-20 09:56:02,True
S004116,Arsenal vs Tottenham,Premier League,Club Level,141.05,2025-06-12 19:00:44,True
S004873,Arsenal vs Liverpool,Premier League,General Admission,64.17,2025-07-17 19:15:51,True
S001216,Arsenal vs Brighton,Premier League,General Admission,63.13,2025-02-13 13:28:24,True
S001136,Arsenal vs Luton,Premier League,Club Level,136.26,2024-12-24 00:31:00,True
S004130,Arsenal vs Real Madrid,Champions League,Club Level,112.82,2024-12-22 09:04:27,True
S003280,Arsenal vs Man United,Premier League,Hospitality,449.65,2025-04-22 09:18:18,False
S000901,Arsenal vs Tottenham,Premier League,Hospitality,425.69,2024-11-03 15:50:50,False
S000843,Arsenal vs Sheffield Utd,Carabao Cup,General Admission,59.11,2025-05-09 21:20:45,True
S000300,Arsenal vs Chelsea,Premier League,Away End,37.74,2025-03-30 13:26:39,True
S004743,Arsenal vs Sheffield Utd,Carabao Cup,Club Level,141.53,2025-06-10 19:37:06,False
S003739,Arsenal vs Sheffield Utd,Carabao Cup,Away End,45.16,2025-03-28 08:21:26,True
S000772,Arsenal vs Everton,Premier League,Family Enclosure,51.69,2024-12-10 23:23:47,False
S002579,Arsenal vs Bayern Munich,Champions League,Club Level,124.49,2025-09-16 22:56:05,True
S003139,Arsenal vs Fulham,Premier League,General Admission,64.32,2025-05-11 03:59:34,True
S002643,Arsenal vs Bayern Munich,Champions League,Hospitality,435.9,2025-07-26 13:02:13,True
S001327,Arsenal vs Liverpool,Premier League,Hospitality,403.65,2024-10-18 10:01:49,False
S000156,Arsenal vs Fulham,Premier League,Club Level,124.9,2025-04-10 04:11:54,False
S000667,Arsenal vs Everton,Premier League,Family Enclosure,50.49,2025-03-11 01:09:32,True
S004822,Arsenal vs Man City,Premier League,Family Enclosure,53.75,2025-02-22 09:19:59,False
S004142,Arsenal vs Brighton,Premier League,General Admission,59.93,2025-09-01 08:35:36,True
S004390,Arsenal vs Liverpool,Premier League,Club Level,137.04,2025-05-19 07:08:22,True
S002542,Arsenal vs Man United,Premier League,Hospitality,381.46,2025-08-16 05:23:17,True
S003372,Arsenal vs Luton,Premier League,General Admission,53.75,2024-10-30 00:21:59,True
S001403,Arsenal vs Fulham,Premier League,General Admission,53.53,2025-04-17 11:28:06,False
S000220,Arsenal vs Fulham,Premier League,Family Enclosure,55.49,2025-05-07 08:37:46,True
S002233,Arsenal vs Real Madrid,Champions League,General Admission,54.96,2025-05-21 04:04:23,True
S000955,Arsenal vs Luton,Premier League,General Admission,69.1,2025-09-15 02:45:57,False
S002186,Arsenal vs Bayern Munich,Champions League,Hospitality,406.42,2024-09-28 09:12:14,True
S000224,Arsenal vs Sheffield Utd,Carabao Cup,General Admission,51.23,2025-08-29 17:32:34,True
S004510,Arsenal vs Man City,Premier League,Club Level,113.96,2025-04-10 09:26:21,True
S000730,Arsenal vs Real Madrid,Champions League,Family Enclosure,53.03,2025-06-29 07:36:18,False
S000768,Arsenal vs Chelsea,Premier League,General Admission,63.96,2025-09-03 19:56:00,True
S001224,Arsenal vs Bayern Munich,Champions League,General Admission,61.2,2025-04-29 17:55:36,True
S003924,Arsenal vs Bayern Munich,Champions League,Hospitality,344.54,2025-08-19 09:57:22,True
S000689,Arsenal vs Sheffield Utd,Carabao Cup,Family Enclosure,45.71,2025-09-01 00:32:15,True
S004910,Arsenal vs Tottenham,Premier League,Club Level,153.65,2024-11-07 22:29:07,True
S003723,Arsenal vs Brighton,Premier League,Club Level,121.51,2025-08-06 14:38:27,True
S000869,Arsenal vs Brighton,Premier League,General Admission,61.82,2025-03-12 20:47:29,True
S003067,Arsenal vs Luton,Premier League,Hospitality,448.01,2025-08-02 00:59:06,True
S000797,Arsenal vs Real Madrid,Champions League,General Admission,56.1,2025-08-16 08:25:33,True
S002923,Arsenal vs Bayern Munich,Champions League,Club Level,145.17,2025-05-21 06:25:46,True
S001044,Arsenal vs Man United,Premier League,Club Level,118.65,2025-06-10 15:11:04,True
S004050,Arsenal vs Tottenham,Premier League,Club Level,153.01,2025-03-24 12:29:48,True
S003917,Arsenal vs Liverpool,Premier League,General Admission,62.35,2025-02-13 06:27:49,True
S002423,Arsenal vs Liverpool,Premier League,Club Level,120.92,2025-01-01 04:42:41,True
S003908,Arsenal vs Luton,Premier League,General Admission,67.59,2025-01-18 03:08:01,True
S003107,Arsenal vs Everton,Premier League,General Admission,60.83,2025-09-03 15:16:17,True
S002936,Arsenal vs Bayern Munich,Champions League,General Admission,65.86,2024-12-19 01:00:37,False
S004061,Arsenal vs Brighton,Premier League,General Admission,58.57,2025-04-18 14:15:18,True
S002293,Arsenal vs Man United,Premier League,General Admission,57.45,2024-11-07 01:19:55,True
S003713,Arsenal vs Man United,Premier League,Family Enclosure,46.98,2024-11-16 06:28:21,True
S000743,Arsenal vs Man City,Premier League,Hospitality,358.94,2025-04-28 09:25:16,True
S004247,Arsenal vs Sheffield Utd,Carabao Cup,Club Level,130.9,2025-09-18 22:03:06,False
S004883,Arsenal vs Liverpool,Premier League,Family Enclosure,52.62,2025-05-22 15:30:19,False
S000720,Arsenal vs Bayern Munich,Champions League,General Admission,54.0,2025-06-23 14:42:25,False
S001178,Arsenal vs Man City,Premier League,Family Enclosure,48.84,2024-09-24 21:12:03,False
S004873,Arsenal vs Real Madrid,Champions League,General Admission,54.57,2025-06-21 22:21:40,True
S001138,Arsenal vs Sheffield Utd,Carabao Cup,General Admission,50.82,2025-01-22 00:39:58,True
S004615,Arsenal vs Sheffield Utd,Carabao Cup,Away End,39.99,2024-11-11 23:45:40,True
S000065,Arsenal vs Sheffield Utd,Carabao Cup,General Admission,58.44,2024-12-02 20:15:32,False
S004126,Arsenal vs Liverpool,Premier League,General Admission,54.31,2024-11-13 20:29:15,True
S001513,Arsenal vs Luton,Premier League,General Admission,70.05,2025-07-07 18:24:02,True
S004965,Arsenal vs Everton,Premier League,Family Enclosure,44.09,2024-12-30 22:57:47,True
S004934,Arsenal vs Tottenham,Premier League,General Admission,71.15,2024-11-04 11:59:11,True
S003851,Arsenal vs Sheffield Utd,Carabao Cup,Away End,50.14,2025-03-16 09:58:22,True
S000494,Arsenal vs Sheffield Utd,Carabao Cup,Family Enclosure,42.42,2025-04-02 03:18:59,True
S002839,Arsenal vs Man City,Premier League,Family Enclosure,41.97,2024-12-25 21:57:10,True
S003631,Arsenal vs Bayern Munich,Champions League,General Admission,57.79,2024-11-16 00:10:41,True
S003808,Arsenal vs Fulham,Premier League,General Admission,55.21,2025-04-26 15:59:34,True
S002289,Arsenal vs Bayern Munich,Champions League,Family Enclosure,41.85,2024-12-22 19:38:37,True
S000695,Arsenal vs Fulham,Premier League,Away End,49.77,2024-09-27 22:09:36,False
S003919,Arsenal vs Bayern Munich,Champions League,General Admission,70.38,2025-02-06 04:42:32,True
S001127,Arsenal vs Tottenham,Premier League,General Admission,51.43,2024-09-25 18:24:26,True
S000748,Arsenal vs Man United,Premier League,General Admission,58.02,2024-10-20 15:08:59,True
S001645,Arsenal vs Sheffield Utd,Carabao Cup,Hospitality,334.86,2025-02-22 12:19:12,True
S004815,Arsenal vs Fulham,Premier League,Away End,37.45,2025-02-12 02:03:19,False
S004440,Arsenal vs Brighton,Premier League,General Admission,70.48,2024-10-29 16:33:56,True
S004957,Arsenal vs Real Madrid,Champions League,General Admission,60.66,2025-01-04 12:14:54,True
S001590,Arsenal vs Sheffield Utd,Carabao Cup,Family Enclosure,52.71,2025-06-24 10:44:42,True
S002758,Arsenal vs Man United,Premier League,General Admission,63.66,2025-06-28 15:19:53,True
S001059,Arsenal vs Sheffield Utd,Carabao Cup,General Admission,58.46,2025-01-07 06:25:49,False
S000507,Arsenal vs Tottenham,Premier League,Family Enclosure,47.5,2025-01-15 03:11:29,True
S003148,Arsenal vs Brighton,Premier League,General Admission,64.14,2025-05-10 18:17:19,False
S003637,Arsenal vs Man City,Premier League,General Admission,56.35,2025-03-30 08:52:55,True
S001160,Arsenal vs Chelsea,Premier League,General Admission,55.11,2025-04-04 21:51:41,True
S002067,Arsenal vs Man United,Premier League,Club Level,148.42,2025-08-27 09:37:14,True
S003519,Arsenal vs Everton,Premier League,Hospitality,448.75,2025-07-01 17:02:04,True
S003121,Arsenal vs Real Madrid,Champions League,General Admission,55.48,2025-09-17 11:23:59,True
S003854,Arsenal vs Sheffield Utd,Carabao Cup,General Admission,57.97,2025-01-09 02:08:01,True
S003517,Arsenal vs Sheffield Utd,Carabao Cup,General Admission,68.22,2025-09-07 23:42:22,True
S003992,Arsenal vs Luton,Premier League,General Admission,67.49,2025-03-06 09:18:30,True
S004618,Arsenal vs Fulham,Premier League,General Admission,54.55,2025-03-04 06:31:57,False
S002551,Arsenal vs Fulham,Premier League,General Admission,62.78,2025-02-11 18:40:33,True
S002122,Arsenal vs Chelsea,Premier League,General Admission,65.94,2025-02-01 12:37:02,True
S002708,Arsenal vs Luton,Premier League,Club Level,143.09,2025-07-03 16:11:49,False
S003032,Arsenal vs Fulham,Premier League,Away End,46.42,2024-11-22 03:28:37,True
S000543,Arsenal vs Tottenham,Premier League,Club Level,155.58,2024-10-01 19:19:51,True
S000993,Arsenal vs Luton,Premier League,Family Enclosure,42.42,2025-03-24 01:55:18,True
S000092,Arsenal vs Tottenham,Premier League,Family Enclosure,40.61,2025-06-22 18:10:15,True
S002268,Arsenal vs Bayern Munich,Champions League,General Admission,63.76,2024-10-05 02:22:48,True
S002851,Arsenal vs Bayern Munich,Champions League,General Admission,50.36,2025-09-08 06:05:05,True
S002727,Arsenal vs Sheffield Utd,Carabao Cup,Hospitality,367.65,2024-11-04 14:51:41,True
S000753,Arsenal vs Everton,Premier League,Club Level,110.23,2025-01-23 14:54:23,False
S003408,Arsenal vs Luton,Premier League,General Admission,61.28,2025-05-16 15:40:31,True
S001672,Arsenal vs Bayern Munich,Champions League,Hospitality,412.16,2025-03-28 14:26:37,True
S004145,Arsenal vs Man City,Premier League,General Admission,65.74,2024-12-19 03:42:28,True
S003985,Arsenal vs Brighton,Premier League,Club Level,151.74,2025-06-28 07:00:20,True
S003251,Arsenal vs Fulham,Premier League,Club Level,144.22,2024-12-24 16:20:42,False
S002180,Arsenal vs Sheffield Utd,Carabao Cup,General Admission,58.88,2025-03-02 17:14:51,True
S002762,Arsenal vs Bayern Munich,Champions League,General Admission,69.21,2025-08-03 08:15:52,True
S003418,Arsenal vs Man City,Premier League,Family Enclosure,48.71,2024-12-27 16:34:57,True
S002722,Arsenal vs Man City,Premier League,Hospitality,422.27,2025-03-17 07:38:28,True
S004777,Arsenal vs Real Madrid,Champions League,Club Level,142.83,2024-12-27 08:03:35,False
S004429,Arsenal vs Fulham,Premier League,Club Level,136.43,2024-11-25 10:23:27,True
S004449,Arsenal vs Bayern Munich,Champions League,Away End,40.4,2025-01-13 21:39:35,True
S001792,Arsenal vs Man City,Premier League,General Admission,62.19,2025-08-26 22:17:04,True
S002901,Arsenal vs Chelsea,Premier League,Hospitality,322.58,2025-08-09 00:06:53,True
S000350,Arsenal vs Real Madrid,Champions League,Away End,46.1,2025-02-13 06:40:01,True
S002383,Arsenal vs Bayern Munich,Champions League,General Admission,65.02,2024-12-17 03:58:39,True
S001345,Arsenal vs Bayern Munich,Champions League,General Admission,63.86,2025-09-02 14:47:43,False
S003515,Arsenal vs Sheffield Utd,Carabao Cup,Family Enclosure,42.31,2024-12-01 07:06:24,True
S003441,Arsenal vs Everton,Premier League,General Admission,57.88,2025-07-07 19:56:52,True
S000529,Arsenal vs Bayern Munich,Champions League,Family Enclosure,46.0,2024-10-13 18:54:24,True
S002595,Arsenal vs Brighton,Premier League,Family Enclosure,54.51,2025-07-07 03:00:38,True
S000837,Arsenal vs Everton,Premier League,General Admission,54.72,2025-06-23 18:18:14,True
S000152,Arsenal vs Brighton,Premier League,Club Level,111.9,2025-06-12 16:56:33,True
S002516,Arsenal vs Liverpool,Premier League,General Admission,68.36,2025-05-19 16:31:47,True
S000501,Arsenal vs Brighton,Premier League,Club Level,131.65,2025-07-03 00:34:35,True
S004378,Arsenal vs Man United,Premier League,General Admission,62.28,2025-07-23 00:45:42,True
S001167,Arsenal vs Man United,Premier League,General Admission,65.62,2025-01-28 15:30:39,True
S004377,Arsenal vs Chelsea,Premier League,Away End,43.2,2025-03-27 20:48:38,False
S003765,Arsenal vs Fulham,Premier League,General Admission,70.87,2025-07-19 10:38:04,True
S001701,Arsenal vs Brighton,Premier League,Club Level,139.48,2025-06-01 22:58:30,False
S000369,Arsenal vs Liverpool,Premier League,Club Level,118.15,2025-02-27 05:33:32,True
S000077,Arsenal vs Fulham,Premier League,General Admission,51.22,2025-06-11 03:02:41,True
S002158,Arsenal vs Luton,Premier League,Family Enclosure,55.78,2025-06-04 04:56:09,True
S000272,Arsenal vs Everton,Premier League,Away End,37.53,2025-07-08 05:26:30,True
S000151,Arsenal vs Everton,Premier League,General Admission,60.32,2025-01-28 01:57:04,False
S001435,Arsenal vs Bayern Munich,Champions League,Club Level,143.65,2025-02-01 14:09:25,True
S001255,Arsenal vs Bayern Munich,Champions League,Away End,47.82,2025-04-26 09:41:42,True
S004449,Arsenal vs Fulham,Premier League,Club Level,146.79,2025-06-19 18:20:25,True
S004611,Arsenal vs Bayern Munich,Champions League,Club Level,125.11,2025-08-01 11:02:40,True
S002434,Arsenal vs Liverpool,Premier League,Hospitality,332.7,2025-01-04 22:23:17,True
S001900,Arsenal vs Tottenham,Premier League,Hospitality,378.19,2025-05-11 17:50:16,True
S003381,Arsenal vs Luton,Premier League,General Admission,53.72,2024-11-07 20:39:44,True
S001517,Arsenal vs Man United,Premier League,Family Enclosure,54.45,2025-06-19 18:36:01,True
S003434,Arsenal vs Bayern Munich,Champions League,General Admission,53.28,2024-11-22 15:31:53,True
S000910,Arsenal vs Real Madrid,Champions League,General Admission,67.63,2024-11-29 03:26:34,False
S003126,Arsenal vs Tottenham,Premier League,Family Enclosure,57.05,2025-01-05 12:29:22,True
S001934,Arsenal vs Fulham,Premier League,Club Level,146.78,2025-04-06 13:32:45,True
S004903,Arsenal vs Bayern Munich,Champions League,Club Level,130.82,2024-11-01 00:13:47,False
S000988,Arsenal vs Everton,Premier League,Club Level,108.12,2024-09-30 01:50:11,False
S004548,Arsenal vs Sheffield Utd,Carabao Cup,Family Enclosure,48.94,2025-01-18 12:41:23,True
S003096,Arsenal vs Tottenham,Premier League,Club Level,108.38,2024-10-06 19:19:10,True
S001926,Arsenal vs Man United,Premier League,General Admission,51.96,2025-09-12 05:12:20,True
S001390,Arsenal vs Chelsea,Premier League,General Admission,69.84,2024-12-27 14:25:13,True
S002668,Arsenal vs Tottenham,Premier League,Hospitality,402.22,2025-08-04 08:22:11,True
S002167,Arsenal vs Real Madrid,Champions League,General Admission,52.94,2025-08-16 06:48:24,True
S001492,Arsenal vs Chelsea,Premier League,Club Level,145.23,2025-08-06 17:53:59,True
S001690,Arsenal vs Sheffield Utd,Carabao Cup,General Admission,51.03,2025-08-08 03:21:09,True
S002875,Arsenal vs Tottenham,Premier League,Family Enclosure,42.07,2025-02-25 14:32:42,True
S003982,Arsenal vs Luton,Premier League,Club Level,125.27,2025-05-25 03:42:19,True
S000055,Arsenal vs Man City,Premier League,General Admission,50.97,2025-09-02 06:28:37,True
S003855,Arsenal vs Everton,Premier League,Hospitality,324.67,2025-09-06 05:10:50,True
S001184,Arsenal vs Tottenham,Premier League,Away End,42.55,2025-05-27 12:07:11,True
S000063,Arsenal vs Man City,Premier League,General Admission,52.58,2025-04-01 14:26:26,True
S002953,Arsenal vs Liverpool,Premier League,Club Level,151.22,2025-01-01 04:21:30,True
S003285,Arsenal vs Tottenham,Premier League,General Admission,62.42,2024-11-24 03:02:39,True
S003286,Arsenal vs Luton,Premier League,Hospitality,436.05,2025-01-01 00:25:32,True
S001806,Arsenal vs Fulham,Premier League,Club Level,118.77,2025-06-12 23:18:20,True
S002180,Arsenal vs Liverpool,Premier League,General Admission,65.03,2025-02-05 13:46:08,True
S004570,Arsenal vs Man United,Premier League,General Admission,51.28,2025-06-17 05:08:15,True
S004532,Arsenal vs Bayern Munich,Champions League,Family Enclosure,49.75,2024-12-18 02:55:45,False
S002439,Arsenal vs Bayern Munich,Champions League,Family Enclosure,45.61,2024-10-07 03:12:31,True
S001046,Arsenal vs Man United,Premier League,Club Level,136.59,2025-06-07 23:53:33,False
S003314,Arsenal vs Fulham,Premier League,Family Enclosure,44.1,2025-06-21 10:59:50,True
S000492,Arsenal vs Bayern Munich,Champions League,Club Level,128.85,2024-09-23 20:11:30,True
S001940,Arsenal vs Luton,Premier League,Hospitality,440.57,2025-04-16 16:39:48,True
S001426,Arsenal vs Tottenham,Premier League,Family Enclosure,49.8,2025-08-02 21:52:17,True
S001022,Arsenal vs Sheffield Utd,Carabao Cup,General Admission,58.84,2025-02-11 09:33:45,True
S003717,Arsenal vs Real Madrid,Champions League,General Admission,58.17,2025-06-19 23:37:54,True
S001674,Arsenal vs Bayern Munich,Champions League,General Admission,63.75,2024-10-04 00:17:49,False
S002215,Arsenal vs Tottenham,Premier League,General Admission,68.62,2025-02-25 09:39:03,True
S003713,Arsenal vs Sheffield Utd,Carabao Cup,General Admission,68.9,2025-07-27 20:37:50,False
S003297,Arsenal vs Man City,Premier League,Club Level,138.16,2024-11-30 09:30:37,True
S004858,Arsenal vs Liverpool,Premier League,General Admission,64.52,2025-06-16 02:36:46,True
S001529,Arsenal vs Liverpool,Premier League,General Admission,60.97,2024-12-18 20:40:54,True
S004658,Arsenal vs Everton,Premier League,General Admission,59.94,2025-07-17 12:10:14,True
S000985,Arsenal vs Sheffield Utd,Carabao Cup,General Admission,54.51,2025-03-20 15:53:00,True
S001590,Arsenal vs Everton,Premier League,Hospitality,347.9,2025-05-05 06:36:13,False
S003817,Arsenal vs Everton,Premier League,General Admission,60.45,2025-04-25 06:29:42,True
S000646,Arsenal vs Bayern Munich,Champions League,General Admission,58.67,2025-02-24 14:38:50,True
S003609,Arsenal vs Liverpool,Premier League,Hospitality,404.22,2025-02-01 07:45:12,True
S004193,Arsenal vs Chelsea,Premier League,General Admission,54.48,2025-03-17 11:53:18,False
S001545,Arsenal vs Brighton,Premier League,General Admission,67.96,2025-04-21 12:04:19,False
S004231,Arsenal vs Tottenham,Premier League,General Admission,49.63,2025-01-24 00:41:27,True
S004076,Arsenal vs Everton,Premier League,Away End,50.49,2025-02-01 15:12:09,True
S002495,Arsenal vs Sheffield Utd,Carabao Cup,General Admission,70.56,2025-04-17 12:48:27,True
S003506,Arsenal vs Sheffield Utd,Carabao Cup,Family Enclosure,57.08,2025-02-08 18:21:47,False
S002587,Arsenal vs Sheffield Utd,Carabao Cup,Club Level,109.25,2025-03-12 17:16:27,False
S003226,Arsenal vs Man City,Premier League,Club Level,128.57,2025-05-31 15:04:09,False
S002904,Arsenal vs Luton,Premier League,Club Level,120.48,2024-12-14 20:52:13,True
S001026,Arsenal vs Tottenham,Premier League,General Admission,54.21,2025-01-31 17:37:23,True
S004581,Arsenal vs Chelsea,Premier League,General Admission,67.46,2025-01-29 20:58:07,True
S002426,Arsenal vs Real Madrid,Champions League,Club Level,111.45,2025-02-21 11:25:49,False
S001163,Arsenal vs Man City,Premier League,Family Enclosure,54.64,2025-03-23 11:02:18,False
S001369,Arsenal vs Tottenham,Premier League,Family Enclosure,54.07,2024-11-15 08:31:19,True
S000788,Arsenal vs Liverpool,Premier League,Hospitality,396.2,2025-08-20 10:46:01,False
S003928,Arsenal vs Man United,Premier League,General Admission,51.07,2024-11-01 12:19:08,False
S003893,Arsenal vs Man City,Premier League,Club Level,126.66,2025-01-17 11:41:04,True
S002803,Arsenal vs Everton,Premier League,Hospitality,437.37,2024-10-08 08:14:17,True
S002270,Arsenal vs Brighton,Premier League,General Admission,69.89,2024-10-28 17:16:35,False
S001970,Arsenal vs Fulham,Premier League,General Admission,64.12,2025-04-01 08:48:39,False
S002786,Arsenal vs Fulham,Premier League,General Admission,59.88,2025-03-02 10:44:57,True
S003802,Arsenal vs Bayern Munich,Champions League,Family Enclosure,52.07,2025-01-18 10:12:12,False
S003737,Arsenal vs Sheffield Utd,Carabao Cup,Club Level,112.87,2025-09-16 07:41:33,False
S004497,Arsenal vs Man City,Premier League,Family Enclosure,46.32,2025-03-11 03:15:27,False
S000616,Arsenal vs Real Madrid,Champions League,Family Enclosure,53.33,2025-05-03 04:25:23,False
S001990,Arsenal vs Tottenham,Premier League,Hospitality,413.4,2025-05-02 00:29:12,True
S003721,Arsenal vs Man United,Premier League,Hospitality,415.15,2025-04-03 10:34:50,True
S001174,Arsenal vs Sheffield Utd,Carabao Cup,Hospitality,352.39,2025-01-03 08:31:41,True
S000984,Arsenal vs Chelsea,Premier League,General Admission,67.83,2025-02-04 13:44:28,True
S002491,Arsenal vs Brighton,Premier League,Club Level,127.04,2025-07-11 21:48:48,True
S003166,Arsenal vs Brighton,Premier League,Hospitality,358.92,2025-05-04 02:59:19,True
S002233,Arsenal vs Bayern Munich,Champions League,Hospitality,326.93,2024-12-07 09:07:16,True
S001988,Arsenal vs Man City,Premier League,General Admission,71.31,2025-06-14 08:08:35,True
S000008,Arsenal vs Real Madrid,Champions League,General Admission,61.29,2025-03-12 13:52:12,True
S000279,Arsenal vs Man City,Premier League,General Admission,49.72,2025-08-23 06:44:45,True
S004423,Arsenal vs Tottenham,Premier League,General Admission,65.34,2025-02-23 09:35:54,True
S002499,Arsenal vs Bayern Munich,Champions League,Family Enclosure,44.38,2024-11-03 04:55:55,True
S002955,Arsenal vs Tottenham,Premier League,General Admission,51.91,2024-12-06 00:45:15,True
S003021,Arsenal vs Fulham,Premier League,Hospitality,393.91,2025-08-04 05:33:58,False
S003403,Arsenal vs Bayern Munich,Champions League,Club Level,112.4,2025-01-08 23:48:31,True
S000556,Arsenal vs Fulham,Premier League,Away End,49.45,2024-11-20 00:04:58,False
S003174,Arsenal vs Everton,Premier League,Hospitality,406.17,2025-01-30 13:00:15,True
S002955,Arsenal vs Fulham,Premier League,Club Level,126.55,2025-07-01 23:42:58,True
S001182,Arsenal vs Man United,Premier League,General Admission,63.02,2025-03-10 13:50:38,True
S003068,Arsenal vs Chelsea,Premier League,General Admission,70.61,2024-10-04 17:57:46,True
S003538,Arsenal vs Brighton,Premier League,General Admission,66.01,2024-10-20 21:27:55,True
S001536,Arsenal vs Sheffield Utd,Carabao Cup,General Admission,62.72,2024-11-04 01:17:45,True
S002737,Arsenal vs Sheffield Utd,Carabao Cup,Club Level,123.27,2025-02-06 17:17:41,True
S004542,Arsenal vs Everton,Premier League,General Admission,59.5,2024-10-13 21:40:56,False
S002542,Arsenal vs Fulham,Premier League,Club Level,135.86,2025-06-13 03:55:39,True
S001539,Arsenal vs Man City,Premier League,Away End,50.81,2025-05-24 10:25:06,False
S004100,Arsenal vs Chelsea,Premier League,Club Level,121.09,2025-01-19 19:38:49,False
S001659,Arsenal vs Chelsea,Premier League,Hospitality,325.05,2025-08-12 10:44:46,True
S004863,Arsenal vs Man City,Premier League,General Admission,49.66,2025-05-01 22:24:33,False
S001616,Arsenal vs Everton,Premier League,General Admission,71.42,2024-09-26 10:48:59,False
S001751,Arsenal vs Brighton,Premier League,General Admission,65.94,2025-03-23 07:41:59,True
S004309,Arsenal vs Fulham,Premier League,Family Enclosure,46.91,2025-08-06 01:46:12,True
S000828,Arsenal vs Everton,Premier League,Family Enclosure,50.07,2025-05-27 20:45:30,True
S001368,Arsenal vs Fulham,Premier League,General Admission,71.06,2025-03-19 12:21:39,True
S004819,Arsenal vs Everton,Premier League,Hospitality,346.8,2025-04-14 21:39:25,True
S001390,Arsenal vs Bayern Munich,Champions League,General Admission,71.16,2024-12-02 17:01:37,True
S001234,Arsenal vs Real Madrid,Champions League,Club Level,145.61,2025-02-14 10:52:15,True
S000143,Arsenal vs Luton,Premier League,Club Level,115.97,2024-09-21 10:15:04,True
S002718,Arsenal vs Man United,Premier League,Away End,44.35,2025-08-20 05:45:53,False
S001395,Arsenal vs Luton,Premier League,Family Enclosure,54.38,2025-05-11 22:03:13,True
S004215,Arsenal vs Real Madrid,Champions League,Away End,48.88,2025-02-25 21:22:48,False
S004132,Arsenal vs Man United,Premier League,General Admission,61.65,2025-07-18 18:04:04,True
S000998,Arsenal vs Real Madrid,Champions League,Club Level,152.09,2025-07-18 05:16:26,False
S003316,Arsenal vs Fulham,Premier League,Club Level,139.83,2024-12-18 17:26:58,False
S003968,Arsenal vs Bayern Munich,Champions League,Away End,39.87,2024-10-12 04:50:47,False
S000953,Arsenal vs Tottenham,Premier League,Hospitality,363.19,2025-08-16 08:20:35,False
S000800,Arsenal vs Bayern Munich,Champions League,General Admission,69.8,2025-04-05 18:48:16,True
S000330,Arsenal vs Fulham,Premier League,Away End,47.46,2025-09-17 08:00:26,False
S000343,Arsenal vs Sheffield Utd,Carabao Cup,General Admission,69.18,2025-03-09 07:28:29,True
S004022,Arsenal vs Everton,Premier League,Hospitality,436.04,2025-04-30 03:47:14,True
S002727,Arsenal vs Man United,Premier League,General Admission,62.96,2025-01-23 22:36:21,True
S002224,Arsenal vs Everton,Premier League,Away End,43.9,2024-12-07 13:34:21,True
S002943,Arsenal vs Brighton,Premier League,Club Level,136.42,2025-07-31 08:30:03,True
S001501,Arsenal vs Sheffield Utd,Carabao Cup,Away End,39.3,2024-11-11 23:59:05,True
S004148,Arsenal vs Chelsea,Premier League,General Admission,68.38,2025-04-21 16:19:37,True
S002968,Arsenal vs Luton,Premier League,Hospitality,367.41,2024-10-09 15:57:34,False
S004426,Arsenal vs Liverpool,Premier League,General Admission,68.52,2024-12-31 20:31:25,True
S000106,Arsenal vs Bayern Munich,Champions League,General Admission,51.95,2025-05-13 20:57:32,True
S003872,Arsenal vs Real Madrid,Champions League,Club Level,123.19,2025-07-14 02:05:05,True
S001400,Arsenal vs Everton,Premier League,General Admission,53.99,2025-02-24 07:48:11,False
S002378,Arsenal vs Fulham,Premier League,Club Level,123.84,2025-04-05 00:23:53,True
S001810,Arsenal vs Liverpool,Premier League,General Admission,60.35,2025-05-03 04:28:04,True
S002130,Arsenal vs Fulham,Premier League,General Admission,55.34,2025-02-02 23:02:17,False
S003626,Arsenal vs Luton,Premier League,General Admission,69.36,2025-05-15 03:40:15,True
S003669,Arsenal vs Tottenham,Premier League,Hospitality,317.99,2024-09-28 13:25:39,True
S001643,Arsenal vs Man United,Premier League,General Admission,65.75,2025-08-11 14:06:28,True
S000993,Arsenal vs Brighton,Premier League,General Admission,65.99,2025-01-11 12:25:41,True
S001677,Arsenal vs Luton,Premier League,Away End,39.07,2025-08-06 01:30:44,True
S002178,Arsenal vs Fulham,Premier League,Hospitality,333.98,2025-03-13 15:15:13,True
S002603,Arsenal vs Man United,Premier League,General Admission,52.5,2024-11-30 03:59:35,True
S003144,Arsenal vs Man City,Premier League,Family Enclosure,44.72,2024-12-11 04:00:54,True
S004449,Arsenal vs Liverpool,Premier League,General Admission,55.3,2025-04-19 06:04:01,True
S004827,Arsenal vs Man United,Premier League,Club Level,150.49,2025-08-16 13:54:12,False
S001446,Arsenal vs Man United,Premier League,General Admission,59.38,2025-03-20 05:22:04,True
S003310,Arsenal vs Real Madrid,Champions League,Club Level,127.18,2025-09-05 22:02:54,True
S001994,Arsenal vs Brighton,Premier League,General Admission,60.84,2025-08-15 14:01:03,False
S004432,Arsenal vs Liverpool,Premier League,General Admission,50.53,2024-12-26 07:18:00,True
S000340,Arsenal vs Real Madrid,Champions League,Family Enclosure,50.18,2025-05-12 00:01:57,False
S000518,Arsenal vs Bayern Munich,Champions League,General Admission,59.81,2025-02-12 01:32:34,True
S004881,Arsenal vs Real Madrid,Champions League,General Admission,64.99,2024-10-02 20:23:40,True
S003609,Arsenal vs Fulham,Premier League,General Admission,65.03,2025-05-13 04:08:08,True
S000927,Arsenal vs Tottenham,Premier League,Hospitality,408.26,2025-03-22 13:58:51,True
S004642,Arsenal vs Fulham,Premier League,General Admission,49.83,2025-07-17 09:26:18,True
S000993,Arsenal vs Everton,Premier League,General Admission,60.26,2024-10-07 00:56:24,False
S001282,Arsenal vs Liverpool,Premier League,Club Level,141.86,2025-06-02 06:02:58,True
S004910,Arsenal vs Man City,Premier League,Club Level,121.38,2025-02-08 08:49:08,True
S004867,Arsenal vs Real Madrid,Champions League,Hospitality,356.91,2025-01-16 05:09:57,False
S000038,Arsenal vs Man City,Premier League,General Admission,65.13,2025-06-06 09:44:33,True
S004598,Arsenal vs Luton,Premier League,Hospitality,451.16,2025-01-02 00:17:17,True
S003397,Arsenal vs Man United,Premier League,General Admission,66.96,2025-07-22 21:05:28,False
S000645,Arsenal vs Man United,Premier League,Family Enclosure,58.36,2025-07-17 07:28:11,False
S000224,Arsenal vs Luton,Premier League,General Admission,55.13,2025-01-01 23:55:01,True
S003320,Arsenal vs Sheffield Utd,Carabao Cup,General Admission,49.52,2025-07-21 15:26:02,True
S004701,Arsenal vs Man City,Premier League,General Admission,64.63,2024-12-05 06:36:54,False
S003454,Arsenal vs Brighton,Premier League,General Admission,70.43,2024-12-15 18:37:37,True
S004676,Arsenal vs Chelsea,Premier League,General Admission,54.63,2025-05-04 06:03:56,True
S001956,Arsenal vs Man City,Premier League,General Admission,56.43,2025-07-14 20:59:24,False
S003827,Arsenal vs Real Madrid,Champions League,General Admission,67.31,2025-04-02 02:49:20,True
S003234,Arsenal vs Sheffield Utd,Carabao Cup,Club Level,124.82,2025-03-19 00:59:14,True
S001580,Arsenal vs Fulham,Premier League,General Admission,71.42,2025-04-01 11:16:20,True
S003510,Arsenal vs Everton,Premier League,Family Enclosure,53.05,2025-02-01 04:30:33,True
S001790,Arsenal vs Sheffield Utd,Carabao Cup,Family Enclosure,41.41,2025-07-22 07:11:02,False
S003537,Arsenal vs Man United,Premier League,Family Enclosure,51.57,2024-10-06 07:16:05,True
S000338,Arsenal vs Everton,Premier League,General Admission,66.98,2025-04-26 10:15:15,True
S004922,Arsenal vs Luton,Premier League,Family Enclosure,50.77,2025-03-03 02:42:31,True
S003339,Arsenal vs Fulham,Premier League,Family Enclosure,52.81,2024-10-28 09:39:52,True
S004679,Arsenal vs Everton,Premier League,Club Level,139.19,2024-11-26 08:56:18,True
S000798,Arsenal vs Liverpool,Premier League,General Admission,65.14,2024-10-09 19:47:17,False
S001851,Arsenal vs Tottenham,Premier League,General Admission,50.69,2025-04-04 04:30:48,True
S004776,Arsenal vs Luton,Premier League,Club Level,115.49,2025-03-02 16:32:45,True
S001174,Arsenal vs Chelsea,Premier League,Club Level,118.83,2025-03-17 01:22:39,True
S001152,Arsenal vs Man City,Premier League,Club Level,147.13,2025-08-03 15:18:55,False
S002365,Arsenal vs Fulham,Premier League,Family Enclosure,57.13,2025-04-02 09:09:53,False
S001765,Arsenal vs Luton,Premier League,Club Level,150.3,2025-08-19 23:25:52,True
S000020,Arsenal vs Everton,Premier League,Away End,41.43,2024-10-21 01:03:18,True
S003740,Arsenal vs Liverpool,Premier League,General Admission,70.33,2025-09-18 01:59:59,True
S000678,Arsenal vs Tottenham,Premier League,Club Level,139.66,2024-12-07 15:19:52,True
S004250,Arsenal vs Fulham,Premier League,Club Level,118.55,2025-09-06 03:45:27,True
S004488,Arsenal vs Sheffield Utd,Carabao Cup,Club Level,108.02,2025-01-11 22:51:32,True
S004239,Arsenal vs Brighton,Premier League,Club Level,148.37,2025-08-08 06:40:04,True
S004463,Arsenal vs Chelsea,Premier League,Away End,45.9,2025-03-28 12:39:40,False
S004644,Arsenal vs Man City,Premier League,General Admission,70.97,2025-09-14 14:51:43,True
S000873,Arsenal vs Liverpool,Premier League,Family Enclosure,50.16,2025-04-01 04:57:46,True
S002799,Arsenal vs Everton,Premier League,Club Level,145.99,2024-11-01 15:44:26,True
S003903,Arsenal vs Brighton,Premier League,Hospitality,449.6,2025-01-26 19:31:51,True
S003423,Arsenal vs Chelsea,Premier League,General Admission,52.95,2025-07-08 01:56:36,False
S003930,Arsenal vs Real Madrid,Champions League,Hospitality,387.89,2025-07-06 20:49:11,True
S000510,Arsenal vs Fulham,Premier League,Club Level,148.18,2025-03-25 19:31:17,True
S000775,Arsenal vs Everton,Premier League,General Admission,57.51,2025-06-22 19:19:43,True
S001602,Arsenal vs Chelsea,Premier League,Hospitality,316.43,2025-01-15 23:37:25,True
S002051,Arsenal vs Chelsea,Premier League,Hospitality,341.11,2024-12-04 15:50:53,False
S003558,Arsenal vs Luton,Premier League,General Admission,52.28,2025-08-10 23:04:03,True
S000002,Arsenal vs Fulham,Premier League,Family Enclosure,48.3,2025-01-03 01:45:52,True
S001196,Arsenal vs Liverpool,Premier League,Away End,43.73,2025-07-06 11:19:32,True
S003907,Arsenal vs Man City,Premier League,General Admission,68.01,2025-07-06 22:44:56,True
S004990,Arsenal vs Bayern Munich,Champions League,Club Level,112.65,2025-06-06 13:01:11,True
S002511,Arsenal vs Real Madrid,Champions League,General Admission,65.48,2025-07-09 18:41:45,True
S004963,Arsenal vs Bayern Munich,Champions League,General Admission,65.29,2024-10-29 02:17:24,True
S004596,Arsenal vs Bayern Munich,Champions League,General Admission,70.92,2025-04-24 15:18:12,True
S002000,Arsenal vs Fulham,Premier League,Away End,39.91,2025-08-08 23:13:43,False
S004742,Arsenal vs Man United,Premier League,Hospitality,442.21,2024-11-10 21:49:22,True
S000912,Arsenal vs Man United,Premier League,Away End,38.48,2024-12-15 01:52:53,False
S000642,Arsenal vs Bayern Munich,Champions League,General Admission,63.49,2024-11-20 14:31:30,True
S003393,Arsenal vs Man City,Premier League,Club Level,143.5,2025-07-14 09:22:12,False
S004566,Arsenal vs Everton,Premier League,General Admission,55.82,2025-07-27 13:50:08,True
S000256,Arsenal vs Bayern Munich,Champions League,Away End,47.54,2024-10-17 18:44:28,True
S004026,Arsenal vs Sheffield Utd,Carabao Cup,Hospitality,432.48,2025-09-05 05:02:35,True
S000763,Arsenal vs Everton,Premier League,General Admission,66.01,2025-01-16 08:36:01,True
S003597,Arsenal vs Man City,Premier League,General Admission,64.19,2024-11-11 10:07:16,True
S004869,Arsenal vs Chelsea,Premier League,General Admission,70.38,2025-01-13 18:51:43,True
S004593,Arsenal vs Liverpool,Premier League,General Admission,53.73,2025-05-25 05:21:46,False
S001165,Arsenal vs Bayern Munich,Champions League,General Admission,57.37,2025-02-17 08:03:55,True
S000900,Arsenal vs Fulham,Premier League,General Admission,60.36,2024-09-24 11:42:36,False
S000974,Arsenal vs Man City,Premier League,Family Enclosure,55.91,2025-01-10 12:18:27,True
S004195,Arsenal vs Bayern Munich,Champions League,Family Enclosure,51.98,2024-11-30 02:03:47,True
S003938,Arsenal vs Man City,Premier League,General Admission,56.33,2025-02-20 19:44:00,False
S004013,Arsenal vs Chelsea,Premier League,Club Level,117.23,2025-05-02 06:54:38,True
S001260,Arsenal vs Liverpool,Premier League,Family Enclosure,54.15,2024-11-01 11:58:43,True
S001857,Arsenal vs Chelsea,Premier League,General Admission,56.22,2025-06-15 03:14:25,True
S000543,Arsenal vs Chelsea,Premier League,Hospitality,363.53,2024-12-14 20:30:31,True
S004153,Arsenal vs Real Madrid,Champions League,General Admission,66.09,2024-09-30 10:33:21,True
S001800,Arsenal vs Liverpool,Premier League,General Admission,70.72,2024-12-11 23:03:25,True
S000806,Arsenal vs Liverpool,Premier League,Away End,42.95,2024-10-27 18:51:38,True
S000424,Arsenal vs Tottenham,Premier League,General Admission,58.36,2025-02-12 15:45:47,True
S001277,Arsenal vs Real Madrid,Champions League,Hospitality,412.84,2025-01-19 20:05:28,True
S001009,Arsenal vs Bayern Munich,Champions League,General Admission,68.68,2025-03-11 06:16:11,True
S000131,Arsenal vs Bayern Munich,Champions League,General Admission,65.84,2025-02-06 13:48:36,True
S002713,Arsenal vs Everton,Premier League,General Admission,61.87,2025-03-24 07:25:36,False
S004626,Arsenal vs Tottenham,Premier League,Hospitality,378.75,2025-06-19 08:41:57,True
S004676,Arsenal vs Liverpool,Premier League,Away End,40.7,2024-11-05 11:49:22,True
S001959,Arsenal vs Liverpool,Premier League,Hospitality,437.87,2025-02-01 16:58:15,False
S002976,Arsenal vs Everton,Premier League,Away End,40.91,2025-08-07 23:04:18,True
S000277,Arsenal vs Man United,Premier League,Club Level,108.6,2025-02-26 11:15:26,True
S002043,Arsenal vs Chelsea,Premier League,Hospitality,419.45,2025-03-22 15:43:42,True
S000852,Arsenal vs Fulham,Premier League,Away End,49.27,2025-01-23 01:58:32,True
S000365,Arsenal vs Man City,Premier League,General Admission,67.94,2025-08-30 12:52:06,True
S004653,Arsenal vs Sheffield Utd,Carabao Cup,Club Level,114.75,2025-08-08 14:40:57,True
S000302,Arsenal vs Liverpool,Premier League,Club Level,146.39,2024-12-02 13:40:41,True
S001254,Arsenal vs Tottenham,Premier League,General Admission,52.42,2024-11-20 10:36:59,True
S002492,Arsenal vs Chelsea,Premier League,Hospitality,348.34,2024-12-12 18:55:05,True
S000431,Arsenal vs Real Madrid,Champions League,Hospitality,397.64,2025-08-21 10:13:17,False
S001620,Arsenal vs Luton,Premier League,Family Enclosure,52.7,2025-05-25 12:47:13,True
S000733,Arsenal vs Tottenham,Premier League,Family Enclosure,53.66,2024-09-25 07:35:06,True
S000186,Arsenal vs Bayern Munich,Champions League,Club Level,116.08,2025-01-10 00:56:59,True
S004448,Arsenal vs Luton,Premier League,General Admission,67.97,2024-12-04 22:51:43,True
S004931,Arsenal vs Liverpool,Premier League,Family Enclosure,45.96,2025-04-15 11:03:02,True
S004115,Arsenal vs Man City,Premier League,General Admission,57.83,2024-09-24 16:30:39,True
S001149,Arsenal vs Brighton,Premier League,General Admission,70.31,2024-11-28 13:25:53,True
S003103,Arsenal vs Sheffield Utd,Carabao Cup,Club Level,126.89,2025-01-08 12:13:08,False
S000012,Arsenal vs Tottenham,Premier League,Hospitality,388.97,2025-05-17 19:10:43,True
S000130,Arsenal vs Everton,Premier League,Club Level,110.81,2025-03-21 01:50:15,True
S004129,Arsenal vs Luton,Premier League,Family Enclosure,44.92,2025-09-14 19:28:05,False
S003461,Arsenal vs Brighton,Premier League,Club Level,154.35,2025-04-28 07:58:31,True
S001334,Arsenal vs Bayern Munich,Champions League,General Admission,61.94,2025-03-14 11:47:18,True
S004959,Arsenal vs Luton,Premier League,Club Level,150.13,2025-02-07 23:58:32,False
S001877,Arsenal vs Brighton,Premier League,General Admission,56.16,2025-04-26 09:09:49,False
S002170,Arsenal vs Man City,Premier League,General Admission,62.87,2025-01-23 02:10:37,True
S001785,Arsenal vs Sheffield Utd,Carabao Cup,Family Enclosure,46.33,2024-11-19 13:57:17,True
S004504,Arsenal vs Sheffield Utd,Carabao Cup,General Admission,60.32,2025-08-27 09:16:53,True
S002596,Arsenal vs Tottenham,Premier League,Club Level,122.8,2025-06-16 18:42:51,True
S001224,Arsenal vs Man United,Premier League,General Admission,63.59,2025-02-23 21:49:19,True
S000072,Arsenal vs Luton,Premier League,Club Level,119.28,2025-03-11 11:47:41,True
,Arsenal vs Chelsea,Premier League,General Admission,55.0,2025-08-01 12:00:00,False
S000007,Arsenal vs Everton,Premier League,Club Level,-120.0,2025-08-02 12:00:00,False
